15	3	2016	239.2061	22.6013	19.496	34.0336	386.01001	397.29999	-11.28998	4.375	-2.618150286
8	6	2008	243.12717	22.60386	19.28	33.699	349.97	389.23999	-39.26999	10.4	-9.277266017
19	10	2000	245.85201	22.60400	NaN	NaN	NaN	NaN	NaN	NaN	9.85
19	10	2000	245.85201	22.604	24.05	34.19	428.62	368.45	60.17	1.75	9.845281401
15	3	2016	239.2085	22.6089	19.5058	34.0359	386.22	397.28	-11.06	6.125	-2.562817458
24	11	2005	243.65326	22.61138	21.69	33.74	392.48001	378.35	14.13001	11	2.768520095
31	10	2018	246.88104	22.61170	NaN	NaN	NaN	NaN	NaN	NaN	5.14
31	10	2018	246.88104	22.6117	28.5	34.562	449.62	406	43.62	0.875	5.14096959
15	3	2016	239.21091	22.6164	19.508	34.0386	386.19	397.19	-11	5.575	-2.548441878
19	6	2018	248.59	22.61650	NaN	NaN	NaN	NaN	NaN	NaN	-1.41
19	6	2018	248.59	22.6165	23.06	34.344	402.81	410.79	-7.98	3.475	-1.405329485
8	6	2008	243.08058	22.61916	19.31	33.709	290.91	389.25	-98.34	10.6	-23.17624395
15	3	2016	239.2132	22.624	19.5197	34.0407	386.44	397.26001	-10.82001	5.95	-2.504416432
15	3	2016	239.21561	22.6317	19.52	34.046	386.42999	397.23999	-10.81	6.1	-2.501978558
31	10	2018	246.83577	22.63233	NaN	NaN	NaN	NaN	NaN	NaN	5.02
31	10	2018	246.83577	22.63233	28.49	34.529	448.54999	406	42.54999	2.775	5.01919607
24	11	2005	243.6039	22.6336	21.37	33.684	390.12	378.35	11.77	10.7	2.363929512
8	6	2008	243.03355	22.63438	19.24	33.699	293.6	389.32001	-95.72001	9.7	-22.68457463
19	10	2000	245.842	22.63600	NaN	NaN	NaN	NaN	NaN	NaN	9.87
19	10	2000	245.842	22.636	24.06	34.19	428.82999	368.45	60.37999	1.69	9.87227121
15	3	2016	239.2179	22.6394	19.5336	34.0496	386.79001	397.14999	-10.35998	5.375	-2.395222699
15	3	2016	239.2202	22.6471	19.5379	34.0536	386.85999	397.31	-10.45001	4.8	-2.41517722
19	6	2018	248.54712	22.64868	NaN	NaN	NaN	NaN	NaN	NaN	-0.93
19	6	2018	248.54712	22.64868	23.17	34.372	405.48999	410.79	-5.30001	1.225	-0.925552511
8	6	2008	242.98643	22.6494	19.37	33.733	296.52	389.35999	-92.83999	8.9	-21.77450786
31	10	2018	246.7907	22.65281	NaN	NaN	NaN	NaN	NaN	NaN	4.98
31	10	2018	246.7907	22.65281	28.52	34.511	448.28	406	42.28	4.525	4.976939648
19	10	2000	245.83701	22.65300	NaN	NaN	NaN	NaN	NaN	NaN	9.85
19	10	2000	245.83701	22.653	24.07	34.2	428.76001	368.45	60.31001	0.87	9.853031166
15	3	2016	239.2224	22.6548	19.5419	34.0556	387.19	397.17001	-9.98001	3.6	-2.305806638
24	11	2005	243.55435	22.65573	21.2	33.639	388.44	378.35	10.09	10.1	2.053565178
16	3	1993	245.51401	22.661	22.971	33.985	341.22	358.47	-17.25	4.09	-3.063266341
15	3	2016	239.2247	22.6624	19.5459	34.0576	386.70001	397.17999	-10.47998	1.25	-2.420538423
8	6	2008	242.93854	22.66472	19.71	33.864	296.09	389.35999	-93.26999	8.3	-21.28628515
15	3	2016	239.22681	22.6699	19.548	34.0582	386.94	397.16	-10.22	1.4	-2.360095841
31	10	2018	246.74527	22.67344	NaN	NaN	NaN	NaN	NaN	NaN	4.74
31	10	2018	246.74527	22.67344	28.55	34.472	446.32001	406	40.32001	3.675	4.736746187
15	3	2016	239.2291	22.6773	19.548	34.057	386.82001	397.29999	-10.47998	4	-2.420146379
24	11	2005	243.50473	22.67774	21.17	33.624	388.47	378.35	10.12	9.7	2.064569586
8	6	2008	242.89082	22.68012	19.89	33.969	297.9	389.38	-91.48	8.7	-20.57583019
19	6	2018	248.50414	22.68075	NaN	NaN	NaN	NaN	NaN	NaN	-0.79
19	6	2018	248.50414	22.68075	23.34	34.44	406.19	410.79	-4.6	2.95	-0.792864596
15	3	2016	239.23151	22.685	19.5392	34.0538	386.73999	397.34	-10.60001	4.05	-2.449592588
24	11	2016	250	22.68800	NaN	NaN	NaN	NaN	NaN	NaN	3.04
24	11	2016	250	22.688	27.895	34.517	428.1980896	403.53	24.6680896	4.25999	3.038046103
15	3	2016	239.2338	22.6926	19.5302	34.0499	386.66	397.32001	-10.66001	5.725	-2.465243801
31	10	2018	246.69951	22.69433	NaN	NaN	NaN	NaN	NaN	NaN	4.54
31	10	2018	246.69951	22.69433	28.535	34.531	444.64001	406	38.64001	0.425	4.543147875
8	6	2008	242.84312	22.69584	19.99	34.033	300.33	389.42001	-89.09001	9.7	-19.87652248
24	11	2005	243.45532	22.6995	21.15	33.608	389.14001	378.35	10.79001	9.1	2.204808545
18	12	2007	250	22.70000	NaN	NaN	NaN	NaN	NaN	NaN	1.79
18	12	2007	250	22.70000	NaN	NaN	NaN	NaN	NaN	NaN	-0.11
18	12	2007	250	22.7	23.332	34.813	396.5092163	386.1	10.40921631	3.63	1.792200809
18	12	2007	250	22.7	23.846	34.732	385.4618225	386.1	-0.63817749	4.25999	-0.105766052
15	3	2016	239.23621	22.7002	19.5261	34.0495	386.59	397.35999	-10.76999	5.575	-2.491484179
15	3	2016	239.2384	22.7078	19.5221	34.0451	386.66	397.16	-10.5	4.825	-2.429838598
8	6	2008	242.7957	22.71154	20.07	34.087	299.5	387.76	-88.26	9.2	-19.56397648
19	6	2018	248.46136	22.71260	NaN	NaN	NaN	NaN	NaN	NaN	-0.94
19	6	2018	248.46136	22.7126	23.3	34.435	405.35999	410.79	-5.43001	5.2	-0.938764275
19	10	2000	245.82001	22.71300	NaN	NaN	NaN	NaN	NaN	NaN	9.56
19	10	2000	245.82001	22.713	24.21	34.24	427.59	368.45	59.14	3.13	9.559826335
15	3	2016	239.24071	22.7153	19.5181	34.0417	386.54001	397.32001	-10.78	5.975	-2.49545739
31	10	2018	246.65323	22.71553	NaN	NaN	NaN	NaN	NaN	NaN	4.29
31	10	2018	246.65323	22.71553	28.52	34.598	442.42001	406	36.42001	0.325	4.285533867
24	11	2005	243.40608	22.72104	20.96	33.561	385.91	378.35	7.56	8.9	1.567901333
15	3	2016	239.2429	22.7229	19.517	34.0415	386.56	397.29999	-10.73999	4.125	-2.486412512
8	6	2008	242.74934	22.72552	19.84	33.959	300.76	387.76	-87	8.8	-19.64570152
19	10	2000	245.815	22.73000	NaN	NaN	NaN	NaN	NaN	NaN	9.42
19	10	2000	245.815	22.73	24.3	34.27	427.14999	368.45	58.69999	3.92	9.424029809
15	3	2016	239.24519	22.7304	19.5112	34.0403	386.75	397.26999	-10.51999	3.65	-2.436603225
31	10	2018	246.60754	22.73652	NaN	NaN	NaN	NaN	NaN	NaN	4.72
31	10	2018	246.60754	22.73652	28.56	34.569	446.23001	406	40.23001	1.45	4.720792912
8	6	2008	242.70062	22.73751	19.91	33.98	299.59	387.76	-88.17	9.5	-19.79936959
15	3	2016	239.2477	22.7388	19.4983	34.0349	386.44	397.26001	-10.82001	3.85	-2.508695707
24	11	2005	243.35661	22.74257	20.93	33.56	385.42999	378.35	7.07999	7.8	1.471757044
19	6	2018	248.41873	22.74448	NaN	NaN	NaN	NaN	NaN	NaN	-1.17
19	6	2018	248.41873	22.74448	23.17	34.394	404.09	410.79	-6.7	7.025	-1.169919153
19	10	2000	245.811	22.74500	NaN	NaN	NaN	NaN	NaN	NaN	9.41
19	10	2000	245.811	22.745	24.28	34.26	426.97	368.45	58.52	1.38	9.409558562
15	3	2016	239.25	22.7464	19.4941	34.0331	386.62	397.28	-10.66	3.1	-2.472432338
8	6	2008	242.65109	22.74954	20.01	34.048	298.31	387.76	-89.45	9.6	-19.92433718
15	3	2016	239.2522	22.754	19.494	34.0313	386.69	397.23001	-10.54001	3.525	-2.44464218
31	10	2018	246.56207	22.75736	NaN	NaN	NaN	NaN	NaN	NaN	4.36
31	10	2018	246.56207	22.75736	28.53	34.508	443.09	406	37.09	1.55	4.36290975
15	3	2016	239.25439	22.7614	19.4881	34.0304	386.57001	397.25	-10.67999	4.05	-2.478267432
8	6	2008	242.60187	22.76151	20.09	34.108	294.54	387.76	-93.22	9.8	-20.62923184
19	10	2000	245.806	22.76200	NaN	NaN	NaN	NaN	NaN	NaN	9.23
19	10	2000	245.806	22.762	24.25	34.25	425.70001	368.45	57.25001	1.12	9.226360784
24	11	2005	243.30672	22.76402	20.99	33.569	385.73999	378.35	7.38999	8.3	1.529046011
15	3	2016	239.25549	22.769	19.4694	34.0216	386.57999	397.35999	-10.78	4	-2.505254371
24	11	2016	250	22.77000	NaN	NaN	NaN	NaN	NaN	NaN	2.06
24	11	2016	250	22.77	27.33	34.486	419.6178284	403.53	16.08782837	0.86	2.064634181
8	6	2008	242.55336	22.77332	20.02	34.109	294.7	389.48001	-94.78001	10.5	-21.0891071
15	3	2016	239.258	22.7763	19.4552	34.013	386.76999	397.25	-10.48001	4.85	-2.438353782
19	6	2018	248.37672	22.77709	NaN	NaN	NaN	NaN	NaN	NaN	-1.13
19	6	2018	248.37672	22.77709	22.97	34.315	404.39999	410.79	-6.39001	5.925	-1.133127762
31	10	2018	246.5161	22.77857	NaN	NaN	NaN	NaN	NaN	NaN	4.42
31	10	2018	246.5161	22.77857	28.57	34.485	443.64001	406	37.64001	1.825	4.415276139
15	3	2016	239.26089	22.7837	19.4325	34.009	386.37	397.20999	-10.83999	5.875	-2.526659433
8	6	2008	242.50487	22.7852	20.02	34.11	292.86	389.51999	-96.65999	9.8	-21.50731347
24	11	2005	243.25693	22.78525	21.08	33.628	387.29999	378.35	8.94999	7.7	1.83852941
15	3	2016	239.2634	22.7912	19.432	34.0091	386.51001	397.29999	-10.78998	5.75	-2.515100413
8	6	2008	242.45625	22.79705	20.01	34.075	291.39	389.51001	-98.12001	9.9	-21.85276993
15	3	2016	239.26559	22.7988	19.4252	34.0066	386.26999	397.25	-10.98001	5.4	-2.560793836
17	12	2007	250	22.79900	NaN	NaN	NaN	NaN	NaN	NaN	4.93
17	12	2007	250	22.79900	NaN	NaN	NaN	NaN	NaN	NaN	4.27
31	10	2018	246.46988	22.79941	NaN	NaN	NaN	NaN	NaN	NaN	4.3
31	10	2018	246.46988	22.79941	28.57	34.494	442.67999	406	36.67999	2.15	4.30249669
24	11	2005	243.20682	22.80609	21.16	33.657	386.32001	378.35	7.97001	7.6	1.626955593
15	3	2016	239.26801	22.8063	19.4201	34.0035	386.17999	397.34	-11.16001	4.85	-2.603855395
8	6	2008	242.40822	22.80868	20.08	34.084	286.69	389.53	-102.84	10.4	-22.77838486
20	6	2018	248.33554	22.81081	NaN	NaN	NaN	NaN	NaN	NaN	-1.26
20	6	2018	248.33554	22.81081	22.9	34.279	403.72	410.79	-7.07	5.025	-1.260550131
15	3	2016	239.27029	22.8139	19.4132	34.0006	386.23001	397.29001	-11.06	4.925	-2.581956151
31	10	2018	246.42355	22.82004	NaN	NaN	NaN	NaN	NaN	NaN	4.37
31	10	2018	246.42355	22.82004	28.55	34.486	443.23999	406	37.23999	3.8	4.374645783
8	6	2008	242.35988	22.82043	20.14	34.118	283.6	389.53	-105.93	11.2	-23.34971186
19	10	2000	245.789	22.82100	NaN	NaN	NaN	NaN	NaN	NaN	7.49
19	10	2000	245.789	22.821	24.66	34.46	416.39999	368.45	47.94999	1.77	7.488487098
15	3	2016	239.27251	22.8214	19.4051	33.9984	386.01001	397.22	-11.20999	5.675	-2.618665283
24	11	2005	243.15608	22.82704	21.17	33.665	386.62	378.35	8.27	5.7	1.68683405
15	3	2016	239.2749	22.8289	19.3953	34.0012	385.91	397.20999	-11.29999	5.65	-2.641689516
8	6	2008	242.31158	22.83181	20.18	34.15	286.42	389.53	-103.11	11.4	-22.65408471
15	3	2016	239.27721	22.8364	19.4106	34.0152	385.81	397.28	-11.47	5.925	-2.678034945
19	10	2000	245.784	22.83800	NaN	NaN	NaN	NaN	NaN	NaN	7.5
19	10	2000	245.784	22.838	24.64	34.46	416.42001	368.45	47.97001	1.72	7.502744675
8	6	2008	242.26231	22.84077	20.11	34.122	287.84	389.5	-101.66	11.5	-22.46048617
31	10	2018	246.37726	22.84104	NaN	NaN	NaN	NaN	NaN	NaN	4.35
31	10	2018	246.37726	22.84104	28.56	34.483	443.06	406	37.06	3	4.350416242
15	3	2016	239.2796	22.8439	19.4425	34.0252	385.54999	397.26999	-11.72	7.075	-2.729425315
20	6	2018	248.29459	22.84505	NaN	NaN	NaN	NaN	NaN	NaN	-2.32
20	6	2018	248.29459	22.84505	22.9	34.278	397.79001	410.79	-12.99999	2.65	-2.317851992
24	11	2005	243.10536	22.84817	21.16	33.67	386.47	378.35	8.12	6.4	1.657474319
8	6	2008	242.21228	22.84923	20.08	34.109	288.9	389.45999	-100.55999	11.9	-22.27078509
16	3	1993	245.439	22.851	22.618	34.014	340.23001	358.47	-18.23999	3.25	-3.326143416
15	3	2016	239.28191	22.8515	19.4576	34.0308	385.32999	397.20999	-11.88	6.95	-2.763334108
19	10	2000	245.77901	22.85400	NaN	NaN	NaN	NaN	NaN	NaN	7.59
19	10	2000	245.77901	22.854	24.61	34.45	416.85001	368.45	48.40001	2.74001	7.58721922
8	6	2008	242.16243	22.85747	20.19	34.162	299.31	389.44	-90.13	11.6	-19.78576895
15	3	2016	239.2841	22.8589	19.46	34.0305	385.26001	397.22	-11.95999	7.65	-2.781419509
31	10	2018	246.33167	22.86222	NaN	NaN	NaN	NaN	NaN	NaN	4.31
31	10	2018	246.33167	22.86222	28.58	34.47	442.75	406	36.75	0.325	4.308042578
8	10	2002	247.492	22.86500	NaN	NaN	NaN	NaN	NaN	NaN	0.47
8	10	2002	247.492	22.86500	NaN	NaN	NaN	NaN	NaN	NaN	0.42
8	10	2002	247.492	22.86500	NaN	NaN	NaN	NaN	NaN	NaN	0.37
8	10	2002	247.492	22.86500	NaN	NaN	NaN	NaN	NaN	NaN	0.36
8	10	2002	247.492	22.86500	NaN	NaN	NaN	NaN	NaN	NaN	0.41
8	10	2002	247.492	22.86500	NaN	NaN	NaN	NaN	NaN	NaN	0.48
8	10	2002	247.492	22.86500	NaN	NaN	NaN	NaN	NaN	NaN	0.53
8	10	2002	247.492	22.86500	NaN	NaN	NaN	NaN	NaN	NaN	0.58
8	10	2002	247.492	22.86500	NaN	NaN	NaN	NaN	NaN	NaN	0.6
8	10	2002	247.492	22.86500	NaN	NaN	NaN	NaN	NaN	NaN	0.59
8	10	2002	247.492	22.86500	NaN	NaN	NaN	NaN	NaN	NaN	0.62
8	10	2002	247.492	22.86500	NaN	NaN	NaN	NaN	NaN	NaN	0.63
8	10	2002	247.492	22.86500	NaN	NaN	NaN	NaN	NaN	NaN	0.61
8	10	2002	247.492	22.86500	NaN	NaN	NaN	NaN	NaN	NaN	0.64
8	10	2002	247.492	22.86500	NaN	NaN	NaN	NaN	NaN	NaN	0.7
8	10	2002	247.492	22.86500	NaN	NaN	NaN	NaN	NaN	NaN	0.72
8	10	2002	247.492	22.86500	NaN	NaN	NaN	NaN	NaN	NaN	0.72
8	10	2002	247.492	22.86500	NaN	NaN	NaN	NaN	NaN	NaN	0.72
8	10	2002	247.492	22.86500	NaN	NaN	NaN	NaN	NaN	NaN	0.72
8	10	2002	247.492	22.86500	NaN	NaN	NaN	NaN	NaN	NaN	0.75
8	10	2002	247.492	22.86500	NaN	NaN	NaN	NaN	NaN	NaN	0.74
8	10	2002	247.492	22.86500	NaN	NaN	NaN	NaN	NaN	NaN	0.72
8	10	2002	247.492	22.86500	NaN	NaN	NaN	NaN	NaN	NaN	1.03
8	10	2002	247.492	22.86500	NaN	NaN	NaN	NaN	NaN	NaN	0.98
8	10	2002	247.492	22.86500	NaN	NaN	NaN	NaN	NaN	NaN	0.94
8	10	2002	247.492	22.86500	NaN	NaN	NaN	NaN	NaN	NaN	0.97
8	10	2002	247.492	22.86500	NaN	NaN	NaN	NaN	NaN	NaN	0.96
8	10	2002	247.492	22.86500	NaN	NaN	NaN	NaN	NaN	NaN	0.98
8	10	2002	247.492	22.86500	NaN	NaN	NaN	NaN	NaN	NaN	1.05
8	10	2002	247.492	22.86500	NaN	NaN	NaN	NaN	NaN	NaN	1.07
8	10	2002	247.492	22.86500	NaN	NaN	NaN	NaN	NaN	NaN	1.09
8	10	2002	247.492	22.865	28.41	34.06	379.75	370.55	9.2	2.65001	1.093729173
8	10	2002	247.492	22.865	28.36	34.06	379.54999	370.55	8.99999	1.77	1.073826146
8	10	2002	247.492	22.865	28.32	34.06	379.35001	370.55	8.80001	2.92	1.053007542
8	10	2002	247.492	22.865	28.34	34.06	379.16	370.55	8.61	1.97	1.028781724
8	10	2002	247.492	22.865	28.35	34.06	378.76001	370.55	8.21001	0.68001	0.980278987
8	10	2002	247.492	22.865	28.36	34.06	378.76001	370.55	8.21001	3.83	0.979570355
8	10	2002	247.492	22.865	28.37	34.06	378.66	370.55	8.11	5.8	0.9669383
8	10	2002	247.492	22.865	28.36	34.06	378.57001	370.55	8.02001	5.15001	0.956900667
8	10	2002	247.492	22.865	28.36	34.06	378.47	370.55	7.92	2.77	0.944968059
8	10	2002	247.492	22.865	28.32	34.06	376.79001	370.55	6.24001	3.05	0.746678423
8	10	2002	247.492	22.865	28.32	34.06	376.70001	370.55	6.15001	2.17	0.73590904
8	10	2002	247.492	22.865	28.41	34.06	376.60001	370.55	6.05001	2.73	0.719247004
8	10	2002	247.492	22.865	28.4	34.06	376.60001	370.55	6.05001	4.17	0.719767138
8	10	2002	247.492	22.865	28.41	34.06	376.60001	370.55	6.05001	3.7	0.719247004
8	10	2002	247.492	22.865	28.35	34.06	376.60001	370.55	6.05001	2.8	0.722373989
8	10	2002	247.492	22.865	28.31	34.06	376.60001	370.55	6.05001	2.68001	0.724466911
8	10	2002	247.492	22.865	28.41	34.06	376.39999	370.55	5.84999	1.95	0.695467905
8	10	2002	247.492	22.865	28.43	34.06	375.91	370.55	5.36	2.5	0.636295596
8	10	2002	247.492	22.865	28.36	34.06	375.81	370.55	5.26	0.90001	0.627592423
8	10	2002	247.492	22.865	28.34	34.06	375.70999	370.55	5.15999	0.45	0.616550918
8	10	2002	247.492	22.865	28.45	34.06	375.70999	370.55	5.15999	0.72	0.611667257
8	10	2002	247.492	22.865	28.35	34.06	375.60999	370.55	5.05999	0.38	0.604165144
8	10	2002	247.492	22.865	28.36	34.06	375.51999	370.55	4.96999	1.23	0.592990127
8	10	2002	247.492	22.865	28.34	34.06	375.42001	370.55	4.87001	0.37	0.581902123
8	10	2002	247.492	22.865	28.33	34.06	375.01999	370.55	4.46999	3.24001	0.534491426
8	10	2002	247.492	22.865	28.33	34.06	374.53	370.55	3.98	0.09999	0.475901708
8	10	2002	247.492	22.865	28.26	34.06	374.42999	370.55	3.87999	3.27	0.466298606
8	10	2002	247.492	22.865	28.3	34.06	374.04001	370.55	3.49001	3.65001	0.418218558
8	10	2002	247.492	22.865	28.34	34.06	373.94	370.55	3.39	0.33	0.4050604
8	10	2002	247.492	22.865	28.34	34.06	373.64999	370.55	3.09999	3.63	0.37040802
8	10	2002	247.492	22.865	28.34	34.06	373.54999	370.55	2.99999	0.42	0.358459336
8	6	2008	242.11263	22.86536	20.23	34.162	305.82	389.45999	-83.63999	11.6	-18.30401088
15	3	2016	239.28641	22.8663	19.4532	34.025	385.04001	397.07999	-12.03998	6.525	-2.801590411
17	12	2007	250	22.86700	NaN	NaN	NaN	NaN	NaN	NaN	6.74
17	12	2007	250	22.86700	NaN	NaN	NaN	NaN	NaN	NaN	5.83
24	11	2005	243.0545	22.86956	21.16	33.681	389.17001	378.35	10.82001	5.3	2.208494873
19	10	2000	245.774	22.87000	NaN	NaN	NaN	NaN	NaN	NaN	7.8
24	11	2016	250	22.87000	NaN	NaN	NaN	NaN	NaN	NaN	4.61
24	11	2016	250	22.87	26.293	34.363	436.8250732	403.53	33.29507324	4.50999	4.611698365
19	10	2000	245.774	22.87	24.49	34.41	417.73001	368.45	49.28001	4.72	7.795747741
8	6	2008	242.06311	22.87315	20.25	34.172	306.2	389.45999	-83.25999	11.7	-18.19169134
15	3	2016	239.2887	22.874	19.4393	34.0217	384.92001	397.22	-12.29999	3.925	-2.865264274
20	6	2018	248.25374	22.87959	NaN	NaN	NaN	NaN	NaN	NaN	-1.79
20	6	2018	248.25374	22.87959	22.96	34.295	400.70999	410.79	-10.08001	4.225	-1.788978579
8	6	2008	242.01344	22.88095	20.3	34.178	301.94	389.47	-87.53	11.8	-19.04995108
31	10	2018	246.28589	22.88317	NaN	NaN	NaN	NaN	NaN	NaN	4.33
31	10	2018	246.28589	22.88317	28.56	34.486	442.85999	406	36.85999	1.675	4.326881564
8	6	2008	241.96315	22.88888	20.3	34.174	299.58	389.51001	-89.93001	12.2	-19.57265099
24	11	2005	243.00389	22.89121	20.99	33.625	387.48001	378.35	9.13001	6.9	1.888580771
8	6	2008	241.91257	22.89695	20.28	34.168	295.61	389.48999	-93.87999	12.6	-20.46468664
5	6	2002	245.38501	22.89900	NaN	NaN	NaN	NaN	NaN	NaN	-1.42
5	6	2002	245.38501	22.899	21.54	34.194	368.32001	375.52	-7.19999	1.77	-1.424010457
5	6	2002	245.384	22.90200	NaN	NaN	NaN	NaN	NaN	NaN	-1.4
5	6	2002	245.384	22.902	21.53	34.193	368.47	375.52	-7.05	2.02	-1.395419628
31	10	2018	246.23914	22.90349	NaN	NaN	NaN	NaN	NaN	NaN	4.57
31	10	2018	246.23914	22.90349	28.57	34.494	444.92001	406	38.92001	2.1	4.565246997
8	6	2008	241.86209	22.90477	20.27	34.163	299.73	389.47	-89.74	12.5	-19.57788444
5	6	2002	245.383	22.90500	NaN	NaN	NaN	NaN	NaN	NaN	-1.36
5	6	2002	245.383	22.905	21.53	34.193	368.66	375.52	-6.86	4.48	-1.357812574
5	6	2002	245.383	22.90700	NaN	NaN	NaN	NaN	NaN	NaN	-1.34
5	6	2002	245.383	22.907	21.52	34.19	368.76999	375.52	-6.75001	4.27	-1.337083676
5	6	2002	245.382	22.91000	NaN	NaN	NaN	NaN	NaN	NaN	-1.27
5	6	2002	245.382	22.91	21.52	34.189	369.10001	375.52	-6.41999	2.57001	-1.271717126
8	6	2008	241.81203	22.91234	20.26	34.162	302.98	389.48001	-86.50001	12.4	-18.88580287
24	11	2005	242.95349	22.91266	20.94	33.607	386.47	378.35	8.12	8.2	1.686282187
5	6	2002	245.381	22.91300	NaN	NaN	NaN	NaN	NaN	NaN	-1.25
5	6	2002	245.381	22.913	21.51	34.186	369.23001	375.52	-6.28999	1.5	-1.246937318
20	6	2018	248.21289	22.91426	NaN	NaN	NaN	NaN	NaN	NaN	-0.71
20	6	2018	248.21289	22.91426	23.19	34.391	406.73001	410.79	-4.05999	2.05	-0.707878264
5	6	2002	245.38	22.91500	NaN	NaN	NaN	NaN	NaN	NaN	-1.25
5	6	2002	245.38	22.915	21.5	34.185	369.22	375.52	-6.3	0.45	-1.249884143
5	6	2002	245.379	22.91800	NaN	NaN	NaN	NaN	NaN	NaN	-1.22
5	6	2002	245.379	22.918	21.5	34.184	369.37	375.52	-6.15	0.55	-1.220130611
11	9	2015	248.46808	22.91887	NaN	NaN	NaN	NaN	NaN	NaN	7.55
11	9	2015	248.46808	22.91887	29.21	34.493	447.14001	379.70001	67.44	1.75	7.554251071
8	6	2008	241.76265	22.91971	20.22	34.175	301.22	389.47	-88.25	12.1	-19.32673545
5	6	2002	245.379	22.92000	NaN	NaN	NaN	NaN	NaN	NaN	-1.27
5	6	2002	245.379	22.92	21.5	34.184	369.12	375.52	-6.4	1.33	-1.269729417
5	6	2002	245.37799	22.92300	NaN	NaN	NaN	NaN	NaN	NaN	-1.21
5	6	2002	245.37799	22.923	21.49	34.182	369.44	375.52	-6.08	1.19	-1.207178148
31	10	2018	246.19244	22.92433	NaN	NaN	NaN	NaN	NaN	NaN	4.64
31	10	2018	246.19244	22.92433	28.59	34.471	445.59	406	39.59	0.45	4.637594765
5	6	2002	245.377	22.92600	NaN	NaN	NaN	NaN	NaN	NaN	-1.24
5	6	2002	245.377	22.926	21.48	34.181	369.29999	375.52	-6.22001	1.28	-1.2359289
8	6	2008	241.71277	22.92746	20.23	34.183	303.87	389.48999	-85.61999	12.3	-18.73548987
5	6	2002	245.37601	22.92800	NaN	NaN	NaN	NaN	NaN	NaN	-1.21
5	6	2002	245.37601	22.928	21.47	34.182	369.42999	375.52	-6.09001	3.90001	-1.211019315
18	10	2000	245.758	22.92900	NaN	NaN	NaN	NaN	NaN	NaN	8.36
18	10	2000	245.758	22.929	24.1	34.28	419.73999	368.45	51.28999	5.12	8.357663367
5	6	2002	245.37601	22.93100	NaN	NaN	NaN	NaN	NaN	NaN	-1.13
5	6	2002	245.37601	22.931	21.46	34.18	369.82999	375.52	-5.69001	5.67	-1.132355486
5	6	2002	245.375	22.93300	NaN	NaN	NaN	NaN	NaN	NaN	-1.13
5	6	2002	245.375	22.933	21.45	34.179	369.85999	375.52	-5.66001	4.2	-1.127253758
24	11	2005	242.90338	22.93412	21.06	33.643	396.59	378.35	18.24	8.1	3.752420019
8	6	2008	241.66278	22.9356	20.23	34.179	309.58	389.48999	-79.90999	12.1	-17.4863447
5	6	2002	245.37399	22.93600	NaN	NaN	NaN	NaN	NaN	NaN	-1.13
5	6	2002	245.37399	22.936	21.45	34.179	369.84	375.52	-5.68	1.3	-1.131234988
5	6	2002	245.373	22.93900	NaN	NaN	NaN	NaN	NaN	NaN	-1.19
5	6	2002	245.373	22.939	21.44	34.176	369.54001	375.52	-5.97999	1.60001	-1.191910713
5	6	2002	245.37201	22.94100	NaN	NaN	NaN	NaN	NaN	NaN	-1.19
5	6	2002	245.37201	22.941	21.44	34.176	369.56	375.52	-5.96	3.48	-1.187926376
15	3	2016	239.3087	22.9425	19.4312	34.0156	384.69	397.31	-12.62	4.225	-2.941766089
11	9	2015	248.42921	22.94374	NaN	NaN	NaN	NaN	NaN	NaN	7.61
11	9	2015	248.42921	22.94374	29.21	34.482	447.59	379.64999	67.94001	4.175	7.610616793
8	6	2008	241.61281	22.94393	20.2	34.16	316.92	389.47	-72.55	12.3	-15.91428521
5	6	2002	245.37201	22.94400	NaN	NaN	NaN	NaN	NaN	NaN	-1.22
5	6	2002	245.37201	22.944	21.43	34.174	369.41	375.52	-6.11	3.75	-1.218768686
31	10	2018	246.14575	22.94562	NaN	NaN	NaN	NaN	NaN	NaN	4.68
31	10	2018	246.14575	22.94562	28.57	34.434	445.85999	406	39.85999	0.1	4.676711154
18	10	2000	245.75301	22.94600	NaN	NaN	NaN	NaN	NaN	NaN	8.41
18	10	2000	245.75301	22.946	24.04	34.27	419.81	368.45	51.36	3.44	8.406998056
15	3	2016	239.31	22.9468	19.4115	34.0124	384.84	397.45001	-12.61001	5.1	-2.944036687
5	6	2002	245.371	22.94700	NaN	NaN	NaN	NaN	NaN	NaN	-1.21
5	6	2002	245.371	22.947	21.43	34.174	369.44	375.52	-6.08	4.40001	-1.212784552
20	6	2018	248.17088	22.94801	NaN	NaN	NaN	NaN	NaN	NaN	-0.55
20	6	2018	248.17088	22.94801	23.39	34.412	407.57001	410.79	-3.21999	2.65	-0.552993883
5	6	2002	245.37	22.94900	NaN	NaN	NaN	NaN	NaN	NaN	-1.24
5	6	2002	245.37	22.949	21.42	34.173	369.32001	375.52	-6.19999	5.82001	-1.237673001
15	3	2016	239.31129	22.9512	19.4012	34.0121	384.76001	397.34	-12.57999	4.775	-2.939411408
5	6	2002	245.369	22.95200	NaN	NaN	NaN	NaN	NaN	NaN	-1.22
5	6	2002	245.369	22.952	21.42	34.173	369.39001	375.52	-6.12999	4.62	-1.223699251
8	6	2008	241.56317	22.95212	20.16	34.147	328.37	389.45001	-61.08001	12.3	-13.44085451
5	6	2002	245.369	22.95400	NaN	NaN	NaN	NaN	NaN	NaN	-1.24
5	6	2002	245.369	22.954	21.41	34.174	369.29999	375.52	-6.22001	6.85001	-1.242615886
15	3	2016	239.3127	22.9556	19.4069	34.0146	384.60999	397.28	-12.67001	5.475	-2.959084232
24	11	2005	242.8528	22.95595	21.17	33.684	396.45	378.35	18.1	8.8	3.691538044
5	6	2002	245.368	22.95700	NaN	NaN	NaN	NaN	NaN	NaN	-1.3
5	6	2002	245.368	22.957	21.4	34.172	369.01001	375.52	-6.50999	9.5	-1.301556629
5	6	2002	245.367	22.96000	NaN	NaN	NaN	NaN	NaN	NaN	-1.31
15	3	2016	239.3141	22.96	19.4148	34.0204	384.70001	397.35001	-12.65	5.95	-2.952496449
5	6	2002	245.367	22.96	21.39	34.174	368.95001	375.52	-6.56999	6.90001	-1.31454792
8	6	2008	241.51306	22.9602	20.05	34.098	330.16	389.45999	-59.29999	12.1	-13.16444473
5	6	2002	245.366	22.96200	NaN	NaN	NaN	NaN	NaN	NaN	-1.38
5	6	2002	245.366	22.962	21.39	34.174	368.62	375.52	-6.9	3.97	-1.380577542
5	6	2002	245.36499	22.96500	NaN	NaN	NaN	NaN	NaN	NaN	-1.35
5	6	2002	245.36499	22.965	21.41	34.173	368.76999	375.52	-6.75001	1.75	-1.348503986
5	6	2002	245.36499	22.96700	NaN	NaN	NaN	NaN	NaN	NaN	-1.35
5	6	2002	245.36499	22.967	21.41	34.173	368.78	375.52	-6.74	1.72	-1.346504208
31	10	2018	246.09941	22.96702	NaN	NaN	NaN	NaN	NaN	NaN	4.6
31	10	2018	246.09941	22.96702	28.57	34.443	445.17999	406	39.17999	2.475	4.59674994
8	6	2008	241.46307	22.96807	20	34.081	330.39	389.41	-59.02	12.4	-13.15451075
11	9	2015	248.39124	22.96829	NaN	NaN	NaN	NaN	NaN	NaN	7.53
11	9	2015	248.39124	22.96829	29.23	34.493	446.91	379.54999	67.36001	9.7	7.534455635
5	6	2002	245.364	22.97000	NaN	NaN	NaN	NaN	NaN	NaN	-1.41
5	6	2002	245.364	22.97	21.4	34.173	368.48999	375.52	-7.03001	4.47	-1.405518899
5	6	2002	245.36301	22.97300	NaN	NaN	NaN	NaN	NaN	NaN	-1.45
5	6	2002	245.36301	22.973	21.4	34.171	368.26001	375.52	-7.25999	5.10001	-1.451512464
15	3	2016	239.31889	22.9748	19.4209	34.0215	384.63	397.31	-12.68	4.675	-2.958064441
5	6	2002	245.362	22.97500	NaN	NaN	NaN	NaN	NaN	NaN	-1.43
5	6	2002	245.362	22.975	21.39	34.171	368.35001	375.52	-7.16999	4.27	-1.434617963
8	6	2008	241.41269	22.9761	20	34.061	336.06	389.41	-53.35	12.1	-11.89187642
24	11	2005	242.80226	22.97794	21.25	33.703	397.19	378.35	18.84	9	3.818576196
20	6	2018	248.12645	22.97842	NaN	NaN	NaN	NaN	NaN	NaN	-0.53
20	6	2018	248.12645	22.97842	23.37	34.425	407.69	410.79	-3.1	2.45	-0.533155666
15	3	2016	239.3214	22.9824	19.4229	34.0328	384.67999	397.32999	-12.65	4.725	-2.950445922
8	6	2008	241.36267	22.98396	19.98	34.069	330.51	389.37	-58.86	12.4	-13.14006823
15	3	2016	239.3239	22.9898	19.4563	34.0427	384.72	397.17001	-12.45001	2.75	-2.896055162
8	6	2008	241.31258	22.99172	19.93	34.064	331.84	389.31	-57.47	12.8	-12.88022414
11	9	2015	248.35365	22.99335	NaN	NaN	NaN	NaN	NaN	NaN	7.59
11	9	2015	248.35365	22.99335	29.26	34.495	447.41	379.37	68.04	7.075	7.594065432
15	3	2016	239.3264	22.9974	19.4767	34.0519	384.89999	397.19	-12.29001	4.425	-2.854136315
8	6	2008	241.2626	22.99941	19.95	34.081	329.21	389.29001	-60.08001	12.5	-13.44311079
24	11	2005	242.75191	22.99973	21.44	33.778	396.91	378.35	18.56	8.7	3.706098904
15	3	2016	239.3288	23.0049	19.4967	34.0596	384.97	397.20001	-12.23001	4.25	-2.835642772
8	6	2008	241.21277	23.00694	20.01	34.117	323.57	389.29999	-65.72999	12.8	-14.6361718
20	6	2018	248.08119	23.00766	NaN	NaN	NaN	NaN	NaN	NaN	-0.56
20	6	2018	248.08119	23.00766	23.18	34.395	407.57001	410.79	-3.21999	4.25	-0.561832574
31	10	2018	246.00638	23.01128	NaN	NaN	NaN	NaN	NaN	NaN	4.14
31	10	2018	246.00638	23.01128	28.61	34.46	441.42999	406	35.42999	1.5	4.144498217
15	3	2016	239.3311	23.0125	19.5185	34.0774	384.79001	397.10001	-12.31	4.375	-2.849071171
11	9	2015	248.31561	23.01792	NaN	NaN	NaN	NaN	NaN	NaN	7.56
11	9	2015	248.31561	23.01792	29.31	34.503	447.20999	379.26001	67.94998	4.025	7.556575242
15	3	2016	239.3334	23.0202	19.6086	34.1457	382.85999	397.39999	-14.54	4.8	-3.340421359
24	11	2005	242.70097	23.02157	21.43	33.786	395.62	378.35	17.27	8.9	3.451026183
15	3	2016	239.3354	23.0279	19.6266	34.1528	383.04999	397.35999	-14.31	3.95	-3.282836564
31	10	2018	245.95943	23.03338	NaN	NaN	NaN	NaN	NaN	NaN	4.24
31	10	2018	245.95943	23.03338	28.6	34.492	442.23001	406	36.23001	2.05	4.240558838
15	3	2016	239.33749	23.0355	19.627	34.1543	382.98001	397.41	-14.42999	4.025	-3.310236307
20	6	2018	248.0372	23.03901	NaN	NaN	NaN	NaN	NaN	NaN	-0.5
20	6	2018	248.0372	23.03901	23.2	34.397	407.92001	410.79	-2.86999	2.275	-0.500006396
11	9	2015	248.27795	23.04168	NaN	NaN	NaN	NaN	NaN	NaN	7.41
11	9	2015	248.27795	23.04168	29.36	34.53	445.98001	379.10999	66.87002	4.475	7.408976347
16	3	1993	245.364	23.042	22.86	33.99	338.73001	358.47	-19.73999	6.00999	-3.534833755
15	3	2016	239.33971	23.0432	19.6191	34.1525	383.01001	397.41	-14.39999	4.925	-3.305428332
24	11	2005	242.64969	23.0434	21.08	33.657	403.7	378.35	25.35	9.6	5.206763303
15	3	2016	239.3419	23.0507	19.6002	34.1469	383.32999	397.32999	-14	3.675	-3.218462643
31	10	2018	245.91214	23.05532	NaN	NaN	NaN	NaN	NaN	NaN	3.94
31	10	2018	245.91214	23.05532	28.63	34.474	439.72	406	33.72	3.625	3.938542683
15	3	2016	239.3443	23.0583	19.5786	34.1408	383.22	397.45001	-14.23001	4.55	-3.276979113
24	11	2005	242.59898	23.06527	21.08	33.622	403.77	378.35	25.42	7.8	5.221984886
15	3	2016	239.3465	23.0659	19.5937	34.1443	383.38	397.42001	-14.04001	4.425	-3.2293453
20	6	2018	247.9957	23.07302	NaN	NaN	NaN	NaN	NaN	NaN	-0.89
20	6	2018	247.9957	23.07302	22.82	34.311	405.85001	410.79	-4.93999	2.475	-0.885982899
15	3	2016	239.34869	23.0734	19.6225	34.1508	383.20001	397.31	-14.10999	2.45	-3.238023257
31	10	2018	245.86464	23.07693	NaN	NaN	NaN	NaN	NaN	NaN	2.85
31	10	2018	245.86464	23.07693	28.64	34.437	430.39001	406	24.39001	7.675	2.84718461
15	3	2016	239.351	23.0808	19.6056	34.1453	383.39001	397.41	-14.01999	2.725	-3.221717901
24	11	2005	242.54883	23.08711	21.48	33.706	396.67	378.35	18.32	8.5	3.648188533
15	3	2016	239.35339	23.0884	19.5411	34.1257	383.98001	397.38	-13.39999	2.175	-3.095147015
15	3	2016	239.356	23.0969	19.4686	34.1029	383.47	397.39999	-13.92999	1.825	-3.23627902
31	10	2018	245.8175	23.09859	NaN	NaN	NaN	NaN	NaN	NaN	3.47
31	10	2018	245.8175	23.09859	28.64	34.438	435.76001	406	29.76001	1.3	3.474040333
15	3	2016	239.35831	23.1043	19.4621	34.0953	383.37	397.51001	-14.14001	4.625	-3.286866488
20	6	2018	247.95442	23.10731	NaN	NaN	NaN	NaN	NaN	NaN	-1.28
20	6	2018	247.95442	23.10731	22.6	34.179	403.76999	410.79	-7.02001	1.325	-1.280911107
24	11	2005	242.49902	23.10902	21.56	33.712	396.45	378.35	18.1	8.2	3.582266186
15	3	2016	239.3607	23.1117	19.4883	34.0987	383.82999	397.45999	-13.63	5	-3.161750458
15	3	2016	239.36301	23.1191	19.5281	34.1088	383.48001	397.54999	-14.06998	5.175	-3.253476648
31	10	2018	245.76971	23.11949	NaN	NaN	NaN	NaN	NaN	NaN	4.74
31	10	2018	245.76971	23.11949	28.6	34.421	446.48999	406	40.48999	0.25	4.740616568
15	3	2016	239.3652	23.1267	19.5728	34.1176	383.41	397.37	-13.96	5.7	-3.216611146
24	11	2005	242.4487	23.13098	21.51	33.722	396.26	378.35	17.91	10.4	3.558094105
15	3	2016	239.3674	23.1341	19.5965	34.1244	383.28	397.45001	-14.17001	4.45	-3.258834211
31	10	2018	245.72189	23.14052	NaN	NaN	NaN	NaN	NaN	NaN	4.03
31	10	2018	245.72189	23.14052	28.59	34.43	440.35999	406	34.35999	1.45	4.025657833
15	3	2016	239.3696	23.1415	19.6216	34.127	383.64001	397.45001	-13.81	3.375	-3.16975634
20	6	2018	247.91302	23.14169	NaN	NaN	NaN	NaN	NaN	NaN	-1.45
20	6	2018	247.91302	23.14169	22.52	34.181	402.91	410.79	-7.88	1.925	-1.446550003
15	3	2016	239.3719	23.1489	19.6308	34.1265	383.25	397.32999	-14.07999	2.5	-3.229404023
24	11	2005	242.39839	23.15257	21.58	33.711	394.77	378.35	16.42	9.9	3.244813012
15	3	2016	239.37421	23.1565	19.6525	34.1292	383.48001	397.44	-13.95999	1.55	-3.196399992
31	10	2018	245.6741	23.16168	NaN	NaN	NaN	NaN	NaN	NaN	4.49
31	10	2018	245.6741	23.16168	28.59	34.437	444.29001	406	38.29001	3.45	4.485968738
15	3	2016	239.3764	23.1639	19.6618	34.1343	383.67999	397.47	-13.79001	0.325	-3.155104838
15	3	2016	239.37869	23.1713	19.6786	34.1432	383.70999	397.39001	-13.68002	2.475	-3.125693106
24	11	2005	242.34828	23.17421	21.68	33.71	396.62	378.35	18.27	12.6	3.582907181
20	6	2018	247.87151	23.17608	NaN	NaN	NaN	NaN	NaN	NaN	-1.83
20	6	2018	247.87151	23.17608	22.45	34.168	400.88	410.79	-9.91	2.1	-1.828982857
15	3	2016	239.38091	23.1788	19.6927	34.1535	383.91	397.39001	-13.48001	2.95	-3.07644621
30	10	2018	245.62579	23.18300	NaN	NaN	NaN	NaN	NaN	NaN	4.22
30	10	2018	245.62579	23.183	28.56	34.443	441.95001	406	35.95001	1.475	4.220842084
15	3	2016	239.3831	23.1864	19.6862	34.1561	383.78	397.41	-13.63	4.75	-3.112223462
15	3	2016	239.38541	23.1939	19.6733	34.1539	384.14999	397.34	-13.19001	4.225	-3.014833396
24	11	2005	242.29877	23.19594	21.66	33.707	405.74	378.35	27.39	15	5.379712049
15	3	2016	239.3877	23.2016	19.6446	34.1476	383.89999	397.35999	-13.46	2.85	-3.083561265
30	10	2018	245.57722	23.20485	NaN	NaN	NaN	NaN	NaN	NaN	3.55
30	10	2018	245.57722	23.20485	28.61	34.446	436.32001	406	30.32001	1.35	3.546960856
15	3	2016	239.38989	23.2092	19.6235	34.1391	383.78	397.45001	-13.67001	4.25	-3.136980316
20	6	2018	247.82982	23.21057	NaN	NaN	NaN	NaN	NaN	NaN	-1.59
20	6	2018	247.82982	23.21057	22.48	34.161	402.14001	410.79	-8.64999	2.2	-1.592862368
15	3	2016	239.3922	23.2168	19.6073	34.1352	384.10001	397.47	-13.36999	3.2	-3.072086961
24	11	2005	242.24962	23.21683	21.6	33.706	413.24	378.35	34.89	14.7	6.8843489
15	3	2016	239.39461	23.2243	19.6011	34.1342	383.91	397.45999	-13.54999	2.95	-3.114974848
30	10	2018	245.52945	23.22798	NaN	NaN	NaN	NaN	NaN	NaN	3.09
30	10	2018	245.52945	23.22798	28.53	34.443	432.22	406	26.22	0.825	3.0851302
15	3	2016	239.3969	23.2319	19.6	34.1358	383.48999	397.51999	-14.03	3.3	-3.225577275
16	3	1993	245.289	23.232	22.516	34.013	339.12	358.47	-19.35	3.88	-3.555924602
24	11	2005	242.19968	23.23702	21.6	33.731	415.44	378.35	37.09	13.8	7.317602575
15	3	2016	239.3992	23.2395	19.6107	34.14	383.41	397.48001	-14.07001	2.65	-3.231999756
20	6	2018	247.78806	23.24477	NaN	NaN	NaN	NaN	NaN	NaN	-1.85
20	6	2018	247.78806	23.24477	22.58	34.161	400.66	410.79	-10.13	0.2	-1.851329075
15	3	2016	239.4014	23.247	19.6227	34.144	383.42001	397.35999	-13.93998	2.825	-3.199060114
30	10	2018	245.48221	23.25083	NaN	NaN	NaN	NaN	NaN	NaN	3.71
30	10	2018	245.48221	23.25083	28.54	NaN	433.19	406	27.19	3.3	3.707367348
15	3	2016	239.4037	23.2547	19.625	34.1454	383.79999	397.35001	-13.55002	3.8	-3.10898802
24	11	2005	242.14944	23.25721	21.58	33.717	414.72	378.35	36.37	11.7	7.187003246
15	3	2016	239.4061	23.2622	19.6279	34.1448	383.67001	397.37	-13.69999	3.725	-3.142692302
15	3	2016	239.40849	23.2698	19.6203	34.1411	383.91	397.34	-13.43	4.45	-3.082647403
30	10	2018	245.43504	23.27261	NaN	NaN	NaN	NaN	NaN	NaN	3.04
30	10	2018	245.43504	23.27261	28.73	34.352	432.19	406	26.19	1.975	3.038632286
24	11	2005	242.09903	23.27802	21.59	33.717	415.14	378.35	36.79	12.2	7.264437783
15	3	2016	239.41119	23.2784	19.6141	34.136	383.59	397.45001	-13.86001	4.425	-3.182971974
20	6	2018	247.74596	23.27866	NaN	NaN	NaN	NaN	NaN	NaN	-2.73
20	6	2018	247.74596	23.27866	22.79	34.222	395.59	410.79	-15.2	1.15	-2.733395163
15	3	2016	239.4135	23.2859	19.5912	34.1289	383.53	397.44	-13.91	4.525	-3.200299339
15	3	2016	239.41589	23.2936	19.5682	34.1194	383.67001	397.47	-13.79999	5.075	-3.180863029
30	10	2018	245.38745	23.29378	NaN	NaN	NaN	NaN	NaN	NaN	3.17
30	10	2018	245.38745	23.29378	28.65	34.294	433.17001	406	27.17001	4.3	3.171369568
24	11	2005	242.04854	23.29906	21.56	33.717	415.03	378.35	36.68	12.2	7.25936476
15	3	2016	239.4183	23.3012	19.5378	34.11	383.91	397.38	-13.47	4.325	-3.112352341
15	3	2016	239.4207	23.3088	19.5282	34.1049	383.88	397.48001	-13.60001	4.7	-3.144835651
20	6	2018	247.70378	23.31243	NaN	NaN	NaN	NaN	NaN	NaN	-2.73
20	6	2018	247.70378	23.31243	22.81	34.298	395.60001	410.79	-15.18999	2.4	-2.726530164
30	10	2018	245.33955	23.31470	NaN	NaN	NaN	NaN	NaN	NaN	3.28
30	10	2018	245.33955	23.3147	28.62	34.288	434	406	28	7.225	3.275416316
15	3	2016	239.423	23.3163	19.5241	34.1038	383.87	397.51999	-13.64999	4.975	-3.157425062
24	11	2005	241.99794	23.32018	21.69	33.8	415	378.35	36.65	12	7.178926066
15	3	2016	239.4252	23.3238	19.5279	34.1038	384.23999	397.39999	-13.16	4.475	-3.04317604
15	3	2016	239.42731	23.3314	19.527	34.1047	383.63	397.51001	-13.88001	4.675	-3.209887531
15	3	2016	239.4295	23.3391	19.5358	34.1047	384.19	397.41	-13.22	5.8	-3.055143014
24	11	2005	241.9474	23.34116	21.97	33.945	415.41	378.35	37.06	12.4	7.101062466
20	6	2018	247.66154	23.34616	NaN	NaN	NaN	NaN	NaN	NaN	-2.7
20	6	2018	247.66154	23.34616	22.6	34.333	395.95999	410.79	-14.83001	1.25	-2.704069661
15	3	2016	239.43179	23.3467	19.5301	34.1049	384.10001	397.39999	-13.29998	6.525	-3.074998803
15	3	2016	239.43401	23.3544	19.5339	34.1059	383.76001	397.59	-13.82999	6.725	-3.196570423
15	3	2016	239.43629	23.3619	19.535	34.1069	383.81	397.51999	-13.70999	5.2	-3.168546068
24	11	2005	241.89708	23.36194	21.7	33.815	417.67	378.35	39.32	12.3	7.695506235
15	3	2016	239.43851	23.3694	19.5419	34.108	383.88	397.42001	-13.54001	2.125	-3.127551543
15	3	2016	239.4409	23.3771	19.5469	34.1094	383.94	397.48999	-13.54999	2.55	-3.128608549
20	6	2018	247.61954	23.38003	NaN	NaN	NaN	NaN	NaN	NaN	-2.21
20	6	2018	247.61954	23.38003	22.18	34.224	399.07001	410.79	-11.71999	1.4	-2.207246621
24	11	2005	241.84698	23.38291	21.58	33.748	416.84	378.35	38.49	12.5	7.604848086
15	3	2016	239.4433	23.3846	19.548	34.11	383.88	397.41	-13.53	3.25	-3.123714589
15	3	2016	239.44569	23.3922	19.5509	34.1109	383.87	397.32999	-13.45999	4.225	-3.10683105
15	3	2016	239.4481	23.3998	19.554	34.1116	383.89001	397.39999	-13.50998	5.4	-3.117601138
24	11	2005	241.79706	23.40419	21.63	33.76	419.62	378.35	41.27	12.8	8.122541788
15	3	2016	239.45039	23.4075	19.5366	34.1111	383.54001	397.38	-13.83999	4.8	-3.198126232
15	3	2016	239.4528	23.4152	19.5282	34.109	383.72	397.45001	-13.73001	4.275	-3.174835681
16	3	1993	245.214	23.422	21.459	34.101	350.22	358.47	-8.25	4.90001	-1.642536041
15	3	2016	239.4552	23.4229	19.5221	34.1077	383.59	397.38	-13.79	4.975	-3.190253844
24	11	2005	241.74734	23.42541	21.95	33.901	419.04	378.35	40.69	12	7.810070958
15	3	2016	239.4575	23.4306	19.5132	34.1097	383.62	397.26999	-13.64999	2.975	-3.160040555
15	3	2016	239.45979	23.4384	19.514	34.1112	383.14001	397.31	-14.16999	3.9	-3.280194117
15	3	2016	239.4621	23.446	19.5378	34.1217	382.97	397.41	-14.44	3.775	-3.336296131
20	6	2018	247.53529	23.44682	NaN	NaN	NaN	NaN	NaN	NaN	-2.96
20	6	2018	247.53529	23.44682	20.24	34.099	397.28	410.79	-13.51	0.225	-2.955133877
24	11	2005	241.69701	23.44709	22.19	34.032	417.68	378.35	39.33	11.8	7.40796545
15	3	2016	239.4644	23.4538	19.5805	34.134	383.17999	397.39999	-14.22	3.925	-3.274290075
15	3	2016	239.4669	23.4627	19.5938	34.1393	383.35001	397.31	-13.95999	3.7	-3.210989752
24	11	2005	241.64667	23.46858	22.12	34.017	417.59	378.35	39.24	11	7.430962025
15	3	2016	239.46919	23.4704	19.6047	34.1428	383.16	397.29001	-14.13001	3.225	-3.247266974
20	6	2018	247.4922	23.47943	NaN	NaN	NaN	NaN	NaN	NaN	-23.82
20	6	2018	247.4922	23.47943	NaN	NaN	396.28	410.79	-14.51	1.125	-23.81898249
24	11	2005	241.59616	23.49011	21.82	33.929	416.58	378.35	38.23	11.4	7.410047998
15	12	1995	239	23.50000	NaN	NaN	NaN	NaN	NaN	NaN	-1.64
24	11	2005	241.5459	23.51151	21.72	33.887	416.28	378.35	37.93	11.8	7.409676499
20	6	2018	247.44911	23.51195	20.2	33.793	396.29999	410.79	-14.49001	1.75	-3.183902794
24	11	2005	241.49557	23.53285	21.84	33.944	416.32	378.35	37.97	12.7	7.347924644
15	3	2016	239.4903	23.5387	19.605	34.1439	383.23001	397.35999	-14.12998	2.15	-3.247167006
20	6	2018	247.40637	23.54485	20.41	33.832	396.39001	410.79	-14.39999	4.025	-3.112345406
24	11	2005	241.44537	23.5542	21.65	33.864	416.51	378.35	38.16	12.7	7.495387239
24	11	2005	241.39536	23.57562	21.76	33.899	417.85	378.35	39.5	12.7	7.692415538
20	6	2018	247.36375	23.57765	20.18	33.815	395.32001	410.79	-15.46999	3.475	-3.404180866
10	9	2015	247.78978	23.58134	27.11	34.039	467.91	380.92999	86.98001	2.8	11.36509403
24	11	2005	241.34549	23.59687	21.73	33.89	417.02	378.35	38.67	12.4	7.548363892
20	6	2018	247.32057	23.61028	20.23	33.793	396.88	410.79	-13.91	1.1	-3.049331751
16	3	1993	245.13901	23.613	20.8	34.055	352.89001	358.47	-5.57999	3.38	-1.168958407
10	9	2015	247.76512	23.61604	26.99	34.036	467.45001	381.07001	86.38	1.975	11.38608544
24	11	2005	241.29541	23.61815	21.67	33.861	416.26	378.35	37.91	10.7	7.435008278
24	11	2005	241.24477	23.63955	21.71	33.874	415.8	378.35	37.45	10.8	7.321936557
20	6	2018	247.2771	23.64272	20.11	33.828	397.14999	410.79	-13.64001	4.175	-3.017714115
10	9	2015	247.74049	23.65079	26.91	34.003	470.75	381.17001	89.57999	1.425	11.87876545
24	11	2005	241.19388	23.66101	21.78	33.917	415.84	378.35	37.49	10.8	7.289235891
15	3	2016	239.52969	23.6675	19.605	34.1427	382.97	397.32999	-14.35999	3	-3.300043402
15	3	2016	239.5311	23.6719	19.6031	34.1398	383.01001	397.26001	-14.25	1.775	-3.275299073
20	6	2018	247.23428	23.67557	20.23	33.835	398.19	410.79	-12.6	2.45	-2.761615842
15	3	2016	239.5325	23.6763	19.5941	34.134	383.19	397.10999	-13.91999	4.425	-3.201793201
15	3	2016	239.5338	23.6809	19.5656	34.1231	383.14999	397.07999	-13.93	3.925	-3.211429395
24	11	2005	241.1432	23.6824	21.46	33.832	417.15	378.35	38.8	11.2	7.733875263
10	9	2015	247.71649	23.68518	27.03	33.992	472.29999	381.14999	91.15	1.45	11.98212204
15	3	2016	239.5351	23.6854	19.5387	34.1145	382.76999	397.23999	-14.47	3	-3.343103938
15	3	2016	239.5394	23.7002	19.6625	34.192	382.01999	397.03	-15.01001	2.975	-3.433122567
24	11	2005	241.09264	23.7037	21.36	33.795	419.04	378.35	40.69	10.6	8.174417771
15	3	2016	239.5416	23.7077	19.6728	34.1943	381.64999	397	-15.35001	1.6	-3.508018728
20	6	2018	247.19226	23.70917	20.59	33.918	398.20999	410.79	-12.58001	3.2	-2.68024181
15	3	2016	239.54379	23.7153	19.6998	34.2024	382.01999	397.04999	-15.03	2.9	-3.427499838
10	9	2015	247.69313	23.71972	27.07	33.985	472.81	381.14001	91.66999	1.8	12.01573024
15	3	2016	239.54601	23.7229	19.7665	34.2212	381.76999	396.97	-15.20001	4.4	-3.447918423
24	11	2005	241.04225	23.72482	21.41	33.803	418.31	378.35	39.96	11.1	7.996745425
15	3	2016	239.54829	23.7307	19.8083	34.2338	381.72	396.82001	-15.10001	4.8	-3.41385437
15	3	2016	239.5506	23.7381	19.8158	34.2353	381.57999	396.87	-15.29001	4.8	-3.454759487
20	6	2018	247.1508	23.74298	20.78	33.938	398.35999	410.79	-12.43001	4.35	-2.609414881
15	3	2016	239.5529	23.7457	19.77	34.2246	381.63	396.78	-15.15	3.4	-3.43557896
24	11	2005	240.99156	23.74617	21.4	33.795	419.26	378.35	40.91	11.5	8.193439714
10	9	2015	247.66887	23.75188	27	33.983	471.16	381.10001	90.05999	2.475	11.86524708
15	3	2016	239.5553	23.7534	19.7476	34.2118	381.60999	396.89001	-15.28002	1.75	-3.47134935
15	3	2016	239.5576	23.7609	19.7293	34.2045	382.01999	396.92001	-14.90002	1.6	-3.389987171
24	11	2005	240.94077	23.76738	21.47	33.802	421.59	378.35	43.24	12.7	8.613473741
15	3	2016	239.56039	23.7695	19.7055	34.1986	382.01001	396.85001	-14.84	2.325	-3.38272147
20	6	2018	247.10965	23.7765	20.85	33.936	398.10001	410.79	-12.68999	5.225	-2.649657766
15	3	2016	239.56261	23.7768	19.742	34.2054	381.89001	396.89999	-15.00998	0.725	-3.411597701
10	9	2015	247.63914	23.78117	26.99	33.999	470.03	381.14999	88.88001	1.1	11.71751646
15	3	2016	239.565	23.7842	19.7909	34.2115	382.47	396.76001	-14.29001	2.55	-3.235462816
24	11	2005	240.89021	23.7883	21.56	33.81	419.96	378.35	41.61	13.5	8.231543012
15	3	2016	239.5674	23.7917	19.7137	34.1912	382.23999	396.89999	-14.66	2.125	-3.33966187
15	3	2016	239.56979	23.7992	19.6721	34.1705	382.73999	396.84	-14.10001	3.975	-3.22288463
16	3	1993	245.064	23.803	20.094	33.987	354.85001	358.47	-3.61999	3.71001	-0.801291696
15	3	2016	239.5722	23.8067	19.6192	34.1525	382.45001	396.85001	-14.4	2.8	-3.305404717
24	11	2005	240.83987	23.80903	21.58	33.815	414.2	378.35	35.85	13.4	7.081055375
20	6	2018	247.06854	23.80969	20.84	33.909	398.73001	410.79	-12.05999	2.4	-2.520373454
15	3	2016	239.57449	23.8142	19.6501	34.1502	382.48001	396.81	-14.32999	1.475	-3.281413504
10	9	2015	247.61412	23.81428	27.07	34.019	469.19	381.04001	88.14999	1.8	11.55262728
15	3	2016	239.57671	23.8217	19.6923	34.155	382.48999	396.79001	-14.30002	2.55	-3.263670592
15	3	2016	239.5789	23.8294	19.7204	34.1593	382.82999	396.70001	-13.87002	2.575	-3.158511876
15	3	2016	239.5809	23.837	19.7385	34.1584	383.19	396.67999	-13.48999	2.525	-3.067634322
20	6	2018	247.02751	23.84347	20.9	33.949	398.07999	410.79	-12.71001	2.825	-2.643461285
15	3	2016	239.58009	23.8441	19.7057	34.1486	383.34	396.85001	-13.51001	3.775	-3.080226265
10	9	2015	247.5899	23.84819	27.21	34.037	467.94	380.97	86.97	2.175	11.28134505
15	3	2016	239.5826	23.8511	19.6558	34.1365	383.42999	396.78	-13.35001	2.3	-3.055839207
15	3	2016	239.58591	23.8583	19.6054	34.1259	383.69	396.76001	-13.07001	2.025	-3.003737077
15	3	2016	239.5892	23.8655	19.5375	34.1091	383.87	396.76999	-12.89999	2.6	-2.980729644
15	3	2016	239.5916	23.8728	19.4563	34.0955	382.98999	396.76999	-13.78	3.25	-3.204638484
20	6	2018	246.98558	23.87649	20.9	33.982	396.89999	410.79	-13.89001	1.9	-2.888439923
15	3	2016	239.5941	23.8806	19.5494	34.1096	383.42999	396.73001	-13.30002	3.75	-3.070286818
10	9	2015	247.56528	23.88223	27.31	34.082	463.89999	380.88	83.01999	2.7	10.68870551
15	3	2016	239.59641	23.8881	19.5862	34.1238	383.56	396.73001	-13.17001	3.35	-3.03130909
15	3	2016	239.5986	23.8955	19.6313	34.1358	383.75	396.59	-12.84	3.5	-2.944754988
15	3	2016	239.60091	23.903	19.6682	34.1457	383.89001	396.66	-12.76999	4.75	-2.920107847
20	6	2018	246.94327	23.90931	20.97	33.992	397.14001	410.79	-13.64999	0.7	-2.823119959
15	3	2016	239.6031	23.9105	19.6787	34.1504	384.12	396.60999	-12.48999	3.925	-2.853669576
10	9	2015	247.54024	23.91522	27.24	34.138	458.41	380.98001	77.42999	2.75	10.01751502
15	3	2016	239.6053	23.918	19.6633	34.1481	384	396.60999	-12.60999	5.575	-2.884595487
15	3	2016	239.6075	23.9254	19.6591	34.1436	383.67001	396.60999	-12.93998	4.4	-2.961118708
15	3	2016	239.60989	23.9326	19.6541	34.141	383.94	396.63	-12.69	3.575	-2.905087694
15	3	2016	239.6123	23.94	19.6364	34.1334	384	396.60001	-12.60001	3.4	-2.888592708
20	6	2018	246.90146	23.9422	20.89	33.962	397.26001	410.79	-13.52999	1.225	-2.816004908
15	3	2016	239.61501	23.9485	19.6301	34.1291	384.01999	396.57001	-12.55002	3.85	-2.878611158
10	9	2015	247.51466	23.94872	27.2	34.198	454.51999	380.97	73.54999	1.925	9.54081678
15	3	2016	239.6172	23.9559	19.6427	34.1294	384.13	396.57001	-12.44001	4.9	-2.850557765
15	3	2016	239.61951	23.9634	19.6244	34.1272	383.92999	396.51999	-12.59	5.3	-2.889097544
15	3	2016	239.6217	23.971	19.6289	34.125	384.07999	396.51001	-12.43002	4.225	-2.851409436
20	6	2018	246.85945	23.97492	20.86	33.94	397.41	410.79	-13.38	2.95	-2.791524429
15	3	2016	239.62399	23.9784	19.628	34.1247	384.01999	396.48999	-12.47	0.8	-2.860786539
10	9	2015	247.48917	23.98217	26.99	34.162	453.73999	381.20001	72.53998	1.575	9.556513526
15	3	2016	239.62621	23.9859	19.6231	34.1233	384.25	396.42001	-12.17001	1.15	-2.793055596
16	3	1993	244.989	23.993	20.093	34.001	354.60001	358.47	-3.86999	5.03	-0.856640578
15	3	2016	239.6284	23.9933	19.6124	34.1224	384.42001	396.39001	-11.97	2.275	-2.749469497
NaN	12	NaN	247.5	24	23.37	34.37	370.79	370.73	0.06	5.76	0.010321711
NaN	1	NaN	247.5	24	21.6	34.5	359.95	370.62	-10.67	5.43	-2.097688265
NaN	1	NaN	242.5	24	20.77	34.19	357.93	370.62	-12.69	5.98	-2.662944135
15	3	2016	239.63071	24.0009	19.5992	34.1176	384.32001	396.5	-12.17999	3.625	-2.800663292
30	10	2018	243.81413	24.00604	28.69	34.209	434.76001	406	28.76001	1	3.348507379
20	6	2018	246.81725	24.0075	20.92	33.954	397.29999	410.79	-13.49001	1	-2.801298887
15	3	2016	239.6329	24.0082	19.5757	34.1131	384.17001	396.42001	-12.25	5.475	-2.822016708
15	3	2016	239.63519	24.0157	19.5564	34.1097	384.07001	396.57001	-12.5	4.45	-2.884017817
10	9	2015	247.46326	24.0161	26.61	34.062	457.03	381.59	75.44	2.85	10.22288348
15	3	2016	239.63741	24.0231	19.5403	34.1052	383.82999	396.51999	-12.69	3.875	-2.931617651
30	10	2018	243.76607	24.02962	28.67	34.199	435.10999	406	29.10999	0.75	3.394295031
15	3	2016	239.63969	24.0306	19.469	34.0837	384.03	396.51999	-12.48999	4.7	-2.901901144
15	3	2016	239.642	24.0382	19.3676	34.0589	383.47	396.59	-13.12	2.925	-3.073026586
20	6	2018	246.77432	24.03969	20.75	33.949	397.13	410.79	-13.66	1.7	-2.87413246
15	3	2016	239.6443	24.0456	19.322	34.0418	383.32001	396.60001	-13.28	3.75	-3.12193301
10	9	2015	247.43713	24.04999	26.56	34.028	457.54001	381.70999	75.83002	1.75	10.31494435
15	3	2016	239.6465	24.0531	19.3064	34.0331	383.62	396.60999	-12.98999	4.15	-3.057632808
30	10	2018	243.71799	24.05313	28.71	34.207	436.67001	406	30.67001	0.35	3.565769843
15	3	2016	239.6488	24.0605	19.2943	34.0243	383.85999	396.54999	-12.69	3.325	-2.989990277
15	3	2016	239.65109	24.068	19.2726	34.0171	383.79999	396.54001	-12.74002	2.4	-3.007011423
20	6	2018	246.731	24.07164	20.63	33.964	397.73001	410.79	-13.05999	2.15	-2.773311153
15	3	2016	239.6534	24.0755	19.2488	34.0096	384.04001	396.60999	-12.56998	2.25	-2.972549261
30	10	2018	243.66954	24.07643	28.715	34.209	437.35999	406	31.35999	1.325	3.644642618
15	3	2016	239.6557	24.0829	19.2238	33.9989	384.22	396.54001	-12.32001	0.275	-2.919328055
10	9	2015	247.41162	24.08426	26.55	34.001	459.38	381.70999	77.67001	4.175	10.57422311
15	3	2016	239.658	24.0903	19.2298	33.9935	384.17999	396.57001	-12.39002	1.15	-2.934603793
15	3	2016	239.66029	24.0977	19.2114	33.9878	384.62	396.66	-12.04	3.4	-2.855915863
30	10	2018	243.6203	24.09891	28.72	34.175	438.60001	406	32.60001	0.375	3.787943767
20	6	2018	246.68864	24.10481	20.6	34	397.92001	410.79	-12.86999	1.925	-2.738860224
15	3	2016	239.6626	24.1052	19.1552	33.9732	384.81	396.56	-11.75	2.925	-2.799698712
15	3	2016	239.6649	24.1125	19.1295	33.9603	384.76001	396.41	-11.64999	3.225	-2.781672244
10	9	2015	247.3866	24.11872	26.6	34.017	459.82999	381.73001	78.09998	9.7	10.59317647
15	3	2016	239.6671	24.12	19.0977	33.9468	384.75	396.5	-11.75	2.7	-2.812781184
30	10	2018	243.57016	24.12106	28.74	34.06	438.56	406	32.56	0.15	3.779706346
15	3	2016	239.66969	24.1286	19.0813	33.9377	384.78	396.59	-11.81	2.2	-2.830928766
15	3	2016	239.67191	24.136	19.0849	33.9368	384.91	396.51001	-11.60001	1.075	-2.779814229
30	10	2018	243.51964	24.1433	28.74	34.044	438.04001	406	32.04001	1.475	3.719599026
15	3	2016	239.6741	24.1435	19.0957	33.9402	384.92001	396.45001	-11.53	3.8	-2.760637736
15	3	2016	239.67641	24.151	19.1039	33.9442	385.03	396.42001	-11.39001	4.275	-2.725303657
10	9	2015	247.36151	24.15365	26.54	34.011	458.79001	381.84	76.95001	7.075	10.48341192
15	3	2016	239.6787	24.1586	19.0923	33.9422	384.73001	396.48001	-11.75	4.325	-2.814041478
30	10	2018	243.4691	24.16553	28.79	34.029	438.45001	406	32.45001	3.175	3.753880033
15	3	2016	239.68089	24.166	19.1134	33.9439	384.81	396.45001	-11.64001	2.8	-2.783037483
15	3	2016	239.6834	24.1735	19.1111	33.9513	384.72	396.53	-11.81	1	-2.824095447
15	3	2016	239.68581	24.1809	19.1762	33.9637	384.97	396.39999	-11.42999	1	-2.719062763
17	3	1993	244.914	24.183	20.127	34	353.97	358.47	-4.5	6.15001	-0.993466414
30	10	2018	243.41873	24.18749	28.78	34.01	439.10001	406	33.10001	3.325	3.832147407
15	3	2016	239.6882	24.1884	19.1869	33.9727	385	396.42999	-11.42999	1.825	-2.716654637
10	9	2015	247.33629	24.18867	26.53	34	458.35001	381.95001	76.4	4.025	10.41660654
30	10	2018	243.36813	24.20938	28.72	33.99	440.04999	406	34.04999	3.175	3.959566417
10	9	2015	247.3112	24.22289	26.53	33.999	458.25	381.91	76.34	4.475	10.40847167
30	10	2018	243.31764	24.23192	28.68	33.986	440.57999	406	34.57999	2.85	4.03288906
20	6	2018	246.52473	24.23566	19.23	33.721	399.38	410.79	-11.41	3.225	-2.705895671
30	10	2018	243.26785	24.25472	28.65	33.978	440.20999	406	34.20999	1.65	3.998522064
15	3	2016	239.7085	24.2553	19.1112	33.9323	385.12	396.26001	-11.14001	1.8	-2.664098902
10	9	2015	247.28613	24.25692	26.53	33.991	457.78	382.01001	75.76999	2.45	10.3311174
15	3	2016	239.70979	24.2597	19.1071	33.9314	384.98999	396.25	-11.26001	3.725	-2.693679613
15	3	2016	239.71111	24.264	19.0913	33.9314	384.89001	396.26001	-11.37	1.625	-2.72338723
20	6	2018	246.48364	24.26782	19.33	33.732	400.87	410.79	-9.92	3.15	-2.33396293
15	3	2016	239.7124	24.2684	19.0978	33.9312	384.85001	396.29999	-11.44998	3.025	-2.741139726
15	3	2016	239.7137	24.2728	19.1264	33.9328	385.42999	396.34	-10.91001	2.375	-2.60596056
30	10	2018	243.21846	24.27716	28.7	33.983	437.10999	406	31.10999	0.175	3.623015374
15	3	2016	239.7179	24.2876	19.1182	33.9335	385.25	396.42001	-11.17001	0.35	-2.669782652
10	9	2015	247.2608	24.29125	26.5	33.981	457.28	382.01999	75.26001	2.8	10.28460027
15	3	2016	239.7202	24.2951	19.12	33.935	385.19	396.42001	-11.23001	1.625	-2.683723245
30	10	2018	243.1693	24.29967	28.66	33.98	432.14999	406	26.14999	2.15	3.054224229
20	6	2018	246.44238	24.30012	19.36	33.721	401.51001	410.79	-9.27999	3.475	-2.178345954
15	3	2016	239.72279	24.3038	19.1396	33.9371	385.31	396.38	-11.07	1.7	-2.641369415
15	3	2016	239.72501	24.3114	19.1439	33.9398	385.14999	396.42001	-11.27002	2.8	-2.6881491
15	3	2016	239.72729	24.3189	19.1637	33.9415	385.54999	396.32999	-10.78	3.8	-2.567234576
30	10	2018	243.12044	24.32191	28.66	33.964	431.01001	406	25.01001	2.7	2.921279431
10	9	2015	247.23441	24.32505	26.42	33.968	456.48001	382.10999	74.37002	2.925	10.22329403
15	3	2016	239.72971	24.3265	19.1552	33.9423	385.17999	396.31	-11.13001	1.525	-2.652356714
20	6	2018	246.40109	24.33237	19.3	33.728	400.54001	410.79	-10.24999	3.425	-2.417350307
15	3	2016	239.7321	24.334	19.1618	33.9433	385.19	396.35001	-11.16001	1.575	-2.658109096
15	3	2016	239.7346	24.3416	19.16	33.9436	384.69	396.42001	-11.73001	2.175	-2.794265423
30	10	2018	243.07161	24.34391	28.67	33.965	427	406	21	3	2.451112564
15	3	2016	239.73711	24.3492	19.1707	33.9455	384.92999	396.34	-11.41001	2.4	-2.715719258
15	3	2016	239.73959	24.3566	19.1759	33.9474	385.09	396.39999	-11.30999	3.275	-2.690785494
10	9	2015	247.20906	24.35818	26.41	33.967	456.57001	382.13	74.44001	3.95	10.24046108
15	3	2016	239.7421	24.3642	19.1926	33.9503	385.09	396.32001	-11.23001	2.55	-2.668204672
20	6	2018	246.35957	24.36493	19.29	33.735	399.62	410.79	-11.17	2.4	-2.636313661
30	10	2018	243.02393	24.36621	28.65	33.973	427.39999	406	21.39999	1.9	2.501321104
15	3	2016	239.7444	24.3717	19.2163	33.922	385.87	396.23999	-10.36999	2.5	-2.45959436
17	3	1993	244.839	24.374	19.965	34.007	353.17001	358.47	-5.29999	5.16	-1.184912296
15	3	2016	239.7468	24.3793	19.218	33.9548	385.48999	396.35999	-10.87	3.8	-2.577446824
15	3	2016	239.7491	24.3869	19.2229	33.9562	385.81	396.26999	-10.45999	2.7	-2.479253038
30	10	2018	242.97644	24.38792	28.61	33.973	423.54999	406	17.54999	0.7	2.05724817
10	9	2015	247.18515	24.39218	26.4	33.955	456.41	382.07999	74.33001	4.85	10.23336452
15	3	2016	239.7515	24.3945	19.2327	33.9585	385.89001	396.26999	-10.37998	5.825	-2.458362845
20	6	2018	246.31824	24.39752	19.32	33.752	397.75	410.79	-13.04	2.2	-3.070160266
15	3	2016	239.7538	24.4021	19.2484	33.9618	386.45999	396.22	-9.76001	4.1	-2.308637391
30	10	2018	242.92873	24.40803	28.6	33.976	421.94	406	15.94	0.15	1.869846978
15	3	2016	239.7561	24.4097	19.2519	33.9646	386.20999	396.20001	-9.99002	2.725	-2.362361517
15	3	2016	239.75841	24.4172	19.254	33.9666	386.26999	396.34	-10.07001	1.925	-2.380860657
15	3	2016	239.7606	24.4248	19.2637	33.9696	386.48001	396.32999	-9.84998	2.375	-2.327027145
10	9	2015	247.16176	24.42563	26.42	33.936	456.48999	382.07999	74.41	3.025	10.23022904
30	10	2018	242.88135	24.42845	28.62	33.97	422.73001	406	16.73001	0.9	1.959738361
20	6	2018	246.27664	24.42995	19.38	33.751	397.85001	410.79	-12.93999	2.5	-3.032277693
15	3	2016	239.76289	24.4323	19.262	33.9706	386.13	396.19	-10.06	2.8	-2.376950872
15	3	2016	239.76511	24.4399	19.2492	33.9685	385.92999	396.32999	-10.4	3	-2.459788625
15	3	2016	239.7673	24.4475	19.2393	33.9667	385.95001	396.20999	-10.25998	2.225	-2.428585558
30	10	2018	242.8338	24.44908	28.63	33.968	423.38	406	17.38	0.5	2.034426022
15	3	2016	239.76961	24.455	19.235	33.9657	386.06	396.35001	-10.29001	0.125	-2.4365307
10	9	2015	247.13786	24.45878	26.46	33.954	457.70999	382.13	75.57999	4.175	10.35985849
20	6	2018	246.23494	24.46207	19.41	33.755	397.89999	410.79	-12.89001	2.05	-3.013391434
15	3	2016	239.7719	24.4626	19.2231	33.9647	385.92999	396.26999	-10.34	2.2	-2.450676416
30	10	2018	242.78583	24.46965	28.64	33.962	421.85999	406	15.85999	0.525	1.855208646
15	3	2016	239.7742	24.4701	19.2093	33.9634	386.17999	396.06	-9.88001	4.275	-2.3442174
15	3	2016	239.7764	24.4775	19.1983	33.9608	386.01001	396.31	-10.29999	4.95	-2.446015646
15	3	2016	239.77901	24.486	19.1833	33.9568	385.79999	396.22	-10.42001	3.925	-2.477492745
30	10	2018	242.73795	24.49036	28.64	33.982	421.47	406	15.47	0.9	1.809434432
10	9	2015	247.11371	24.49108	26.47	33.967	458.67001	382.12	76.55001	5.5	10.48453849
15	3	2016	239.7813	24.4934	19.1605	33.9527	385.85001	396.32999	-10.47998	2.15	-2.496284392
20	6	2018	246.19324	24.4941	19.52	33.796	397.51999	410.79	-13.27001	1.3	-3.074942135
18	5	1996	246	24.50000	NaN	NaN	NaN	NaN	NaN	NaN	-3.58
15	3	2016	239.78371	24.5008	19.1425	33.9493	385.89999	396.20999	-10.31	3.425	-2.459325162
15	3	2016	239.786	24.5083	19.1136	33.9433	385.35001	396.35001	-11	2.625	-2.629981864
30	10	2018	242.69011	24.51251	28.63	34.014	421.23001	406	15.23001	0.975	1.782405393
15	3	2016	239.78841	24.5157	19.0553	33.9313	385.39999	396.38	-10.98001	3.95	-2.637465116
10	9	2015	247.08958	24.52215	26.42	33.975	459.07999	382.32999	76.75	3.475	10.55013391
15	3	2016	239.7907	24.5232	19.0336	33.9212	385.51001	396.31	-10.79999	3.55	-2.59879831
20	6	2018	246.1514	24.5263	19.29	33.801	397.14999	410.79	-13.64001	0.825	-3.218283437
15	3	2016	239.79269	24.5305	19.0271	33.9189	385.75	396.41	-10.66	2.425	-2.56645829
30	10	2018	242.64261	24.53463	28.63	33.954	420.32001	406	14.32001	2.35	1.676337937
15	3	2016	239.7948	24.5381	19.0162	33.9169	385.57001	396.26999	-10.69998	1.975	-2.578328246
15	3	2016	239.79691	24.5456	19.0043	33.9136	385.31	396.5	-11.19	1.625	-2.698985832
15	3	2016	239.7991	24.5532	18.9805	33.9115	385.5	396.29001	-10.79001	0.45	-2.607437746
10	9	2015	247.06567	24.55338	26.44	33.99	459.91	382.17001	77.73999	2.35	10.66986813
30	10	2018	242.59538	24.5568	28.66	33.957	420.45001	406	14.45001	1.825	1.68787562
20	6	2018	246.10934	24.55869	19.19	33.756	398.38	410.79	-12.41	1.325	-2.951858367
15	3	2016	239.80119	24.5607	18.9674	33.9072	385.56	396.39001	-10.83001	1.8	-2.619869778
17	3	1993	244.76401	24.564	18.75	33.687	356.45001	358.47	-2.01999	4.13	-0.497656444
15	3	2016	239.80341	24.5683	18.9543	33.9	385.84	396.41	-10.57	1.2	-2.559708919
15	3	2016	239.80569	24.5758	18.9276	33.8926	385.42001	396.38	-10.95999	2.65	-2.659857702
30	10	2018	242.54808	24.57877	28.64	33.992	421.32999	406	15.32999	2.275	1.792981264
15	3	2016	239.80811	24.5832	18.8791	33.8741	385.81	396.35999	-10.54999	0.5	-2.570429238
10	9	2015	247.04324	24.58451	26.51	34.017	460.92001	382.04999	78.87002	4.125	10.76833102
15	3	2016	239.81039	24.5905	18.7904	33.8471	385.78	396.48001	-10.70001	0.35	-2.625703661
20	6	2018	246.06755	24.59125	19.21	33.797	399.06	410.79	-11.73	0.925	-2.78518068
15	3	2016	239.8129	24.598	18.7752	33.8376	386.13	396.60999	-10.47999	1.925	-2.574929408
30	10	2018	242.50085	24.60072	28.67	34.084	419.67001	406	13.67001	2.325	1.59474353
15	3	2016	239.8154	24.6055	18.8022	33.8477	386.12	396.39999	-10.27999	2.5	-2.520267568
15	3	2016	239.8179	24.6129	18.9119	33.8851	385.57001	396.39001	-10.82	2.625	-2.629241677
15	3	2016	239.8204	24.6203	19.0177	33.9174	385.51001	396.29999	-10.78998	1.825	-2.5997008
30	10	2018	242.4536	24.62242	28.66	34.1	417.64001	406	11.64001	0.075	1.358810551
20	6	2018	246.02608	24.62415	18.96	33.749	402.44	410.79	-8.35	1.475	-2.022620031
15	3	2016	239.823	24.6277	19.0771	33.9366	385.20999	396.34	-11.13001	0.9	-2.668829899
15	3	2016	239.8255	24.6351	19.0596	33.9327	384.84	396.29999	-11.45999	0.475	-2.751806198
15	3	2016	239.8278	24.6425	19.0482	33.9283	384.94	396.39999	-11.45999	3.225	-2.754342585
30	10	2018	242.4068	24.64404	28.68	34.107	416.70001	406	10.70001	3.575	1.247239754
15	3	2016	239.83009	24.6499	19.0392	33.9265	385.17001	396.29999	-11.12998	0.2	-2.676952176
20	6	2018	245.98468	24.6569	18.95	33.701	401.20001	410.79	-9.58999	1.775	-2.325345708
15	3	2016	239.83211	24.6574	19.041	33.927	384.89999	396.37	-11.47001	1.025	-2.758336425
30	10	2018	242.36035	24.66577	28.72	34.145	414.34	406	8.34	1.125	0.969187407
15	3	2016	239.8344	24.666	19.0312	33.9258	384.91	396.32999	-11.41999	1.6	-2.748450609
15	3	2016	239.8363	24.6736	19.0203	33.9231	384.84	396.44	-11.6	2.6	-2.794215143
15	3	2016	239.8382	24.681	19.0111	33.9203	385.10001	396.39999	-11.29998	1.675	-2.723962126
30	10	2018	242.31352	24.68741	28.71	34.157	415.25	406	9.25	2.225	1.07565831
15	3	2016	239.8405	24.6885	19.0139	33.9211	384.63	396.51999	-11.88999	3.925	-2.86554427
20	6	2018	245.94339	24.68898	19.01	33.722	401.07999	410.79	-9.71001	2.025	-2.343069911
15	3	2016	239.8429	24.6958	19.0266	33.9239	385.14999	396.35001	-11.20002	3.125	-2.696514563
15	3	2016	239.8452	24.7031	19.027	33.9253	384.88	396.45999	-11.57999	0.425	-2.787889602
30	10	2018	242.26627	24.70857	28.77	34.153	415.26999	406	9.26999	1.1	1.073346853
15	3	2016	239.8476	24.7102	19.026	33.9258	384.60001	396.42001	-11.82	0.775	-2.845890386
15	3	2016	239.8501	24.7174	19.0368	33.9301	384.67999	396.29001	-11.61002	3.3	-2.792892502
20	6	2018	245.90219	24.72069	18.79	33.731	400.76999	410.79	-10.02001	3.625	-2.460257915
15	3	2016	239.8524	24.7247	19.0613	33.9361	385.01999	396.35999	-11.34	2.9	-2.722584742
30	10	2018	242.21811	24.72903	28.8	34.15	415.48999	406	9.48999	0.625	1.096460123
15	3	2016	239.8548	24.732	19.0786	33.9418	384.76999	396.38	-11.61001	1.775	-2.783529867
15	3	2016	239.8571	24.7393	19.0916	33.945	384.70999	396.51999	-11.81	0.05	-2.828530222
15	3	2016	239.8595	24.7465	18.8672	33.8784	385.01999	396.51001	-11.49002	1.25	-2.802043984
30	10	2018	242.16963	24.74955	28.78	34.137	416.34	406	10.34	0.05	1.196459594
20	6	2018	245.8607	24.75262	18.78	33.739	403.53	410.79	-7.26	1.85	-1.783927456
15	3	2016	239.8616	24.7539	18.8109	33.8624	385.10001	396.60001	-11.5	2.025	-2.817229487
17	3	1993	244.689	24.754	18.282	33.473	356.14999	358.47	-2.32001	3.50999	-0.593869027
24	5	2018	245.23936	24.75544	18.21	33.74	399.88	411.24	-11.36	2.725	-2.920993911
15	3	2016	239.86369	24.7612	18.7701	33.8464	385.73001	396.76001	-11.03	1.925	-2.711050909
15	3	2016	239.86571	24.7686	18.725	33.8361	385.42001	396.78	-11.35999	0.35	-2.802304237
30	10	2018	242.12074	24.77034	28.69	34.078	416.98999	406	10.98999	1.7	1.28027657
15	3	2016	239.8678	24.7761	18.7093	33.8291	385.53	396.79001	-11.26001	1.35	-2.781196462
10	9	2015	246.90111	24.77628	26.71	34.069	461.70999	382.29999	79.41	3.975	10.68210687
20	6	2018	245.81924	24.78493	18.76	33.742	400.09	410.79	-10.7	3.9	-2.633341729
24	5	2018	245.1985	24.78994	18.12	33.704	400.67001	411.24	-10.56999	2.975	-2.737967968
30	10	2018	242.07204	24.79144	28.79	34.059	418.54999	406	12.54999	0.575	1.451620372
10	9	2015	246.87741	24.80939	26.57	34.042	462.10999	382.54999	79.56	4.725	10.81373992
30	10	2018	242.02388	24.81353	28.78	34.043	422.01001	406	16.01001	0.475	1.853293532
20	6	2018	245.77808	24.8173	18.76	33.726	400.41	410.79	-10.38	5.475	-2.554779903
24	5	2018	245.15764	24.82383	17.9	33.697	398.85001	411.24	-12.38999	3.85	-3.266643515
30	10	2018	241.97627	24.83599	28.84	34.059	422.73001	406	16.73001	0.325	1.928148922
15	3	2016	239.888	24.8416	18.6806	33.8234	385.39999	396.79001	-11.39002	1.525	-2.819802968
10	9	2015	246.85426	24.8426	26.37	34.022	461.98001	382.60999	79.37002	5.5	10.94807179
15	3	2016	239.88969	24.8469	18.6663	33.8187	385.87	396.84	-10.97	2.95	-2.718966191
20	6	2018	245.73701	24.84987	18.67	33.717	401.17999	410.79	-9.61001	4.525	-2.382326768
15	3	2016	239.8911	24.8512	18.6523	33.8161	385.59	396.75	-11.16	3.2	-2.769170735
15	3	2016	239.8924	24.8555	18.6578	33.816	385.48001	396.79001	-11.31	2.95	-2.805166024
24	5	2018	245.11618	24.85669	17.82	33.692	398.26001	411.24	-12.97999	2.975	-3.444355818
30	10	2018	241.92892	24.85841	28.78	34.115	421.35999	406	15.35999	0.15	1.777499199
15	3	2016	239.89371	24.8597	18.659	33.8177	385.48999	396.79999	-11.31	3.3	-2.804876149
15	3	2016	239.8983	24.8739	18.6707	33.8193	385.48999	396.79001	-11.30002	2.65	-2.799776551
10	9	2015	246.83047	24.87611	26.27	34.01	461.92001	382.66	79.26001	2.625	11.01393442
30	10	2018	241.8813	24.88058	28.81	34.135	420.10001	406	14.10001	0.925	1.628026153
15	3	2016	239.9005	24.8813	18.673	33.8205	385.70999	396.82999	-11.12	2.825	-2.754654595
20	6	2018	245.69633	24.8823	18.68	33.7	401.32999	410.79	-9.46001	3.775	-2.343467184
15	3	2016	239.9028	24.8886	18.6877	33.8213	385.79999	396.67001	-10.87002	3.8	-2.68957729
24	5	2018	245.07613	24.88906	17.81	33.716	397.16	411.24	-14.08	1.175	-3.738834273
15	3	2016	239.90511	24.8959	18.6954	33.8231	385.60999	396.66	-11.05001	3.725	-2.732417927
30	10	2018	241.83372	24.90241	28.81	34.137	419.78	406	13.78	0.825	1.591063268
15	3	2016	239.9073	24.9032	18.7077	33.8238	386.01001	396.73999	-10.72998	4.45	-2.650683074
10	9	2015	246.80699	24.90892	26.03	33.986	462.95999	382.89001	80.06998	2.75	11.32545313
15	3	2016	239.9095	24.9105	18.709	33.8249	386.10999	396.70001	-10.59002	4.425	-2.61582449
20	6	2018	245.65488	24.91385	18.76	33.693	401.57001	410.79	-9.21999	3.325	-2.269624543
15	3	2016	239.9117	24.9179	18.709	33.8267	385.88	396.78	-10.9	4.525	-2.692369361
12	6	2007	244.95	24.92	17.8	33.735	388.382843	386.1	2.282843018	3.81	0.606624369
12	6	2007	244.95	24.92	17.8	33.735	386.4587708	386.1	0.358770752	3.41	0.095336858
12	6	2007	244.95	24.92	17.8	33.735	386.2291565	386.1	0.129156494	2.36	0.034321009
12	6	2007	244.95	24.92	17.6	33.735	386.1843872	386.1	0.084387207	4.73	0.022788637
12	6	2007	244.95	24.92	17.8	33.745	384.8441467	386.1	-1.255853271	4.31	-0.333704546
24	5	2018	245.03714	24.92229	18.09	33.784	396	411.24	-15.24	1	-3.955650276
30	10	2018	241.786	24.92403	28.78	34.144	419	406	13	1.95	1.504207709
15	3	2016	239.912	24.9253	18.71	33.8302	385.42999	396.82999	-11.4	5.075	-2.815602616
15	3	2016	239.914	24.9324	18.7237	33.8346	385.72	396.76001	-11.04001	4.325	-2.723671204
15	3	2016	239.9173	24.9394	18.7329	33.8401	385.42001	396.79001	-11.37	4.7	-2.802962718
10	9	2015	246.78308	24.94146	26.1	33.956	467.51999	382.73999	84.78	5.325	11.931737
20	6	2018	245.6131	24.94467	19.04	33.67	400.67001	410.79	-10.11999	2.775	-2.436810986
17	3	1993	244.614	24.945	17.615	33.316	353.66	358.47	-4.81	5.21001	-1.299944744
30	10	2018	241.73839	24.94547	28.72	34.156	420.14001	406	14.14001	1.975	1.643126212
15	3	2016	239.92039	24.9465	18.7485	33.8437	385.37	396.81	-11.44	3.25	-2.81668255
15	3	2016	239.92261	24.9539	18.7411	33.8435	385.14999	396.84	-11.69001	3.275	-2.879931648
24	5	2018	244.99811	24.95596	18.27	33.814	395.92999	411.24	-15.31001	0.25	-3.916456078
15	3	2016	239.9248	24.9614	18.7342	33.8419	384.98999	396.73999	-11.75	3.275	-2.896317965
30	10	2018	241.69078	24.96674	28.7	34.152	419.23999	406	13.23999	1.925	1.540787924
15	3	2016	239.927	24.9687	18.7232	33.8383	385.29999	396.85001	-11.55002	2.25	-2.849558792
10	9	2015	246.75856	24.97393	26.18	33.962	468.82001	382.67001	86.15	3.475	12.05322594
15	3	2016	239.92931	24.9761	18.7211	33.8372	385.51001	396.79999	-11.28998	3.375	-2.785881873
20	6	2018	245.57114	24.97653	19.22	33.69	401.31	410.79	-9.48	1.75	-2.250293628
15	3	2016	239.93159	24.9835	18.724	33.8379	385.22	396.82999	-11.60999	3.675	-2.864177784
30	10	2018	241.64278	24.98733	28.76	34.153	418.82999	406	12.82999	2.1	1.486621095
24	5	2018	244.95886	24.9894	18.47	33.854	397.26001	411.24	-13.97999	0.9	-3.518953137
15	3	2016	239.93401	24.9908	18.7279	33.841	385.17001	396.79001	-11.62	5.5	-2.865718219
15	3	2016	239.9364	24.9983	18.7319	33.843	384.84	396.75	-11.91	1.525	-2.936277911
10	10	2002	245.81799	25.005	23.59	33.77	413.72	370.55	43.17	4.82001	7.324757437
15	3	2016	239.9388	25.0056	18.731	33.8446	384.92999	396.76001	-11.83002	3.05	-2.9167461
10	9	2015	246.73421	25.00672	26.34	34.025	468.09	382.60999	85.48001	1.1	11.81666775
30	10	2018	241.59479	25.00812	28.76	34.153	418.82001	406	12.82001	0.625	1.485464704
20	6	2018	245.52902	25.00938	19.18	33.701	401.63	410.79	-9.16	2.225	-2.181090773
10	10	2002	245.814	25.01	23.71	33.77	414.07001	370.55	43.52001	4.19	7.318062695
15	3	2016	239.9411	25.0129	18.7369	33.8458	385.16	396.82999	-11.66999	4.8	-2.875926803
15	3	2016	239.9438	25.0213	18.7477	33.8487	384.88	396.82999	-11.94999	4.175	-2.942366519
24	5	2018	244.92091	25.02435	18.99	33.937	397.64999	411.24	-13.59001	0.925	-3.281206768
15	3	2016	239.946	25.0287	18.7646	33.8525	384.76999	396.78	-12.01001	2.4	-2.953129822
30	10	2018	241.54724	25.02941	28.8	34.153	420.47	406	14.47	0.225	1.671821978
22	10	2002	245.082	25.034	24.08	33.94	408.04999	370.55	37.49999	4.82001	6.12908116
15	3	2016	239.9482	25.0361	18.7776	33.8559	384.91	396.85001	-11.94001	2.55	-2.932844867
10	9	2015	246.70981	25.04	26.72	34.122	469.51999	382.23999	87.28	3.025	11.72946014
10	10	2002	245.791	25.04	23.88	33.82	416.42001	370.55	45.87001	3.02	7.61403178
20	6	2018	245.48691	25.04229	19.11	33.702	401.92999	410.79	-8.86001	3.9	-2.121335815
15	3	2016	239.95039	25.0436	18.778	33.858	384.5	396.89001	-12.39001	4.45	-3.043252515
10	10	2002	245.787	25.046	23.84	33.82	417.04999	370.55	46.49999	0.95	7.741721587
22	10	2002	245.07401	25.05	24.1	33.95	408.13	370.55	37.58	4.19	6.132723928
30	10	2018	241.49983	25.05056	28.78	34.145	419.54999	406	13.54999	0.925	1.567839384
10	10	2002	245.78299	25.051	23.8	33.81	417.56	370.55	47.01	0.46001	7.850436908
15	3	2016	239.95261	25.0511	18.7917	33.8606	384.85999	396.76001	-11.90002	2.225	-2.91969085
10	10	2002	245.78101	25.054	23.84	33.82	417.45999	370.55	46.90999	0.34999	7.809981943
15	3	2016	239.9548	25.0587	18.8008	33.8611	384.67999	396.85999	-12.18	2.525	-2.986221932
10	10	2002	245.77701	25.06	23.85	33.8	418.64001	370.55	48.09001	1.72	8.001178276
22	10	2002	245.067	25.064	24.11	33.95	408.07001	370.55	37.52001	3.02	6.118368094
16	3	2016	239.957	25.0662	18.8069	33.8602	385.04001	396.89999	-11.85998	3.625	-2.906367665
10	10	2002	245.769	25.07	23.82	33.81	418.23999	370.55	47.68999	2.07001	7.952086447
30	10	2018	241.45238	25.07175	28.77	34.152	420.17001	406	14.17001	5.775	1.64071384
10	9	2015	246.6853	25.07258	26.86	34.224	470.73999	382.17001	88.56998	3.85	11.77640438
16	3	2016	239.95959	25.0738	18.8007	33.8602	385.17999	396.76999	-11.59	2.925	-2.841603705
20	6	2018	245.44464	25.07492	19.11	33.695	402.19	410.79	-8.6	1.95	-2.059149734
10	10	2002	245.765	25.076	23.82	33.81	417.60999	370.55	47.05999	2.42	7.847036845
10	10	2002	245.761	25.081	23.81	33.82	417.69	370.55	47.14	2.5	7.865905114
16	3	2003	239.96201	25.0814	18.7902	33.8593	385.35001	396.64999	-11.29998	5.525	-2.772816728
10	10	2002	245.757	25.086	23.74	33.84	417.98999	370.55	47.43999	2.3	7.956814636
16	3	2016	239.9644	25.0889	18.7871	33.8595	384.73999	396.82999	-12.09	3.275	-2.967400357
10	10	2002	245.755	25.089	23.72	33.83	419.13	370.55	48.58	1.25	8.160597033
12	6	2007	245.27	25.09	17.9	33.725	411.1	386.1	24.95004883	3.36	6.577253734
12	6	2007	245.27	25.09	18.1	33.745	394.5899963	386.1	8.489996338	3.65001	2.202280664
12	6	2007	245.27	25.09	18.1	33.735	392.7	386.1	6.611975098	3.90001	1.715208457
12	6	2003	245.27	25.09	18.1	33.735	390.4	386.1	4.343115234	4.90001	1.126644893
12	6	2007	245.27	25.09	17.8	33.725	385.0211182	386.1	-1.078881836	3.41	-0.286706982
7	5	2016	245.26961	25.0901	19.8593	33.9988	401.54001	397.23999	4.30002	2.8	0.9693554
7	5	2016	245.2706	25.0902	19.7816	33.9899	401.23001	397.17999	4.05002	4.325	0.918599338
8	5	2016	245.27029	25.0903	19.7331	33.9894	400.13	397.26001	2.86999	3.05	0.65342928
8	5	2016	245.2708	25.0905	19.7211	33.9931	400.16	397.22	2.94	4.4	0.669986433
7	5	2016	245.26871	25.0907	19.8115	33.9921	400.70001	397.34	3.36001	3.6	0.760307844
8	5	2016	245.2733	25.0917	19.721	33.9921	400.03	397.29001	2.73999	3.025	0.62441465
7	5	2016	245.2677	25.093	19.742	33.9808	400.29999	397.35001	2.94998	5.05	0.671200356
30	10	2018	241.40463	25.0931	28.79	34.152	418.48001	406	12.48001	2.525	1.442950326
8	5	2016	245.27831	25.0941	19.7247	33.993	400	397.20999	2.79001	2.25	0.635626861
10	10	2002	245.75101	25.095	23.64	33.84	417.29999	370.55	46.74999	2.68001	7.900020874
16	3	2016	239.96671	25.0964	18.7909	33.8594	384.67001	396.78	-12.10999	4.925	-2.971412623
8	5	2016	245.2834	25.0967	19.7064	33.9958	399.88	397.17999	2.70001	3.7	0.615996763
7	5	2016	245.2659	25.0975	19.6888	33.9594	400.70999	397.42999	3.28	4.7	0.749478765
8	5	2016	245.2892	25.0996	19.7031	33.9928	399.79999	397.23001	2.56998	4.825	0.586490675
10	10	2002	245.746	25.1	23.57	33.83	417.92999	370.55	47.37999	1.32001	8.048955491
8	5	2016	245.29539	25.1028	19.6899	33.9925	399.92999	397.14001	2.78998	2.8	0.637355913
16	3	2016	239.9691	25.104	18.79	33.8593	384.75	396.64999	-11.89999	4.925	-2.92009496
10	9	2015	246.66127	25.10486	27.01	34.313	470.41	381.97	88.44	1.825	11.6265366
10	10	2002	245.742	25.105	23.4	33.87	414.13	370.55	43.58	3.5	7.497081097
7	5	2016	245.2627	25.1057	19.6238	33.9295	400.70001	397.45999	3.24002	4	0.744227706
8	5	2016	245.30231	25.1063	19.6684	33.9919	399.37	397.23999	2.13001	3.675	0.487410865
20	6	2018	245.40236	25.10727	18.97	33.734	401.12	410.79	-9.67	2.95	-2.34067622
10	10	2002	245.73801	25.11	23.44	33.83	412.32001	370.55	41.77001	4.85001	7.165460026
8	5	2016	245.3094	25.11	19.6911	33.9945	399.41	397.14001	2.26999	3.975	0.518513417
23	7	1998	246.47301	25.113	23.4	33.7	428.79001	367.82	60.97001	3.52	10.49676186
8	5	2016	245.3167	25.1137	19.719	33.9947	399.64001	397.16	2.48001	3.5	0.565249604
7	5	2016	245.25951	25.1141	19.4972	33.9021	400.31	397.5	2.81	4.05	0.651979518
30	10	2018	241.35732	25.11482	28.79	34.133	418.26001	406	12.26001	0.15	1.417629239
10	10	2002	245.73401	25.116	23.52	33.81	411.54999	370.55	40.99999	4.48	6.991909348
8	5	2016	245.32401	25.1172	19.7004	33.99545	399.10999	397.19	1.91999	2.95	0.438244813
8	5	2016	245.33141	25.1208	19.7083	33.9962	399.64001	397.14999	2.49002	0.55	0.56800279
10	10	2002	245.73001	25.121	23.61	33.81	410.57999	370.55	40.02999	2.35001	6.780586244
7	5	2016	245.25639	25.1225	19.4368	33.8575	400.51001	397.57001	2.94	6.325	0.685529784
10	10	2002	245.728	25.124	23.63	33.81	409.98999	370.55	39.43999	2.87	6.670643289
8	5	2016	245.3387	25.1244	19.6988	33.9938	399.19	397.12	2.07	0.3	0.472547996
22	10	2002	245.048	25.127	24.1	33.99	407.92999	370.55	37.37999	0.95	6.09898708
23	7	1998	246.46201	25.128	23.48	33.63	431.88	367.82	64.06	4.72	10.96618568
8	5	2016	245.3461	25.128	19.7139	33.9907	399.53	397.17001	2.35999	3.5	0.538119243
10	10	2002	245.72299	25.129	23.63	33.82	410.04001	370.55	39.49001	1.45	6.67880177
7	5	2016	245.2531	25.1308	19.235	33.8003	400.09	397.70999	2.38001	5.625	0.563990251
8	5	2016	245.3535	25.1316	19.688	33.9884	399.22	397.23001	1.98999	4.675	0.454678866
10	10	2002	245.71899	25.134	23.64	33.83	408.91	370.55	38.36	3.60001	6.482535813
17	3	1993	244.539	25.135	17.511	33.294	353.92999	358.47	-4.54001	6.61	-1.237453993
8	5	2016	245.3609	25.1353	19.6469	33.9839	398.98001	397.14001	1.84	4.75	0.421773459
30	10	2018	241.31091	25.13639	28.81	34.131	417.92001	406	11.92001	2	1.37634093
10	9	2015	246.63692	25.13731	27.23	34.347	469.64999	381.73999	87.91	1.475	11.37128957
20	6	2018	245.36055	25.13873	18.03	33.782	399.79001	410.79	-10.99999	0.825	-2.868913877
8	5	2016	245.36839	25.1389	19.631	33.9796	398.82999	397.17001	1.65998	3.55	0.380990553
10	10	2002	245.715	25.139	23.71	33.81	409.07999	370.55	38.52999	3.07001	6.47780167
7	5	2016	245.24969	25.1391	19.1131	33.78	399.06	397.79001	1.26999	5.6	0.30388571
23	7	1998	246.453	25.14	23.61	33.59	435.95999	367.82	68.13999	4.44	11.55354766
22	10	2002	245.04001	25.142	24.05	33.99	407.16	370.55	36.61	0.46001	5.995681652
8	5	2016	245.37579	25.1427	19.6281	33.9767	398.42001	397.19	1.23001	2.225	0.282373932
10	10	2002	245.711	25.144	23.76	33.81	410.73001	370.55	40.18001	2.3	6.729974204
8	5	2016	245.3833	25.1465	19.6065	33.9733	398.41	397.20999	1.20001	3.3	0.275958107
7	5	2016	245.2464	25.1475	19.0844	33.7581	399.13	397.78	1.35	4.025	0.323796804
10	10	2002	245.70599	25.15	23.66	33.84	413.54001	370.55	42.99001	2.85001	7.253767171
8	5	2016	245.3907	25.1503	19.5994	33.9662	398.64001	397.14999	1.49002	0.05	0.342851922
8	5	2016	245.39819	25.1542	19.5906	33.9584	398.51001	397.17999	1.33002	0.5	0.30625854
10	10	2002	245.702	25.155	23.43	33.87	414.64999	370.55	44.09999	6.09	7.569468356
7	5	2016	245.243	25.1559	18.9932	33.7285	398.79001	397.85999	0.93002	3.65	0.224709532
22	10	2002	245.041	25.157	23.99	34	406.04001	370.55	35.49001	0.34999	5.838089067
10	10	2002	245.7	25.158	23.35	33.86	414.20999	370.55	43.65999	4.25	7.539439357
8	5	2016	245.4057	25.158	19.5511	33.9476	398.32999	397.17999	1.15	1.675	0.265641267
30	10	2018	241.26474	25.15827	28.85	34.145	418.51001	406	12.51001	0.6	1.44022038
8	5	2016	245.4133	25.1618	19.5237	33.9379	398.06	397.19	0.87	1.875	0.201405153
10	10	2002	245.696	25.163	23.4	33.81	411.60001	370.55	41.05001	1.73	7.063763758
7	5	2016	245.23959	25.1643	18.8675	33.6952	397.87	397.87	0	4.925	0
8	5	2016	245.4209	25.1657	19.4977	33.9308	397.98999	397.19	0.79999	2.475	0.185582419
10	10	2002	245.692	25.168	23.55	33.78	413.14999	370.55	42.59999	2.12	7.24942202
10	9	2015	246.61319	25.16881	27.35	34.337	467.37	381.76001	85.60999	3	10.97791062
8	5	2016	245.4286	25.1695	19.4599	33.9217	397.42001	397.17999	0.24002	3.825	0.055848
20	6	2018	245.31778	25.17026	17.54	33.673	399.64001	410.79	-11.14999	0.625	-3.026547904
7	5	2016	245.2363	25.1729	18.7597	33.681	397.35999	397.98001	-0.62002	5.6	-0.152638513
10	10	2002	245.688	25.173	23.61	33.8	414.45999	370.55	43.90999	1.79001	7.438146296
22	10	2002	245.034	25.173	23.9	34.01	405.07001	370.55	34.52001	1.72	5.71657392
8	5	2016	245.43629	25.1733	19.4049	33.9009	397.48999	397.25	0.23999	4.275	0.056088389
8	5	2016	245.444	25.1772	19.3645	33.887	396.81	397.20001	-0.39001	2.025	-0.091445792
10	10	2002	245.683	25.179	23.67	33.81	415.98999	370.55	45.43999	2.83	7.662453021
30	10	2018	241.21741	25.17987	28.77	34.032	417.14999	406	11.14999	2.875	1.291697236
8	5	2016	245.4528	25.1815	19.3458	33.8799	396.76001	397.22	-0.45999	2	-0.108016423
8	5	2016	245.4604	25.1853	19.3423	33.8775	396.73001	397.13	-0.39999	1.775	-0.093953947
8	5	2016	245.4682	25.1891	19.3373	33.8783	396.47	397.13	-0.66	3.25	-0.155088319
23	7	1998	246.41499	25.192	23.44	33.88	434.01001	367.82	66.19001	2.07001	11.35203489
8	5	2016	245.47591	25.1929	19.3473	33.882	396.48999	397.20999	-0.72	2.175	-0.169051241
8	5	2016	245.48351	25.1967	19.3212	33.8756	396.72	397.19	-0.47	2.7	-0.110583118
10	9	2015	246.59009	25.19984	27.56	34.415	461.31	381.48999	79.82001	2.375	10.07687055
8	5	2016	245.4912	25.2005	19.3059	33.8709	396.41	397.20999	-0.79999	2.875	-0.188455229
30	10	2018	241.16953	25.20061	28.81	33.962	416.92999	406	10.92999	3.3	1.26294341
23	7	1998	246.40601	25.204	23.47	33.94	428.12	367.82	60.3	1.77	10.3158025
8	5	2016	245.4989	25.2043	19.3264	33.878	396.17999	397.26001	-1.08002	3.175	-0.254003751
8	5	2016	245.50661	25.2081	19.387	33.8885	396.51001	397.19	-0.67999	1.1	-0.159154476
8	5	2016	245.51421	25.2119	19.3975	33.8947	396.48999	397.19	-0.70001	0.825	-0.163700259
8	5	2016	245.5219	25.2156	19.3655	33.8896	396.45999	397.22	-0.76001	3.075	-0.178183645
23	7	1998	246.395	25.219	23.59	34.06	423.29999	367.82	55.47999	1.64999	9.401099106
8	5	2016	245.5294	25.2194	19.289	33.8724	396.22	397.23001	-1.01001	1.325	-0.238245212
30	10	2018	241.12187	25.22106	28.79	34.001	418.20999	406	12.20999	3.35	1.412644936
8	5	2016	245.537	25.2231	19.2867	33.8703	395.48001	397.20999	-1.72998	2.05	-0.408152562
8	5	2016	245.5446	25.2269	19.3404	33.8786	395.48999	397.17999	-1.69	3.625	-0.397022661
8	5	2016	245.55231	25.2307	19.3829	33.8878	395.47	397.13	-1.66	2.6	-0.388656451
10	9	2015	246.56696	25.23123	27.78	34.523	458.20999	381.19	77.01999	2.125	9.564764636
23	7	1998	246.386	25.232	23.76	34.1	419.98999	367.82	52.16999	1.24001	8.726820775
8	5	2016	245.55991	25.2345	19.4055	33.8926	396.17001	397.14001	-0.97	1.775	-0.226698132
8	5	2016	245.5675	25.2382	19.3265	33.8818	395.79999	397.25	-1.45001	1.9	-0.341010837
22	10	2002	245.006	25.241	23.97	33.95	405.31	370.55	34.76	2.07001	5.727838626
30	10	2018	241.0744	25.24156	28.78	34.041	419.07001	406	13.07001	1.475	1.512976744
8	5	2016	245.5751	25.242	19.2895	33.8668	395.62	397.22	-1.6	3.3	-0.377409463
8	5	2016	245.5811	25.245	19.2786	33.8604	395.48001	397.28	-1.79999	2.425	-0.424960667
8	5	2016	245.5849	25.2469	19.2575	33.8566	395.26999	397.29001	-2.02002	3.725	-0.477709518
8	5	2016	245.5876	25.2482	19.2505	33.8562	395.29999	397.29999	-2	3.4	-0.473236852
8	5	2016	245.5894	25.2486	19.2714	33.8626	394.87	397.26001	-2.39001	2.225	-0.564573094
8	5	2016	245.5903	25.2489	19.3095	33.8664	395.51999	397.17999	-1.66	1.45	-0.39094691
8	5	2016	245.59109	25.2491	19.3231	33.8705	395.85001	397.17001	-1.32	1.2	-0.310534837
8	5	2016	245.58971	25.2493	19.1948	33.8463	395.26001	397.54001	-2.28	2.275	-0.541888954
8	5	2016	245.59171	25.2494	19.3258	33.8731	395.94	397.16	-1.22	0.075	-0.286944986
8	5	2016	245.5898	25.2494	19.1863	33.8451	395.22	397.45999	-2.23999	3.075	-0.53273972
8	5	2016	245.5898	25.2494	19.1919	33.8475	394.87	397.5	-2.63	4.5	-0.625213101
8	5	2016	245.59	25.2495	19.1846	33.8449	395.39001	397.37	-1.97999	2.575	-0.470967162
8	5	2016	245.5905	25.2495	19.2196	33.8562	395.14999	397.31	-2.16001	3.1	-0.512344308
8	5	2016	245.59039	25.2495	19.2087	33.8539	395.10001	397.32001	-2.22	1.2	-0.527032
8	5	2016	245.5899	25.2495	19.1799	33.8433	395.04999	397.41	-2.36001	4.5	-0.561572346
8	5	2016	245.5899	25.2495	19.189	33.8466	394.76999	397.48999	-2.72	3.7	-0.646758844
8	5	2016	245.59061	25.2496	19.2605	33.8646	395.29001	397.29999	-2.00998	1.85	-0.475205034
8	5	2016	245.5899	25.2496	19.1891	33.8473	394.73999	397.51001	-2.77002	3.1	-0.658645193
8	5	2016	245.59	25.2496	19.1951	33.848	394.53	397.51001	-2.98001	0.95	-0.708238347
8	5	2016	245.5916	25.2497	19.3146	33.8734	396.41	397.20999	-0.79999	4.35	-0.188323989
8	5	2016	245.59	25.2497	19.1958	33.8484	394.60999	397.48001	-2.87002	1.875	-0.682058857
8	5	2016	245.5916	25.2498	19.3391	33.8767	396.45999	397.20999	-0.75	2.1	-0.176213083
8	5	2016	245.5918	25.2498	19.3093	33.8715	396.26999	397.23001	-0.96002	3.875	-0.226092648
8	5	2016	245.59129	25.2498	19.1822	33.8444	395.69	397.57001	-1.88001	2.825	-0.447271277
8	5	2016	245.5901	25.2498	19.1929	33.8487	394.73999	397.45001	-2.71002	2.325	-0.64418132
8	5	2016	245.5903	25.2498	19.2043	33.8522	394.70999	397.41	-2.70001	0.175	-0.641214745
8	5	2016	245.5916	25.2499	19.2494	33.8643	395.85001	397.25	-1.39999	2.375	-0.331279565
8	5	2016	245.59019	25.2499	19.2019	33.851	394.78	397.42999	-2.64999	1.125	-0.629458331
12	6	2007	245.59	25.25	18.6	33.785	399.5	386.1	13.40991821	2.66	3.341801527
8	5	2016	245.59171	25.25	19.3157	33.8726	396.20001	397.17999	-0.97998	1.7	-0.23067595
8	5	2016	245.5916	25.25	19.3263	33.875	396.17999	397.19	-1.01001	1.825	-0.237543706
12	6	2007	245.59	25.25	18	33.755	388.9	386.1	2.834356689	3.13	0.741105441
8	5	2016	245.5932	25.2505	19.1783	33.844	395.59	397.51999	-1.92999	2.825	-0.459304085
8	5	2016	245.595	25.2522	19.1789	33.8449	395.62	397.48001	-1.86001	1.675	-0.442627246
8	5	2016	245.5988	25.2546	19.1753	33.846	395.62	397.62	-2	2.675	-0.476073418
8	5	2016	245.604	25.2573	19.2203	33.8522	395.73999	397.45001	-1.71002	3.55	-0.405594003
22	10	2002	245.009	25.258	23.92	33.94	405.32001	370.55	34.77001	2.42	5.751188216
8	5	2016	245.61	25.2606	19.2295	33.858	396.06	397.5	-1.44	3.55	-0.341291987
30	10	2018	241.02707	25.26308	28.77	33.981	418.92999	406	12.92999	5.825	1.498233341
8	5	2016	245.6163	25.264	19.2143	33.8587	396.26999	397.53	-1.26001	3	-0.298989888
10	9	2015	246.54276	25.26458	28	34.521	460.45999	381.01999	79.44	3.225	9.709230021
8	5	2016	245.6227	25.2673	19.1625	33.8477	396.34	397.53	-1.19	1.625	-0.283547572
8	5	2016	245.629	25.2707	19.1125	33.8326	396.10001	397.60001	-1.5	2.15	-0.358851379
22	10	2002	245	25.273	23.9	33.91	405.92999	370.55	35.37999	2.5	5.861627895
8	5	2016	245.6353	25.274	19.0859	33.8236	396.28	397.47	-1.19	4.2	-0.285299362
8	5	2016	245.6416	25.2773	19.071	33.8176	396.04001	397.5	-1.45999	2.75	-0.35045078
8	5	2016	245.6479	25.2807	19.0672	33.8147	395.98001	397.51999	-1.53998	2.95	-0.3697673
23	7	1998	246.34801	25.284	23.43	34.14	414.78	367.82	46.96	4.49001	8.050530455
8	5	2016	245.65421	25.284	19.0374	33.8122	395.81	397.47	-1.66	5.15	-0.399529769
7	5	2016	245.1925	25.2852	19.0728	33.7687	396.92001	397.92001	-1	3.675	-0.240057391
30	10	2018	240.97935	25.28522	28.8	33.971	418.79999	406	12.79999	5.9	1.480028562
24	5	2018	244.6048	25.28601	19.19	33.986	396.66	411.24	-14.58	3.35	-3.464278949
8	5	2016	245.66051	25.2873	19.0406	33.8086	396.17999	397.45001	-1.27002	4.425	-0.305597033
8	5	2016	245.66679	25.2907	19.0391	33.8055	396.09	397.39001	-1.30001	4.2	-0.312854975
7	5	2016	245.1893	25.2937	19.0738	33.7752	396.10999	397.97	-1.86001	2.925	-0.446460259
8	5	2016	245.6731	25.294	19.0251	33.7993	396.14001	397.51999	-1.37998	4.975	-0.332477554
23	7	1998	246.34	25.296	23.58	34.12	414.95999	367.82	47.13999	5.47	7.991706045
10	9	2015	246.51981	25.29661	28.04	34.526	459.59	381	78.59	1.05	9.577336119
8	5	2016	245.6795	25.2973	18.9529	33.7856	395.60999	397.64001	-2.03002	1.725	-0.491923337
8	5	2016	245.6857	25.3007	18.9075	33.7732	395.76001	397.62	-1.85999	1.775	-0.452369715
7	5	2016	245.1859	25.3021	19.1175	33.7695	396.79001	397.95999	-1.16998	2.475	-0.279871684
8	5	2016	245.6929	25.3045	18.8879	33.7637	395.73001	397.45999	-1.72998	3.325	-0.421422183
8	5	2016	245.6992	25.3078	18.7403	33.7299	395.22	397.69	-2.47	1.85	-0.60886917
19	10	1998	242.504	25.31	22.04	34.24	394.44	364.4	30.04	1.39	5.717628786
7	5	2016	245.1825	25.3105	19.0704	33.7652	396.64999	398	-1.35001	3.1	-0.324146647
23	7	1998	246.328	25.311	23.82	34.11	417.75	367.82	49.93	5.46001	8.314346273
8	5	2016	245.7054	25.3114	18.6616	33.7037	395.12	397.53	-2.41	1.275	-0.597876582
8	5	2016	245.7117	25.3148	18.6073	33.6862	394.92001	397.64999	-2.72998	1.975	-0.680242932
8	5	2016	245.718	25.3182	18.5845	33.675	395.04999	397.57999	-2.53	3.05	-0.631590277
7	5	2016	245.179	25.3189	19.0744	33.7628	397.5	398.01999	-0.51999	3.3	-0.124815124
24	5	2018	244.56532	25.31915	19.46	34.001	399.76001	411.24	-11.47999	4.3	-2.670159101
8	5	2016	245.7244	25.3214	18.5738	33.6702	394.82999	397.63	-2.80001	2.225	-0.699606678
23	7	1998	246.319	25.323	23.78	34.11	420.32999	367.82	52.50999	4.14	8.770165901
8	5	2016	245.7308	25.3245	18.5535	33.6738	393.79999	397.70001	-3.90002	5.175	-0.976012191
19	10	1998	242.498	25.325	22.29	34.3	391.17001	364.4	26.77001	0.69	4.997960983
17	3	1993	244.464	25.325	17.593	33.391	355.37	358.47	-3.1	5.15001	-0.83899218
10	9	2015	246.49724	25.32698	28.1	34.56	453.54999	380.92001	72.62998	1.375	8.811343211
7	5	2016	245.1756	25.3273	19.0509	33.7521	396.89001	398.03	-1.13999	1.35	-0.274158266
8	5	2016	245.7372	25.3276	18.5706	33.6779	394.17999	397.66	-3.48001	2.25	-0.869700366
30	10	2018	240.88403	25.32769	28.75	33.956	416.98001	406	10.98001	1.2	1.274256875
8	5	2016	245.74361	25.3309	18.5729	33.68	394.44	397.66	-3.22	1.7	-0.804565256
8	5	2016	245.75011	25.3341	18.5861	33.6831	394.66	397.62	-2.96	2.15	-0.738813437
7	5	2016	245.1723	25.3358	18.9859	33.7296	397.95999	398.10001	-0.14002	2.2	-0.033850708
8	5	2016	245.75639	25.3376	18.6065	33.6897	394.48999	397.48999	-3	0.5	-0.747560407
22	10	2002	244.98199	25.339	23.9	33.89	406.98001	370.55	36.43001	2.3	6.036135158
19	10	1998	242.491	25.341	21.97	34.18	389.78	364.4	25.38	0.95	4.857824309
8	5	2016	245.7626	25.3412	18.6348	33.6964	394.69	397.57999	-2.88999	0.725	-0.718506407
7	5	2016	245.1689	25.3444	18.9081	33.6979	397.70001	398.17001	-0.47	2.9	-0.114344119
8	5	2016	245.76891	25.3448	18.6221	33.6997	394.26999	397.57001	-3.30002	0.2	-0.821263518
30	10	2018	240.83597	25.34793	28.75	33.95	416.31	406	10.31	0.1	1.196531389
8	5	2016	245.77521	25.3483	18.6778	33.703	394.56	397.5	-2.94	2.575	-0.728424202
7	5	2016	245.1656	25.3528	18.8556	33.6679	398.45001	398.16	0.29001	5.7	0.070859165
24	5	2018	244.5262	25.35288	19.65	34.019	400.42001	411.24	-10.81999	3.2	-2.479199969
22	10	2002	244.97501	25.355	23.84	33.87	406.48001	370.55	35.93001	1.25	5.980591771
10	9	2015	246.47415	25.35739	28.09	34.577	449.35999	380.85999	68.5	3.475	8.315710763
7	5	2016	245.16209	25.3613	18.7862	33.6525	397.69	398.22	-0.53	3.6	-0.130220573
30	10	2018	240.78819	25.3692	28.71	33.921	416.04001	406	10.04001	3.925	1.168709887
7	5	2016	245.1586	25.3698	18.731	33.6476	397.19	398.28	-1.09	5.375	-0.268993806
23	7	1998	246.27699	25.373	23.78	34.09	422.12	367.82	54.3	1.28999	9.06994956
22	10	2002	244.979	25.373	23.79	33.84	406.70001	370.55	36.15001	2.68001	6.040573201
7	5	2016	245.1552	25.3782	18.75	33.6443	397.67999	398.29001	-0.61002	3.125	-0.150318262
23	7	1998	246.26801	25.385	23.74	34.07	422.64999	367.82	54.82999	0.62	9.186756574
22	10	2002	244.97101	25.386	23.79	33.82	406.82001	370.55	36.27001	1.32001	6.061171474
7	5	2016	245.1521	25.3867	18.8004	33.6491	396.73001	398.23999	-1.50998	2.375	-0.370589254
24	5	2018	244.48692	25.38683	19.71	34.032	400.07999	411.24	-11.16001	1.775	-2.544964913
10	9	2015	246.45158	25.38768	28.1	34.588	447.53	380.82999	66.70001	1.975	8.09095061
30	10	2018	240.7411	25.39191	28.67	33.936	416.13	406	10.13	2.875	1.182517275
8	5	2016	245.8605	25.3937	18.5883	33.6943	394.20001	397.59	-3.38999	1.8	-0.845945893
7	5	2016	245.1488	25.3952	18.8209	33.6589	396.98999	398.22	-1.23001	2.05	-0.30137304
8	5	2016	245.867	25.3972	18.6059	33.7028	394.37	397.59	-3.22	2.725	-0.802370268
19	10	1998	242.467	25.398	21.6	34.03	388.84	364.4	24.44	0.31999	4.815220466
23	7	1998	246.255	25.399	23.59	34.09	422.51999	367.82	54.69999	3.29001	9.267671848
8	5	2016	245.8734	25.4005	18.594	33.7099	394.29001	397.56	-3.26999	2.95	-0.815571061
7	5	2016	245.1456	25.4036	18.814	33.6483	396.95999	398.23001	-1.27002	2.725	-0.311361939
8	5	2016	245.8799	25.4039	18.5625	33.7072	394.17001	397.59	-3.41999	0.175	-0.855133452
8	5	2016	245.88631	25.4073	18.4791	33.694	393.92999	397.60001	-3.67002	0.275	-0.923821151
8	5	2016	245.8927	25.4107	18.4356	33.6809	393.89001	397.64001	-3.75	0.175	-0.94728982
23	7	1998	246.246	25.411	23.53	34.09	422.22	367.82	54.4	5.32001	9.258392889
7	5	2016	245.1424	25.412	18.7406	33.6402	397.20001	398.26999	-1.06998	2.775	-0.263861283
8	5	2016	245.8992	25.414	18.4089	33.6716	393.98001	397.73001	-3.75	1.625	-0.949349963
19	10	1998	242.461	25.414	21.25	33.9	389.22	364.4	24.82	1.17	5.026061752
30	10	2018	240.69449	25.41545	28.67	33.966	415.91	406	9.91	1.85	1.156686723
8	5	2016	245.9057	25.4173	18.3884	33.6652	393.97	397.76001	-3.79001	0.325	-0.961077788
8	5	2016	245.9099	25.4198	18.4359	33.6615	396.01001	397.38	-1.36999	0.35	-0.346097415
8	5	2016	245.9099	25.4198	18.4257	33.6585	395.64001	397.45001	-1.81	4.6	-0.457634529
8	5	2016	245.90981	25.4198	18.4238	33.6613	395.47	397.37	-1.9	2	-0.480456259
8	5	2016	245.9099	25.4198	18.4441	33.6674	395.29999	397.34	-2.04001	2.7	-0.515011987
8	5	2016	245.90981	25.4198	18.3782	33.6564	394.91	397.62	-2.71	2.975	-0.68779475
8	5	2016	245.9099	25.4198	18.3856	33.6568	394.54999	397.57001	-3.02002	0.6	-0.766023705
8	5	2016	245.9099	25.4199	18.3682	33.6554	394.45999	397.64001	-3.18002	1.225	-0.807733206
8	5	2016	245.91	25.42	18.4604	33.6724	395.67001	397.35001	-1.68	0.675	-0.423564916
8	5	2016	245.90961	25.4201	18.3446	33.6541	394.17999	397.59	-3.41001	2.025	-0.867789262
8	5	2016	245.9097	25.4202	18.365	33.654	394.51999	397.60001	-3.08002	1.7	-0.782537886
8	5	2016	245.9097	25.4203	18.35	33.6542	394.20999	397.67001	-3.46002	3.7	-0.88013615
8	5	2016	245.90981	25.4203	18.3387	33.6534	393.79001	397.67001	-3.88	0.675	-0.987862025
8	5	2016	245.90981	25.4203	18.3337	33.6555	393.41	397.70999	-4.29999	1.525	-1.095219161
8	5	2016	245.90981	25.4204	18.3349	33.6539	393.67001	397.67999	-4.00998	1.975	-1.02126271
8	5	2016	245.90981	25.4204	18.3301	33.6559	393.34	397.70001	-4.36001	0.975	-1.110823495
7	5	2016	245.1391	25.4205	18.7463	33.6285	397.57001	398.29001	-0.72	4.275	-0.17748431
8	5	2016	245.9099	25.4205	18.331	33.6561	393.32001	397.70999	-4.38998	0.225	-1.118377707
8	5	2016	245.9099	25.4206	18.3229	33.6555	393.47	397.73001	-4.26001	1.6	-1.085972023
8	5	2016	245.9099	25.4206	18.3318	33.656	393.42999	397.72	-4.29001	1.075	-1.092840384
24	5	2018	244.44742	25.42067	19.68	34.02	400.37	411.24	-10.87	0.85	-2.484800076
8	5	2016	245.91	25.4207	18.3405	33.6558	393.53	397.70001	-4.17001	0.25	-1.06153507
8	5	2016	245.9084	25.4211	18.5222	33.6909	394.95001	397.28	-2.32999	1.9	-0.584506498
8	5	2016	245.9077	25.4215	18.5146	33.693	394.95001	397.32999	-2.37998	2.175	-0.597402533
8	5	2016	245.907	25.422	18.554	33.7	395.42001	397.29001	-1.87	1.575	-0.467906539
8	5	2016	245.9063	25.4225	18.5383	33.7051	394.89999	397.29999	-2.4	3.125	-0.601258058
8	5	2016	245.90581	25.423	18.5657	33.7089	395.04001	397.29001	-2.25	5.475	-0.562441728
8	5	2016	245.9052	25.4233	18.555	33.7075	395.16	397.26001	-2.10001	2.375	-0.525398665
8	5	2016	245.90469	25.4237	18.5438	33.7012	395.44	397.26999	-1.82999	2.5	-0.458264559
8	5	2016	245.9041	25.4244	18.5252	33.7	395	397.28	-2.28	1.775	-0.571804791
8	5	2016	245.9035	25.4251	18.5324	33.6958	395.51001	397.23001	-1.72	0.15	-0.431122898
8	5	2016	245.90289	25.4257	18.5173	33.69	395.59	397.20999	-1.61999	7.69272E-07	-0.406554594
8	5	2016	245.9023	25.4264	18.4993	33.6856	395.45001	397.23999	-1.78998	1.375	-0.449869091
8	5	2016	245.9016	25.4272	18.5268	33.6848	395.92001	397.17999	-1.25998	1.275	-0.315974763
8	5	2016	245.9008	25.4279	18.5141	33.6788	396.32999	397.22	-0.89001	1.5	-0.223426662
8	5	2016	245.90021	25.4285	18.455	33.6619	396.14001	397.26001	-1.12	1.975	-0.282512126
7	5	2016	245.1358	25.4289	18.7078	33.6203	397.69	398.29001	-0.60001	2.925	-0.148364476
19	10	1998	242.45399	25.429	21.33	33.92	387.79999	364.4	23.39999	1.31	4.709061091
8	5	2016	245.89931	25.4294	18.4491	33.6512	396.45999	397.29001	-0.83002	2.6	-0.209475738
8	5	2016	245.89819	25.4303	18.4302	33.6443	396.73001	397.25	-0.51999	0.7	-0.131434235
8	5	2016	245.8974	25.431	18.404	33.6367	397.03	397.26001	-0.23001	1.55	-0.058261678
8	5	2016	245.8965	25.4317	18.4039	33.6309	396.98001	397.31	-0.32999	0.325	-0.083589628
8	5	2016	245.89571	25.4325	18.3918	33.6253	397.16	397.23001	-0.07001	0.75	-0.017751794
8	5	2016	245.8949	25.4334	18.3808	33.6199	397.25	397.29001	-0.04001	2.05	-0.010154133
8	5	2016	245.894	25.4343	18.3791	33.6178	397.39001	397.19	0.20001	2.775	0.0507679
8	5	2016	245.8931	25.4351	18.3427	33.6136	397.20001	397.26001	-0.06	1.575	-0.01527421
8	5	2016	245.8923	25.4358	18.3345	33.6073	397.42999	397.23999	0.19	1.575	0.048401438
8	5	2016	245.8914	25.4364	18.3377	33.6024	397.42999	397.23001	0.19998	3.4	0.050931955
8	5	2016	245.8904	25.4372	18.3408	33.5997	397.76999	397.20999	0.56	2.3	0.142590267
8	5	2016	245.8907	25.4383	18.3392	33.5979	397.67001	397.17001	0.5	2.9	0.12733008
30	10	2018	240.64763	25.43847	28.75	34.025	415.60001	406	9.60001	1.375	1.11377472
7	5	2016	245.132	25.4385	18.6957	33.6136	398.26999	398.28	-0.01001	3.925	-0.00247763
8	5	2016	245.8974	25.4387	18.3402	33.597	398.57001	397.26001	1.31	1.525	0.3335796
8	5	2016	245.8956	25.4387	18.3438	33.5972	398.48999	397.31	1.17999	2.55	0.300387126
8	5	2016	245.89461	25.4392	18.3539	33.5976	398.32999	397.26999	1.06	2.75	0.26962364
8	5	2016	245.9005	25.4395	18.354	33.5984	398.57999	397.23999	1.34	0.925	0.340840971
8	5	2016	245.89149	25.4395	18.3381	33.598	397.91	397.12	0.79	2.6	0.201199096
8	5	2016	245.89371	25.4396	18.3527	33.5974	398.28	397.20001	1.07999	1.6	0.274734902
8	5	2016	245.8925	25.4397	18.3482	33.5975	398.12	397.25	0.87	4.375	0.221395666
22	10	2002	244.952	25.44	23.97	33.86	408.03	370.55	37.48	3.5	6.178549638
8	5	2016	245.9046	25.4409	18.3605	33.6003	398.44	397.23001	1.20999	1.15	0.307609412
8	5	2016	245.9095	25.4425	18.3275	33.6009	397.84	397.23999	0.60001	2.675	0.152939251
19	10	1998	242.44701	25.444	21.31	33.93	386.92999	364.4	22.52999	1.53999	4.540735829
8	5	2016	245.9149	25.4445	18.3241	33.601	397.85999	397.20001	0.65998	2.575	0.168270864
8	5	2016	245.9205	25.4467	18.3562	33.6037	398.20001	397.09	1.11001	1.85	0.282284335
7	5	2016	245.1286	25.4469	18.6609	33.6082	398.29999	398.35999	-0.06	5.5	-0.014892417
8	5	2016	245.9265	25.449	18.3376	33.6109	397.63	397.16	0.47	1.025	0.119698217
8	5	2016	245.933	25.4515	18.3304	33.6192	397.42999	397.14999	0.28	1.325	0.071347776
24	5	2018	244.40721	25.45392	19.66	34.014	400.59	411.24	-10.65	0.45	-2.438395519
8	5	2016	245.9406	25.4546	18.3442	33.6181	397.82001	397.20001	0.62	1.175	0.157811254
7	5	2016	245.12511	25.4552	18.5714	33.6057	398.5	398.38	0.12	2.7	0.029997877
22	10	2002	244.944	25.456	23.98	33.86	408.20001	370.55	37.65001	4.85001	6.201941764
8	5	2016	245.94769	25.4575	18.3308	33.6163	397.59	397.14001	0.44999	1.25	0.114661429
23	7	1998	246.20399	25.459	23.62	34.18	416.5	367.82	48.68	3.75	8.22585793
8	5	2016	245.9548	25.4604	18.3078	33.614	397.47	397.23999	0.23001	1.975	0.058716943
8	5	2016	245.96201	25.4632	18.2948	33.6091	397.76999	397.17001	0.59998	1.5	0.153325515
7	5	2016	245.1217	25.4636	18.5686	33.5996	400.25	398.39001	1.85999	2.45	0.46508154
8	5	2016	245.96919	25.4661	18.2372	33.6073	396.88	397.14001	-0.26001	0.9	-0.066752911
8	5	2016	245.9763	25.4688	18.2413	33.606	397.25	397.14999	0.10001	2.525	0.025667521
23	7	1998	246.194	25.47	23.81	34.17	415.41	367.82	47.59	1.22	7.928473169
8	5	2016	245.9834	25.4716	18.2644	33.6095	397.25	397.04999	0.20001	3.875	0.05123695
7	5	2016	245.11819	25.4719	18.6373	33.5898	401.48001	398.37	3.11001	0.475	0.77344214
22	10	2002	244.948	25.473	23.98	33.86	408.45999	370.55	37.90999	4.48	6.244767273
8	5	2016	245.9904	25.4744	18.2418	33.6112	396.94	397.14999	-0.20999	3.6	-0.05389036
8	5	2016	245.9976	25.4772	18.2548	33.6088	397.23999	397.17001	0.06998	2.6	0.017940729
8	5	2016	246.00481	25.48	18.2309	33.6116	396.76001	397.17001	-0.41	1.2	-0.105311043
7	5	2016	245.1147	25.4802	18.6346	33.6002	400.98999	398.39999	2.59	1.8	0.64422524
30	10	2018	240.5509	25.48079	28.74	34.096	415.85001	406	9.85001	1.475	1.143255351
8	5	2016	246.0119	25.4829	18.2421	33.6169	396.84	397.12	-0.28	2.2	-0.071853577
23	7	1998	246.181	25.484	23.9	34.04	417.37	367.82	49.55	0.7	8.204457715
8	5	2016	246.0191	25.4857	18.2523	33.6236	396.75	397.17001	-0.42001	3.925	-0.107691691
22	10	2002	244.94	25.486	23.98	33.86	408.44	370.55	37.89	2.35001	6.241474397
24	5	2018	244.36716	25.48696	19.66	34.015	400.73001	411.24	-10.50999	0.175	-2.406327962
7	5	2016	245.1113	25.4885	18.744	33.6053	402.07001	398.31	3.76001	3.625	0.927135373
8	5	2016	246.0264	25.4886	18.2521	33.6303	396.51001	397.14001	-0.63	2.675	-0.161531161
8	5	2016	246.0336	25.4916	18.2603	33.6366	396.37	397.19	-0.82	1.65	-0.210102927
8	5	2016	246.04089	25.4946	18.2835	33.646	395.89001	397.07999	-1.18998	3.325	-0.304322203
23	7	1998	246.17101	25.495	23.73	33.96	420.5	367.82	52.68	4.89	8.837519168
7	5	2016	245.10789	25.4969	18.7116	33.5993	402.20001	398.41	3.79001	3.275	0.9369657
8	5	2016	246.0481	25.4976	18.2561	33.6421	395.45001	397.06	-1.60999	3.875	-0.412644355
15	12	1995	239	25.50000	NaN	NaN	NaN	NaN	NaN	NaN	-2.69
15	2	1996	242	25.50000	NaN	NaN	NaN	NaN	NaN	NaN	-8.03
15	2	1996	243	25.50000	NaN	NaN	NaN	NaN	NaN	NaN	-7.44
15	2	1996	244	25.50000	NaN	NaN	NaN	NaN	NaN	NaN	-6.5
8	5	2016	246.0553	25.5006	18.2737	33.6354	395.67001	397.12	-1.44999	2.325	-0.371125445
30	10	2018	240.50209	25.50143	28.82	34.126	416.31	406	10.31	0.35	1.189609258
19	10	1998	242.423	25.50200	NaN	NaN	NaN	NaN	NaN	NaN	4.26
19	10	1998	242.423	25.502	21.29	33.91	385.48001	364.4	21.08001	0.14	4.255424032
8	5	2016	246.06219	25.5038	18.2287	33.6253	395.73001	397.14999	-1.41998	3.525	-0.364771215
7	5	2016	245.10471	25.5052	18.6687	33.5942	402.12	398.42001	3.69999	2.575	0.917854824
8	5	2016	246.069	25.5075	18.2055	33.6152	395.70001	397.01999	-1.31998	4.875	-0.339728554
8	5	2016	246.07581	25.511	18.1722	33.6089	395.54999	397.14999	-1.6	2.325	-0.412909112
7	5	2016	245.10139	25.5138	18.6697	33.5891	402.60001	398.41	4.19001	0.95	1.039356247
8	5	2016	246.0826	25.5145	18.158	33.6052	395.54001	397.10001	-1.56	3.3	-0.403051149
17	3	1993	244.38901	25.516	17.662	33.431	354.94	358.47	-3.53	4.68001	-0.949885461
19	10	1998	242.416	25.51700	NaN	NaN	NaN	NaN	NaN	NaN	4.3
19	10	1998	242.416	25.517	21.07	33.81	385.32999	364.4	20.92999	0.37	4.299186971
8	5	2016	246.0894	25.5181	18.1383	33.6001	395.60999	397.10999	-1.5	2.875	-0.388170108
24	5	2018	244.32695	25.52004	NaN	NaN	NaN	NaN	NaN	NaN	-2.51
24	5	2018	244.32695	25.52004	19.59	34.008	400.35001	411.24	-10.88999	0.55	-2.50713235
8	5	2016	246.0961	25.5218	18.1306	33.5932	395.39999	397.16	-1.76001	2.875	-0.455751227
7	5	2016	245.09821	25.5222	18.7575	33.5976	402.87	398.35999	4.51001	3.65	1.110918392
8	5	2016	246.1028	25.5255	18.1384	33.5845	395.89001	397.14001	-1.25	4	-0.323496357
8	5	2016	246.1106	25.5298	18.114	33.5782	396.56	397.13	-0.57	4.05	-0.147807212
7	5	2016	245.095	25.5306	18.8215	33.6114	402.63	398.26999	4.36001	4.8	1.068463276
19	10	1998	242.409	25.53200	NaN	NaN	NaN	NaN	NaN	NaN	4.23
19	10	1998	242.409	25.532	21.01	33.76	384.88	364.4	20.48	0.67	4.227213016
8	5	2016	246.11729	25.5335	18.0645	33.5749	396.17001	397.20001	-1.03	3.275	-0.268155649
8	5	2016	246.12399	25.5373	18.0908	33.5734	396.60999	397.26001	-0.65002	4.175	-0.168874608
7	5	2016	245.0916	25.5391	18.8706	33.6177	402.51001	398.29999	4.21002	2.375	1.027669847
30	10	2018	240.40312	25.54220	NaN	NaN	NaN	NaN	NaN	NaN	1.21
30	10	2018	240.40312	25.5422	28.78	34.185	416.45999	406	10.45999	0.2	1.210094675
23	7	1998	246.12801	25.54400	NaN	NaN	NaN	NaN	NaN	NaN	11.42
23	7	1998	246.12801	25.544	21.38	33.45	424.67999	367.82	56.85999	2.34	11.4235165
19	10	1998	242.403	25.54700	NaN	NaN	NaN	NaN	NaN	NaN	4.28
19	10	1998	242.403	25.547	21.05	33.76	385.19	364.4	20.79	0.67	4.278000067
7	5	2016	245.0882	25.5475	18.8876	33.6219	401.82001	398.31	3.51001	3.875	0.855626931
24	5	2018	244.28659	25.55311	NaN	NaN	NaN	NaN	NaN	NaN	-2.7
24	5	2018	244.28659	25.55311	19.52	34.005	399.57001	411.24	-11.66999	0.575	-2.701541566
22	10	2002	244.925	25.55400	NaN	NaN	NaN	NaN	NaN	NaN	6.41
22	10	2002	244.925	25.554	23.78	33.84	408.88	370.55	38.33	2.87	6.409637591
23	7	1998	246.118	25.55500	NaN	NaN	NaN	NaN	NaN	NaN	10.19
23	7	1998	246.118	25.555	21.6	33.42	419.38	367.82	51.56	0.82001	10.18698966
7	5	2016	245.08479	25.5558	18.8059	33.6257	401.14999	398.35999	2.79	4.95	0.68451699
30	10	2018	240.3537	25.56323	NaN	NaN	NaN	NaN	NaN	NaN	1.22
30	10	2018	240.3537	25.56323	28.75	34.506	416.53	406	10.53	0.925	1.219151603
7	5	2016	245.08141	25.5642	18.7624	33.626	401.22	398.34	2.88	6.325	0.709039235
23	7	1998	246.105	25.56900	NaN	NaN	NaN	NaN	NaN	NaN	9.94
23	7	1998	246.105	25.569	21.2	33.41	416.60999	367.82	48.78999	0.79001	9.940468459
22	10	2002	244.918	25.57200	NaN	NaN	NaN	NaN	NaN	NaN	6.41
22	10	2002	244.918	25.572	23.74	33.84	408.76001	370.55	38.21001	1.45	6.408727464
7	5	2016	245.0779	25.5725	18.7801	33.6243	401.23001	398.35001	2.88	6.775	0.708050039
23	7	1998	246.09399	25.58000	NaN	NaN	NaN	NaN	NaN	NaN	9.22
23	7	1998	246.09399	25.58	21.39	33.45	413.73999	367.82	45.91999	3.24001	9.21853037
7	5	2016	245.07449	25.5808	18.7714	33.6237	401.35999	398.37	2.98999	6.475	0.7356007
30	10	2018	240.30496	25.58614	NaN	NaN	NaN	NaN	NaN	NaN	1.18
30	10	2018	240.30496	25.58614	28.7	34.543	416.12	406	10.12	2.65	1.175727593
24	5	2018	244.24672	25.58680	NaN	NaN	NaN	NaN	NaN	NaN	-2.8
24	5	2018	244.24672	25.5868	19.48	34.007	399.20001	411.24	-12.03999	0.975	-2.795936278
9	5	2016	246.21919	25.5876	18.345	33.5887	398.45999	397.69	0.76999	4.375	0.196003535
9	5	2016	246.2193	25.5876	18.3777	33.5985	398.35001	397.72	0.63001	1.625	0.159945855
9	5	2016	246.2193	25.5877	18.3891	33.6004	398.57001	397.70999	0.86002	3.525	0.218139984
9	5	2016	246.2193	25.5877	18.3512	33.5928	398.37	397.70999	0.66001	4.1	0.167921395
9	5	2016	246.21919	25.5877	18.3586	33.5937	398.35999	397.70999	0.65	5.575	0.165276294
9	5	2016	246.21919	25.5877	18.3404	33.5905	398.34	397.73999	0.60001	3.175	0.152789345
9	5	2016	246.2193	25.5877	18.3748	33.6035	398.32001	397.72	0.60001	3.075	0.152361158
9	5	2016	246.2193	25.5877	18.3319	33.5845	398.26999	397.70001	0.56998	6.05	0.145244991
9	5	2016	246.2193	25.5877	18.3627	33.5952	398.25	397.70999	0.54001	1.5	0.137263117
9	5	2016	246.2193	25.5878	18.3305	33.5834	398.45999	397.72	0.73999	5.65	0.188589795
9	5	2016	246.2193	25.5878	18.3879	33.6049	398.41	397.75	0.66	2.775	0.167418331
9	5	2016	246.2193	25.5878	18.3862	33.6029	398.35001	397.70999	0.64002	2.95	0.16237367
9	5	2016	246.21941	25.5878	18.3862	33.605	398.26999	397.70001	0.56998	2.675	0.144603024
9	5	2016	246.21941	25.5879	18.3934	33.606	398.39999	397.72	0.67999	1.875	0.172412532
22	10	2002	244.91	25.58800	NaN	NaN	NaN	NaN	NaN	NaN	6.31
22	10	2002	244.91	25.588	23.73	33.84	408.16	370.55	37.61	3.60001	6.312814941
9	5	2016	246.21941	25.588	18.3121	33.5808	398.38	397.72	0.66	5.25	0.168453333
9	5	2016	246.2195	25.588	18.381	33.606	398.17999	397.73001	0.44998	4	0.114206037
9	5	2016	246.2195	25.5881	18.3139	33.58	398.53	397.73999	0.79001	3.425	0.20160787
9	5	2016	246.2196	25.5882	18.3939	33.6074	398.37	397.72	0.65	5.175	0.164800859
9	5	2016	246.2197	25.5882	18.4005	33.6081	398.35001	397.73001	0.62	3	0.157111427
9	5	2016	246.2195	25.5882	18.3068	33.5795	398.32001	397.76999	0.55002	2.55	0.140443171
9	5	2016	246.2197	25.5882	18.3815	33.6105	397.64001	397.63	0.01001	2.7	0.002540407
9	5	2016	246.2196	25.5883	18.3189	33.5797	398.75	397.70001	1.04999	2.025	0.267847309
9	5	2016	246.2197	25.5883	18.3745	33.6113	397.91	397.60001	0.30999	3.325	0.078715067
9	5	2016	246.2196	25.5884	18.3068	33.579	398.37	397.70999	0.66001	2.875	0.168528628
9	5	2016	246.21989	25.5884	18.3784	33.6109	398.29001	397.63	0.66001	3.275	0.167543043
9	5	2016	246.2198	25.5884	18.3703	33.6121	397.92999	397.59	0.33999	4.775	0.086361507
9	5	2016	246.2197	25.5885	18.2915	33.5783	398.25	397.70999	0.54001	4.7	0.138056574
9	5	2016	246.21989	25.5885	18.3792	33.6149	398.17999	397.54001	0.63998	3.75	0.162445009
9	5	2016	246.2197	25.5886	18.2929	33.5781	398.23001	397.70001	0.53	5.15	0.135482439
9	5	2016	246.2198	25.5887	18.3052	33.5778	398.39999	397.70001	0.69998	5.85	0.178758521
9	5	2016	246.2198	25.5887	18.3688	33.6151	398.23999	397.54999	0.69	5.25	0.175286707
9	5	2016	246.2198	25.5888	18.2853	33.5768	398.01001	397.76999	0.24002	5.7	0.061393286
9	5	2016	246.2196	25.5889	18.3736	33.6159	398.26001	397.54001	0.72	2.75	0.182837147
9	5	2016	246.2198	25.5889	18.2884	33.5768	398.23001	397.67999	0.55002	7.1	0.140651506
9	5	2016	246.21989	25.589	18.2772	33.5763	397.81	397.75	0.06	5.65	0.015357013
9	5	2016	246.21989	25.589	18.2715	33.5773	397.67999	397.70001	-0.02002	5.8	-0.005126433
7	5	2016	245.071	25.5891	18.8017	33.62	401.45999	398.39001	3.06998	3.45	0.753480206
9	5	2016	246.21989	25.5891	18.2876	33.5782	397.95001	397.64999	0.30002	4.475	0.076725724
9	5	2016	246.21989	25.5891	18.2791	33.5768	397.89999	397.75	0.14999	6.275	0.038384055
8	5	2016	246.22009	25.5891	18.0298	33.5555	396.10999	397.76999	-1.66	2	-0.433416745
9	5	2016	246.21989	25.5892	18.2819	33.5786	397.79001	397.60999	0.18002	5.225	0.04605836
8	5	2016	246.2204	25.5892	18.0852	33.556	396.85001	397.88	-1.02999	3.75	-0.267732577
8	5	2016	246.2205	25.5892	18.0987	33.5555	396.48001	397.85001	-1.37	4.35	-0.355729705
8	5	2016	246.2202	25.58930	NaN	NaN	NaN	NaN	NaN	NaN	0.12
8	5	2016	246.2202	25.58930	NaN	NaN	NaN	NaN	NaN	NaN	-2.72
8	5	2016	246.2202	25.58930	NaN	NaN	NaN	NaN	NaN	NaN	-4.97
8	5	2016	246.2202	25.58930	NaN	NaN	NaN	NaN	NaN	NaN	-2.32
8	5	2016	246.2202	25.5893	18.299	33.6141	403.9885864	403.53	0.458586426	4.86	0.117150169
9	5	2016	246.21919	25.5893	18.3693	33.6169	398.39999	397.48999	0.91	3.075	0.231164037
9	5	2016	246.22	25.5893	18.2967	33.5787	397.88	397.60999	0.27001	6.4	0.069000771
9	5	2016	246.22	25.5893	18.2858	33.5785	397.76999	397.63	0.13999	6.025	0.035805491
9	5	2016	246.22	25.5893	18.2873	33.5805	397.04999	397.51001	-0.46002	4	-0.117644923
8	5	2016	246.2205	25.5893	18.1011	33.5552	396.78	397.82999	-1.04999	2.95	-0.272584939
8	5	2016	246.2205	25.5893	18.0901	33.5558	396.60001	397.89999	-1.29998	2.225	-0.337780681
8	5	2016	246.2206	25.5893	18.0918	33.556	396.51001	397.85999	-1.34998	3.2	-0.350724347
8	5	2016	246.22009	25.5896	18.0264	33.5546	395.92001	397.76001	-1.84	0.375	-0.480546777
9	5	2016	246.22	25.5897	18.3573	33.5735	398.51001	397.07001	1.44	4.05	0.366223458
9	5	2016	246.22009	25.5897	18.3607	33.5728	398.51001	397.06	1.45001	6.25	0.3686704
9	5	2016	246.22	25.5897	18.3303	33.5805	398.04999	397.19	0.85999	5.5	0.219178837
9	5	2016	246.22009	25.5897	18.3142	33.5808	397.59	397.23999	0.35001	4.375	0.089318887
9	5	2016	246.22009	25.5897	18.308	33.5812	397.54999	397.35999	0.19	5.15	0.048509929
9	5	2016	246.22009	25.5898	18.3082	33.5816	397.51001	397.37	0.14001	5.325	0.035746073
8	5	2016	246.2198	25.5899	17.8934	33.5579	393.98999	397.44	-3.45001	2.2	-0.91068361
11	6	2007	246.22	25.59000	NaN	NaN	NaN	NaN	NaN	NaN	-5.13
11	6	2007	246.22	25.59000	NaN	NaN	NaN	NaN	NaN	NaN	-5.23
11	6	2007	246.22	25.59000	NaN	NaN	NaN	NaN	NaN	NaN	-5.49
11	6	2007	246.22	25.59000	NaN	NaN	NaN	NaN	NaN	NaN	-5.68
11	6	2007	246.22	25.59000	NaN	NaN	NaN	NaN	NaN	NaN	-5.66
9	5	2016	246.22009	25.59	18.3702	33.5687	398.41	397.09	1.32	5.7	0.335367066
9	5	2016	246.22009	25.5901	18.3709	33.5679	398.85001	397.04999	1.80002	5.175	0.457299994
8	5	2016	246.22	25.5902	18.4389	33.5642	401.5	397.04001	4.45999	6.075	1.126964696
8	5	2016	246.21989	25.5902	18.3463	33.5583	399.88	397.14999	2.73001	2.775	0.694960806
9	5	2016	246.22009	25.5902	18.3404	33.5624	398.89001	396.98999	1.90002	3.75	0.483894133
9	5	2016	246.22009	25.5902	18.3635	33.5656	398.45001	396.98999	1.46002	5.5	0.371145162
8	5	2016	246.2202	25.5902	18.1141	33.5555	396.98999	397.82001	-0.83002	3.75	-0.215254611
8	5	2016	246.22189	25.5902	18.046	33.5566	395.92999	397.82001	-1.89002	2.2	-0.492830625
8	5	2016	246.2204	25.5902	17.9373	33.5577	394.78	397.53	-2.75	2.7	-0.723350865
8	5	2016	246.22031	25.5902	17.9282	33.5575	394.64999	397.51999	-2.87	3.125	-0.755467791
8	5	2016	246.22031	25.5902	17.9278	33.5582	394.56	397.51001	-2.95001	3.725	-0.776551128
8	5	2016	246.22	25.5903	18.3854	33.5633	400.37	397.12	3.25	2.725	0.824734735
9	5	2016	246.22009	25.5903	18.3401	33.5623	398.76001	397.01001	1.75	3.825	0.445698156
9	5	2016	246.2202	25.5903	18.359	33.5649	398.53	397	1.53	7.05	0.389075433
8	5	2016	246.2207	25.5903	18.2467	33.5553	398.01999	397.26999	0.75	5.975	0.192450178
9	5	2016	246.22009	25.5904	18.3437	33.5628	398.89001	397	1.89001	2.625	0.481217126
9	5	2016	246.2202	25.5904	18.3477	33.5627	398.78	397.01999	1.76001	3.575	0.447974882
9	5	2016	246.22009	25.5904	18.3582	33.5632	398.69	396.97	1.72	2.925	0.437423423
9	5	2016	246.2202	25.5904	18.347	33.5633	398.60999	397	1.60999	4.85	0.409812065
9	5	2016	246.22009	25.5904	18.3466	33.5634	398.47	397.04001	1.42999	6.375	0.364005731
9	5	2016	246.2202	25.5904	18.3525	33.5637	398.42001	397	1.42001	7.45	0.361294636
9	5	2016	246.22009	25.5904	18.3469	33.5644	398.29999	397.04001	1.25998	6.375	0.320720282
8	5	2016	246.22141	25.5904	18.0567	33.5561	395.94	397.78	-1.84	3.725	-0.479377514
8	5	2016	246.2209	25.5904	18.0278	33.5557	395.76999	397.76999	-2	4.075	-0.522272103
8	5	2016	246.2193	25.5906	18.3769	33.5632	400.28	397.07999	3.20001	1.875	0.812600236
8	5	2016	246.22009	25.5906	18.0249	33.5555	395.82999	397.73999	-1.91	0.725	-0.498886326
9	5	2016	246.2178	25.5907	18.3539	33.6196	398.07999	397.53	0.54999	3.125	0.139881989
8	5	2016	246.2204	25.5908	18.0517	33.5558	396.01999	397.70999	-1.69	3.3	-0.44047494
8	5	2016	246.22031	25.5911	18.3536	33.5606	399.23999	396.95999	2.28	4.35	0.580060359
8	5	2016	246.22031	25.5914	18.3467	33.5602	399.03	396.95001	2.07999	3.95	0.52946781
9	5	2016	246.217	25.5915	18.339	33.6235	397.69	397.5	0.19	2.1	0.048380356
8	5	2016	246.22031	25.5916	18.3286	33.5602	398.98999	397	1.98999	4.525	0.50729043
8	5	2016	246.2211	25.5917	18.3251	33.5617	399.45001	396.97	2.48001	3.925	0.632379063
8	5	2016	246.21629	25.5922	18.3936	33.5626	400.26001	396.98999	3.27002	2.575	0.829275276
9	5	2016	246.2162	25.5923	18.3202	33.6279	397.45999	397.53	-0.07001	3.025	-0.017853292
9	5	2016	246.21561	25.5929	18.2996	33.6292	397.62	397.51999	0.10001	3.875	0.025545439
9	5	2016	246.215	25.5936	18.2531	33.6277	397.41	397.57999	-0.16999	3.55	-0.043582262
9	5	2016	246.2144	25.5942	18.2463	33.6246	397.67999	397.5	0.17999	2.5	0.046171837
8	5	2016	246.2121	25.5945	18.3773	33.5616	400.38	397.01001	3.36999	1.875	0.855743563
9	5	2016	246.21381	25.5948	18.2265	33.6208	397.39001	397.54001	-0.15	3.575	-0.038540311
8	5	2016	246.2231	25.5952	18.3537	33.563	399.79999	396.95001	2.84998	3.95	0.725056362
9	5	2016	246.2132	25.5954	18.2398	33.6202	397.64999	397.54001	0.10998	5.1	0.028227808
9	5	2016	246.2126	25.5959	18.2596	33.6222	397.57999	397.51001	0.06998	4.85	0.017932714
9	5	2016	246.2119	25.5964	18.2712	33.6263	397.57999	397.48999	0.09	4.775	0.023041123
8	5	2016	246.20731	25.5969	18.3648	33.5595	399.63	397.01999	2.61001	4.15	0.663429264
9	5	2016	246.21111	25.5971	18.2822	33.6296	397.72	397.45999	0.26001	5.025	0.066506296
7	5	2016	245.0676	25.5975	18.7825	33.6158	401.59	398.34	3.25	2.425	0.79889466
9	5	2016	246.21021	25.5976	18.3025	33.6338	397.62	397.47	0.15	4.3	0.038304623
9	5	2016	246.2094	25.5982	18.3179	33.6398	397.67001	397.47	0.20001	3.425	0.05101117
9	5	2016	246.2085	25.5988	18.2939	33.642	397.38	397.41	-0.03	1.45	-0.007665891
9	5	2016	246.2077	25.5994	18.2855	33.6417	397.14999	397.45001	-0.30002	4.35	-0.076715588
8	5	2016	246.2023	25.5996	18.3751	33.5587	399.54001	396.97	2.57001	4.625	0.652727648
9	5	2016	246.2068	25.6	18.2869	33.6416	397.01999	397.42999	-0.41	3.6	-0.104825974
8	5	2016	246.22501	25.6003	18.363	33.5635	399.66	396.95999	2.70001	2	0.686391668
9	5	2016	246.20599	25.6006	18.2907	33.6433	396.69	397.39001	-0.70001	4.375	-0.17891798
9	5	2016	246.2052	25.6011	18.2928	33.6455	396.17001	397.42999	-1.25998	3.65	-0.321985295
9	5	2016	246.2043	25.6016	18.3321	33.6473	396.60999	397.35999	-0.75	3.85	-0.191058837
9	5	2016	246.2036	25.602	18.3433	33.6472	396.56	397.35001	-0.79001	3.425	-0.201071451
8	5	2016	246.1973	25.6022	18.4058	33.5596	399.75	397.01001	2.73999	5.25	0.694194043
9	5	2016	246.2028	25.6025	18.344	33.6446	396.79999	397.35001	-0.55002	2.775	-0.139983669
18	10	1998	242.37601	25.60300	NaN	NaN	NaN	NaN	NaN	NaN	4.53
9	5	2016	246.202	25.603	18.3701	33.642	397	397.31	-0.31	2.825	-0.078733836
18	10	1998	242.37601	25.603	21	33.75	386.32999	364.4	21.92999	0.06999	4.530198729
9	5	2016	246.2014	25.6037	18.3803	33.6397	397.35999	397.32001	0.03998	2.475	0.010145976
22	10	2002	244.91501	25.60400	NaN	NaN	NaN	NaN	NaN	NaN	6.27
22	10	2002	244.91501	25.604	23.73	33.85	407.88	370.55	37.33	3.07001	6.265534436
8	5	2016	246.1922	25.6049	18.3821	33.5609	399.89999	396.98999	2.91	3.75	0.738657574
8	5	2016	246.2269	25.6054	18.3624	33.5627	399.70999	397.01001	2.69998	1.125	0.686419495
9	5	2016	246.2012	25.6056	18.3866	33.6363	397.26001	397.29001	-0.03	3.475	-0.007609586
7	5	2016	245.06419	25.606	18.7627	33.617	401.82001	398.39001	3.43	1.15	0.844461693
8	5	2016	246.1873	25.6078	18.3884	33.5623	399.67999	396.95999	2.72	2.775	0.690077636
9	5	2016	246.20461	25.6079	18.3698	33.6329	397.16	397.28	-0.12	4	-0.030479652
30	10	2018	240.25627	25.60858	NaN	NaN	NaN	NaN	NaN	NaN	1.13
30	10	2018	240.25627	25.60858	28.65	34.58	415.69	406	9.69	3.825	1.129658838
9	5	2016	246.209	25.6098	18.3662	33.6373	396.98999	397.39001	-0.40002	4.7	-0.101630998
8	5	2016	246.2265	25.6108	18.354	33.5615	399.70001	397.01999	2.68002	2.825	0.681805762
8	5	2016	246.1833	25.6118	18.4105	33.5664	399.48999	396.95001	2.53998	2.525	0.643258455
9	5	2016	246.2151	25.6119	18.3993	33.6468	397.16	397.29001	-0.13001	4.4	-0.03294239
9	5	2016	246.22189	25.6142	18.3889	33.6538	397.28	397.26999	0.01001	4	0.00253839
7	5	2016	245.061	25.6145	18.7577	33.6164	401.72	398.38	3.34	4.5	0.822632401
8	5	2016	246.22321	25.6158	18.3678	33.5617	399.79999	397.09	2.70999	3.8	0.688670811
9	5	2016	246.22861	25.6166	18.4243	33.6547	397.20999	397.20001	0.00998	4.05	0.002523638
8	5	2016	246.1813	25.6171	18.4407	33.5709	399.39001	396.87	2.52001	4.525	0.636652807
18	10	1998	242.369	25.61800	NaN	NaN	NaN	NaN	NaN	NaN	4.78
18	10	1998	242.369	25.618	20.8	33.68	387.19	364.4	22.79	0.05	4.78259702
9	5	2016	246.2355	25.6191	18.4549	33.6514	397.73999	397.35999	0.38	2.7	0.095857839
8	5	2016	246.21851	25.6201	18.3946	33.5623	400.42001	397.06	3.36001	1.425	0.852029938
24	5	2018	244.20712	25.62045	NaN	NaN	NaN	NaN	NaN	NaN	-2.83
24	5	2018	244.20712	25.62045	19.49	34.007	399.03	411.24	-12.21	1.9	-2.833190189
9	5	2016	246.2424	25.6217	18.4458	33.6476	397.94	397.26999	0.67001	2.725	0.169140669
8	5	2016	246.1815	25.6229	18.457	33.5731	399.29001	396.91	2.38001	1.9	0.600496549
7	5	2016	245.0578	25.623	18.7368	33.6101	401.48001	398.42999	3.05002	7.025	0.752480394
9	5	2016	246.2494	25.6242	18.386	33.638	397.73001	397.20999	0.52002	2.625	0.131909814
8	5	2016	246.21381	25.6244	18.4285	33.5626	400.23999	397.04001	3.19998	1.825	0.809257995
9	5	2016	246.2563	25.6268	18.3541	33.6197	398.03	397.23999	0.79001	2.825	0.200924298
8	5	2016	246.1844	25.6284	18.4701	33.5754	399.88	397	2.88	1.4	0.725882302
23	7	1998	246.05099	25.62900	NaN	NaN	NaN	NaN	NaN	NaN	9.88
23	7	1998	246.05099	25.629	21.79	33.47	418.54999	367.82	50.72999	3.10001	9.876222668
9	5	2016	246.26311	25.6293	18.3129	33.6023	398.20001	397.29999	0.90002	4.05	0.229676207
8	5	2016	246.2085	25.6294	18.387	33.5658	399.57999	397.06	2.51999	2.775	0.639394936
30	10	2018	240.20749	25.63067	NaN	NaN	NaN	NaN	NaN	NaN	1.65
30	10	2018	240.20749	25.63067	28.65	34.56	420.16	406	14.16	3.25	1.650912632
7	5	2016	245.05479	25.6314	18.6942	33.6084	401.51999	398.47	3.04999	6.65	0.755028229
9	5	2016	246.2701	25.6317	18.2847	33.592	398.45001	397.29001	1.16	4.275	0.296702415
8	5	2016	246.1897	25.6323	18.4784	33.5741	400.32001	397.01001	3.31	3.675	0.833714227
8	5	2016	246.20309	25.6329	18.4136	33.5698	400.10999	397.04001	3.06998	4.1	0.777278109
8	5	2016	246.1964	25.6338	18.4399	33.5728	399.95999	397.06	2.89999	4.275	0.732690726
18	10	1998	242.362	25.63400	NaN	NaN	NaN	NaN	NaN	NaN	4.07
18	10	1998	242.362	25.634	20.72	33.66	383.64999	364.4	19.24999	0.25999	4.065133684
9	5	2016	246.27699	25.6341	18.249	33.5845	398.01001	397.19	0.82001	4.45	0.210347069
9	5	2016	246.2838	25.6365	18.2266	33.581	397.5	397.23001	0.26999	3.15	0.06938248
9	5	2016	246.2907	25.6389	18.2418	33.5807	397.5	397.19	0.31	4.625	0.079567687
23	7	1998	246.041	25.64100	NaN	NaN	NaN	NaN	NaN	NaN	9.77
23	7	1998	246.041	25.641	21.93	33.48	418.54999	367.82	50.72999	4.35001	9.770847504
7	5	2016	245.0513	25.641	18.7327	33.6084	401.88	398.44	3.44	8.5	0.848976645
9	5	2016	246.2975	25.6413	18.2226	33.5745	397.57999	397.23999	0.34	3.325	0.087404397
9	5	2016	246.3044	25.6437	18.181	33.5693	397.78	397.22	0.56	2.55	0.144443505
9	5	2016	246.3112	25.6461	18.1429	33.5668	397.62	397.16	0.46	3.8	0.119013742
9	5	2016	246.31799	25.6485	18.1335	33.5646	397.57999	397.29999	0.28	5.075	0.072498435
18	10	1998	242.355	25.64900	NaN	NaN	NaN	NaN	NaN	NaN	3.88
18	10	1998	242.355	25.649	20.67	33.66	382.70001	364.4	18.30001	0.40001	3.879492348
7	5	2016	245.0482	25.6493	18.7435	33.6053	402.12	398.44	3.68	6.8	0.907442681
9	5	2016	246.32491	25.6508	18.1228	33.5623	397.45999	397.16	0.29999	4.375	0.077741723
30	10	2018	240.15857	25.65299	NaN	NaN	NaN	NaN	NaN	NaN	1.84
30	10	2018	240.15857	25.65299	28.6	34.556	421.69	406	15.69	3.5	1.835938493
9	5	2016	246.3318	25.653	18.1127	33.5606	397.44	397.20999	0.23001	6.75	0.059655274
24	5	2018	244.16765	25.65398	NaN	NaN	NaN	NaN	NaN	NaN	-2.76
24	5	2018	244.16765	25.65398	19.48	34.002	399.37	411.24	-11.87	2.7	-2.756525544
9	5	2016	246.3387	25.6553	18.0711	33.5616	397.03	397.29001	-0.26001	4.875	-0.067660842
23	7	1998	246.028	25.65600	NaN	NaN	NaN	NaN	NaN	NaN	9.85
23	7	1998	246.028	25.656	21.97	33.49	419.10001	367.82	51.28001	5.90001	9.846267447
9	5	2016	246.3456	25.6575	18.0299	33.5647	396.47	397.26999	-0.79999	4.075	-0.208862163
7	5	2016	245.04469	25.6576	18.7608	33.6055	402.25	398.45001	3.79999	6.1	0.935744434
9	5	2016	246.3526	25.6597	18.0566	33.5746	396.34	397.16	-0.82	4.275	-0.213618648
22	10	2002	244.89	25.66000	NaN	NaN	NaN	NaN	NaN	NaN	6.31
22	10	2002	244.89	25.66	23.74	33.86	408.17001	370.55	37.62001	2.3	6.309201169
9	5	2016	246.3595	25.6619	18.0795	33.5904	396.57001	397.22	-0.64999	3.45	-0.16900617
9	5	2016	246.36749	25.6644	18.066	33.609	396.32001	397.20001	-0.88	3.625	-0.229039371
7	5	2016	245.04131	25.6658	18.7341	33.6055	402.48999	398.44	4.04999	4.9	0.999422035
9	5	2016	246.3743	25.6667	18.0801	33.6221	396.17999	397.19	-1.01001	3.1	-0.262564234
23	7	1998	246.01801	25.66700	NaN	NaN	NaN	NaN	NaN	NaN	9.81
23	7	1998	246.01801	25.667	22.16	33.51	419.64001	367.82	51.82001	5.90001	9.806184401
9	5	2016	246.38049	25.6698	18.1049	33.6379	396.04999	397.19	-1.14001	3.3	-0.295749035
9	5	2016	246.3868	25.6729	18.1414	33.6503	396.13	397.04999	-0.91999	3.95	-0.237959528
7	5	2016	245.0379	25.674	18.7376	33.6089	402.41	398.51999	3.89001	6.1	0.959661555
30	10	2018	240.10992	25.67558	NaN	NaN	NaN	NaN	NaN	NaN	1.7
30	10	2018	240.10992	25.67558	28.71	34.562	420.66	406	14.66	3.35	1.701811848
22	10	2002	244.89301	25.67600	NaN	NaN	NaN	NaN	NaN	NaN	6.26
22	10	2002	244.89301	25.676	23.73	33.87	407.82999	370.55	37.27999	2.85001	6.256576101
9	5	2016	246.3931	25.6761	18.1301	33.6571	396.04999	397.06	-1.01001	5.075	-0.261471626
9	5	2016	246.39951	25.6793	18.1318	33.6613	395.84	397.04001	-1.20001	5.825	-0.310610425
7	5	2016	245.0345	25.6823	18.7701	33.6096	402.62	398.51001	4.10999	5.75	1.011315724
9	5	2016	246.4057	25.6825	18.3973	33.6919	397.78	396.88	0.9	4.9	0.228033006
24	5	2018	244.12823	25.68750	NaN	NaN	NaN	NaN	NaN	NaN	-2.73
24	5	2018	244.12823	25.6875	19.5	34.009	399.45001	411.24	-11.78999	1.2	-2.733558717
7	5	2016	245.0307	25.6905	18.7814	33.6089	402.41	398.51999	3.89001	6.25	0.956332385
22	10	2002	244.886	25.69200	NaN	NaN	NaN	NaN	NaN	NaN	6.21
22	10	2002	244.886	25.692	23.73	33.87	407.54999	370.55	36.99999	6.09	6.209584637
30	10	2018	240.06102	25.69751	NaN	NaN	NaN	NaN	NaN	NaN	1.59
30	10	2018	240.06102	25.69751	28.71	34.584	419.69	406	13.69	1.275	1.589058942
7	5	2016	245.0271	25.6987	18.7546	33.6057	402.51999	398.54001	3.97998	5.9	0.980548143
18	10	1998	242.328	25.70400	NaN	NaN	NaN	NaN	NaN	NaN	3.8
18	10	1998	242.328	25.704	20.69	33.7	382.37	364.4	17.97	0.06999	3.802938873
17	3	1993	244.314	25.706	17.645	33.516	355.03	358.47	-3.44	5.25999	-0.926563379
7	5	2016	245.02361	25.707	18.7883	33.6038	402.57999	398.51999	4.06	6.325	0.997601117
22	10	2002	244.87799	25.70800	NaN	NaN	NaN	NaN	NaN	NaN	6.2
22	10	2002	244.87799	25.708	23.74	33.87	407.54001	370.55	36.99001	4.25	6.203264872
10	9	2015	246.21625	25.70802	NaN	NaN	NaN	NaN	NaN	NaN	10.16
10	9	2015	246.21625	25.70802	27.31	34.239	460.56	381.56	79	2	10.16418277
7	5	2016	245.0202	25.7154	18.7527	33.6001	402.35999	398.57001	3.78998	6.25	0.93390321
23	7	1998	245.97501	25.71700	NaN	NaN	NaN	NaN	NaN	NaN	9.05
23	7	1998	245.97501	25.717	22.25	33.61	416	367.82	48.18	3.56	9.051071876
30	10	2018	240.0119	25.71925	NaN	NaN	NaN	NaN	NaN	NaN	1.87
30	10	2018	240.0119	25.71925	28.64	34.569	422	406	16	0.35	1.86671218
24	5	2018	244.08821	25.72087	NaN	NaN	NaN	NaN	NaN	NaN	-2.92
24	5	2018	244.08821	25.72087	19.61	34.043	398.53	411.24	-12.71	1.325	-2.921078215
7	5	2016	245.01711	25.7239	18.7484	33.5981	402.23001	398.53	3.70001	7.9	0.912053094
23	7	1998	245.965	25.72800	NaN	NaN	NaN	NaN	NaN	NaN	9.22
23	7	1998	245.965	25.728	22.39	33.67	417.45001	367.82	49.63001	1.32001	9.222385096
7	5	2016	245.01401	25.7322	18.7522	33.5986	402.28	398.51999	3.76001	7.225	0.926561489
18	10	1998	242.313	25.73400	NaN	NaN	NaN	NaN	NaN	NaN	3.93
18	10	1998	242.313	25.734	20.72	33.72	383	364.4	18.6	0.14	3.92678005
30	10	2018	239.96165	25.73850	NaN	NaN	NaN	NaN	NaN	NaN	1.82
30	10	2018	239.96165	25.7385	28.64	34.595	421.62	406	15.62	0.425	1.822174229
7	5	2016	245.01089	25.7406	18.7407	33.598	401.79001	398.51999	3.27002	5.375	0.806553566
23	7	1998	245.952	25.74200	NaN	NaN	NaN	NaN	NaN	NaN	9.27
23	7	1998	245.952	25.742	22.57	33.69	418.42001	367.82	50.60001	2.44	9.274404258
7	5	2016	245.0078	25.7489	18.7209	33.5952	401.47	398.53	2.94	5.325	0.726303935
18	10	1998	242.30499	25.74900	NaN	NaN	NaN	NaN	NaN	NaN	3.89
18	10	1998	242.30499	25.749	20.78	33.75	382.91	364.4	18.51	1.72	3.8891622
9	5	2016	246.53999	25.74980	NaN	NaN	NaN	NaN	NaN	NaN	-4.05
9	5	2016	246.53999	25.74980	NaN	NaN	NaN	NaN	NaN	NaN	-5.55
9	5	2016	246.53999	25.74980	NaN	NaN	NaN	NaN	NaN	NaN	-3.25
9	5	2016	246.53979	25.7498	19.0229	33.8909	394.03	396.35001	-2.32001	4.875	-0.558815088
9	5	2016	246.53999	25.7498	19.0049	33.9037	390.0393677	403.53	-13.49063232	4.50999	-3.253886609
9	5	2016	246.53999	25.7498	18.9993	33.9041	386.7487488	403.53	-16.78125122	5.56	-4.049355559
9	5	2016	246.53999	25.7498	19.007	33.9039	380.5313416	403.53	-22.99865845	4.63	-5.546258444
9	5	2016	246.53979	25.7499	19.0171	33.8916	394.12	396.35999	-2.23999	3.125	-0.5397865
9	5	2016	246.5399	25.7499	19.0253	33.8917	393.98999	396.35999	-2.37	4.8	-0.570745637
9	5	2016	246.5399	25.7499	19.0305	33.891	393.97	396.37	-2.4	2.675	-0.577734683
9	5	2016	246.53999	25.7499	19.0239	33.8907	393.79999	396.38	-2.58001	5.325	-0.621392115
11	6	2007	246.53999	25.75000	NaN	NaN	NaN	NaN	NaN	NaN	-11.49
11	6	2007	246.53999	25.75000	NaN	NaN	NaN	NaN	NaN	NaN	-11.76
11	6	2007	246.53999	25.75000	NaN	NaN	NaN	NaN	NaN	NaN	-10.32
11	6	2007	246.53999	25.75000	NaN	NaN	NaN	NaN	NaN	NaN	-5.8
11	6	2007	246.53999	25.75000	NaN	NaN	NaN	NaN	NaN	NaN	-11.94
9	5	2016	246.53999	25.75	19.0582	33.8946	394.34	396.26999	-1.92999	4.975	-0.463568981
9	5	2016	246.5401	25.75	19.0465	33.8941	394.23999	396.25	-2.01001	1.85	-0.483236798
11	6	2007	246.53999	25.75	15.8	33.685	349.4	386.1	-36.72039185	3.40001	-11.49231885
9	5	2016	246.54021	25.7501	19.037	33.8933	394.20001	396.28	-2.07999	3.925	-0.50043845
9	5	2016	246.5401	25.7501	19.0552	33.8939	394.19	396.25	-2.06	1.825	-0.494915308
9	5	2016	246.5401	25.7501	19.037	33.8929	394.16	396.26999	-2.10999	3.225	-0.5076573
9	5	2016	246.5401	25.7501	19.0255	33.8907	394.04999	396.35001	-2.30002	3.75	-0.553886833
9	5	2016	246.5401	25.7501	19.0329	33.8922	393.87	396.29001	-2.42001	3.425	-0.582437783
9	5	2016	246.54021	25.7502	19.054	33.8949	394.35999	396.20001	-1.84002	5.375	-0.442104917
9	5	2016	246.54179	25.7507	19.07	33.8948	394.53	396.23001	-1.70001	1.35	-0.407948708
9	5	2016	246.5452	25.7524	19.0608	33.8951	394.29999	396.23999	-1.94	2.025	-0.465876515
24	5	2018	244.04758	25.75396	NaN	NaN	NaN	NaN	NaN	NaN	-2.85
24	5	2018	244.04758	25.75396	19.78	34.065	398.66	411.24	-12.58	1.825	-2.852671283
23	7	1998	245.942	25.75400	NaN	NaN	NaN	NaN	NaN	NaN	9.76
23	7	1998	245.942	25.754	22.24	33.64	419.75	367.82	51.93	3.10001	9.761620056
9	5	2016	246.54939	25.7548	19.0767	33.8965	394.5	396.17999	-1.67999	1.25	-0.402928043
30	10	2018	239.911	25.75618	NaN	NaN	NaN	NaN	NaN	NaN	2.02
30	10	2018	239.911	25.75618	28.61	34.613	423.23999	406	17.23999	4.7	2.015358885
7	5	2016	245.00459	25.7574	18.6865	33.5905	401.29001	398.54001	2.75	5.425	0.681239225
9	5	2016	246.554	25.7575	19.0714	33.8973	394.54999	396.20999	-1.66	2.775	-0.398298851
9	5	2016	246.5591	25.7603	19.0431	33.8965	394.04001	396.20001	-2.16	2.45	-0.519430337
9	5	2016	246.5648	25.7633	18.9923	33.877	394.84	396.16	-1.32	3.325	-0.318736025
7	5	2016	245.00101	25.7657	18.644	33.5892	401.04001	398.53	2.51001	5.55	0.623894948
9	5	2016	246.57091	25.7665	18.8644	33.8402	395.60001	396.31	-0.70999	3.925	-0.173213092
9	5	2016	246.57719	25.7699	18.7797	33.7984	395.98999	396.31	-0.32001	4.425	-0.078612769
9	5	2016	246.5836	25.7733	18.6921	33.7779	395.42999	396.26999	-0.84	2.85	-0.20781168
30	10	2018	239.86008	25.77382	NaN	NaN	NaN	NaN	NaN	NaN	1.98
30	10	2018	239.86008	25.77382	28.62	34.459	422.98001	406	16.98001	2.275	1.984848288
7	5	2016	244.9975	25.7739	18.6585	33.5907	401.34	398.51001	2.82999	3.625	0.702615049
22	10	2002	244.882	25.77400	NaN	NaN	NaN	NaN	NaN	NaN	6.42
22	10	2002	244.882	25.774	23.74	33.86	408.81	370.55	38.26	1.73	6.416533029
9	5	2016	246.59	25.7767	18.7381	33.7904	395.09	396.34	-1.25	2.7	-0.308098244
9	5	2016	246.5963	25.7801	18.7598	33.8142	394.39001	396.29001	-1.9	3.375	-0.467451334
7	5	2016	244.994	25.7823	18.6679	33.5923	401.32999	398.51999	2.81	7.175	0.697125953
9	5	2016	246.60271	25.7835	18.8103	33.8287	393.82001	396.28	-2.45999	3.125	-0.602763879
9	5	2016	246.60989	25.7873	18.8292	33.8344	393.79999	396.25	-2.45001	3.675	-0.599403765
24	5	2018	244.00694	25.78754	NaN	NaN	NaN	NaN	NaN	NaN	-2.34
24	5	2018	244.00694	25.78754	19.58	34	401.07999	411.24	-10.16001	0.1	-2.340996567
7	5	2016	244.99049	25.7906	18.6919	33.5943	401.51999	398.51999	3	6.3	0.74283812
9	5	2016	246.6161	25.7906	18.8159	33.8227	393.82001	396.26001	-2.44	2.75	-0.597617301
30	10	2018	239.80887	25.79163	NaN	NaN	NaN	NaN	NaN	NaN	1.97
30	10	2018	239.80887	25.79163	28.66	34.464	422.88	406	16.88	0.5	1.967428852
22	10	2002	244.883	25.79200	NaN	NaN	NaN	NaN	NaN	NaN	6.45
22	10	2002	244.883	25.792	23.74	33.86	409.03	370.55	38.48	2.12	6.453428933
9	5	2016	246.6225	25.7939	18.7863	33.8095	393.81	396.29999	-2.48999	2.25	-0.611332025
9	5	2016	246.6288	25.7972	18.7738	33.8011	393.82999	396.23001	-2.40002	1.225	-0.589850729
7	5	2016	244.9872	25.799	18.6913	33.5972	401.60999	398.45999	3.15	7.375	0.780006544
9	5	2016	246.6351	25.8005	18.773	33.7948	394.20001	396.29001	-2.09	0.15	-0.513705216
9	5	2016	246.64149	25.8038	18.7628	33.7911	394.32999	396.34	-2.01001	3.95	-0.494452824
18	10	1998	242.278	25.80400	NaN	NaN	NaN	NaN	NaN	NaN	3.89
18	10	1998	242.278	25.804	20.86	33.77	383.04999	364.4	18.64999	3.99001	3.894085531
9	5	2016	246.6478	25.807	18.7778	33.7912	394.62	396.23001	-1.61001	2.875	-0.395583596
7	5	2016	244.9841	25.8074	18.711	33.5996	401.60001	398.45001	3.15	7.325	0.778778523
22	10	2002	244.87399	25.80800	NaN	NaN	NaN	NaN	NaN	NaN	6.44
22	10	2002	244.87399	25.808	23.66	33.87	408.70999	370.55	38.15999	1.79001	6.437918869
30	10	2018	239.7578	25.80949	NaN	NaN	NaN	NaN	NaN	NaN	2.11
30	10	2018	239.7578	25.80949	28.64	34.385	424.04001	406	18.04001	0.075	2.106383474
9	5	2016	246.6541	25.8102	18.8071	33.7957	394.57001	396.14999	-1.57998	2.8	-0.387296034
9	5	2016	246.66051	25.8134	18.8312	33.7999	394.62	396.23999	-1.61999	4.75	-0.396337862
7	5	2016	244.9808	25.8158	18.7504	33.6056	401.89001	398.45999	3.43002	4.275	0.845336505
9	5	2016	246.66679	25.8166	18.8321	33.802	394.51999	396.23001	-1.71002	3.775	-0.418330136
18	10	1998	242.271	25.81900	NaN	NaN	NaN	NaN	NaN	NaN	3.92
18	10	1998	242.271	25.819	20.86	33.77	383.17999	364.4	18.77999	2.03999	3.921229305
9	5	2016	246.6731	25.8197	18.8301	33.8029	394.88	396.17999	-1.29999	3.15	-0.318071659
24	5	2018	243.96669	25.82169	NaN	NaN	NaN	NaN	NaN	NaN	-2.24
24	5	2018	243.96669	25.82169	19.57	33.999	401.51999	411.24	-9.72001	0.825	-2.241382878
9	5	2016	246.6792	25.8233	18.8097	33.8021	394.70999	396.23999	-1.53	0.35	-0.374955992
7	5	2016	244.97771	25.8242	18.7877	33.6147	401.39999	398.45001	2.94998	4.625	0.724850367
22	10	2002	244.87601	25.82500	NaN	NaN	NaN	NaN	NaN	NaN	6.37
22	10	2002	244.87601	25.825	23.61	33.86	408.14001	370.55	37.59001	2.83	6.365846004
9	5	2016	246.68539	25.8267	18.8015	33.8025	394.79999	396.14001	-1.34002	0.7	-0.328610679
30	10	2018	239.70639	25.82742	NaN	NaN	NaN	NaN	NaN	NaN	2.24
30	10	2018	239.70639	25.82742	28.59	34.283	425.13	406	19.13	1.425	2.242710436
9	5	2016	246.6915	25.8302	18.789	33.8049	394.64999	396.23001	-1.58002	1.55	-0.387845303
7	5	2016	244.974	25.8337	18.7867	33.6194	400.69	398.44	2.25	4.65	0.552887347
9	5	2016	246.6976	25.8337	18.801	33.8102	394.44	396.17001	-1.73001	4.55	-0.424248675
18	10	1998	242.26401	25.83400	NaN	NaN	NaN	NaN	NaN	NaN	3.83
18	10	1998	242.26401	25.834	20.75	33.76	382.57999	364.4	18.17999	1.74001	3.828510179
9	5	2016	246.7037	25.8371	18.8197	33.8177	394.70001	396.22	-1.51999	4.45	-0.372180368
9	5	2016	246.7099	25.8403	18.8136	33.822	394.26999	396.25	-1.98001	4.05	-0.485044218
9	5	2016	246.71609	25.8435	18.8364	33.826	394.5	396.10999	-1.60999	4.05	-0.393680706
30	10	2018	239.6563	25.84569	NaN	NaN	NaN	NaN	NaN	NaN	2.11
30	10	2018	239.6563	25.84569	28.62	34.295	424.07001	406	18.07001	4.5	2.113750907
9	5	2016	246.72231	25.8468	18.8492	33.8322	394.56	396.14001	-1.58001	3.775	-0.385946968
18	10	1998	242.259	25.84900	NaN	NaN	NaN	NaN	NaN	NaN	3.67
18	10	1998	242.259	25.849	20.67	33.72	381.73001	364.4	17.33001	1.49001	3.672836905
9	5	2016	246.7285	25.8501	18.8426	33.838	394.45999	396.20001	-1.74002	2.85	-0.425243137
9	5	2016	246.7348	25.8533	18.8513	33.8413	394.45999	396.23999	-1.78	2.425	-0.434707325
24	5	2018	243.92743	25.85613	NaN	NaN	NaN	NaN	NaN	NaN	-2.38
24	5	2018	243.92743	25.85613	19.53	33.995	400.92999	411.24	-10.31001	1.775	-2.384952165
9	5	2016	246.7411	25.8566	18.8604	33.8458	394.62	396.17001	-1.55001	2.6	-0.378258907
9	5	2016	246.7473	25.8599	18.8712	33.8541	394.62	396.17001	-1.55001	2.55	-0.377920695
9	5	2016	246.75369	25.8631	18.8963	33.865	394.42001	396.17999	-1.75998	2.975	-0.428241138
30	10	2018	239.60631	25.86480	NaN	NaN	NaN	NaN	NaN	NaN	1.85
30	10	2018	239.60631	25.8648	28.62	34.347	421.79999	406	15.79999	3.875	1.847800965
9	5	2016	246.761	25.8668	18.9206	33.8738	394.75	396.17999	-1.42999	2.7	-0.347264371
9	5	2016	246.7673	25.8702	18.9285	33.8784	394.89001	396.23999	-1.34998	4	-0.327622427
30	10	2018	239.55571	25.88387	NaN	NaN	NaN	NaN	NaN	NaN	1.5
30	10	2018	239.55571	25.88387	28.55	34.27	418.79001	406	12.79001	2.875	1.503860671
10	9	2015	246.08473	25.88510	NaN	NaN	NaN	NaN	NaN	NaN	9.77
10	9	2015	246.08473	25.8851	27.69	34.36	459.60001	381.53	78.07001	2.275	9.765619783
24	5	2018	243.88802	25.88972	NaN	NaN	NaN	NaN	NaN	NaN	-2.57
24	5	2018	243.88802	25.88972	19.49	33.992	400.17999	411.24	-11.06001	0.175	-2.566528319
17	3	1993	244.239	25.896	17.595	33.475	353.98001	358.47	-4.48999	6.08	-1.214502256
30	10	2018	239.50476	25.90298	NaN	NaN	NaN	NaN	NaN	NaN	1.27
30	10	2018	239.50476	25.90298	28.52	34.286	416.82001	406	10.82001	2.95	1.274897827
18	10	1998	242.233	25.90500	NaN	NaN	NaN	NaN	NaN	NaN	3.67
18	10	1998	242.233	25.905	20.56	33.65	381.57001	364.4	17.17001	1.61	3.671235645
10	9	2015	246.06245	25.91360	NaN	NaN	NaN	NaN	NaN	NaN	9.12
10	9	2015	246.06245	25.9136	27.76	34.437	455.04001	381.75	73.29001	1.925	9.118176395
9	5	2016	246.8521	25.9151	18.759	33.8244	391.79999	396.39999	-4.6	3.85	-1.131741796
9	5	2016	246.85809	25.918	18.759	33.8233	392.32999	396.42999	-4.1	4.9	-1.008731604
9	5	2016	246.8591	25.9197	18.7167	33.8208	391.76999	396.5	-4.73001	4.9	-1.167661041
9	5	2016	246.86	25.9198	18.7256	33.8269	392.48999	396.70999	-4.22	2.925	-1.040993235
9	5	2016	246.8593	25.9198	18.7072	33.8206	391.95999	396.48999	-4.53	3.45	-1.11913087
9	5	2016	246.85941	25.9198	18.7042	33.8201	391.88	396.53	-4.65	0.05	-1.149053075
9	5	2016	246.8595	25.9199	18.7032	33.8219	391.97	396.53	-4.56	4.525	-1.126893258
9	5	2016	246.85941	25.9199	18.7049	33.8201	391.94	396.51001	-4.57001	0.7	-1.129224131
18	10	1998	242.226	25.92000	NaN	NaN	NaN	NaN	NaN	NaN	3.93
11	6	2007	246.86	25.92000	NaN	NaN	NaN	NaN	NaN	NaN	-13.02
9	5	2016	246.86	25.92000	NaN	NaN	NaN	NaN	NaN	NaN	-4
9	5	2016	246.8598	25.9201	18.7292	33.825	392.51001	396.62	-4.10999	3.875	-1.01357529
9	5	2016	246.8597	25.9201	18.7206	33.8253	392.47	396.69	-4.22	4.825	-1.041414298
9	5	2016	246.8597	25.9201	18.7357	33.8252	392.47	396.64999	-4.17999	6	-1.030305568
9	5	2016	246.8598	25.9201	18.7118	33.8219	392.17001	396.60001	-4.43	4.6	-1.094019698
9	5	2016	246.85989	25.9201	18.7064	33.8222	392.16	396.60001	-4.44001	4.85	-1.096960362
9	5	2016	246.85989	25.9201	18.7089	33.823	392.06	396.59	-4.53	5.9	-1.118967197
9	5	2016	246.8598	25.9201	18.7118	33.8232	392.01001	396.57999	-4.56998	6.25	-1.128581839
9	5	2016	246.85989	25.9202	18.7069	33.8216	392.22	396.57999	-4.35999	4.45	-1.077150696
9	5	2016	246.86099	25.9204	18.7305	33.8269	392.45999	396.66	-4.20001	3.425	-1.035659233
9	5	2016	246.86459	25.9221	18.7563	33.8266	393.10001	396.64001	-3.54	4.65	-0.871126686
24	5	2018	243.84804	25.92249	NaN	NaN	NaN	NaN	NaN	NaN	-2.64
24	5	2018	243.84804	25.92249	19.47	33.991	399.87	411.24	-11.37	0.425	-2.642623204
30	10	2018	239.45436	25.92252	NaN	NaN	NaN	NaN	NaN	NaN	0.9
30	10	2018	239.45436	25.92252	28.51	34.277	413.64001	406	7.64001	4.7	0.900890756
9	5	2016	246.8685	25.9246	18.7496	33.8265	393.13	396.70999	-3.57999	4.4	-0.881436309
9	5	2016	246.87421	25.9274	18.7626	33.8275	393.34	396.70999	-3.36999	5.325	-0.828872572
9	5	2016	246.8795	25.9302	18.7564	33.8267	393.32001	396.62	-3.29999	5.25	-0.812057964
9	5	2016	246.8849	25.933	18.7625	33.8246	393.66	396.60999	-2.94999	3.75	-0.725586296
18	10	1998	242.21899	25.93500	NaN	NaN	NaN	NaN	NaN	NaN	3.87
18	10	1998	242.21899	25.935	20.75	33.72	382.76001	364.4	18.36001	0.42	3.867136671
9	5	2016	246.8904	25.9359	18.7472	33.8221	394.22	396.66	-2.44	3.6	-0.600884005
9	5	2016	246.89571	25.9388	18.7218	33.8196	394.32999	396.73999	-2.41	2.875	-0.594700647
10	9	2015	246.04021	25.94157	NaN	NaN	NaN	NaN	NaN	NaN	8.83
10	9	2015	246.04021	25.94157	27.87	34.496	453	381.42999	71.57001	1.15	8.831141757
9	5	2016	246.90109	25.9417	18.7163	33.8173	394.88	396.70999	-1.82999	2.7	-0.451777286
30	10	2018	239.4039	25.94210	NaN	NaN	NaN	NaN	NaN	NaN	0.91
30	10	2018	239.4039	25.9421	28.54	34.277	413.70001	406	7.70001	5.15	0.906000718
9	5	2016	246.90649	25.9445	18.6901	33.8098	395.07001	396.70001	-1.63	2.275	-0.403257106
9	5	2016	246.9118	25.9475	18.6721	33.8056	395.64001	396.73999	-1.09998	2.625	-0.272526454
18	10	1998	242.211	25.95000	NaN	NaN	NaN	NaN	NaN	NaN	3.61
18	10	1998	242.211	25.95	21.01	33.82	381.89001	364.4	17.49001	1.17	3.609057802
9	5	2016	246.9176	25.9507	18.6598	33.8029	396.26001	396.75	-0.48999	4.15	-0.121518098
9	5	2016	246.9239	25.954	18.6331	33.8012	396.45999	396.76001	-0.30002	2.8	-0.074563938
24	5	2018	243.80856	25.95516	NaN	NaN	NaN	NaN	NaN	NaN	-2.75
24	5	2018	243.80856	25.95516	19.45	33.99	399.42999	411.24	-11.81001	1.25	-2.749219831
9	5	2016	246.93021	25.9573	18.604	33.7993	396.53	396.75	-0.22	1.975	-0.054803693
9	5	2016	246.9364	25.9606	18.588	33.7961	397.19	396.73001	0.45999	0.8	0.114734659
9	5	2016	246.94279	25.9639	18.5256	33.7925	397.07999	396.85999	0.22	2.6	0.05514834
9	5	2016	246.9492	25.967	18.4838	33.7874	397.51001	396.87	0.64001	2.2	0.160972759
10	9	2015	246.01904	25.96911	NaN	NaN	NaN	NaN	NaN	NaN	8.53
10	9	2015	246.01904	25.96911	27.84	34.488	450.81	381.82999	68.98001	0.625	8.530395963
9	5	2016	246.95531	25.9702	18.4745	33.7866	396.72	396.87	-0.15	1.425	-0.037755501
9	5	2016	246.9615	25.9733	18.5591	33.7965	395.78	396.85999	-1.07999	0.025	-0.269999847
9	5	2016	246.9677	25.9765	18.61	33.8035	395.39001	396.79999	-1.40998	3.05	-0.351062409
9	5	2016	246.9738	25.9798	18.6419	33.8081	395	396.78	-1.78	1.925	-0.44205957
9	5	2016	246.9799	25.983	18.6671	33.8122	394.92999	396.76001	-1.83002	0.775	-0.453564137
9	5	2016	246.9861	25.9863	18.6792	33.8144	394.84	396.76001	-1.92001	0.7	-0.475405782
24	5	2018	243.76933	25.98777	NaN	NaN	NaN	NaN	NaN	NaN	-2.76
24	5	2018	243.76933	25.98777	19.44	33.988	399.39001	411.24	-11.84999	1.525	-2.760720984
9	5	2016	246.9922	25.9895	18.6523	33.8147	394.54999	396.79001	-2.24002	0.975	-0.555827843
9	5	2016	246.99831	25.9929	18.6546	33.8144	394.72	396.78	-2.06	1.125	-0.511065862
9	5	2016	247.00439	25.9963	18.6466	33.8141	394.35999	396.73001	-2.37002	0.3	-0.588353491
10	9	2015	245.9975	25.99781	NaN	NaN	NaN	NaN	NaN	NaN	8.83
10	9	2015	245.9975	25.99781	27.67	34.4	452.26999	381.79999	70.47	2.7	8.826231415
9	5	2016	247.01041	25.9996	18.634	33.8143	394.38	396.78	-2.4	0.125	-0.596392278
9	5	2016	247.0173	26.0034	18.588	33.8115	395.01001	396.79999	-1.78998	1.75	-0.446439803
18	10	1998	242.183	26.00500	NaN	NaN	NaN	NaN	NaN	NaN	3.59
18	10	1998	242.183	26.005	20.97	33.8	381.72	364.4	17.32	0.75	3.585339608
9	5	2016	247.02341	26.0067	18.4852	33.8042	395.91	396.85001	-0.94001	0.425	-0.236382474
9	5	2016	247.0296	26.01	18.4092	33.7944	397.82001	396.84	0.98001	3.5	0.247949698
9	5	2016	247.0358	26.0133	18.2151	33.7836	398.89999	396.98001	1.91998	4	0.49338104
9	5	2016	247.0419	26.0165	18.1573	33.7688	400.84	397	3.84	1.275	0.991414521
9	5	2016	247.0482	26.0198	18.0342	33.7575	402	397.04999	4.95001	0.1	1.290730002
18	10	1998	242.175	26.02000	NaN	NaN	NaN	NaN	NaN	NaN	3.72
18	10	1998	242.175	26.02	21.01	33.81	382.42999	364.4	18.02999	1.49001	3.720654408
24	5	2018	243.73007	26.02032	NaN	NaN	NaN	NaN	NaN	NaN	-2.76
24	5	2018	243.73007	26.02032	19.46	33.995	399.38	411.24	-11.86	1.775	-2.758624011
9	5	2016	247.0544	26.0231	17.9696	33.7482	404.09	397.07999	7.01001	1.25	1.837457547
9	5	2016	247.0607	26.0264	17.804	33.738	405.41	397.20001	8.20999	0.275	2.1809239
10	9	2015	245.97594	26.02669	NaN	NaN	NaN	NaN	NaN	NaN	10.49
10	9	2015	245.97594	26.02669	27.31	34.169	463.79999	382.32001	81.47998	3.1	10.48645592
18	10	1998	242.16701	26.03500	NaN	NaN	NaN	NaN	NaN	NaN	3.98
18	10	1998	242.16701	26.035	21.04	33.83	383.72	364.4	19.32	0.72	3.977291281
7	5	2016	244.88879	26.0469	18.4432	33.577	396.20001	398.92001	-2.72	7.5	-0.687021405
18	10	1998	242.159	26.05000	NaN	NaN	NaN	NaN	NaN	NaN	4.04
18	10	1998	242.159	26.05	21.05	33.84	384.04999	364.4	19.64999	0.94	4.041924068
24	5	2018	243.69049	26.05326	NaN	NaN	NaN	NaN	NaN	NaN	-2.96
24	5	2018	243.69049	26.05326	19.64	34.056	398.34	411.24	-12.9	0.85	-2.95760158
7	5	2016	244.8857	26.0552	18.3982	33.5766	395.57999	398.95001	-3.37002	7.45	-0.854265306
10	9	2015	245.95441	26.05553	NaN	NaN	NaN	NaN	NaN	NaN	10.78
10	9	2015	245.95441	26.05553	27.22	34.116	466.09	382.89999	83.19001	3	10.77944734
7	5	2016	244.88271	26.0635	18.351	33.5769	395.03	398.89999	-3.86999	7	-0.984702147
9	5	2016	247.14301	26.0703	17.1237	33.9742	387.01001	397.54999	-10.53998	1.45	-2.954862521
7	5	2016	244.87959	26.0718	18.3478	33.5777	394.98999	398.91	-3.92001	4.6	-0.997680513
9	5	2016	247.1494	26.0735	17.2114	34.0033	374.51999	397.48001	-22.96002	0.325	-6.390231267
9	5	2016	247.1557	26.0767	17.1844	34.0211	367.85999	397.45001	-29.59002	1.2	-8.252861462
7	5	2016	244.8765	26.0802	18.3043	33.5783	394.67001	398.92001	-4.25	5.675	-1.08542605
9	5	2016	247.1628	26.0803	17.1633	34.0352	362.42001	397.48001	-35.06	0.125	-9.794586815
9	5	2016	247.1691	26.0836	17.0803	34.039	358.82999	397.56	-38.73001	2.575	-10.8928916
10	9	2015	245.93263	26.08507	NaN	NaN	NaN	NaN	NaN	NaN	10.56
10	9	2015	245.93263	26.08507	27.24	34.139	464.45999	382.84	81.61999	2.475	10.55955078
24	5	2018	243.65077	26.08603	NaN	NaN	NaN	NaN	NaN	NaN	-3.01
24	5	2018	243.65077	26.08603	19.82	34.098	397.94	411.24	-13.3	0.45	-3.006057663
9	5	2016	247.1754	26.0868	17.0461	34.0368	353.92001	397.51001	-43.59	1.775	-12.29405237
17	3	1993	244.164	26.087	16.99	33.18	350.42001	358.47	-8.04999	5.36	-2.29013304
7	5	2016	244.8732	26.0885	18.2825	33.5795	394.60001	398.94	-4.33999	7.8	-1.110334365
9	5	2016	247.1806	26.0899	17.0431	34.0313	351	397.45001	-46.45001	0.35	-13.10422637
11	6	2007	247.17999	26.09000	NaN	NaN	NaN	NaN	NaN	NaN	28.05
11	6	2007	247.17999	26.09000	NaN	NaN	NaN	NaN	NaN	NaN	16.86
11	6	2007	247.17999	26.09	15.9	34.115	476.7	386.1	90.56702271	2.31	28.05256746
11	6	2007	247.17999	26.09	16.1	34.125	441.5	386.1	55.35046997	3.93001	16.86243788
9	5	2016	247.18021	26.09050	NaN	NaN	NaN	NaN	NaN	NaN	-13.25
9	5	2016	247.18021	26.09050	NaN	NaN	NaN	NaN	NaN	NaN	-6.37
9	5	2016	247.18021	26.09050	NaN	NaN	NaN	NaN	NaN	NaN	-8.42
9	5	2016	247.18021	26.09050	NaN	NaN	NaN	NaN	NaN	NaN	-23.39
9	5	2016	247.18021	26.0905	16.6572	34.0115	381.6612854	403.53	-21.8687146	3.33	-6.367458366
9	5	2016	247.18021	26.0905	16.7031	34.0592	374.495575	403.53	-29.03442505	3.13	-8.420272275
9	5	2016	247.18021	26.0905	16.7616	34.0297	357.6239929	403.53	-45.90600708	3.58	-13.25154877
9	5	2016	247.17999	26.0905	16.9314	34.0298	347.70001	397.54001	-49.84	0.775	-14.18916909
9	5	2016	247.18021	26.0905	16.9935	34.069	320.9363098	403.53	-82.59369019	2.66	-23.39093812
9	5	2016	247.17999	26.0906	17.0095	34.0451	343.39001	397.48999	-54.09998	0.775	-15.30317881
9	5	2016	247.1801	26.0906	17.0076	34.0514	339.69	397.48001	-57.79001	0.775	-16.34900946
9	5	2016	247.18021	26.0907	17.0275	34.0548	336.89999	397.5	-60.60001	0.25	-17.11594597
9	5	2016	247.1803	26.0908	17.0415	34.0559	333.12	397.48999	-64.36999	0.775	-18.15994934
9	5	2016	247.1804	26.0909	17.0542	34.0559	331.28	397.45999	-66.17999	1.65	-18.651303
9	5	2016	247.1804	26.091	17.0578	34.055	330.37	397.44	-67.07	1.45	-18.89667839
9	5	2016	247.1805	26.0911	17.0233	34.0476	330.42001	397.45001	-67.03	0.5	-18.9391629
9	5	2016	247.18069	26.0911	17.1023	34.0498	329.28	397.41	-68.13	0.1	-19.12647045
9	5	2016	247.1805	26.0912	17.0211	34.0396	333.26999	397.39001	-64.12002	1.1	-18.1208903
9	5	2016	247.1805	26.0913	17.0675	34.0436	332.82001	397.37	-64.54999	0.875	-18.17332104
9	5	2016	247.1806	26.0914	17.0905	34.048	330.57001	397.35999	-66.78998	0.5	-18.76843611
9	5	2016	247.1825	26.0918	17.0993	34.0506	326.95001	397.39001	-70.44	2.975	-19.77971574
9	5	2016	247.18829	26.0947	17.1355	34.0398	326.73001	397.39001	-70.66	5.2	-19.78422431
7	5	2016	244.8699	26.0968	18.2769	33.582	394.89001	398.97	-4.07999	6.8	-1.044271237
9	5	2016	247.1947	26.0977	17.093	34.0042	332.44	397.35999	-64.91999	1.85	-18.24305533
9	5	2016	247.2011	26.1007	17.0516	33.9842	335.45999	397.34	-61.88001	0.625	-17.44910323
9	5	2016	247.2077	26.1037	16.9935	33.9533	343.23001	397.32001	-54.09	1.6	-15.32700584
7	5	2016	244.8665	26.1051	18.2889	33.5857	395.03	398.89999	-3.86999	7.025	-0.989555487
18	10	1998	242.13	26.10600	NaN	NaN	NaN	NaN	NaN	NaN	4.21
18	10	1998	242.13	26.106	21.07	33.86	384.89999	364.4	20.49999	1.09	4.209889315
9	5	2016	247.2151	26.1072	16.9316	33.9336	350.82001	397.35999	-46.53998	0.075	-13.25553705
9	5	2016	247.22169	26.1102	16.9133	33.9199	355.95999	397.32001	-41.36002	0.525	-11.79853561
7	5	2016	244.8632	26.1134	18.2891	33.5928	395.41	398.91	-3.5	8.25	-0.894904834
9	5	2016	247.2282	26.1134	16.8841	33.9152	358.91	397.35999	-38.44999	2.35	-10.99480286
10	9	2015	245.91013	26.11555	NaN	NaN	NaN	NaN	NaN	NaN	10.48
10	9	2015	245.91013	26.11555	27.33	34.141	464.35999	382.82999	81.53	2.35	10.47890184
9	5	2016	247.2347	26.1164	16.8792	33.9154	361	397.34	-36.34	0.85	-10.39559381
24	5	2018	243.61115	26.11902	NaN	NaN	NaN	NaN	NaN	NaN	-2.96
24	5	2018	243.61115	26.11902	19.8	34.079	398.14999	411.24	-13.09001	0.175	-2.963489056
9	5	2016	247.2413	26.1194	16.8595	33.9092	363.47	397.35999	-33.88999	0.55	-9.710613222
7	5	2016	244.8598	26.1218	18.325	33.6098	395.89001	398.89001	-3	7.625	-0.764804012
9	5	2016	247.24789	26.1224	16.9114	33.9404	361.07001	397.31	-36.23999	0.425	-10.33856439
9	5	2016	247.25439	26.1253	16.9289	34.0315	356.62	397.26999	-40.64999	1.025	-11.57508907
9	5	2016	247.2608	26.1283	16.9346	34.0613	356.07999	397.22	-41.14001	1.225	-11.70751732
7	5	2016	244.85651	26.1301	18.4323	33.6359	396.70999	398.82999	-2.12	8.35	-0.535789109
9	5	2016	247.2673	26.1312	16.9156	34.0739	356.59	397.22	-40.63	1.95	-11.57960376
9	5	2016	247.2738	26.1343	16.9512	34.084	356.09	397.20999	-41.11999	0.025	-11.68473723
9	5	2016	247.2803	26.1373	16.9373	34.0906	355.16	397.19	-42.03	1.13249E-06	-11.95648581
7	5	2016	244.8531	26.1384	18.451	33.6398	397.20999	398.82001	-1.61002	6.6	-0.406288038
9	5	2016	247.2868	26.1402	16.8888	34.0947	356.20999	397.20999	-41	0.55	-11.70945364
9	5	2016	247.2933	26.1433	16.8775	34.0968	358.29999	397.19	-38.89001	0.15	-11.11697758
10	9	2015	245.88773	26.14563	NaN	NaN	NaN	NaN	NaN	NaN	10.16
10	9	2015	245.88773	26.14563	27.36	34.182	462.23001	383	79.23001	4.725	10.15925722
9	5	2016	247.2997	26.1463	16.8547	34.1	361.69	397.17001	-35.48001	1.4	-10.16093273
7	5	2016	244.84959	26.1467	18.4899	33.6343	397.84	398.82999	-0.98999	6.3	-0.249057106
9	5	2016	247.3063	26.1494	16.8344	34.1045	369.03	397.14999	-28.11999	0.05	-8.066314295
24	5	2018	243.57162	26.15217	NaN	NaN	NaN	NaN	NaN	NaN	-3
24	5	2018	243.57162	26.15217	19.68	34.049	398.12	411.24	-13.12	0.55	-2.998726876
9	5	2016	247.31281	26.1526	16.804	34.1061	375.10001	397.13	-22.02999	0.15	-6.335031873
7	5	2016	244.8461	26.1551	18.4523	33.6176	397.76999	398.82999	-1.06	4.1	-0.26749096
9	5	2016	247.3194	26.1557	16.788	34.1154	384.57001	397.14001	-12.57	0.6	-3.619245023
9	5	2016	247.3261	26.1588	16.7317	34.1231	396.67999	397.14999	-0.47	1	-0.135944786
9	5	2016	247.3329	26.1617	16.7289	34.134	408.87	397.12	11.75	0.725	3.399220695
7	5	2016	244.84261	26.1635	18.3549	33.5935	397.70001	398.89001	-1.19	2.5	-0.302672392
9	5	2016	247.33949	26.1651	16.6073	34.1418	437.70999	397.17001	40.53998	0.925	11.84486899
9	5	2016	247.34621	26.1684	16.7217	34.1049	439.16	397.07999	42.08001	2.55	12.1824139
9	5	2016	247.35291	26.1716	16.7628	34.08	415.88	397.03	18.85	0.175	5.439532334
7	5	2016	244.8391	26.1718	18.308	33.5663	398.35999	398.89001	-0.53002	3.55	-0.135331798
9	5	2016	247.35851	26.1742	16.7743	34.0366	405.85001	397.01001	8.84	0.175	2.549085603
10	9	2015	245.86508	26.17590	NaN	NaN	NaN	NaN	NaN	NaN	9.53
10	9	2015	245.86508	26.1759	27.47	34.264	457.88	382.95001	74.92999	2.625	9.527889987
9	5	2016	247.3633	26.1765	16.7945	34.0045	402.91	396.95999	5.95001	0.625	1.713167428
9	5	2016	247.3685	26.1789	16.8217	34.0014	393.94	396.92999	-2.98999	1.825	-0.859001027
9	5	2016	247.36929	26.179	16.9851	34.0002	355.70001	396.31	-40.60999	1.7	-11.5125935
9	5	2016	247.3692	26.179	16.9842	33.9992	354.39999	396.28	-41.88001	0.425	-11.87356039
9	5	2016	247.3694	26.1791	16.9733	34.0022	357.60999	396.34	-38.73001	2.6	-10.99008665
9	5	2016	247.3696	26.1792	16.977	34.0045	360.37	396.35001	-35.98001	0.55	-10.20655426
9	5	2016	247.3698	26.1793	16.9636	34.0068	362.34	396.38	-34.04	0.475	-9.666665123
9	5	2016	247.37	26.1794	16.9563	34.0083	364.23001	396.39001	-32.16	0.875	-9.138150991
9	5	2016	247.3703	26.1795	16.9332	34.0097	365.85001	396.39999	-30.54998	2.575	-8.69696632
9	5	2016	247.37061	26.1797	16.9363	34.0103	366.42001	396.45001	-30.03	3.7	-8.546754452
9	5	2016	247.3663	26.1797	16.9923	33.9966	353.82001	396.25	-42.42999	2.15	-12.02170447
9	5	2016	247.37061	26.18	16.8657	34.0105	382.51001	396.60001	-14.09	1.15	-4.033263216
9	5	2016	247.37061	26.1801	16.7539	34.0138	401.37	396.70999	4.66001	0.55	1.346139982
9	5	2016	247.3705	26.1801	16.7987	34.0113	395.47	396.69	-1.22	0.375	-0.351138842
9	5	2016	247.3705	26.1801	16.7101	34.027	394.32999	396.73999	-2.41	1.2	-0.69863145
9	5	2016	247.37061	26.1801	16.8299	34.0103	389.85001	396.64999	-6.79998	0.625	-1.952191489
7	5	2016	244.83569	26.1802	18.2426	33.5466	398.23001	398.89001	-0.66	3.2	-0.169418628
9	5	2016	247.3705	26.1802	16.8536	34.0188	386.64999	396.69	-10.04001	1.05	-2.876678142
9	5	2016	247.3705	26.1803	16.7879	34.0203	391.35001	396.73001	-5.38	1.05	-1.549764616
9	5	2016	247.3699	26.1803	16.7902	34.0093	389.76999	396.85999	-7.09	1.2	-2.042071399
9	5	2016	247.3705	26.18050	NaN	NaN	NaN	NaN	NaN	NaN	-7.94
9	5	2016	247.3705	26.1805	16.7114	34.028	376.1533203	403.53	-27.37667969	4.90001	-7.935304904
9	5	2016	247.3703	26.1807	16.7991	34.0192	385.85999	396.84	-10.98001	0.75	-3.160030028
9	5	2016	247.37041	26.1807	16.8288	34.0256	380.01999	396.81	-16.79001	0.475	-4.820288282
9	5	2016	247.37041	26.1808	16.8102	34.0238	382.67001	396.82001	-14.15	1	-4.068569309
9	5	2016	247.3611	26.181	16.993	33.9947	353.66	396.17001	-42.51001	4.425	-12.04379919
9	5	2016	247.3551	26.1824	16.9771	33.9934	356.75	396.12	-39.37	2.75	-11.16870277
9	5	2016	247.3492	26.1837	16.8363	33.9994	362.60999	396.20999	-33.6	0.225	-9.641614827
9	5	2016	247.3432	26.1848	16.8305	34.0406	363.5	396.19	-32.69	2.1	-9.383084246
24	5	2018	243.53239	26.18573	19.64	34.041	398.10001	411.24	-13.13999	0.575	-3.012835593
9	5	2016	247.3364	26.1861	16.7654	34.0723	366.51001	396.17001	-29.66	2.525	-8.557463617
9	5	2016	247.32809	26.1875	16.8081	34.0918	374.17001	396.19	-22.01999	2.475	-6.330468831
7	5	2016	244.8322	26.1886	18.2627	33.5419	398.45001	398.87	-0.41999	1.325	-0.10763863
9	5	2016	247.31931	26.189	16.7413	34.0867	377.01999	396.10999	-19.09	2	-5.518300283
9	5	2016	247.3105	26.1906	16.5714	34.1036	399.37	396.20999	3.16001	3.9	0.926172549
9	5	2016	247.3017	26.1922	16.6752	34.1455	451.10999	396.16	54.94999	1.05	15.9658717
9	5	2016	247.293	26.1937	16.6328	34.1517	460.19	396.13	64.06	0.425	18.67696126
9	5	2016	247.2843	26.1952	16.7113	34.1395	463.06	396.09	66.97	1.75	19.40150179
20	6	2018	243.99083	26.19531	NaN	NaN	NaN	NaN	NaN	NaN	-0.79
20	6	2018	243.99083	26.19531	19.94	34.119	407.23999	410.79	-3.55001	2.325	-0.794806519
9	5	2016	247.2756	26.1967	16.7701	34.123	450.47	396	54.47	0.975	15.70577473
7	5	2016	244.8289	26.197	18.2456	33.5404	398.32001	398.85001	-0.53	1.5	-0.136019656
9	5	2016	247.2657	26.1985	16.7927	34.1081	433.51999	396.04001	37.47998	2.525	10.78774028
9	5	2016	247.2569	26.2001	16.7435	34.1039	424.54999	395.92999	28.62	2.125	8.270947342
9	5	2016	247.24809	26.2015	16.7251	34.0979	423.06	396.06	27	2.675	7.814749759
9	5	2016	247.2394	26.203	16.9241	34.0758	414.54001	395.88	18.66001	0.775	5.314395912
9	5	2016	247.2307	26.2045	16.9353	34.0673	399.76999	395.87	3.89999	0.575	1.109753965
7	5	2016	244.8255	26.2053	18.2413	33.5416	398.57999	398.87	-0.29001	3.575	-0.07445358
10	9	2015	245.84288	26.20571	NaN	NaN	NaN	NaN	NaN	NaN	8.98
10	9	2015	245.84288	26.20571	27.54	34.335	453.95001	382.94	71.01001	6.1	8.980817551
9	5	2016	247.222	26.2062	16.9815	34.0593	393.34	395.92001	-2.58001	1	-0.731419635
9	5	2016	247.21339	26.2079	17.0673	34.0516	385.45999	395.82001	-10.36002	1.075	-2.91668294
9	5	2016	247.2047	26.2096	17.1642	34.0515	367.72	395.79001	-28.07001	2.6	-7.840636571
9	5	2016	247.19591	26.2114	17.1935	34.0552	354.39999	395.70001	-41.30002	2.15	-11.50848678
9	5	2016	247.18719	26.213	17.2126	34.0573	344.03	395.72	-51.69	1.625	-14.38125934
7	5	2016	244.8222	26.2137	18.2491	33.5445	399.14999	398.88	0.26999	7.7	0.069269744
9	5	2016	247.1785	26.2145	17.2642	34.0535	333.92001	395.79001	-61.87	2.325	-17.14196267
9	5	2016	247.16969	26.2162	17.3226	34.0491	326.76999	395.64999	-68.88	2.65	-18.99446238
9	5	2016	247.1609	26.2177	17.3354	34.0447	323.39001	395.64999	-72.25998	3.275	-19.90629709
24	5	2018	243.49277	26.21876	NaN	NaN	NaN	NaN	NaN	NaN	-2.87
24	5	2018	243.49277	26.21876	19.64	34.039	398.70999	411.24	-12.53001	0.975	-2.873001646
9	5	2016	247.15199	26.2191	17.4132	34.0367	322.82999	395.63	-72.80001	2.025	-19.92991385
9	5	2016	247.1432	26.2206	17.4356	34.0268	327.37	395.60001	-68.23001	1.4	-18.64588229
7	5	2016	244.81889	26.222	18.3063	33.5457	399.76001	398.88	0.88001	4.325	0.224748292
9	5	2016	247.1344	26.2221	17.4612	34.0158	340.04999	395.57001	-55.52002	1.35	-15.1419152
9	5	2016	247.1256	26.2236	17.4761	34.0059	351.39999	395.51999	-44.12	3.1	-12.01888096
9	5	2016	247.1167	26.2252	17.4807	33.9974	361.42999	395.54001	-34.11002	1.475	-9.288948882
9	5	2016	247.108	26.2269	17.4801	33.9916	368.73001	395.54001	-26.81	0.65	-7.301539522
9	5	2016	247.0992	26.2288	17.4986	33.9865	375.32001	395.5	-20.17999	0.05	-5.487819422
20	6	2018	243.94772	26.22887	NaN	NaN	NaN	NaN	NaN	NaN	-0.94
20	6	2018	243.94772	26.22887	19.71	34.028	406.64999	410.79	-4.14001	2.275	-0.944118958
7	5	2016	244.8154	26.2304	18.3397	33.5456	400.07001	398.84	1.23001	6.75	0.313299377
9	5	2016	247.09039	26.2306	17.5	33.9846	379.73999	395.44	-15.70001	0.425	-4.269073054
9	5	2016	247.0817	26.2325	17.5186	33.9815	388.35999	395.44	-7.08001	0.375	-1.922300706
29	10	2018	238.59428	26.23346	NaN	NaN	NaN	NaN	NaN	NaN	1.51
29	10	2018	238.59428	26.23346	28.61	34.266	418.89999	406	12.89999	2.3	1.510262231
9	5	2016	247.07291	26.2342	17.5126	33.9784	399.25	395.42001	3.82999	0.75	1.040403932
9	5	2016	247.0641	26.2356	17.5241	33.9723	414.60999	395.42999	19.18	1.325	5.20549574
10	9	2015	245.81978	26.23639	NaN	NaN	NaN	NaN	NaN	NaN	8.79
10	9	2015	245.81978	26.23639	27.61	34.353	452.60999	382.78	69.82999	4.9	8.786071232
20	6	2018	243.8623	26.29503	NaN	NaN	NaN	NaN	NaN	NaN	-1.41
20	6	2018	243.8623	26.29503	19.61	33.975	404.64999	410.79	-6.14001	2.35	-1.411577537
10	5	2016	246.72971	26.2955	17.4643	33.765	441.32999	395.13	46.19999	1.125	12.61193611
10	5	2016	246.72121	26.297	17.4128	33.761	436.28	395.23001	41.04999	0.625	11.25304915
10	9	2015	245.77432	26.29704	NaN	NaN	NaN	NaN	NaN	NaN	8.97
10	9	2015	245.77432	26.29704	27.42	34.382	452.79999	382.51001	70.28998	4.65	8.965844441
10	5	2016	246.7126	26.2983	17.502	33.7597	434.23999	395.19	39.04999	1.15	10.62792194
7	5	2016	244.7868	26.2987	18.451	33.5589	400.94	398.72	2.22	3.7	0.560430087
10	5	2016	246.7039	26.2995	17.436	33.7658	432.35999	395.23001	37.12998	4.05	10.15913789
10	5	2016	246.6953	26.3011	17.4951	33.7679	433.35001	395.17999	38.17002	2.65	10.39381674
10	5	2016	246.6868	26.3028	17.4408	33.771	432.44	395.23999	37.20001	0.3	10.17409658
10	5	2016	246.67821	26.3044	17.3607	33.7698	430.56	395.22	35.34	1.4	9.728302495
10	5	2016	246.66949	26.306	17.3901	33.7629	428.32999	395.26999	33.06	2.175	9.07933226
7	5	2016	244.7834	26.3073	18.4969	33.5602	401.5	398.67999	2.82001	2.55	0.709297431
10	5	2016	246.661	26.3076	17.7012	33.75	428.39999	395.06	33.33999	3.55	8.929615243
29	10	2018	238.39337	26.30912	NaN	NaN	NaN	NaN	NaN	NaN	1.51
29	10	2018	238.39337	26.30912	28.57	34.311	418.87	406	12.87	1.8	1.510815953
10	5	2016	246.6524	26.3092	17.8197	33.7485	425.45999	395.01001	30.44998	3.65	8.078204851
10	5	2016	246.64259	26.311	17.8364	33.7409	421.5	395	26.5	2.225	7.021116044
10	5	2016	246.63409	26.3126	17.8276	33.7274	418.29001	395.07999	23.21002	4.5	6.154189691
10	5	2016	246.6257	26.3141	17.8566	33.7201	415.76999	395.01001	20.75998	4.85	5.491926944
10	5	2016	246.61729	26.3156	18.0013	33.7138	413.92001	394.98001	18.94	5.625	4.952732424
7	5	2016	244.78	26.3157	18.5193	33.5606	401.34	398.63	2.71	1.55	0.680411407
10	5	2016	246.6088	26.3172	18.0278	33.7157	410.14999	394.92001	15.22998	3.325	3.974087195
24	5	2018	243.3735	26.31837	NaN	NaN	NaN	NaN	NaN	NaN	-2.91
24	5	2018	243.3735	26.31837	19.55	34.015	398.62	411.24	-12.62	1.2	-2.914457131
10	5	2016	246.6003	26.3188	17.9939	33.7134	407.03	394.92999	12.10001	5.8	3.165987746
10	5	2016	246.59171	26.3203	17.9919	33.7104	405.10001	395.01001	10.09	3.575	2.640526375
10	5	2016	246.5833	26.3218	18.1474	33.7106	405.60001	394.91	10.69001	1.9	2.762903618
10	5	2016	246.5748	26.3233	18.2552	33.7217	405.22	394.89001	10.32999	3.475	2.646796692
7	5	2016	244.7765	26.3242	18.5231	33.5619	401.29001	398.63	2.66001	1	0.667654096
10	5	2016	246.5663	26.3249	18.2695	33.7321	403.85999	394.81	9.04999	1.7	2.316067525
10	5	2016	246.5578	26.3265	18.3145	33.7369	403.20999	394.92001	8.28998	4.4	2.113906941
10	9	2015	245.75261	26.32663	NaN	NaN	NaN	NaN	NaN	NaN	8.72
10	9	2015	245.75261	26.32663	27.36	34.434	450.35001	382.29999	68.05002	6.1	8.716134818
10	5	2016	246.54919	26.3281	18.3757	33.7415	402.92999	394.84	8.08999	3.2	2.05281474
29	10	2018	238.34322	26.32820	NaN	NaN	NaN	NaN	NaN	NaN	1.51
29	10	2018	238.34322	26.3282	28.58	34.353	418.91	406	12.91	0.825	1.514144462
20	6	2018	243.81917	26.32829	NaN	NaN	NaN	NaN	NaN	NaN	-1.4
20	6	2018	243.81917	26.32829	19.57	33.956	404.70001	410.79	-6.08999	0.975	-1.404601818
10	5	2016	246.5407	26.3296	18.3745	33.745	402.01999	394.76001	7.25998	4.225	1.842347705
10	5	2016	246.5322	26.3312	18.427	33.7444	402.29999	394.81	7.48999	2.35	1.892781425
7	5	2016	244.7729	26.3326	18.5257	33.5637	401.64001	398.62	3.02001	2.275	0.757849649
10	5	2016	246.52361	26.3328	18.4216	33.7427	401.26001	394.79999	6.46002	1.5	1.633215609
10	5	2016	246.515	26.3343	18.4034	33.7396	400.20999	394.81	5.39999	2.95	1.367222388
10	5	2016	246.5065	26.3357	18.4178	33.7387	399.47	394.82999	4.64001	3.325	1.173460124
10	5	2016	246.498	26.3371	18.4546	33.7394	399.47	394.85001	4.61999	3.225	1.164971266
10	5	2016	246.4895	26.3384	18.4801	33.7416	399.73001	394.79999	4.93002	3.675	1.240612301
10	5	2016	246.481	26.3398	18.5155	33.7384	399.95999	394.82001	5.13998	3.05	1.289825974
7	5	2016	244.76939	26.341	18.5488	33.5643	401.85001	398.60001	3.25	3.375	0.814063547
10	5	2016	246.4725	26.3412	18.5171	33.7362	399.29001	394.82001	4.47	2.325	1.121570033
10	5	2016	246.464	26.3428	18.5357	33.7368	398.42999	394.76999	3.66	4.45	0.916971284
10	5	2016	246.45551	26.3446	18.5575	33.7371	397.85001	394.81	3.04001	5.05	0.760318656
29	10	2018	238.2923	26.34611	NaN	NaN	NaN	NaN	NaN	NaN	1.45
29	10	2018	238.2923	26.34611	28.55	34.313	418.29999	406	12.29999	1.275	1.445976297
10	5	2016	246.4469	26.3463	18.5423	33.7384	397.19	394.84	2.35	5.9	0.588452102
10	5	2016	246.4371	26.3483	18.5437	33.7395	396.37	394.78	1.59	4.725	0.398097769
7	5	2016	244.7661	26.3494	18.5589	33.565	401.73001	398.57001	3.16	2.3	0.790881748
10	5	2016	246.4286	26.3501	18.5654	33.7401	396.25	394.76001	1.48999	3.65	0.372413046
10	5	2016	246.42	26.3517	18.5707	33.741	396.26001	394.85001	1.41	3.45	0.352270027
24	5	2018	243.33461	26.35181	NaN	NaN	NaN	NaN	NaN	NaN	-3.07
24	5	2018	243.33461	26.35181	19.57	34.026	397.91	411.24	-13.33	1.325	-3.073439484
10	5	2016	246.41141	26.3532	18.5673	33.7423	395.95001	394.82001	1.13	3.4	0.282390335
10	5	2016	246.40269	26.3548	18.5614	33.7444	395.54999	394.76999	0.78	4.025	0.195013888
10	5	2016	246.3941	26.3563	18.5442	33.7474	395.13	394.85001	0.27999	3.95	0.070097364
10	9	2015	245.73123	26.35676	NaN	NaN	NaN	NaN	NaN	NaN	8.8
10	9	2015	245.73123	26.35676	27.3	34.422	450.62	382.19	68.43	5.425	8.803631831
10	5	2016	246.38541	26.3575	18.5561	33.7489	394.95001	394.81	0.14001	2.625	0.035019014
7	5	2016	244.7627	26.3579	18.5463	33.5659	401.89001	398.60001	3.29	1.15	0.824240547
10	5	2016	246.3766	26.3588	18.5635	33.7487	394.88	394.85999	0.02001	3.075	0.005001919
10	5	2016	246.368	26.3601	18.5621	33.7495	394.78	394.85001	-0.07001	2.65	-0.017502351
20	6	2018	243.77631	26.36145	NaN	NaN	NaN	NaN	NaN	NaN	-1.34
20	6	2018	243.77631	26.36145	19.43	33.933	405.06	410.79	-5.73	0.9	-1.336325523
10	5	2016	246.35941	26.3616	18.5564	33.7485	394.53	394.84	-0.31	2.7	-0.07753486
10	5	2016	246.35069	26.363	18.5821	33.7474	394.78	394.81	-0.03	3.025	-0.007488088
29	10	2018	238.24142	26.36410	NaN	NaN	NaN	NaN	NaN	NaN	1.51
29	10	2018	238.24142	26.3641	28.53	34.346	418.85999	406	12.85999	2.45	1.513779526
10	5	2016	246.342	26.3649	18.5831	33.7495	394.76999	394.79999	-0.03	2.775	-0.007487418
7	5	2016	244.75929	26.3663	18.566	33.5664	401.67001	398.54999	3.12002	0.8	0.780429444
10	5	2016	246.3333	26.3668	18.5756	33.7519	394.76999	394.76999	0	4.175	0
10	5	2016	246.3251	26.3703	18.5788	33.7532	394.41	394.82999	-0.41999	5.275	-0.104855387
10	5	2016	246.3167	26.3733	18.5771	33.7551	394.16	394.89001	-0.73001	5.475	-0.182278498
7	5	2016	244.7558	26.3747	18.565	33.5661	401.47	398.51999	2.95001	4.575	0.73796357
10	5	2016	246.3084	26.3764	18.5705	33.757	393.85001	394.85001	-1	3.525	-0.249822039
10	5	2016	246.3	26.3795	18.584	33.7599	393.60999	394.82999	-1.22	3.475	-0.304451626
29	10	2018	238.1904	26.38201	NaN	NaN	NaN	NaN	NaN	NaN	1.61
29	10	2018	238.1904	26.38201	28.51	34.361	419.62	406	13.62	0.45	1.605455875
10	5	2016	246.2917	26.3826	18.5896	33.7618	393.79999	394.87	-1.07001	2.575	-0.266900259
7	5	2016	244.7524	26.3831	18.5471	33.5661	401.13	398.51001	2.61999	3.675	0.656341177
24	5	2018	243.29552	26.38534	NaN	NaN	NaN	NaN	NaN	NaN	-3.12
24	5	2018	243.29552	26.38534	19.6	34.04	397.67999	411.24	-13.56001	1.825	-3.118920161
10	5	2016	246.28329	26.3857	18.59	33.7614	393.45999	394.88	-1.42001	2.15	-0.354192666
10	9	2015	245.70868	26.38808	NaN	NaN	NaN	NaN	NaN	NaN	8.52
10	9	2015	245.70868	26.38808	27.35	34.437	448.63	382.17001	66.45999	5.2	8.518563864
10	5	2016	246.27521	26.3892	18.5779	33.7602	393.13	394.89001	-1.76001	3.275	-0.439423923
7	5	2016	244.7489	26.3914	18.4947	33.5659	400.76999	398.53	2.23999	0.725	0.563492629
10	5	2016	246.2672	26.3927	18.5576	33.7586	393.10999	394.91	-1.80001	2.1	-0.450140507
20	6	2018	243.73364	26.39461	NaN	NaN	NaN	NaN	NaN	NaN	-1.49
20	6	2018	243.73364	26.39461	19.36	33.906	404.42999	410.79	-6.36001	0.525	-1.491629243
10	5	2016	246.25909	26.3962	18.5476	33.7585	392.73999	394.95001	-2.21002	2.325	-0.553114636
10	5	2016	246.2509	26.3997	18.5415	33.7583	392.73999	394.97	-2.23001	1.175	-0.558389168
7	5	2016	244.7455	26.3998	18.4891	33.5653	401.25	398.48999	2.76001	3.05	0.694620738
29	10	2018	238.13907	26.40006	NaN	NaN	NaN	NaN	NaN	NaN	1.53
29	10	2018	238.13907	26.40006	28.54	34.29	418.98001	406	12.98001	2.45	1.527172164
10	5	2016	246.2429	26.4031	18.5336	33.7588	392.37	394.92001	-2.55001	0.95	-0.638916477
10	5	2016	246.2336	26.4071	18.5417	33.7596	392.64001	394.97	-2.32999	2.375	-0.58341106
7	5	2016	244.7421	26.4081	18.4798	33.5662	401.31	398.5	2.81	4.2	0.707722955
10	5	2016	246.22549	26.4105	18.5382	33.7591	392.62	395	-2.38	3.375	-0.596100588
10	5	2016	246.2173	26.4139	18.5509	33.7592	392.73999	395.01001	-2.27002	2.8	-0.567980147
7	5	2016	244.73869	26.4164	18.5062	33.5662	402.16	398.44	3.72	5.55	0.934946492
10	5	2016	246.2092	26.4173	18.5734	33.7592	392.97	394.98999	-2.01999	1.975	-0.50451639
29	10	2018	238.08765	26.41807	NaN	NaN	NaN	NaN	NaN	NaN	1.56
29	10	2018	238.08765	26.41807	28.56	34.268	419.29999	406	13.29999	2.675	1.56270924
24	5	2018	243.25613	26.41868	NaN	NaN	NaN	NaN	NaN	NaN	-3.24
24	5	2018	243.25613	26.41868	19.59	34.042	397.17001	411.24	-14.06999	0.1	-3.238728516
10	9	2015	245.68596	26.41915	NaN	NaN	NaN	NaN	NaN	NaN	7.67
10	9	2015	245.68596	26.41915	27.28	34.463	441.70001	382.17999	59.52002	2.525	7.667138151
7	5	2016	244.73531	26.4247	18.5359	33.5648	402.29001	398.42001	3.87	4.4	0.970355274
20	6	2018	243.69101	26.42763	NaN	NaN	NaN	NaN	NaN	NaN	-1.5
20	6	2018	243.69101	26.42763	19.43	33.916	404.38	410.79	-6.41	0.5	-1.495031098
7	5	2016	244.7319	26.4332	18.5491	33.5626	402.32999	398.41	3.91999	4.475	0.981867799
29	10	2018	238.0363	26.43607	NaN	NaN	NaN	NaN	NaN	NaN	1.45
29	10	2018	238.0363	26.43607	28.55	34.318	418.37	406	12.37	0.3	1.454175347
7	5	2016	244.7281	26.4428	18.5442	33.5596	402.20001	398.45001	3.75	2.525	0.939668832
10	9	2015	245.6637	26.44934	NaN	NaN	NaN	NaN	NaN	NaN	7.32
10	9	2015	245.6637	26.44934	27.05	34.482	438.22	382.32999	55.89001	2.15	7.320620845
7	5	2016	244.72479	26.4512	18.534	33.5569	402.01999	398.51001	3.50998	2.75	0.880250535
24	5	2018	243.21629	26.45183	NaN	NaN	NaN	NaN	NaN	NaN	-2.95
24	5	2018	243.21629	26.45183	19.57	34.032	398.45999	411.24	-12.78001	0.825	-2.946548053
29	10	2018	237.98476	26.45406	NaN	NaN	NaN	NaN	NaN	NaN	1.43
29	10	2018	237.98476	26.45406	28.55	34.307	418.20001	406	12.20001	1.6	1.434259738
7	5	2016	244.7215	26.4596	18.5323	33.5545	401.79001	398.48001	3.31	1.825	0.830220265
20	6	2018	243.64851	26.46054	NaN	NaN	NaN	NaN	NaN	NaN	-1.32
20	6	2018	243.64851	26.46054	19.42	33.902	405.12	410.79	-5.67	0.9	-1.323564422
10	5	2016	246.1019	26.4621	18.6941	33.789	393.23999	395.03	-1.79001	2.975	-0.442745808
10	5	2016	246.0937	26.4654	18.6724	33.7864	393.26999	395.07999	-1.81	4.275	-0.448467899
17	3	1993	244.01401	26.467	17.186	33.217	353.54999	358.47	-4.92001	4.90001	-1.377309449
7	5	2016	244.71831	26.4681	18.5096	33.5524	401.38	398.51001	2.86999	5.175	0.72116539
10	5	2016	246.0854	26.4688	18.6403	33.785	392.91	395.14001	-2.23001	4.3	-0.553949366
10	5	2016	246.07719	26.4721	18.6241	33.7843	392.63	395.14999	-2.51999	1.3	-0.626790897
29	10	2018	237.93338	26.47259	NaN	NaN	NaN	NaN	NaN	NaN	1.46
29	10	2018	237.93338	26.47259	28.6	34.307	418.48001	406	12.48001	1.325	1.461890602
10	5	2016	246.06911	26.4754	18.6323	33.785	392.64001	395.16	-2.51999	1.525	-0.62638045
7	5	2016	244.7151	26.4766	18.4756	33.5512	401.17001	398.53	2.64001	7.525	0.665179042
10	9	2015	245.64238	26.47817	NaN	NaN	NaN	NaN	NaN	NaN	7.41
10	9	2015	245.64238	26.47817	26.97	34.491	438.62	382.39999	56.22001	2.15	7.406656355
10	5	2016	246.0609	26.4787	18.6256	33.7839	392.56	395.10999	-2.54999	1.875	-0.6341783
10	5	2016	246.0526	26.482	18.6194	33.7793	392.42999	395.20001	-2.77002	1.025	-0.689253926
24	5	2018	243.17621	26.48443	NaN	NaN	NaN	NaN	NaN	NaN	-2.59
24	5	2018	243.17621	26.48443	19.51	34.012	400.04999	411.24	-11.19001	1.775	-2.592378227
7	5	2016	244.71181	26.4851	18.439	33.5494	401.20001	398.57001	2.63	6.3	0.664598
10	5	2016	246.0444	26.4854	18.605	33.7757	392.73999	395.22	-2.48001	1	-0.617809135
10	5	2016	246.0351	26.4892	18.56	33.7664	392.63	395.29999	-2.66999	5.375	-0.667550188
3	3	2016	-115.7013333	26.48987	NaN	NaN	NaN	NaN	NaN	NaN	-8.43
3	3	2016	-115.7013333	26.48986667	19.84	34.381	367.4768646	404.87	-37.3931354	6.35	-8.427236487
29	10	2018	237.88222	26.49157	NaN	NaN	NaN	NaN	NaN	NaN	1.33
29	10	2018	237.88222	26.49157	28.61	34.307	417.34	406	11.34	2.75	1.327393004
10	5	2016	246.02699	26.4924	18.5245	33.7529	393.42001	395.38	-1.95999	3.925	-0.491453811
20	6	2018	243.60622	26.49349	NaN	NaN	NaN	NaN	NaN	NaN	-1.35
20	6	2018	243.60622	26.49349	19.82	34.013	404.84	410.79	-5.95	0.15	-1.34534873
7	5	2016	244.7086	26.4936	18.4271	33.5464	401.04001	398.56	2.48001	7.25	0.62729933
10	5	2016	246.0188	26.4956	18.5042	33.7382	394.79999	395.35001	-0.55002	3.3	-0.138146317
10	5	2016	246.0107	26.4989	18.4697	33.7296	395.97	395.44	0.53	2.125	0.133489663
3	3	2016	-115.7047167	26.50138	NaN	NaN	NaN	NaN	NaN	NaN	-8.33
3	3	2016	-115.7047167	26.50138333	19.8	34.362	368.0448446	404.87	-36.8251554	0.975	-8.325961218
10	5	2016	246.0025	26.502	18.5151	33.7293	397.56	395.42999	2.13001	2.2	0.534544409
7	5	2016	244.70551	26.5021	18.4302	33.5446	401.10001	398.54001	2.56	5.15	0.647377676
10	5	2016	245.9942	26.5052	18.5581	33.7327	398.31	395.42001	2.88999	2	0.722778537
10	9	2015	245.62085	26.50646	NaN	NaN	NaN	NaN	NaN	NaN	8.01
10	9	2015	245.62085	26.50646	26.62	34.379	441.95999	382.73999	59.22	5.35	8.007894126
10	5	2016	245.98579	26.5083	18.5749	33.737	398.51001	395.51001	3	2.725	0.749274451
29	10	2018	237.83119	26.51036	NaN	NaN	NaN	NaN	NaN	NaN	1.21
29	10	2018	237.83119	26.51036	28.63	34.232	416.32001	406	10.32001	1.1	1.206645378
7	5	2016	244.7023	26.5105	18.4405	33.5394	400.82001	398.54999	2.27002	4.525	0.57358994
10	5	2016	245.9774	26.5115	18.5938	33.742	398.29999	395.42999	2.87	3.925	0.715712349
3	3	2016	-115.7079833	26.51253	NaN	NaN	NaN	NaN	NaN	NaN	-8.32
3	3	2016	-115.7079833	26.51253333	19.76	34.348	368.1992279	404.87	-36.6707721	1.575	-8.317579312
10	5	2016	245.96919	26.5148	18.5913	33.7472	398.14001	395.53	2.61001	3.575	0.650990256
24	5	2018	243.13591	26.51715	NaN	NaN	NaN	NaN	NaN	NaN	-2.47
24	5	2018	243.13591	26.51715	19.33	33.963	400.70999	411.24	-10.53001	0.175	-2.474805908
10	5	2016	245.96091	26.5182	18.6171	33.7508	398.62	395.44	3.18	2.15	0.79151868
7	5	2016	244.6991	26.5189	18.3687	33.5355	399.67999	398.57001	1.10998	4.425	0.282086078
10	5	2016	245.9525	26.5216	18.6237	33.7533	398.35999	395.48999	2.87	0.275	0.713974958
3	3	2016	-115.7113833	26.52413	NaN	NaN	NaN	NaN	NaN	NaN	-8.35
3	3	2016	-115.7113833	26.52413333	19.73	34.356	368.1585571	404.87	-36.7114429	0.875	-8.346062758
10	5	2016	245.9442	26.5249	18.6473	33.7564	398.39001	395.57999	2.81002	1.9	0.697733514
20	6	2018	243.56386	26.52660	NaN	NaN	NaN	NaN	NaN	NaN	-1.4
20	6	2018	243.56386	26.5266	19.86	34.108	404.57001	410.79	-6.21999	0.7	-1.401384404
7	5	2016	244.69591	26.5274	18.3149	33.5347	398.95001	398.64001	0.31	4.3	0.079121551
10	5	2016	245.9359	26.5283	18.6582	33.7604	398.42001	395.57999	2.84002	1.575	0.704558832
29	10	2018	237.78078	26.52997	NaN	NaN	NaN	NaN	NaN	NaN	0.99
29	10	2018	237.78078	26.52997	28.61	34.165	414.45001	406	8.45001	1.025	0.989711704
10	5	2016	245.92751	26.5318	18.6637	33.7642	398.13	395.54999	2.58001	4.125	0.63976388
7	5	2016	244.6927	26.5358	18.232	33.5354	397.85001	398.70999	-0.85998	4.425	-0.220951297
10	9	2015	245.59731	26.53615	NaN	NaN	NaN	NaN	NaN	NaN	8.72
10	9	2015	245.59731	26.53615	25.94	34.226	444.64001	383.32001	61.32	4.275	8.721683329
10	5	2016	245.92	26.5362	18.677	33.7667	397.85999	395.64001	2.21998	4.5	0.549899657
3	3	2016	-115.7150333	26.53642	NaN	NaN	NaN	NaN	NaN	NaN	-8.63
3	3	2016	-115.7150333	26.53641667	19.78	34.415	366.7397159	404.87	-38.1302841	5.925	-8.632402344
10	5	2016	245.91209	26.5402	18.6715	33.7697	397.79001	395.67001	2.12	3.175	0.525356178
10	5	2016	245.9037	26.5435	18.6766	33.7732	397.88	395.62	2.26	4.05	0.559813456
7	5	2016	244.6895	26.5443	18.2058	33.5368	397.85999	398.70999	-0.85	5.675	-0.21884372
10	5	2016	245.8952	26.5466	18.6891	33.774	398.48001	395.57001	2.91	6.4	0.720103788
3	3	2016	-115.7185333	26.54798	NaN	NaN	NaN	NaN	NaN	NaN	-8.23
3	3	2016	-115.7185333	26.54798333	19.95	34.44	368.0178474	404.87	-36.8521526	3.85	-8.23201092
29	10	2018	237.73007	26.54909	NaN	NaN	NaN	NaN	NaN	NaN	1.15
29	10	2018	237.73007	26.54909	28.63	34.16	415.84	406	9.84	3.125	1.150877177
10	5	2016	245.8867	26.5497	18.6918	33.7756	398.34	395.62	2.72	7.075	0.67293733
24	5	2018	243.09541	26.55014	NaN	NaN	NaN	NaN	NaN	NaN	-2.37
24	5	2018	243.09541	26.55014	19.34	33.97	401.14999	411.24	-10.09001	0.425	-2.369452131
7	5	2016	244.6862	26.5527	18.1865	33.538	397.51999	398.70001	-1.18002	4.375	-0.30427937
10	5	2016	245.8782	26.5528	18.6966	33.778	398.29001	395.64001	2.65	5.1	0.655361838
10	5	2016	245.8696	26.556	18.6942	33.7814	398.23999	395.64999	2.59	5.9	0.640635283
20	6	2018	243.52077	26.55838	NaN	NaN	NaN	NaN	NaN	NaN	-1.41
20	6	2018	243.52077	26.55838	19.94	34.085	404.48001	410.79	-6.30999	1.9	-1.4129583
10	5	2016	245.86121	26.5592	18.6968	33.784	398.35999	395.69	2.66999	4.9	0.660276356
7	5	2016	244.683	26.5612	18.1647	33.5377	397.25	398.69	-1.44	3.55	-0.371966442
10	5	2016	245.8528	26.5625	18.7064	33.7884	398.57001	395.64001	2.93	3.5	0.724008561
10	9	2015	245.57272	26.56412	NaN	NaN	NaN	NaN	NaN	NaN	8.53
10	9	2015	245.57272	26.56412	25.78	34.224	442.78	383.48001	59.29999	4.475	8.534294617
10	5	2016	245.84441	26.5657	18.7033	33.7922	398.82999	395.67001	3.15998	4.1	0.781015294
29	10	2018	237.67902	26.56811	NaN	NaN	NaN	NaN	NaN	NaN	1.07
29	10	2018	237.67902	26.56811	28.62	34.149	415.10001	406	9.10001	4.125	1.065147452
10	5	2016	245.8349	26.5695	18.6844	33.7945	398.95001	395.75	3.20001	2.35	0.792088362
7	5	2016	244.6796	26.5697	18.1364	33.5381	397.34	398.70001	-1.36001	3.975	-0.352100209
10	5	2016	245.8266	26.5729	18.6607	33.7931	398.76999	395.73001	3.03998	5.75	0.753899512
10	5	2016	245.81821	26.5762	18.6431	33.7926	399.10999	395.79001	3.31998	3.975	0.824492195
7	5	2016	244.6763	26.5781	18.13	33.5379	397.20001	398.69	-1.48999	5.85	-0.385949491
10	5	2016	245.80991	26.5796	18.619	33.7936	398.82999	395.82001	3.00998	4.375	0.748935662
10	5	2016	245.8015	26.5829	18.6012	33.795	399.04001	395.81	3.23001	4.15	0.804815799
24	5	2018	243.0549	26.58319	NaN	NaN	NaN	NaN	NaN	NaN	-2.3
24	5	2018	243.0549	26.58319	19.19	33.925	401.56	411.24	-9.68	1.25	-2.300673112
10	9	2015	245.54063	26.58402	NaN	NaN	NaN	NaN	NaN	NaN	8.48
10	9	2015	245.54063	26.58402	26.11	34.282	443.70999	383.35999	60.35	6.075	8.475088281
10	5	2016	245.7932	26.5863	18.5841	33.7959	398.70999	395.81	2.89999	2.925	0.723565501
7	5	2016	244.67281	26.5865	18.143	33.5406	397.62	398.70001	-1.08001	5.25	-0.279458528
29	10	2018	237.6279	26.58694	NaN	NaN	NaN	NaN	NaN	NaN	1.03
29	10	2018	237.6279	26.58694	28.6	34.167	414.82999	406	8.82999	1.2	1.034954987
20	6	2018	243.47748	26.58960	NaN	NaN	NaN	NaN	NaN	NaN	-1.41
20	6	2018	243.47748	26.5896	20.15	34.169	404.38	410.79	-6.41	3	-1.411495205
10	5	2016	245.7849	26.5898	18.583	33.7959	398.91	395.89999	3.01001	4.175	0.75108188
10	5	2016	245.7766	26.5932	18.5756	33.7961	398.67999	395.95999	2.72	4.525	0.679115208
7	5	2016	244.6693	26.595	18.1585	33.5416	397.51999	398.70001	-1.18002	3.05	-0.304956654
10	5	2016	245.7683	26.5966	18.5695	33.7972	398.57001	395.97	2.60001	4.575	0.649468437
10	5	2016	245.7599	26.6	18.5234	33.7941	398.57001	395.95999	2.61002	3.65	0.654374509
10	9	2015	245.50356	26.60143	NaN	NaN	NaN	NaN	NaN	NaN	8.6
10	9	2015	245.50356	26.60143	26.25	34.298	445.29999	383.45001	61.84998	5.675	8.596352681
10	5	2016	245.7516	26.6034	18.4939	33.7919	398.91	396	2.91	3.025	0.73130757
29	10	2018	237.57674	26.60517	NaN	NaN	NaN	NaN	NaN	NaN	1.45
29	10	2018	237.57674	26.60517	28.57	34.167	418.31	406	12.31	2.75	1.445972155
10	5	2016	245.7453	26.6061	18.4356	33.7835	399.44	396.16	3.28	4.025	0.828161948
10	5	2016	245.74271	26.6073	18.358	33.7717	399.85001	396.23001	3.62	5.6	0.919732912
10	5	2016	245.7411	26.6077	18.3864	33.7764	401.48999	396.32999	5.16	5.575	1.308004651
10	5	2016	245.7413	26.6078	18.3891	33.7713	401.54001	396.29001	5.25	5.65	1.330564152
10	5	2016	245.74159	26.6078	18.353	33.7673	400.85001	396.28	4.57001	6.15	1.161589284
10	5	2016	245.7404	26.6081	18.4066	33.7804	401.64999	396.28	5.36999	4.025	1.359018193
10	5	2016	245.7395	26.6085	18.4274	33.7843	401.76001	396.26999	5.49002	3.55	1.387067407
10	5	2016	245.73849	26.6088	18.4429	33.7877	401.44	396.32999	5.11001	3.05	1.28944228
10	5	2016	245.73759	26.6091	18.4477	33.791	401.04999	396.32999	4.72	5	1.190554476
10	5	2016	245.7366	26.6095	18.4592	33.7938	400.95001	396.39001	4.56	4.8	1.149128047
10	5	2016	245.7357	26.61	18.4637	33.7946	400.67999	396.41	4.26999	4.075	1.07565524
10	5	2016	245.7348	26.6104	18.4743	33.7962	400.72	396.35001	4.36999	5.15	1.099908798
10	5	2016	245.7339	26.6108	18.4796	33.7986	400.29001	396.38	3.91001	4.1	0.983707182
10	5	2016	245.73289	26.6112	18.4993	33.8022	400.10999	396.34	3.76999	4.9	0.946977015
10	5	2016	245.7319	26.6117	18.5037	33.8041	399.89001	396.37	3.52001	4.375	0.883867349
10	5	2016	245.73109	26.612	18.5133	33.8061	399.66	396.32001	3.33999	3.925	0.838016022
10	5	2016	245.7303	26.6124	18.5103	33.8078	399.64001	396.38	3.26001	5.275	0.818137567
10	5	2016	245.7294	26.6127	18.5109	33.8093	399.13	396.35999	2.77001	5.675	0.695128224
10	5	2016	245.72839	26.6131	18.5138	33.8097	398.85001	396.41	2.44001	5.3	0.612172906
10	5	2016	245.7272	26.6137	18.5159	33.8098	398.79999	396.32999	2.47	5.75	0.619593197
10	5	2016	245.726	26.6142	18.5244	33.8089	398.94	396.44	2.5	4.625	0.626697093
10	5	2016	245.72479	26.6148	18.5269	33.8078	398.78	396.42001	2.35999	3.5	0.591484902
10	5	2016	245.72369	26.6152	18.5251	33.806	398.70999	396.44	2.26999	2.175	0.569014526
24	5	2018	243.01491	26.61674	NaN	NaN	NaN	NaN	NaN	NaN	-2.08
24	5	2018	243.01491	26.61674	18.88	33.845	402.69	411.24	-8.55	1.525	-2.083282524
10	9	2015	245.46671	26.61899	NaN	NaN	NaN	NaN	NaN	NaN	9.05
10	9	2015	245.46671	26.61899	26.3	34.262	448.84	383.53	65.31	5.975	9.045462747
20	6	2018	243.43404	26.62103	NaN	NaN	NaN	NaN	NaN	NaN	-1.67
20	6	2018	243.43404	26.62103	20.25	34.214	403.14001	410.79	-7.64999	2.7	-1.671139791
29	10	2018	237.52531	26.62280	NaN	NaN	NaN	NaN	NaN	NaN	1.57
29	10	2018	237.52531	26.6228	28.54	34.167	419.35999	406	13.35999	2.125	1.572710668
10	9	2015	245.43069	26.63662	NaN	NaN	NaN	NaN	NaN	NaN	9.16
10	9	2015	245.43069	26.63662	26.12	34.224	448.98999	383.76001	65.22998	5.7	9.156013761
29	10	2018	237.47418	26.64130	NaN	NaN	NaN	NaN	NaN	NaN	1.42
29	10	2018	237.47418	26.6413	28.54	34.169	418.10001	406	12.10001	2.6	1.424376151
10	5	2016	245.6423	26.6479	18.5627	33.8133	399.51999	396.38	3.13999	4.3	0.784717399
24	5	2018	242.97546	26.65054	NaN	NaN	NaN	NaN	NaN	NaN	-2.17
24	5	2018	242.97546	26.65054	18.5	33.793	402.60001	411.24	-8.63999	3.525	-2.170236728
10	5	2016	245.6338	26.6514	18.5818	33.8148	399.75	396.38	3.37	4.35	0.840914853
20	6	2018	243.39058	26.65318	NaN	NaN	NaN	NaN	NaN	NaN	-1.47
20	6	2018	243.39058	26.65318	20.26	34.223	404.06	410.79	-6.73	2.15	-1.468964126
10	9	2015	245.39525	26.65443	NaN	NaN	NaN	NaN	NaN	NaN	9.32
10	9	2015	245.39525	26.65443	25.73	34.174	448.88	384.38	64.5	6	9.318956118
10	5	2016	245.6254	26.6548	18.5941	33.8163	399.67999	396.44	3.23999	2.8	0.807677352
17	3	1993	243.939	26.658	17.366	33.421	351.54001	358.47	-6.92999	6.15001	-1.910016052
10	5	2016	245.617	26.6582	18.622	33.8176	400.10001	396.48001	3.62	2.925	0.900402747
29	10	2018	237.42311	26.65991	NaN	NaN	NaN	NaN	NaN	NaN	1.43
29	10	2018	237.42311	26.65991	28.55	34.159	418.17999	406	12.17999	3.3	1.432817714
10	5	2016	245.6086	26.6614	18.6175	33.8185	400.12	396.35001	3.76999	1.275	0.938041275
10	5	2016	245.5999	26.6646	18.6236	33.8192	400.48999	396.48999	4	1.25	0.99478614
10	5	2016	245.59129	26.6679	18.6054	33.8207	400.63	396.5	4.13	4.575	1.028596568
10	5	2016	245.58279	26.6713	18.58	33.8222	400.89999	396.5	4.39999	2.3	1.098046785
10	9	2015	245.36011	26.67239	NaN	NaN	NaN	NaN	NaN	NaN	9.09
10	9	2015	245.36011	26.67239	25.84	34.201	447.81	384.35999	63.45001	3.225	9.092253775
10	5	2016	245.5743	26.6747	18.4645	33.8319	400.54999	396.48999	4.06	3.525	1.022511501
10	5	2016	245.5658	26.6782	18.0226	33.8489	395.14999	396.82999	-1.68	3.375	-0.438283074
29	10	2018	237.37225	26.67851	NaN	NaN	NaN	NaN	NaN	NaN	1.45
29	10	2018	237.37225	26.67851	28.54	34.172	418.29999	406	12.29999	1.475	1.447898504
10	5	2016	245.5574	26.6818	17.6212	33.8793	383.89001	396.92999	-13.03998	1.75	-3.513002682
24	5	2018	242.93597	26.68409	NaN	NaN	NaN	NaN	NaN	NaN	-2.29
24	5	2018	242.93597	26.68409	18.51	33.799	402.13	411.24	-9.11	3.525	-2.286410305
10	5	2016	245.549	26.6852	17.2028	33.8844	368.54001	397.16	-28.61999	2.75	-7.97558841
20	6	2018	243.34874	26.68705	NaN	NaN	NaN	NaN	NaN	NaN	-1.21
20	6	2018	243.34874	26.68705	20.27	34.22	405.23999	410.79	-5.55001	0.175	-1.210482118
10	5	2016	245.5406	26.6887	16.9389	33.8703	360.97	397.35999	-36.38999	4.175	-10.36157594
10	9	2015	245.32687	26.69005	NaN	NaN	NaN	NaN	NaN	NaN	8.55
10	9	2015	245.32687	26.69005	26.15	34.243	444.98999	383.94	61.04999	3.375	8.549722064
10	5	2016	245.53101	26.6926	16.7796	33.8427	364.01999	397.42999	-33.41	3.9	-9.638794156
10	5	2016	245.52271	26.6957	16.7061	33.8193	367.29001	397.37	-30.07999	2.775	-8.731358319
29	10	2018	237.32185	26.69702	NaN	NaN	NaN	NaN	NaN	NaN	1.38
29	10	2018	237.32185	26.69702	28.53	34.218	417.67999	406	11.67999	0.375	1.375636081
10	5	2016	245.5146	26.6987	16.7482	33.7917	372.73999	397.39999	-24.66	3.95	-7.13443305
3	2	2016	-115.7648333	26.69925	NaN	NaN	NaN	NaN	NaN	NaN	-7.88
3	2	2016	-115.7648333	26.69925	19.83	34.414	369.113367	404.07	-34.956633	5.525	-7.883071391
10	5	2016	245.5065	26.7015	16.2554	33.7269	386.69	397.57999	-10.88999	3.825	-3.281632919
10	5	2016	245.49831	26.7042	16.2199	33.6897	399.56	397.60001	1.95999	2.1	0.592467006
10	5	2016	245.4901	26.7069	16.4768	33.6584	410.23001	397.48999	12.74002	1.75	3.771102434
7	5	2016	244.6235	26.7095	18.2834	33.5432	400.48001	398.53	1.95001	5.05	0.498936313
10	5	2016	245.48219	26.7096	16.6617	33.6428	414.10999	397.35999	16.75	0.15	4.883857561
3	2	2016	-115.7683	26.71057	NaN	NaN	NaN	NaN	NaN	NaN	-7.72
3	2	2016	-115.7683	26.71056667	19.87	34.405	369.7414906	404.07	-34.3285094	9.425	-7.717588343
10	5	2016	245.4744	26.7126	16.9401	33.6295	414.57001	397.29999	17.27002	3.25	4.922582998
29	10	2018	237.27151	26.71547	NaN	NaN	NaN	NaN	NaN	NaN	1.55
29	10	2018	237.27151	26.71547	28.54	34.251	419.17999	406	13.17999	0.8	1.550961058
10	5	2016	245.46671	26.7159	17.0605	33.63205	409.17001	397.20001	11.97	3.55	3.378557253
24	5	2018	242.89665	26.71750	NaN	NaN	NaN	NaN	NaN	NaN	-2.42
24	5	2018	242.89665	26.7175	18.46	33.794	401.63	411.24	-9.61	2.45	-2.42158032
7	5	2016	244.6198	26.7182	18.2887	33.5434	400.60001	398.53	2.07001	6.6	0.529415239
10	5	2016	245.4594	26.7196	17.1843	33.6346	404.13	397.13	7	3.625	1.955960355
20	6	2018	243.30737	26.72147	NaN	NaN	NaN	NaN	NaN	NaN	-1.17
20	6	2018	243.30737	26.72147	20.28	34.217	405.41	410.79	-5.38	1.65	-1.172506928
3	2	2016	-115.7716333	26.72153	NaN	NaN	NaN	NaN	NaN	NaN	-7.63
3	2	2016	-115.7716333	26.72153333	19.82	34.4	370.2548515	404.07	-33.8151485	5.15	-7.632116698
10	5	2016	245.4521	26.7234	17.2744	33.6404	400.19	397.04001	3.14999	1.675	0.87374371
7	5	2016	244.6162	26.7269	18.284	33.5434	400.47	398.51001	1.95999	6.775	0.50146532
10	5	2016	245.44479	26.7271	17.3952	33.6439	397.72	397.04999	0.67001	2.675	0.184034293
10	5	2016	245.4375	26.7309	17.4752	33.644	395.76999	396.97	-1.20001	3.375	-0.327485223
3	2	2016	-115.775	26.73282	NaN	NaN	NaN	NaN	NaN	NaN	-7.65
3	2	2016	-115.775	26.73281667	19.79	34.386	370.2420679	404.07	-33.8279321	3.8	-7.653431744
29	10	2018	237.22078	26.73380	NaN	NaN	NaN	NaN	NaN	NaN	1.5
29	10	2018	237.22078	26.7338	28.53	34.41	418.78	406	12.78	1.575	1.503949675
10	5	2016	245.4299	26.7342	17.6223	33.644	395.51999	397.03	-1.51001	4.05	-0.407218802
7	5	2016	244.61259	26.7356	18.2835	33.5432	400.64001	398.5	2.14001	5.675	0.547545997
10	5	2016	245.422	26.7371	17.7107	33.6423	394.41	396.91	-2.5	2.85	-0.669417024
10	5	2016	245.41431	26.74	17.8761	33.6397	395.10001	396.79999	-1.69998	0.75	-0.449186206
10	5	2016	245.40669	26.7431	17.9869	33.6386	394.22	396.76999	-2.54999	0.875	-0.667820284
3	2	2016	-115.7784667	26.74367	NaN	NaN	NaN	NaN	NaN	NaN	-7.71
3	2	2016	-115.7784667	26.74366667	19.75	34.373	370.1062486	404.07	-33.9637514	0.25	-7.70870909
7	5	2016	244.60899	26.7443	18.275	33.5419	400.56	398.48001	2.07999	4.15	0.532553979
10	5	2016	245.39909	26.7464	18.1045	33.6422	394.60001	396.70999	-2.10998	0.025	-0.54739156
10	5	2016	245.3914	26.7496	18.1401	33.6485	393.85999	396.67001	-2.81002	2.2	-0.726906065
24	5	2018	242.8571	26.75068	NaN	NaN	NaN	NaN	NaN	NaN	-2.59
24	5	2018	242.8571	26.75068	18.37	33.783	401.01999	411.24	-10.22001	5.5	-2.593973412
29	10	2018	237.16962	26.75255	NaN	NaN	NaN	NaN	NaN	NaN	1.62
29	10	2018	237.16962	26.75255	28.53	34.334	419.73001	406	13.73001	4.775	1.616275033
10	5	2016	245.3837	26.7528	18.1457	33.6466	393.31	396.76999	-3.45999	0.975	-0.894649559
7	5	2016	244.60539	26.7529	18.2618	33.5413	400.67999	398.45999	2.22	2.9	0.569003123
3	2	2016	-115.7819167	26.75460	NaN	NaN	NaN	NaN	NaN	NaN	-7.67
3	2	2016	-115.7819167	26.7546	19.71	34.35	370.3872996	404.07	-33.6827004	0.75	-7.669713908
20	6	2018	243.26567	26.75572	NaN	NaN	NaN	NaN	NaN	NaN	12.37
20	6	2018	243.26567	26.75572	20.16	34.182	467.0190376	410.79	56.2290376	2.85	12.37136735
10	5	2016	245.3761	26.7561	18.1786	33.6423	393.64999	396.62	-2.97001	4.45	-0.765951834
10	5	2016	245.3685	26.7592	18.2517	33.6408	394.91	396.59	-1.68	5.025	-0.430742168
7	5	2016	244.6021	26.7616	18.2425	33.5406	400.37	398.48001	1.88999	3.4	0.485168406
10	5	2016	245.36079	26.7622	18.2625	33.6367	395.44	396.57001	-1.13001	3.6	-0.289483614
10	5	2016	245.353	26.7651	18.2816	33.6262	396.14001	396.57001	-0.43	2.35	-0.10999399
3	2	2016	-115.7854833	26.76592	NaN	NaN	NaN	NaN	NaN	NaN	-7.65
3	2	2016	-115.7854833	26.76591667	19.7	34.34	370.5136636	404.07	-33.5563364	0.1	-7.647281975
10	5	2016	245.34419	26.7685	18.301	33.6127	397.22	396.60001	0.61999	5.1	0.158357964
7	5	2016	244.59869	26.7702	18.2198	33.5402	400.63	398.47	2.16	4.25	0.555489335
29	10	2018	237.11833	26.77132	NaN	NaN	NaN	NaN	NaN	NaN	1.62
29	10	2018	237.11833	26.77132	28.52	34.284	419.76999	406	13.76999	4.1	1.622501398
10	5	2016	245.3367	26.7717	18.3159	33.6047	397.98001	396.54001	1.44	4.9	0.367381588
10	9	2015	245.09315	26.77317	NaN	NaN	NaN	NaN	NaN	NaN	10.48
10	9	2015	245.09315	26.77317	24.34	33.701	450.78	385.5	65.28	1.85	10.47596529
10	5	2016	245.32899	26.775	18.3012	33.5975	398.39001	396.57999	1.81002	4	0.462341451
3	2	2016	-115.7889833	26.77685	NaN	NaN	NaN	NaN	NaN	NaN	-7.68
3	2	2016	-115.7889833	26.77685	19.71	34.345	370.3281987	404.07	-33.7418013	4.5	-7.683350873
10	5	2016	245.3214	26.7782	18.2739	33.5897	398.51001	396.56	1.95001	4.25	0.499205492
7	5	2016	244.59531	26.7788	18.2019	33.5402	400.82001	398.44	2.38001	5.4	0.612946303
10	5	2016	245.3138	26.7814	18.2896	33.5847	399.10999	396.60001	2.50998	2.4	0.641768412
24	5	2018	242.81662	26.78390	NaN	NaN	NaN	NaN	NaN	NaN	-3.01
24	5	2018	242.81662	26.7839	18.25	33.776	399.48999	411.24	-11.75001	7.15	-3.011119573
10	5	2016	245.3062	26.7846	18.2901	33.5837	399.47	396.51001	2.95999	1.775	0.756803315
10	9	2015	245.05008	26.78468	NaN	NaN	NaN	NaN	NaN	NaN	10.28
10	9	2015	245.05008	26.78468	24.42	33.716	449.95001	385.51999	64.43002	0.95	10.27748523
7	5	2016	244.5919	26.7873	18.1991	33.5396	401.03	398.45001	2.57999	4.15	0.664599732
10	5	2016	245.2986	26.7877	18.2685	33.5782	399.39001	396.64001	2.75	1.575	0.704346196
3	2	2016	-115.79255	26.78815	NaN	NaN	NaN	NaN	NaN	NaN	-7.73
3	2	2016	-115.79255	26.78815	19.72	34.355	370.1160892	404.07	-33.9539108	3.7	-7.72523948
20	6	2018	243.22337	26.78905	NaN	NaN	NaN	NaN	NaN	NaN	12.28
20	6	2018	243.22337	26.78905	19.94	34.116	465.6309658	410.79	54.8409658	3.175	12.27843489
29	10	2018	237.06705	26.79030	NaN	NaN	NaN	NaN	NaN	NaN	1.37
29	10	2018	237.06705	26.7903	28.52	34.247	417.60999	406	11.60999	1.425	1.368208929
10	5	2016	245.2908	26.7906	18.2772	33.5731	399.92999	396.60999	3.32	1.45	0.849767556
10	5	2016	245.2831	26.7935	18.2577	33.5718	400.45999	396.63	3.82999	6.375	0.981836211
10	9	2015	245.00485	26.79572	NaN	NaN	NaN	NaN	NaN	NaN	10.15
10	9	2015	245.00485	26.79572	24.48	33.758	449.5	385.57001	63.92999	3.4	10.15039846
7	5	2016	244.5885	26.7959	18.1752	33.5411	401.42001	398.42999	2.99002	5.55	0.771691108
10	5	2016	245.2753	26.7964	18.2255	33.5729	400.41	396.57001	3.83999	4.75	0.986931578
3	2	2016	-115.7960333	26.79915	NaN	NaN	NaN	NaN	NaN	NaN	-7.66
3	2	2016	-115.7960333	26.79915	19.74	34.357	370.3355042	404.07	-33.7344958	5.1	-7.663241368
10	5	2016	245.2675	26.7993	18.1849	33.5717	400.37	396.63	3.74	4.525	0.964364392
10	5	2016	245.2596	26.8023	18.1558	33.5685	400.22	396.66	3.56	5.425	0.92010495
7	5	2016	244.5851	26.8044	18.1924	33.5442	402.04999	398.39001	3.65998	5.6	0.943287665
10	5	2016	245.252	26.8054	18.1216	33.5672	400.06	396.60999	3.45001	3.975	0.894127404
10	9	2015	244.95801	26.80672	NaN	NaN	NaN	NaN	NaN	NaN	9.9
10	9	2015	244.95801	26.80672	24.63	33.844	448.42001	385.32001	63.1	4.8	9.903735377
10	5	2016	245.2444	26.8087	18.1041	33.5665	400.10999	396.67999	3.43	3.55	0.89019111
3	2	2016	-115.7995167	26.81012	NaN	NaN	NaN	NaN	NaN	NaN	-7.72
3	2	2016	-115.7995167	26.81011667	19.74	34.353	370.1066307	404.07	-33.9633693	0.275	-7.715377128
10	5	2016	245.23669	26.8118	18.1058	33.5674	400.35001	396.73999	3.61002	1.9	0.936780324
7	5	2016	244.5816	26.813	18.1969	33.5515	402.79999	398.42999	4.37	5.725	1.125837151
10	5	2016	245.2289	26.8151	18.1226	33.5677	400.42999	396.70999	3.72	2.675	0.964020324
24	5	2018	242.77602	26.81740	NaN	NaN	NaN	NaN	NaN	NaN	-3.28
24	5	2018	242.77602	26.8174	18.1	33.761	398.60999	411.24	-12.63001	5.775	-3.275940444
10	9	2015	244.91167	26.81771	NaN	NaN	NaN	NaN	NaN	NaN	9.63
10	9	2015	244.91167	26.81771	24.71	33.922	446.79001	385.01999	61.77002	3.675	9.6342146
10	5	2016	245.22121	26.8184	18.1045	33.5693	399.64001	396.72	2.92001	2.75	0.757798616
3	2	2016	-115.8031	26.82150	NaN	NaN	NaN	NaN	NaN	NaN	-7.68
3	2	2016	-115.8031	26.8215	19.72	34.351	370.3063814	404.07	-33.7636186	1.15	-7.682087431
7	5	2016	244.57829	26.8217	18.179	33.5598	403.5	398.42999	5.07001	5.775	1.30800016
10	5	2016	245.21339	26.8217	18.0937	33.5698	399.07001	396.76999	2.30002	3.625	0.597414487
20	6	2018	243.18054	26.82187	NaN	NaN	NaN	NaN	NaN	NaN	12.04
20	6	2018	243.18054	26.82187	19.85	34.064	464.1745586	410.79	53.3845586	3.325	12.0395921
10	5	2016	245.20551	26.825	18.1339	33.5688	399.20999	396.73001	2.47998	6.25	0.642090507
10	5	2016	245.19769	26.8282	18.1556	33.5644	399.41	396.70001	2.70999	5.05	0.700439171
10	9	2015	244.86478	26.82937	NaN	NaN	NaN	NaN	NaN	NaN	9.57
10	9	2015	244.86478	26.82937	24.74	33.948	446.07999	384.56	61.51999	4.4	9.572766645
7	5	2016	244.575	26.8302	18.1443	33.5658	404.59	398.42999	6.16001	2.85	1.59358076
10	5	2016	245.1899	26.8316	18.1468	33.5554	398.98999	396.70999	2.28	5.45	0.589741854
3	2	2016	-115.8066	26.83257	NaN	NaN	NaN	NaN	NaN	NaN	-7.78
3	2	2016	-115.8066	26.83256667	19.68	34.359	369.9815708	404.07	-34.0884292	3.375	-7.780028488
10	5	2016	245.18201	26.8349	18.1423	33.544	398.95999	396.64999	2.31	3.3	0.597749093
10	5	2016	245.1741	26.8381	18.1373	33.5383	398.95001	396.75	2.20001	4.375	0.569530694
7	5	2016	244.57179	26.8387	18.2204	33.5739	405.64999	398.37	7.27999	5	1.871814356
10	5	2016	245.16589	26.8412	18.1631	33.5363	399.16	396.67001	2.48999	2.725	0.643276005
10	9	2015	244.81717	26.84144	NaN	NaN	NaN	NaN	NaN	NaN	9.66
10	9	2015	244.81717	26.84144	24.76	33.951	446.29999	384.14999	62.15	5.825	9.656329413
3	2	2016	-115.8102667	26.84412	NaN	NaN	NaN	NaN	NaN	NaN	-7.67
3	2	2016	-115.8102667	26.84411667	19.78	34.389	370.1810692	404.07	-33.8889308	3.375	-7.673123749
10	5	2016	245.15691	26.8449	18.2356	33.5363	399.72	396.62	3.1	2.6	0.796238299
17	3	1993	243.864	26.848	17.191	33.376	352.92999	358.47	-5.54001	5.21001	-1.549069817
10	5	2016	245.1489	26.8481	18.3033	33.5379	400.64999	396.60001	4.04998	2.25	1.034622012
7	5	2016	244.56779	26.8484	18.2254	33.5746	405.14999	398.35999	6.79	7.95	1.745125684
24	5	2018	242.73569	26.85106	NaN	NaN	NaN	NaN	NaN	NaN	-3.72
24	5	2018	242.73569	26.85106	17.94	33.746	397.10001	411.24	-14.13999	4.5	-3.715216151
10	5	2016	245.14101	26.8514	18.3542	33.5402	401.38	396.54001	4.83999	4.15	1.231413257
10	9	2015	244.76953	26.85405	NaN	NaN	NaN	NaN	NaN	NaN	9.69
10	9	2015	244.76953	26.85405	24.71	33.922	446.14999	384.04001	62.10998	6.175	9.687237856
20	6	2018	243.13737	26.85460	NaN	NaN	NaN	NaN	NaN	NaN	12.03
20	6	2018	243.13737	26.8546	19.7	34.032	463.4906009	410.79	52.7006009	3.175	12.02743043
10	5	2016	245.133	26.8547	18.401	33.5468	402.25	396.54001	5.70999	2.75	1.447303862
3	2	2016	-115.8141667	26.85678	NaN	NaN	NaN	NaN	NaN	NaN	-7.5
3	2	2016	-115.8141667	26.85678333	19.8	34.414	370.9086624	404.07	-33.1613376	5.15	-7.495773368
7	5	2016	244.56441	26.8569	18.2037	33.5728	404.39999	398.38	6.01999	6.1	1.54992255
10	5	2016	245.12511	26.8579	18.4254	33.5558	403.42001	396.54999	6.87002	3.675	1.737876834
29	10	2002	240.741	26.85800	NaN	NaN	NaN	NaN	NaN	NaN	2.97
29	10	2002	240.741	26.858	22.01	33.7	386.10001	370.55	15.55001	2.95	2.97380803
7	5	2016	244.561	26.8654	18.1673	33.5722	403.92001	398.41	5.51001	5.75	1.42276273
10	9	2015	244.72157	26.86721	NaN	NaN	NaN	NaN	NaN	NaN	9.79
10	9	2015	244.72157	26.86721	24.65	33.891	446.51999	384.06	62.45999	4.925	9.786675829
3	2	2016	-115.8177417	26.86863	NaN	NaN	NaN	NaN	NaN	NaN	-7.4
3	2	2016	-115.8177417	26.86863333	19.835	34.418	371.2369151	404.07	-32.8330849	5.125	-7.401158959
29	10	2002	240.75101	26.87300	NaN	NaN	NaN	NaN	NaN	NaN	3.07
29	10	2002	240.75101	26.873	21.99	33.7	386.60001	370.55	16.05001	3.82001	3.074108136
7	5	2016	244.5575	26.8739	18.142	33.5733	403.63	398.42001	5.20999	7.75	1.348013092
3	2	2016	-115.8213167	26.88048	NaN	NaN	NaN	NaN	NaN	NaN	-7.48
3	2	2016	-115.8213167	26.88048333	19.87	34.422	370.8046426	404.07	-33.2653574	4.6	-7.477982128
10	9	2015	244.67313	26.88051	NaN	NaN	NaN	NaN	NaN	NaN	9.96
10	9	2015	244.67313	26.88051	24.69	33.886	447.76999	384.01999	63.75	4.35	9.959405094
7	5	2016	244.55389	26.8822	18.1406	33.5733	403.32999	398.39001	4.93998	5.7	1.278294976
24	5	2018	242.6954	26.88458	NaN	NaN	NaN	NaN	NaN	NaN	-3.74
24	5	2018	242.6954	26.88458	17.86	33.733	397.10999	411.24	-14.13001	5.325	-3.736758773
20	6	2018	243.09344	26.88659	NaN	NaN	NaN	NaN	NaN	NaN	12.22
20	6	2018	243.09344	26.88659	19.62	33.986	463.9814989	410.79	53.1914989	1.475	12.21842071
29	10	2002	240.761	26.88800	NaN	NaN	NaN	NaN	NaN	NaN	3.26
29	10	2002	240.761	26.888	21.75	33.7	387.28	370.55	16.73	1.93001	3.26354845
7	5	2016	244.55051	26.8906	18.1195	33.572	402.79999	398.42001	4.37998	7.375	1.135309709
3	2	2016	-115.825	26.89192	NaN	NaN	NaN	NaN	NaN	NaN	-7.25
3	2	2016	-115.825	26.89191667	19.87	34.353	371.809068	404.07	-32.260932	3.35	-7.254523668
10	9	2015	244.62398	26.89389	NaN	NaN	NaN	NaN	NaN	NaN	10.04
10	9	2015	244.62398	26.89389	24.72	33.891	448.41	383.98999	64.42001	3.325	10.04146823
7	5	2016	244.547	26.899	18.1111	33.5707	402.32999	398.42999	3.9	5.85	1.011583271
10	5	2016	245.0204	26.9004	18.0781	33.5407	399.10999	396.79999	2.31	6.125	0.600839762
3	2	2016	-115.8285667	26.90302	NaN	NaN	NaN	NaN	NaN	NaN	-7.51
3	2	2016	-115.8285667	26.90301667	19.72	34.303	371.0716219	404.07	-32.9983781	3.45	-7.509658672
10	5	2016	245.0126	26.9036	18.0715	33.5375	399.16	396.82001	2.33999	5.8	0.608971455
29	10	2002	240.758	26.90400	NaN	NaN	NaN	NaN	NaN	NaN	3.34
29	10	2002	240.758	26.904	21.67	33.7	387.54999	370.55	16.99999	0.55	3.336549811
10	9	2015	244.57477	26.90629	NaN	NaN	NaN	NaN	NaN	NaN	9.86
10	9	2015	244.57477	26.90629	24.62	33.894	446.81	384.01001	62.79999	5.675	9.861765274
10	5	2016	245.0047	26.9067	18.1302	33.536	399.54001	396.72	2.82001	5.65	0.730457099
7	5	2016	244.54359	26.9074	18.0837	33.5701	401.78	398.44	3.34	5.85	0.868236234
10	5	2016	244.9969	26.9099	18.2431	33.5364	401.04999	396.66	4.38999	6.25	1.126897264
10	5	2016	244.989	26.9131	18.3329	33.539	402.04999	396.67001	5.37998	3.825	1.371136899
3	2	2016	-115.83215	26.91440	NaN	NaN	NaN	NaN	NaN	NaN	-7.89
3	2	2016	-115.83215	26.9144	19.62	34.276	369.665426	404.07	-34.404574	5.325	-7.892242893
7	5	2016	244.54021	26.9157	18.0781	33.5676	401.62	398.42999	3.19001	4.3	0.829628143
10	5	2016	244.981	26.9162	18.3818	33.5413	402.87	396.67001	6.19999	3.825	1.573952839
24	5	2018	242.65443	26.91761	NaN	NaN	NaN	NaN	NaN	NaN	-3.39
24	5	2018	242.65443	26.91761	17.91	33.754	398.37	411.24	-12.87	4.4	-3.389559522
20	6	2018	243.04964	26.91869	NaN	NaN	NaN	NaN	NaN	NaN	12.14
20	6	2018	243.04964	26.91869	19.64	33.989	463.7117554	410.79	52.9217554	0.15	12.13724624
10	5	2016	244.9731	26.9193	18.4222	33.544	403.57999	396.72	6.85999	4.35	1.735878982
10	9	2015	244.52486	26.91934	NaN	NaN	NaN	NaN	NaN	NaN	9.84
10	9	2015	244.52486	26.91934	24.69	33.902	447	384.04001	62.95999	5.425	9.835281369
10	5	2016	244.96381	26.9228	18.4051	33.5517	403.42001	396.70999	6.71002	4.625	1.700184878
7	5	2016	244.5368	26.924	18.0635	33.5649	401.22	398.5	2.72	2.325	0.708229442
3	2	2016	-115.8356333	26.92538	NaN	NaN	NaN	NaN	NaN	NaN	-8.06
3	2	2016	-115.8356333	26.92538333	19.55	34.278	369.1411962	404.07	-34.9288038	4.05	-8.056528413
10	5	2016	244.9557	26.9258	18.4217	33.5538	404.42999	396.70001	7.72998	3.45	1.956012236
10	5	2016	244.9476	26.929	18.437	33.5595	405.28	396.64999	8.63001	3.45	2.181037455
10	5	2016	244.93961	26.9321	18.492	33.5966	405.64001	396.70001	8.94	4.05	2.249107466
7	5	2016	244.5334	26.9322	18.0441	33.5641	400.69	398.51999	2.17001	1.8	0.565905299
10	9	2015	244.4749	26.93349	NaN	NaN	NaN	NaN	NaN	NaN	9.65
10	9	2015	244.4749	26.93349	24.67	33.92	445.69	384.03	61.66	5.8	9.645739711
10	5	2016	244.9315	26.9352	18.251	33.5792	402.19	396.73999	5.45001	4.5	1.397835506
3	2	2016	-115.8391833	26.93637	NaN	NaN	NaN	NaN	NaN	NaN	-8.21
3	2	2016	-115.8391833	26.93636667	19.55	34.297	368.4587874	404.07	-35.6112126	5.525	-8.213200186
10	5	2016	244.9238	26.9385	18.1715	33.5541	401.48999	396.76999	4.72	6.2	1.218465649
7	5	2016	244.5302	26.9405	18.0604	33.5676	400.23999	398.47	1.76999	1.425	0.460975916
10	5	2016	244.91589	26.942	18.2114	33.5586	401.75	396.79001	4.95999	5.375	1.27631165
10	5	2016	244.9081	26.9454	18.2541	33.571	401.14999	396.73999	4.41	3.175	1.130854112
10	9	2015	244.42552	26.94715	NaN	NaN	NaN	NaN	NaN	NaN	9.57
10	9	2015	244.42552	26.94715	24.58	33.925	444.76001	383.97	60.79001	6.85	9.573209784
3	2	2016	-115.8426833	26.94778	NaN	NaN	NaN	NaN	NaN	NaN	-8.01
3	2	2016	-115.8426833	26.94778333	19.65	34.307	369.071318	404.07	-34.998682	0.575	-8.008515106
7	5	2016	244.5269	26.9487	18.0658	33.5768	399.60999	398.42999	1.18	0.275	0.307172679
10	5	2016	244.9001	26.9489	18.2926	33.579	400.76001	396.78	3.98001	4.15	1.01741904
24	5	2018	242.61342	26.95069	NaN	NaN	NaN	NaN	NaN	NaN	-3.35
24	5	2018	242.61342	26.95069	17.97	33.773	398.45999	411.24	-12.78001	3.6	-3.34938405
20	6	2018	243.006	26.95112	NaN	NaN	NaN	NaN	NaN	NaN	12.05
20	6	2018	243.006	26.95112	19.63	33.984	463.2746649	410.79	52.4846649	0.375	12.04672212
10	5	2016	244.8922	26.9522	18.3135	33.5807	400.54001	396.70001	3.84	3.875	0.979983026
10	5	2016	244.88409	26.9556	18.3438	33.5849	400.73999	396.70001	4.03998	5.125	1.028507394
29	10	2002	240.782	26.95700	NaN	NaN	NaN	NaN	NaN	NaN	3.78
7	5	2016	244.5237	26.957	18.064	33.5841	399.20001	398.45001	0.75	0.525	0.195258295
29	10	2002	240.782	26.957	21.56	33.7	389.64999	370.55	19.09999	2.65001	3.780388097
3	2	2016	-115.84615	26.95877	NaN	NaN	NaN	NaN	NaN	NaN	-7.96
3	2	2016	-115.84615	26.95876667	19.67	34.321	369.2320921	404.07	-34.8379079	6.05	-7.958725258
10	5	2016	244.87601	26.9589	18.3869	33.5916	401.32999	396.76999	4.56	7	1.156873335
10	9	2015	244.37675	26.96018	NaN	NaN	NaN	NaN	NaN	NaN	9.72
10	9	2015	244.37675	26.96018	24.35	33.813	444.64001	383.97	60.67001	5.275	9.724033002
10	5	2016	244.8678	26.9622	18.4168	33.5983	401.72	396.64999	5.07001	4.875	1.283159099
7	5	2016	244.5206	26.9653	18.0779	33.5942	398.66	398.47	0.19	3.1	0.049408009
10	5	2016	244.8597	26.9656	18.4422	33.6043	402.14001	396.70001	5.44	6.85	1.373975398
10	5	2016	244.8515	26.969	18.4271	33.6061	402.22	396.70999	5.51001	4.3	1.393321942
3	2	2016	-115.8496833	26.97017	NaN	NaN	NaN	NaN	NaN	NaN	-7.81
3	2	2016	-115.8496833	26.97016667	19.69	34.316	369.81504	404.07	-34.25496	6.6	-7.813484932
10	9	2015	244.32693	26.97235	NaN	NaN	NaN	NaN	NaN	NaN	10.06
10	9	2015	244.32693	26.97235	24.11	33.72	445.54001	383.91	61.63001	4.875	10.06037027
10	5	2016	244.84331	26.9724	18.4093	33.6082	402.13	396.76001	5.36999	2.475	1.359829929
29	10	2002	240.79001	26.97300	NaN	NaN	NaN	NaN	NaN	NaN	4.17
29	10	2002	240.79001	26.973	21.34	33.7	391.25	370.55	20.7	6.72	4.166736156
7	5	2016	244.5174	26.9735	18.0802	33.6064	398.41	398.42999	-0.01999	6.725	-0.005196985
10	5	2016	244.8351	26.9757	18.4099	33.615	402.07999	396.73001	5.34998	2.475	1.354654571
10	5	2016	244.8269	26.9789	18.4331	33.6251	402.23999	396.82999	5.41	3.625	1.367255616
3	2	2016	-115.85305	26.98133	NaN	NaN	NaN	NaN	NaN	NaN	-7.95
3	2	2016	-115.85305	26.98133333	19.68	34.331	369.2304297	404.07	-34.8395703	3.275	-7.952502051
7	5	2016	244.5141	26.9817	18.1463	33.6236	398.59	398.42999	0.16001	3.525	0.041376295
10	5	2016	244.8187	26.9822	18.5014	33.641	402.39999	396.79999	5.6	3.575	1.407487981
20	6	2018	242.96227	26.98368	NaN	NaN	NaN	NaN	NaN	NaN	12.3
20	6	2018	242.96227	26.98368	19.37	33.986	463.3003333	410.79	52.5103333	1.325	12.30108799
24	5	2018	242.57266	26.98369	NaN	NaN	NaN	NaN	NaN	NaN	-3.54
24	5	2018	242.57266	26.98369	17.94	33.77	397.75	411.24	-13.49	2.3	-3.544031593
10	9	2015	244.27679	26.98470	NaN	NaN	NaN	NaN	NaN	NaN	9.05
10	9	2015	244.27679	26.9847	24.25	33.749	439.72	383.67001	56.04999	4.775	9.053308567
10	5	2016	244.8105	26.9854	18.5313	33.6582	401.85999	396.76001	5.09998	4.275	1.278663024
29	10	2002	240.8	26.98700	NaN	NaN	NaN	NaN	NaN	NaN	4.32
29	10	2002	240.8	26.987	21.24	33.7	391.85999	370.55	21.30999	2.63	4.322584048
10	5	2016	244.8022	26.9887	18.6056	33.6694	402.14999	396.67999	5.47	4.975	1.363279712
7	5	2016	244.5108	26.9898	18.2697	33.6388	399.01999	398.37	0.64999	4.175	0.16641567
10	5	2016	244.79401	26.9919	18.587	33.674	401.60001	396.70999	4.89002	4.15	1.220509721
3	2	2016	-115.8564667	26.99278	NaN	NaN	NaN	NaN	NaN	NaN	-7.71
3	2	2016	-115.8564667	26.99278333	19.72	34.331	370.1863266	404.07	-33.8836734	6	-7.710123005
10	5	2016	244.7858	26.9952	18.545	33.6776	400.51001	396.79001	3.72	3.175	0.931573926
10	9	2015	244.2267	26.99738	NaN	NaN	NaN	NaN	NaN	NaN	9.03
10	9	2015	244.2267	26.99738	24.23	33.751	439.45999	383.64001	55.81998	5.225	9.029523676
7	5	2016	244.50751	26.998	18.267	33.6505	398.17001	398.35001	-0.18	4.45	-0.046092444
10	5	2016	244.7775	26.9985	18.5318	33.6817	400.03	396.75	3.28	2.4	0.822235246
10	10	2002	244.243	27.00100	NaN	NaN	NaN	NaN	NaN	NaN	7.45
10	10	2002	244.243	27.001	23.51	33.87	414.19	370.55	43.64	7.5	7.445686036
10	5	2016	244.7681	27.0022	18.5043	33.6846	399.48001	396.81	2.67001	0.875	0.670779836
3	2	2016	-115.8598	27.00383	NaN	NaN	NaN	NaN	NaN	NaN	-7.83
3	2	2016	-115.8598	27.00383333	19.67	34.345	369.8043886	404.07	-34.2656114	7.625	-7.827106445
10	5	2016	244.7599	27.0056	18.4648	33.6838	398.66	396.75	1.91	3.475	0.481358304
7	5	2016	244.5042	27.0061	18.2846	33.6714	398.29999	398.32999	-0.03	3.15	-0.007670523
10	10	2002	244.239	27.00700	NaN	NaN	NaN	NaN	NaN	NaN	7.42
10	10	2002	244.239	27.007	23.42	33.85	413.73001	370.55	43.18001	6.28	7.417796674
10	5	2016	244.75169	27.0091	18.4434	33.6833	397.89001	396.85999	1.03002	2.9	0.260029343
10	9	2015	244.17616	27.01048	NaN	NaN	NaN	NaN	NaN	NaN	9.04
10	9	2015	244.17616	27.01048	24.16	33.747	439.26001	383.69	55.57001	7	9.036282684
10	5	2016	244.7435	27.0126	18.3995	33.6822	396.82999	396.87	-0.04001	1.65	-0.010136019
29	10	2002	240.79401	27.01400	NaN	NaN	NaN	NaN	NaN	NaN	4.41
29	10	2002	240.79401	27.014	21.18	33.7	392.20999	370.55	21.65999	1.63	4.413885434
7	5	2016	244.50079	27.0143	18.3467	33.6935	398.04001	398.32999	-0.28998	3.675	-0.073768867
3	2	2016	-115.8631833	27.01540	NaN	NaN	NaN	NaN	NaN	NaN	-8.03
3	2	2016	-115.8631833	27.0154	19.64	34.344	369.0070745	404.07	-35.0629255	11.375	-8.02811662
20	6	2018	242.91869	27.01580	NaN	NaN	NaN	NaN	NaN	NaN	12.99
20	6	2018	242.91869	27.0158	18.52	33.764	462.5884702	410.79	51.7984702	0.35	12.99207841
10	5	2016	244.73531	27.0162	18.423	33.6846	396.89001	396.91	-0.01999	1	-0.005054672
24	5	2018	242.53198	27.01678	NaN	NaN	NaN	NaN	NaN	NaN	-3.5
24	5	2018	242.53198	27.01678	17.94	33.774	397.92001	411.24	-13.31999	2.325	-3.499301066
10	5	2016	244.7271	27.0198	18.462	33.6892	396.97	396.84	0.13	1.825	0.032769082
7	5	2016	244.4976	27.0224	18.3515	33.7004	397.89001	398.32999	-0.43998	2.65	-0.111881298
10	5	2016	244.7189	27.0233	18.4753	33.6923	396.94	396.87	0.07	2.6	0.017625947
10	5	2016	244.71069	27.0269	18.4955	33.6968	397.14999	396.76999	0.38	2.5	0.095527863
22	10	2002	244.47699	27.02700	NaN	NaN	NaN	NaN	NaN	NaN	3.95
22	10	2002	244.47699	27.027	21.65	33.52	390.64999	370.55	20.09999	7.5	3.954286379
3	2	2016	-115.8667	27.02773	NaN	NaN	NaN	NaN	NaN	NaN	-7.33
3	2	2016	-115.8667	27.02773333	19.66	34.338	372.019925	404.07	-32.050075	9.075	-7.327000292
7	5	2016	244.4944	27.0304	18.3041	33.7046	398.13	398.35999	-0.22999	4.85	-0.058704071
10	5	2016	244.70261	27.0304	18.5466	33.7017	397.84	396.79999	1.04001	4.075	0.260379792
10	5	2016	244.6944	27.0339	18.5873	33.7053	398.70001	396.82001	1.88	2.575	0.469152518
10	10	2002	244.22	27.03600	NaN	NaN	NaN	NaN	NaN	NaN	7.49
10	10	2002	244.22	27.036	23.3	33.86	413.78	370.55	43.23	3.35001	7.493284379
7	7	2002	240.847	27.03700	NaN	NaN	NaN	NaN	NaN	NaN	-5.89
10	5	2016	244.68581	27.037	18.5955	33.7069	399.03	396.82001	2.20999	2.775	0.55113758
7	7	2002	240.847	27.037	17.97	33.57	351.54001	374.01	-22.46999	3.8	-5.894594674
17	3	1993	243.789	27.038	17.217	33.252	355.53	358.47	-2.94	6.61	-0.820819027
7	5	2016	244.4911	27.0385	18.2908	33.7152	399.10001	398.35999	0.74002	3.225	0.189078559
3	2	2016	-115.8699333	27.03922	NaN	NaN	NaN	NaN	NaN	NaN	-6.33
3	2	2016	-115.8699333	27.03921667	19.84	34.414	375.9603654	404.07	-28.1096346	4.825	-6.334052229
10	5	2016	244.67709	27.04	18.6034	33.7073	399.25	396.79999	2.45001	2.6	0.610610032
10	10	2002	244.216	27.04200	NaN	NaN	NaN	NaN	NaN	NaN	7.19
10	10	2002	244.216	27.042	23.27	33.86	411.91	370.55	41.36	3.29001	7.185331647
22	10	2002	244.48199	27.04300	NaN	NaN	NaN	NaN	NaN	NaN	3.48
10	5	2016	244.6685	27.043	18.6059	33.7068	399.48999	396.82001	2.66998	3	0.665301926
22	10	2002	244.48199	27.043	21.62	33.51	388.19	370.55	17.64	6.28	3.478462414
10	5	2016	244.66	27.0461	18.5727	33.7052	398.95001	396.84	2.11001	2.95	0.52716341
21	5	2002	240.75	27.04700	NaN	NaN	NaN	NaN	NaN	NaN	-0.8
10	10	2002	244.213	27.04700	NaN	NaN	NaN	NaN	NaN	NaN	6.82
10	10	2002	244.213	27.047	23.29	33.85	409.88	370.55	39.33	3.5	6.822711433
21	5	2002	240.75	27.047	18.55	33.569	372.57999	375.76	-3.18001	1.35001	-0.796438673
7	5	2016	244.4873	27.0477	18.3469	33.7231	399.85999	398.35001	1.50998	3.375	0.384068468
20	6	2018	242.87506	27.04812	NaN	NaN	NaN	NaN	NaN	NaN	13
20	6	2018	242.87506	27.04812	18.34	33.759	461.8767436	410.79	51.0867436	0.75	12.99903893
21	5	2002	240.75101	27.04900	NaN	NaN	NaN	NaN	NaN	NaN	-0.85
21	5	2002	240.75101	27.049	18.55	33.57	372.37	375.76	-3.39	2.13	-0.849027009
10	5	2016	244.6515	27.0491	18.53	33.7009	398.26001	396.79999	1.46002	2.975	0.366019287
3	2	2016	-115.8731	27.05032	NaN	NaN	NaN	NaN	NaN	NaN	-6.23
3	2	2016	-115.8731	27.05031667	19.79	34.409	376.5216242	404.07	-27.5483758	2.6	-6.232038738
24	5	2018	242.49178	27.05052	NaN	NaN	NaN	NaN	NaN	NaN	-3.39
24	5	2018	242.49178	27.05052	17.97	33.776	398.31	411.24	-12.93	2.825	-3.388645297
21	5	2002	240.752	27.05100	NaN	NaN	NaN	NaN	NaN	NaN	-0.84
21	5	2002	240.752	27.051	18.55	33.571	372.39001	375.76	-3.36999	1.90001	-0.844011518
7	7	2002	240.856	27.05200	NaN	NaN	NaN	NaN	NaN	NaN	-5.58
7	7	2002	240.856	27.052	17.91	33.52	352.85999	374.01	-21.15001	3.5	-5.576433834
10	5	2016	244.6431	27.0522	18.5476	33.7028	398.42999	396.91	1.51999	3.55	0.380516664
21	5	2002	240.752	27.05300	NaN	NaN	NaN	NaN	NaN	NaN	-0.81
10	10	2002	244.209	27.05300	NaN	NaN	NaN	NaN	NaN	NaN	6.85
10	10	2002	244.209	27.053	23.34	33.85	410.16	370.55	39.61	3.33	6.845515781
21	5	2002	240.752	27.053	18.56	33.572	372.51999	375.76	-3.24001	1.7	-0.810808856
21	5	2002	240.75299	27.05500	NaN	NaN	NaN	NaN	NaN	NaN	-0.79
21	5	2002	240.75299	27.055	18.56	33.573	372.60999	375.76	-3.15001	1.10001	-0.788282743
10	5	2016	244.6348	27.0555	18.5592	33.7043	398.64999	396.92001	1.72998	3.325	0.432683269
7	5	2016	244.48399	27.0557	18.3733	33.7261	400.32999	398.34	1.98999	1.7	0.505088379
22	10	2002	244.474	27.05700	NaN	NaN	NaN	NaN	NaN	NaN	3.29
22	10	2002	244.474	27.057	21.62	33.51	387.20999	370.55	16.65999	3.35001	3.28521253
21	5	2002	240.754	27.05800	NaN	NaN	NaN	NaN	NaN	NaN	-0.79
21	5	2002	240.754	27.058	18.56	33.574	372.59	375.76	-3.17	2.23	-0.793281456
10	10	2002	244.205	27.05900	NaN	NaN	NaN	NaN	NaN	NaN	6.76
10	10	2002	244.205	27.059	23.4	33.87	409.82001	370.55	39.27001	2.57001	6.755632163
10	5	2016	244.6264	27.059	18.5953	33.7057	399.12	396.92001	2.19999	4.8	0.548655561
21	5	2002	240.754	27.06000	NaN	NaN	NaN	NaN	NaN	NaN	-0.76
21	5	2002	240.754	27.06	18.57	33.574	372.73001	375.76	-3.02999	2.02	-0.75764141
3	2	2016	-115.8766	27.06178	NaN	NaN	NaN	NaN	NaN	NaN	-5.36
3	2	2016	-115.8766	27.06178333	19.74	34.354	380.4728458	404.07	-23.5971542	5.1	-5.360483884
21	5	2002	240.755	27.06200	NaN	NaN	NaN	NaN	NaN	NaN	-0.76
21	5	2002	240.755	27.062	18.57	33.575	372.73999	375.76	-3.02001	1.98	-0.755142378
10	5	2016	244.618	27.0625	18.6242	33.7093	399.54001	396.85999	2.68002	5	0.666824979
7	5	2016	244.4808	27.0639	18.3746	33.7241	400.48001	398.32999	2.15002	0.95	0.545654878
21	5	2002	240.756	27.06400	NaN	NaN	NaN	NaN	NaN	NaN	-0.78
10	10	2002	244.20099	27.06400	NaN	NaN	NaN	NaN	NaN	NaN	6.68
10	10	2002	244.20099	27.064	23.43	33.89	409.48001	370.55	38.93001	3.17	6.681471303
21	5	2002	240.756	27.064	18.57	33.575	372.66	375.76	-3.1	1.5	-0.775143583
10	5	2016	244.6096	27.0659	18.613	33.7115	399.57999	396.91	2.66999	4.575	0.664914242
21	5	2002	240.757	27.06600	NaN	NaN	NaN	NaN	NaN	NaN	-0.79
29	10	2002	240.817	27.06600	NaN	NaN	NaN	NaN	NaN	NaN	4.16
29	10	2002	240.817	27.066	21.19	33.7	390.98999	370.55	20.43999	1.78	4.16207228
21	5	2002	240.757	27.066	18.57	33.575	372.60001	375.76	-3.15999	3.47	-0.790143861
21	5	2002	240.757	27.06800	NaN	NaN	NaN	NaN	NaN	NaN	-0.77
21	5	2002	240.757	27.068	18.57	33.575	372.67999	375.76	-3.08001	0.85001	-0.770145157
10	5	2016	244.6012	27.0693	18.6204	33.7143	399.67999	396.82999	2.85	2.85	0.709315816
21	5	2002	240.758	27.07000	NaN	NaN	NaN	NaN	NaN	NaN	-0.72
10	10	2002	244.19699	27.07000	NaN	NaN	NaN	NaN	NaN	NaN	6.61
10	10	2002	244.19699	27.07	23.45	33.88	409.14001	370.55	38.59001	4.42	6.613482726
21	5	2002	240.758	27.07	18.57	33.577	372.89999	375.76	-2.86001	1.35001	-0.715128228
21	5	2002	240.759	27.07200	NaN	NaN	NaN	NaN	NaN	NaN	-0.7
21	5	2002	240.759	27.072	18.57	33.575	372.95999	375.76	-2.80001	1.75	-0.700132188
7	5	2016	244.4776	27.0721	18.3415	33.7206	400.04999	398.35999	1.69	0.675	0.430047527
10	5	2016	244.5927	27.0728	18.6407	33.718	400.28	396.89001	3.38999	4.225	0.842335111
3	2	2016	-115.88005	27.07287	NaN	NaN	NaN	NaN	NaN	NaN	-5.67
3	2	2016	-115.88005	27.07286667	19.32	34.224	379.9162355	404.07	-24.1537645	5	-5.674244188
10	10	2002	244.19501	27.07300	NaN	NaN	NaN	NaN	NaN	NaN	6.65
22	10	2002	244.468	27.07300	NaN	NaN	NaN	NaN	NaN	NaN	3.7
10	10	2002	244.19501	27.073	23.42	33.88	409.26001	370.55	38.71001	4.27	6.649002902
22	10	2002	244.468	27.073	21.61	33.52	389.28	370.55	18.73	3.29001	3.696058085
10	5	2016	244.5843	27.0763	18.6401	33.7201	400.26999	396.92999	3.34	3.125	0.829945103
10	10	2002	244.192	27.07800	NaN	NaN	NaN	NaN	NaN	NaN	6.7
10	10	2002	244.192	27.078	23.36	33.87	409.35999	370.55	38.80999	2.97	6.696580173
10	5	2016	244.5759	27.08	18.6353	33.7198	400.32999	396.85999	3.47	2.55	0.862578563
7	5	2016	244.4745	27.0802	18.2978	33.7094	400.10001	398.37	1.73001	1.3	0.441790663
20	6	2018	242.83116	27.08108	NaN	NaN	NaN	NaN	NaN	NaN	13.11
20	6	2018	242.83116	27.08108	18.34	33.763	462.3325761	410.79	51.5425761	1	13.11477804
29	10	2002	240.825	27.08200	NaN	NaN	NaN	NaN	NaN	NaN	4.09
29	10	2002	240.825	27.082	21.2	33.7	390.63	370.55	20.08	4.67	4.085628001
10	10	2002	244.188	27.08400	NaN	NaN	NaN	NaN	NaN	NaN	6.84
10	10	2002	244.188	27.084	23.36	33.82	410.16	370.55	39.61	4.47	6.836167313
10	5	2016	244.5665	27.084	18.6366	33.719	400.59	396.81	3.78	2.025	0.939545358
3	2	2016	-115.8835167	27.08430	NaN	NaN	NaN	NaN	NaN	NaN	-5.71
3	2	2016	-115.8835167	27.0843	19.15	34.16	380.0858466	404.07	-23.9841534	7.575	-5.712095351
24	5	2018	242.45192	27.08459	NaN	NaN	NaN	NaN	NaN	NaN	-3.52
24	5	2018	242.45192	27.08459	18	33.785	397.79001	411.24	-13.44999	5.175	-3.516299039
10	5	2016	244.55811	27.0876	18.6605	33.7201	401.14001	396.81	4.33001	1.9	1.074206601
7	5	2016	244.4713	27.0883	18.2909	33.6944	399.95999	398.39001	1.56998	1.2	0.401173403
10	10	2002	244.18399	27.09000	NaN	NaN	NaN	NaN	NaN	NaN	7.16
10	10	2002	244.18399	27.09	23.35	33.8	411.98001	370.55	41.43001	4.85001	7.156298184
10	5	2016	244.5497	27.0912	18.662	33.7214	400.92001	396.79999	4.12002	4.275	1.021983368
10	5	2016	244.5412	27.0948	18.674	33.7237	401.41	396.85001	4.55999	4.225	1.130029258
10	10	2002	244.181	27.09500	NaN	NaN	NaN	NaN	NaN	NaN	7.45
10	10	2002	244.181	27.095	23.37	33.79	413.73001	370.55	43.18001	5.57001	7.447720307
3	2	2016	-115.8867833	27.09537	NaN	NaN	NaN	NaN	NaN	NaN	-8.83
3	2	2016	-115.8867833	27.09536667	19	34.361	367.4076993	404.07	-36.6623007	1.875	-8.827248918
7	5	2016	244.4682	27.0966	18.2376	33.6791	399.5	398.35999	1.14001	1.175	0.292568544
29	10	2002	240.83301	27.09700	NaN	NaN	NaN	NaN	NaN	NaN	4.04
29	10	2002	240.83301	27.097	21.21	33.7	390.44	370.55	19.89	2.90001	4.043859974
10	5	2016	244.53259	27.0982	18.6909	33.7256	401.53	396.85999	4.67001	3.05	1.155731073
7	7	2002	240.87601	27.10000	NaN	NaN	NaN	NaN	NaN	NaN	-5.09
7	7	2002	240.87601	27.1	17.94	33.51	354.64999	374.01	-19.36001	3.39	-5.092438862
10	10	2002	244.177	27.10100	NaN	NaN	NaN	NaN	NaN	NaN	7.58
10	10	2002	244.177	27.101	23.38	33.79	414.51001	370.55	43.96001	2.93001	7.576562903
10	5	2016	244.52409	27.1015	18.7236	33.7268	402.04999	396.76999	5.28	4.35	1.303295574
7	5	2016	244.4653	27.1048	18.1998	33.6633	400.12	398.41	1.71	0.2	0.440210179
10	5	2016	244.5155	27.1049	18.7102	33.7265	401.97	396.82999	5.14001	4.425	1.270093101
3	2	2016	-115.8899833	27.10642	NaN	NaN	NaN	NaN	NaN	NaN	-7.22
3	2	2016	-115.8899833	27.10641667	19.45	34.376	373.007071	404.07	-31.062929	2.3	-7.21800395
10	10	2002	244.173	27.10700	NaN	NaN	NaN	NaN	NaN	NaN	7.72
10	10	2002	244.173	27.107	23.34	33.8	415.20001	370.55	44.65001	4.45	7.718292109
10	5	2016	244.5069	27.1083	18.7183	33.7253	402.35999	396.82999	5.53	3.95	1.365588683
10	5	2016	244.49831	27.1116	18.6846	33.7225	401.76001	396.91	4.85001	2.075	1.200895567
29	10	2002	240.83	27.11200	NaN	NaN	NaN	NaN	NaN	NaN	4.06
29	10	2002	240.83	27.112	21.24	33.7	390.57001	370.55	20.02001	1.73	4.060920529
7	5	2016	244.46201	27.1129	18.1196	33.652	400.32999	398.45001	1.87998	0.875	0.487110737
10	10	2002	244.16901	27.11300	NaN	NaN	NaN	NaN	NaN	NaN	7.77
10	10	2002	244.16901	27.113	23.34	33.8	415.48999	370.55	44.93999	6.5	7.768418645
20	6	2018	242.78708	27.11445	NaN	NaN	NaN	NaN	NaN	NaN	13.35
20	6	2018	242.78708	27.11445	18.25	33.729	462.877861	410.79	52.087861	2.2	13.35127386
10	5	2016	244.4899	27.1149	18.6912	33.7196	401.73999	396.88	4.85999	3.35	1.202752518
10	10	2002	244.16699	27.11600	NaN	NaN	NaN	NaN	NaN	NaN	7.79
10	10	2002	244.16699	27.116	23.36	33.79	415.67001	370.55	45.12001	4.88	7.78818049
3	2	2016	-115.8935333	27.11775	NaN	NaN	NaN	NaN	NaN	NaN	-6.69
3	2	2016	-115.8935333	27.11775	19.58	34.374	374.9950023	404.07	-29.0749977	2.175	-6.687549546
7	7	2002	240.873	27.11800	NaN	NaN	NaN	NaN	NaN	NaN	-5.07
7	7	2002	240.873	27.118	17.94	33.52	354.73999	374.01	-19.27001	3.3	-5.068525368
10	5	2016	244.4814	27.1184	18.7255	33.7188	402.28	396.82999	5.45001	4.2	1.345107984
24	5	2018	242.4124	27.11865	NaN	NaN	NaN	NaN	NaN	NaN	-3.62
24	5	2018	242.4124	27.11865	18.05	33.789	397.34	411.24	-13.9	6.375	-3.619339908
7	5	2016	244.4583	27.1209	18.1577	33.6476	400.48001	398.41	2.07001	2.7	0.534726116
10	10	2002	244.164	27.12100	NaN	NaN	NaN	NaN	NaN	NaN	7.6
10	10	2002	244.164	27.121	23.37	33.81	414.63	370.55	44.08	2.68001	7.602262999
10	10	2002	244.16	27.12700	NaN	NaN	NaN	NaN	NaN	NaN	7.53
10	10	2002	244.16	27.127	23.37	33.82	414.23999	370.55	43.68999	4.3	7.534658814
3	2	2016	-115.89685	27.12875	NaN	NaN	NaN	NaN	NaN	NaN	-5.82
3	2	2016	-115.89685	27.12875	19.54	34.309	378.8553185	404.07	-25.2146815	5.325	-5.819631925
7	5	2016	244.4548	27.129	18.1885	33.6433	400.16	398.42001	1.73999	1.1	0.448378001
10	10	2002	244.157	27.13300	NaN	NaN	NaN	NaN	NaN	NaN	7.45
10	10	2002	244.157	27.133	23.36	33.83	413.70999	370.55	43.15999	3.18001	7.44851191
22	10	2002	244.452	27.13600	NaN	NaN	NaN	NaN	NaN	NaN	3.37
22	10	2002	244.452	27.136	21.53	33.53	387.51999	370.55	16.96999	3.5	3.36916201
7	5	2016	244.45129	27.1371	18.1323	33.6529	399.20999	398.45999	0.75	1.075	0.194129837
10	10	2002	244.153	27.13900	NaN	NaN	NaN	NaN	NaN	NaN	7.35
10	10	2002	244.153	27.139	23.35	33.84	413.12	370.55	42.57	5.3	7.351879731
3	2	2016	-115.9003833	27.14005	NaN	NaN	NaN	NaN	NaN	NaN	-4.12
3	2	2016	-115.9003833	27.14005	19.1	33.997	386.8512387	404.07	-17.2187613	6.25	-4.120204916
7	7	2002	240.882	27.14400	NaN	NaN	NaN	NaN	NaN	NaN	-5.26
7	7	2002	240.882	27.144	17.89	33.52	354.10999	374.01	-19.90001	2.55	-5.255294478
10	10	2002	244.149	27.14500	NaN	NaN	NaN	NaN	NaN	NaN	7.13
10	10	2002	244.149	27.145	23.34	33.85	411.79001	370.55	41.24001	3.47	7.127218865
7	5	2016	244.44791	27.1452	18.2618	33.6657	399.66	398.35999	1.30001	2.75	0.333006874
2	2	2003	242.03799	27.14700	NaN	NaN	NaN	NaN	NaN	NaN	-1.63
10	10	2002	244.146	27.15000	NaN	NaN	NaN	NaN	NaN	NaN	6.99
10	10	2002	244.146	27.15	23.35	33.85	411	370.55	40.45	3.7	6.985437447
3	2	2016	-115.90395	27.15103	NaN	NaN	NaN	NaN	NaN	NaN	-5.26
3	2	2016	-115.90395	27.15103333	18.26	33.757	383.5298604	404.07	-20.5401396	5.95	-5.259992021
22	10	2002	244.44501	27.15200	NaN	NaN	NaN	NaN	NaN	NaN	3.19
2	2	2003	242.039	27.15200	NaN	NaN	NaN	NaN	NaN	NaN	-1.66
22	10	2002	244.44501	27.152	21.53	33.51	386.62	370.55	16.07	3.33	3.190774724
24	5	2018	242.37291	27.15253	NaN	NaN	NaN	NaN	NaN	NaN	-3.71
24	5	2018	242.37291	27.15253	18.02	33.786	397.01001	411.24	-14.22999	4.925	-3.714238664
10	10	2002	244.144	27.15300	NaN	NaN	NaN	NaN	NaN	NaN	6.93
10	10	2002	244.144	27.153	23.35	33.85	410.66	370.55	40.11	5	6.92672178
7	5	2016	244.4446	27.1535	18.3086	33.6663	399.29999	398.35001	0.94998	1.725	0.242435492
7	7	2002	240.89099	27.15900	NaN	NaN	NaN	NaN	NaN	NaN	-5.43
10	10	2002	244.14099	27.15900	NaN	NaN	NaN	NaN	NaN	NaN	6.91
10	10	2002	244.14099	27.159	23.37	33.85	410.62	370.55	40.07	5.28	6.909426707
7	7	2002	240.89099	27.159	17.85	33.5	353.53	374.01	-20.48	2.57001	-5.426390649
7	5	2016	244.44141	27.1617	18.3884	33.6681	399.34	398.32999	1.01001	2.6	0.25611671
3	2	2016	-115.9076833	27.16228	NaN	NaN	NaN	NaN	NaN	NaN	-7.14
3	2	2016	-115.9076833	27.16228333	17.93	33.793	376.9109994	404.07	-27.1590006	5.075	-7.140042512
21	5	2002	240.79001	27.16300	NaN	NaN	NaN	NaN	NaN	NaN	-0.98
21	5	2002	240.79001	27.163	18.52	33.583	371.84	375.76	-3.92	2.68001	-0.984052576
10	5	2016	244.3683	27.164	18.6869	33.7385	401.35999	396.91	4.44999	4.3	1.101563658
21	5	2002	240.791	27.16500	NaN	NaN	NaN	NaN	NaN	NaN	-1.02
10	10	2002	244.13699	27.16500	NaN	NaN	NaN	NaN	NaN	NaN	6.88
10	10	2002	244.13699	27.165	23.37	33.86	410.47	370.55	39.92	3.37	6.883250048
21	5	2002	240.791	27.165	18.51	33.573	371.70999	375.76	-4.05001	3.57001	-1.017547241
21	5	2002	240.79199	27.16700	NaN	NaN	NaN	NaN	NaN	NaN	-1.05
21	5	2002	240.79199	27.167	18.5	33.572	371.60001	375.76	-4.15999	1.47	-1.046016771
10	5	2016	244.3584	27.1675	18.6687	33.7397	401.51999	397.07001	4.44998	4.65	1.103148509
21	5	2002	240.79199	27.16900	NaN	NaN	NaN	NaN	NaN	NaN	-1.06
22	10	2002	244.44901	27.16900	NaN	NaN	NaN	NaN	NaN	NaN	2.25
22	10	2002	244.44901	27.169	21.57	33.5	381.94	370.55	11.39	2.57001	2.254727253
21	5	2002	240.79199	27.169	18.49	33.569	371.56	375.76	-4.2	2.38	-1.056933522
7	5	2016	244.4381	27.17	18.3848	33.6715	398.54999	398.32999	0.22	2.7	0.055802372
10	5	2016	244.3499	27.1709	18.6323	33.7429	401.20001	397.09	4.11001	4.45	1.021805808
21	5	2002	240.793	27.17100	NaN	NaN	NaN	NaN	NaN	NaN	-1.06
10	10	2002	244.133	27.17100	NaN	NaN	NaN	NaN	NaN	NaN	6.77
10	10	2002	244.133	27.171	23.37	33.86	409.82999	370.55	39.27999	3.40001	6.772895618
21	5	2002	240.793	27.171	18.49	33.566	371.54999	375.76	-4.21001	3	-1.059467532
3	2	2016	-115.9112833	27.17315	NaN	NaN	NaN	NaN	NaN	NaN	-6.79
3	2	2016	-115.9112833	27.17315	18.06	33.818	377.9528446	404.07	-26.1171554	3.125	-6.794113727
21	5	2002	240.79401	27.17400	NaN	NaN	NaN	NaN	NaN	NaN	-1.13
21	5	2002	240.79401	27.174	18.48	33.569	371.26999	375.76	-4.49001	1.73	-1.130815149
10	5	2016	244.34151	27.1745	18.6254	33.744	400.97	397.10001	3.86999	3.975	0.962656312
29	10	2002	240.849	27.17500	NaN	NaN	NaN	NaN	NaN	NaN	3.8
29	10	2002	240.849	27.175	21.55	33.7	389.72	370.55	19.17	2.08	3.797150369
21	5	2002	240.79401	27.17600	NaN	NaN	NaN	NaN	NaN	NaN	-1.11
10	10	2002	244.13	27.17600	NaN	NaN	NaN	NaN	NaN	NaN	6.8
10	10	2002	244.13	27.176	23.36	33.87	409.95999	370.55	39.40999	4.17	6.800108881
21	5	2002	240.79401	27.176	18.47	33.567	371.37	375.76	-4.39	3.65001	-1.10651907
10	5	2016	244.33321	27.1781	18.6259	33.744	400.98001	397.06	3.92001	4.2	0.975059986
7	5	2016	244.43491	27.1783	18.4314	33.6745	398.07001	398.26001	-0.19	3.05	-0.048013537
21	5	2002	240.79599	27.18000	NaN	NaN	NaN	NaN	NaN	NaN	-1.08
21	5	2002	240.79599	27.18	18.46	33.563	371.48001	375.76	-4.27999	0.7	-1.079670802
20	6	2018	242.69984	27.18093	NaN	NaN	NaN	NaN	NaN	NaN	13.08
20	6	2018	242.69984	27.18093	18.44	33.728	462.606941	410.79	51.816941	3.975	13.0820134
10	5	2016	244.32491	27.1816	18.6593	33.7473	401.72	397.04001	4.67999	4.025	1.160993062
21	5	2002	240.797	27.18200	NaN	NaN	NaN	NaN	NaN	NaN	-1.11
10	10	2002	244.12601	27.18200	NaN	NaN	NaN	NaN	NaN	NaN	6.89
10	10	2002	244.12601	27.182	23.29	33.88	410.29999	370.55	39.74999	3.33	6.894631569
21	5	2002	240.797	27.182	18.46	33.562	371.34	375.76	-4.42	3.62	-1.114995
21	5	2002	240.798	27.18400	NaN	NaN	NaN	NaN	NaN	NaN	-1.14
22	10	2002	244.442	27.18400	NaN	NaN	NaN	NaN	NaN	NaN	2.48
22	10	2002	244.442	27.184	21.6	33.51	383.13	370.55	12.58	3.17	2.484470793
21	5	2002	240.798	27.184	18.46	33.561	371.25	375.76	-4.51	5	-1.137703884
10	5	2016	244.3165	27.1851	18.6481	33.7493	401.85999	397.04999	4.81	4.25	1.194296507
3	2	2016	-115.91525	27.18553	NaN	NaN	NaN	NaN	NaN	NaN	-6.59
3	2	2016	-115.91525	27.18553333	18.18	33.837	378.5093376	404.07	-25.5606624	1.725	-6.585176097
24	5	2018	242.33307	27.18571	NaN	NaN	NaN	NaN	NaN	NaN	-3.72
24	5	2018	242.33307	27.18571	18.02	33.791	396.97	411.24	-14.27	4.3	-3.724593748
21	5	2002	240.798	27.18600	NaN	NaN	NaN	NaN	NaN	NaN	-1.14
21	5	2002	240.798	27.186	18.46	33.557	371.23001	375.76	-4.52999	3.53	-1.142768168
7	5	2016	244.4314	27.1865	18.4211	33.6776	397	398.26999	-1.26999	2.6	-0.321188985
21	5	2002	240.79901	27.18800	NaN	NaN	NaN	NaN	NaN	NaN	-1.07
10	10	2002	244.123	27.18800	NaN	NaN	NaN	NaN	NaN	NaN	6.63
10	10	2002	244.123	27.188	23.26	33.88	408.67001	370.55	38.12001	3.13	6.626839276
21	5	2002	240.79901	27.188	18.48	33.551	371.53	375.76	-4.23	3.5	-1.065421698
10	5	2016	244.308	27.1886	18.623	33.7513	401.66	397.16	4.5	4.675	1.119545768
18	10	2000	244.47301	27.18900	NaN	NaN	NaN	NaN	NaN	NaN	4.78
29	10	2002	240.858	27.18900	NaN	NaN	NaN	NaN	NaN	NaN	3.73
18	10	2000	244.47301	27.189	20.99	33.84	391.57999	368.45	23.12999	5.04001	4.779783727
29	10	2002	240.858	27.189	21.59	33.7	389.45001	370.55	18.90001	3.87	3.732228298
21	5	2002	240.8	27.19000	NaN	NaN	NaN	NaN	NaN	NaN	-1.1
21	5	2002	240.8	27.19	18.48	33.553	371.41	375.76	-4.35	3.57001	-1.095636094
21	5	2002	240.80099	27.19200	NaN	NaN	NaN	NaN	NaN	NaN	-1.04
21	5	2002	240.80099	27.192	18.49	33.553	371.63	375.76	-4.13	3.22	-1.039396369
10	5	2016	244.29939	27.1921	18.6257	33.7484	402.29999	397.14999	5.15	4.3	1.281000481
21	5	2002	240.80099	27.19400	NaN	NaN	NaN	NaN	NaN	NaN	-1.06
21	5	2002	240.80099	27.194	18.49	33.553	371.54999	375.76	-4.21001	3.35001	-1.059532472
7	5	2016	244.4278	27.1946	18.3949	33.6812	396.48999	398.29999	-1.81	3.75	-0.458710655
10	5	2016	244.2907	27.1956	18.6167	33.7399	402.04001	397.14999	4.89002	4.175	1.217252827
21	5	2002	240.802	27.19600	NaN	NaN	NaN	NaN	NaN	NaN	-1.04
21	5	2002	240.802	27.196	18.49	33.553	371.62	375.76	-4.14	3.3	-1.041913068
3	2	2016	-115.91885	27.19651	NaN	NaN	NaN	NaN	NaN	NaN	-6.6
3	2	2016	-115.91885	27.19650833	18.195	33.832	378.4239267	404.07	-25.6460733	3	-6.599413876
21	5	2002	240.80301	27.19800	NaN	NaN	NaN	NaN	NaN	NaN	-1.08
21	5	2002	240.80301	27.198	18.48	33.556	371.48001	375.76	-4.27999	3.62	-1.077987401
10	5	2016	244.2821	27.199	18.6142	33.7292	402.26999	397.13	5.13999	3.225	1.279795661
10	5	2016	244.2735	27.2024	18.6084	33.7195	402.17999	397.16	5.01999	3.475	1.25055074
7	5	2016	244.4243	27.2028	18.392	33.6816	396.16	398.32999	-2.16999	5.625	-0.550069559
18	10	2000	244.468	27.20500	NaN	NaN	NaN	NaN	NaN	NaN	4.82
29	10	2002	240.867	27.20500	NaN	NaN	NaN	NaN	NaN	NaN	3.68
18	10	2000	244.468	27.205	21.06	33.86	391.91	368.45	23.46	6.79001	4.821468685
29	10	2002	240.867	27.205	21.61	33.7	389.20999	370.55	18.65999	4.45	3.679197006
10	5	2016	244.2648	27.2059	18.6164	33.7142	402.64001	397.10001	5.54	5.575	1.379249553
3	2	2016	-115.92245	27.20748	NaN	NaN	NaN	NaN	NaN	NaN	-6.25
3	2	2016	-115.92245	27.20748333	18.21	33.827	379.7458336	404.07	-24.3241664	4.225	-6.251896233
10	5	2016	244.2561	27.2094	18.5854	33.7128	402.42999	397.16	5.26999	4.575	1.315274119
7	5	2016	244.4209	27.2109	18.3782	33.6779	396.04999	398.26999	-2.22	4.625	-0.563376177
7	7	2002	240.909	27.21100	NaN	NaN	NaN	NaN	NaN	NaN	-5.29
7	7	2002	240.909	27.211	18	33.55	353.79999	374.01	-20.21001	3.67	-5.289484603
10	5	2016	244.24741	27.2128	18.5644	33.7117	402.63	397.20001	5.42999	4.825	1.357479351
20	6	2018	242.65657	27.21330	NaN	NaN	NaN	NaN	NaN	NaN	13.1
20	6	2018	242.65657	27.2133	18.34	33.709	462.2618219	410.79	51.4718219	3.925	13.10011366
10	5	2016	244.2386	27.2162	18.576	33.714	403.10001	397.25	5.85001	3.475	1.461118173
3	2	2016	-115.926	27.21832	NaN	NaN	NaN	NaN	NaN	NaN	-6.49
3	2	2016	-115.926	27.21831667	18.16	33.86	378.9294561	404.07	-25.1405439	6.75	-6.486608285
24	5	2018	242.29305	27.21863	NaN	NaN	NaN	NaN	NaN	NaN	-3.62
24	5	2018	242.29305	27.21863	18.08	33.778	397.31	411.24	-13.93	4.375	-3.618630721
7	5	2016	244.4175	27.219	18.3672	33.6736	395.92999	398.26001	-2.33002	5.2	-0.59182742
10	5	2016	244.2301	27.2199	18.5705	33.7179	403.57001	397.17999	6.39002	0.575	1.596661961
29	10	2002	240.864	27.22000	NaN	NaN	NaN	NaN	NaN	NaN	3.7
10	6	2007	243.48	27.22000	NaN	NaN	NaN	NaN	NaN	NaN	-2.93
10	6	2007	243.48	27.22000	NaN	NaN	NaN	NaN	NaN	NaN	-1.88
10	6	2007	243.48	27.22000	NaN	NaN	NaN	NaN	NaN	NaN	-1.6
29	10	2002	240.864	27.22	21.62	33.7	389.32999	370.55	18.77999	2.52	3.700026071
10	6	2007	243.48	27.22	17.7	33.805	380.1	386.1	-5.968682861	6.28	-1.598359541
10	6	2007	243.48	27.22	17.7	33.805	379.1	386.1	-7.036065674	5.45	-1.88419505
10	6	2007	243.48	27.22	17.7	33.805	375.2	386.1	-10.92305908	6.13	-2.925096895
10	5	2016	244.2216	27.2236	18.5365	33.7188	403.19	397.25	5.94	3.275	1.488230796
7	7	2002	240.907	27.22600	NaN	NaN	NaN	NaN	NaN	NaN	-5.24
7	7	2002	240.907	27.226	17.99	33.54	353.98999	374.01	-20.02001	2.18001	-5.244209988
7	5	2016	244.41409	27.2271	18.3556	33.6689	395.95001	398.26001	-2.31	4.15	-0.587298671
10	5	2016	244.21291	27.2273	18.5312	33.7178	403.64001	397.31	6.33001	3.575	1.586622053
17	3	1993	243.714	27.229	16.447	32.934	347.04999	358.47	-11.42001	5.15001	-3.400425215
3	2	2016	-115.9296833	27.22952	NaN	NaN	NaN	NaN	NaN	NaN	-6.3
3	2	2016	-115.9296833	27.22951667	18.18	33.838	379.6127852	404.07	-24.4572148	3.55	-6.300865863
10	5	2016	244.20419	27.2309	18.5014	33.7172	403.26999	397.32999	5.94	4.225	1.49240638
10	5	2016	244.1955	27.2344	18.4796	33.7146	402.26999	397.37	4.89999	3.175	1.233261524
7	5	2016	244.4108	27.2353	18.3206	33.6626	395.39999	398.26001	-2.86002	4.775	-0.729192644
10	5	2016	244.18671	27.2378	18.4602	33.7116	401.45001	397.45999	3.99002	3.325	1.005801795
22	10	2002	244.429	27.23900	NaN	NaN	NaN	NaN	NaN	NaN	5.38
22	10	2002	244.429	27.239	21.75	33.52	398.09	370.55	27.54	4.42	5.376714824
3	2	2016	-115.9331833	27.24045	NaN	NaN	NaN	NaN	NaN	NaN	-6.38
3	2	2016	-115.9331833	27.24045	18.15	33.836	379.3542043	404.07	-24.7157957	4.275	-6.382846604
10	5	2016	244.1778	27.2413	18.4294	33.7074	400.42999	397.51001	2.91998	3.45	0.737890328
7	7	2002	240.914	27.24200	NaN	NaN	NaN	NaN	NaN	NaN	-4.98
7	7	2002	240.914	27.242	18.03	33.53	354.94	374.01	-19.07	2.63	-4.97959159
10	5	2016	244.1691	27.2447	18.4224	33.7017	400.06	397.45999	2.60001	5.15	0.657417071
7	5	2016	244.4071	27.2448	18.2525	33.6535	395.16	398.29001	-3.13001	2.775	-0.802416804
20	6	2018	242.61354	27.24522	NaN	NaN	NaN	NaN	NaN	NaN	12.98
20	6	2018	242.61354	27.24522	18.37	33.715	461.9012731	410.79	51.1112731	4.3	12.97687929
10	5	2016	244.159	27.2486	18.434	33.6921	399.59	397.48001	2.10999	3.675	0.533045697
24	5	2018	242.25255	27.25174	NaN	NaN	NaN	NaN	NaN	NaN	-3.58
24	5	2018	242.25255	27.25174	18.06	33.771	397.48001	411.24	-13.75999	4.7	-3.580318078
3	2	2016	-115.9367833	27.25183	NaN	NaN	NaN	NaN	NaN	NaN	-6.19
3	2	2016	-115.9367833	27.25183333	18.16	33.813	380.1035574	404.07	-23.9664426	7.025	-6.185047791
10	5	2016	244.14999	27.252	18.463	33.6848	399.85999	397.47	2.38999	3.15	0.602408956
7	5	2016	244.4039	27.253	18.2728	33.6544	395.32001	398.31	-2.98999	2.675	-0.765275339
22	10	2002	244.423	27.25400	NaN	NaN	NaN	NaN	NaN	NaN	5.47
22	10	2002	244.423	27.254	21.69	33.54	398.42999	370.55	27.87999	4.27	5.46760152
10	5	2016	244.1414	27.2555	18.4492	33.6809	399.54999	397.45999	2.09	4.15	0.527384259
7	7	2002	240.922	27.25600	NaN	NaN	NaN	NaN	NaN	NaN	-5
7	7	2002	240.922	27.256	18.05	33.55	354.84	374.01	-19.17	2.7	-4.997211244
10	5	2016	244.1328	27.2592	18.4285	33.6796	399.16	397.56	1.6	5.65	0.404408273
10	5	2016	244.1241	27.2628	18.4483	33.6807	399.25	397.47	1.78	4.25	0.449192439
3	2	2016	-115.9401667	27.26293	NaN	NaN	NaN	NaN	NaN	NaN	-6.58
3	2	2016	-115.9401667	27.26293333	18.09	33.815	378.7236322	404.07	-25.3463678	6.95	-6.577865417
10	5	2016	244.1154	27.2664	18.4659	33.6838	399.14999	397.45999	1.69	1.65	0.425876567
18	10	2000	244.44901	27.26800	NaN	NaN	NaN	NaN	NaN	NaN	4.87
18	10	2000	244.44901	27.268	21.29	33.93	392.56	368.45	24.11	3.32001	4.866639766
22	10	2002	244.416	27.27000	NaN	NaN	NaN	NaN	NaN	NaN	5.59
2	2	2003	242.05899	27.27000	NaN	NaN	NaN	NaN	NaN	NaN	-1.96
10	5	2016	244.1067	27.27	18.5126	33.6778	399.60001	397.48001	2.12	0.3	0.532267421
22	10	2002	244.416	27.27	21.66	33.53	399.01001	370.55	28.46001	2.97	5.594422731
29	10	2002	240.88501	27.27100	NaN	NaN	NaN	NaN	NaN	NaN	3.44
29	10	2002	240.88501	27.271	21.75	33.7	388.17001	370.55	17.62001	2.02	3.437164156
10	5	2016	244.0979	27.2736	18.4938	33.6639	400.26001	397.42999	2.83002	0.7	0.711642919
2	2	2003	242.06	27.27400	NaN	NaN	NaN	NaN	NaN	NaN	-1.67
3	2	2016	-115.9438333	27.27438	NaN	NaN	NaN	NaN	NaN	NaN	-6.69
3	2	2016	-115.9438333	27.27438333	18.08	33.82	378.2937105	404.07	-25.7762895	5.1	-6.694640817
20	6	2018	242.57054	27.27708	NaN	NaN	NaN	NaN	NaN	NaN	13.39
20	6	2018	242.57054	27.27708	18.36	33.717	463.4852431	410.79	52.6952431	3.35	13.38959317
10	5	2016	244.089	27.2771	18.4688	33.6531	400.81	397.51999	3.29001	0.475	0.829004316
2	2	2003	242.06	27.27800	NaN	NaN	NaN	NaN	NaN	NaN	-1.59
10	5	2016	244.08	27.2805	18.4023	33.6453	400.82001	397.44	3.38001	2.725	0.856239988
2	2	2003	242.061	27.28200	NaN	NaN	NaN	NaN	NaN	NaN	-1.5
18	10	2000	244.444	27.28400	NaN	NaN	NaN	NaN	NaN	NaN	4.8
10	5	2016	244.0712	27.284	18.4054	33.6399	401.23001	397.47	3.76001	1.975	0.952292199
18	10	2000	244.444	27.284	21.3	33.93	392.23001	368.45	23.78001	6.12	4.796347351
24	5	2018	242.21165	27.28502	NaN	NaN	NaN	NaN	NaN	NaN	-3.52
24	5	2018	242.21165	27.28502	18.12	33.773	397.66	411.24	-13.58	2.125	-3.516510117
3	2	2016	-115.9472833	27.28555	NaN	NaN	NaN	NaN	NaN	NaN	-6.14
3	2	2016	-115.9472833	27.28555	18.1	33.811	380.3792458	404.07	-23.6907542	5.75	-6.143395909
29	10	2002	240.89499	27.28600	NaN	NaN	NaN	NaN	NaN	NaN	3.43
29	10	2002	240.89499	27.286	21.79	33.7	388.17001	370.55	17.62001	3	3.426681619
22	10	2002	244.409	27.28700	NaN	NaN	NaN	NaN	NaN	NaN	5.55
2	2	2003	242.061	27.28700	NaN	NaN	NaN	NaN	NaN	NaN	-1.54
22	10	2002	244.409	27.287	21.62	33.53	398.70001	370.55	28.15001	4.47	5.550439339
10	5	2016	244.0623	27.2875	18.3845	33.6345	401.10999	397.63	3.47999	2	0.882864777
2	2	2003	242.062	27.29100	NaN	NaN	NaN	NaN	NaN	NaN	-1.56
10	5	2016	244.05341	27.291	18.396	33.633	401.38	397.54999	3.83001	2.65	0.970780019
10	5	2016	244.04449	27.2946	18.4026	33.6357	401.29999	397.57001	3.72998	2.175	0.944916222
2	2	2003	242.062	27.29500	NaN	NaN	NaN	NaN	NaN	NaN	-1.53
3	2	2016	-115.9508333	27.29708	NaN	NaN	NaN	NaN	NaN	NaN	-6.13
3	2	2016	-115.9508333	27.29708333	17.89	33.691	380.8296502	404.07	-23.2403498	4.125	-6.132459385
10	5	2016	244.03571	27.298	18.4253	33.6423	401.59	397.54999	4.04001	1.95	1.021573661
2	2	2003	242.063	27.30000	NaN	NaN	NaN	NaN	NaN	NaN	-1.49
18	10	2000	244.439	27.30100	NaN	NaN	NaN	NaN	NaN	NaN	4.66
18	10	2000	244.439	27.301	21.26	33.92	391.48001	368.45	23.03001	6.19	4.659577753
10	5	2016	244.02679	27.3015	18.4344	33.6483	401.69	397.57999	4.11001	0.675	1.038491154
2	2	2003	242.064	27.30400	NaN	NaN	NaN	NaN	NaN	NaN	-1.44
10	5	2016	244.0179	27.3052	18.4378	33.6543	401.84	397.67001	4.16999	1	1.053331209
2	2	2003	242.064	27.30800	NaN	NaN	NaN	NaN	NaN	NaN	-1.48
3	2	2016	-115.9543	27.30823	NaN	NaN	NaN	NaN	NaN	NaN	-6.42
3	2	2016	-115.9543	27.30823333	17.67	33.606	380.1712062	404.07	-23.8987938	6.825	-6.42143157
10	5	2016	244.00909	27.3087	18.4743	33.6537	402.57001	397.57999	4.99002	1.95	1.256812066
20	6	2018	242.52834	27.31018	NaN	NaN	NaN	NaN	NaN	NaN	13.11
20	6	2018	242.52834	27.31018	18.35	33.715	462.3625922	410.79	51.5725922	2.9	13.11491806
29	10	2002	240.892	27.31100	NaN	NaN	NaN	NaN	NaN	NaN	3.39
29	10	2002	240.892	27.311	21.84	33.7	388.03	370.55	17.48	0.93001	3.386504956
2	2	2003	242.065	27.31300	NaN	NaN	NaN	NaN	NaN	NaN	-1.51
18	10	2000	244.43401	27.31700	NaN	NaN	NaN	NaN	NaN	NaN	4.51
2	2	2003	242.06601	27.31700	NaN	NaN	NaN	NaN	NaN	NaN	-1.47
18	10	2000	244.43401	27.317	21.21	33.91	390.67001	368.45	22.22001	5.24001	4.513203125
24	5	2018	242.17007	27.31729	NaN	NaN	NaN	NaN	NaN	NaN	-3.38
24	5	2018	242.17007	27.31729	18.19	33.781	398.13	411.24	-13.11	2.35	-3.375713045
7	7	2002	240.94	27.31900	NaN	NaN	NaN	NaN	NaN	NaN	-5.08
7	7	2003	240.94	27.319	18.07	33.56	354.5	374.01	-19.51	2.07001	-5.077456219
3	2	2016	-115.95775	27.31983	NaN	NaN	NaN	NaN	NaN	NaN	-7.05
3	2	2016	-115.95775	27.31983333	17.54	33.629	378.1079975	404.07	-25.9620025	5.325	-7.048586032
2	2	2003	242.06601	27.32100	NaN	NaN	NaN	NaN	NaN	NaN	-1.39
2	2	2003	242.067	27.32500	NaN	NaN	NaN	NaN	NaN	NaN	-1.43
29	10	2002	240.90201	27.32700	NaN	NaN	NaN	NaN	NaN	NaN	3.38
29	10	2002	240.90201	27.327	21.89	33.7	388.07001	370.55	17.52001	0.3	3.381335307
2	2	2003	242.067	27.32900	NaN	NaN	NaN	NaN	NaN	NaN	-1.45
3	2	2016	-115.961	27.33108	NaN	NaN	NaN	NaN	NaN	NaN	-7.07
3	2	2016	-115.961	27.33108333	17.54	33.614	378.0243349	404.07	-26.0456651	3.425	-7.071803826
7	7	2002	240.94901	27.33600	NaN	NaN	NaN	NaN	NaN	NaN	-5.03
7	7	2002	240.94901	27.336	18.07	33.56	354.70001	374.01	-19.30999	1.7	-5.025403835
2	2	2003	242.067	27.33800	NaN	NaN	NaN	NaN	NaN	NaN	-1.56
2	2	2003	242.06799	27.34200	NaN	NaN	NaN	NaN	NaN	NaN	-1.6
20	6	2018	242.48636	27.34373	NaN	NaN	NaN	NaN	NaN	NaN	13.05
20	6	2018	242.48636	27.34373	18.31	33.717	461.9409192	410.79	51.1509192	2.975	13.04916347
3	2	2016	-115.9646167	27.34373	NaN	NaN	NaN	NaN	NaN	NaN	-7.27
3	2	2016	-115.9646167	27.34373333	17.52	33.634	377.3245398	404.07	-26.7454602	1.65	-7.272859326
2	2	2003	242.06799	27.34600	NaN	NaN	NaN	NaN	NaN	NaN	-1.62
24	5	2018	242.1286	27.34957	NaN	NaN	NaN	NaN	NaN	NaN	-3.15
24	5	2018	242.1286	27.34957	18.23	33.782	398.98001	411.24	-12.25999	5.45	-3.14674689
7	7	2002	240.94699	27.35100	NaN	NaN	NaN	NaN	NaN	NaN	-5.08
2	2	2003	242.06799	27.35100	NaN	NaN	NaN	NaN	NaN	NaN	-1.65
7	7	2002	240.94699	27.351	18.06	33.57	354.48999	374.01	-19.52001	0.38	-5.083893583
22	10	2002	244.39	27.35200	NaN	NaN	NaN	NaN	NaN	NaN	4.53
22	10	2002	244.39	27.352	21.59	33.52	393.47	370.55	22.92	4.85001	4.529812397
3	2	2016	-115.9679333	27.35480	NaN	NaN	NaN	NaN	NaN	NaN	-6.89
3	2	2016	-115.9679333	27.3548	17.59	33.63	378.5953702	404.07	-25.4746298	1.65	-6.888371137
2	2	2003	242.069	27.35500	NaN	NaN	NaN	NaN	NaN	NaN	-1.85
2	2	2003	242.069	27.35900	NaN	NaN	NaN	NaN	NaN	NaN	-1.64
7	5	2016	244.3607	27.3602	18.3802	33.7134	396.89999	398.17999	-1.28	3.725	-0.324723287
2	2	2003	242.069	27.36300	NaN	NaN	NaN	NaN	NaN	NaN	-1.52
7	7	2002	240.95599	27.36600	NaN	NaN	NaN	NaN	NaN	NaN	-5.26
7	7	2002	240.95599	27.366	18.04	33.57	353.84	374.01	-20.17	1.40001	-5.26160868
3	2	2016	-115.9713167	27.36623	NaN	NaN	NaN	NaN	NaN	NaN	-6.98
3	2	2016	-115.9713167	27.36623333	17.57	33.625	378.2824983	404.07	-25.7875017	0.375	-6.984403438
2	2	2003	242.07001	27.36700	NaN	NaN	NaN	NaN	NaN	NaN	-1.68
7	5	2016	244.3575	27.3682	18.3945	33.7158	396.53	398.20999	-1.67999	2.325	-0.42570613
22	10	2002	244.392	27.36900	NaN	NaN	NaN	NaN	NaN	NaN	4.06
22	10	2002	244.392	27.369	21.58	33.52	391.07001	370.55	20.52001	5.57001	4.058593202
2	2	2002	242.07001	27.37600	NaN	NaN	NaN	NaN	NaN	NaN	-1.72
7	5	2016	244.35429	27.3762	18.3881	33.7155	396.39001	398.19	-1.79999	0.15	-0.456347412
20	6	2018	242.44423	27.37760	NaN	NaN	NaN	NaN	NaN	NaN	13.27
20	6	2018	242.44423	27.3776	18.3	33.71	462.7628983	410.79	51.9728983	3.875	13.26988998
29	10	2002	240.923	27.37800	NaN	NaN	NaN	NaN	NaN	NaN	3.1
29	10	2002	240.923	27.378	21.86	33.7	386.56	370.55	16.01	0.34999	3.096983917
18	10	2000	244.41499	27.37900	NaN	NaN	NaN	NaN	NaN	NaN	4.44
18	10	2000	244.41499	27.379	20.91	33.83	389.79999	368.45	21.34999	2.85001	4.439446132
2	2	2003	242.071	27.38000	NaN	NaN	NaN	NaN	NaN	NaN	-2
24	5	2018	242.08824	27.38263	NaN	NaN	NaN	NaN	NaN	NaN	-3.1
24	5	2018	242.08824	27.38263	18.24	33.781	399.16	411.24	-12.08	7.05	-3.098086484
2	2	2003	242.071	27.38400	NaN	NaN	NaN	NaN	NaN	NaN	-2.81
7	5	2016	244.3511	27.3843	18.3887	33.7154	396.26001	398.19	-1.92999	0.975	-0.489282835
22	10	2002	244.382	27.38800	NaN	NaN	NaN	NaN	NaN	NaN	3.36
22	10	2002	244.382	27.388	21.61	33.51	387.59	370.55	17.04	2.93001	3.362718909
10	5	2016	243.8103	27.38970	NaN	NaN	NaN	NaN	NaN	NaN	2.44
10	5	2016	243.8103	27.38970	NaN	NaN	NaN	NaN	NaN	NaN	0.08
10	5	2016	243.8103	27.38970	NaN	NaN	NaN	NaN	NaN	NaN	4.21
10	5	2016	243.8103	27.3897	18.115	33.486	419.7475281	403.53	16.21752808	6.58	4.206878611
10	5	2016	243.8103	27.3897	18.0787	33.4818	412.9108276	403.53	9.380827637	3.25	2.440551334
10	5	2016	243.8103	27.3897	18.0371	33.48	403.8284912	403.53	0.298491211	6.50999	0.077916617
9	6	2007	243.81	27.39000	NaN	NaN	NaN	NaN	NaN	NaN	-1.43
9	6	2007	243.81	27.39000	NaN	NaN	NaN	NaN	NaN	NaN	-0.38
9	6	2007	243.81	27.39000	NaN	NaN	NaN	NaN	NaN	NaN	-1.87
9	6	2007	243.81	27.39000	NaN	NaN	NaN	NaN	NaN	NaN	-0.48
9	6	2007	243.81	27.39000	NaN	NaN	NaN	NaN	NaN	NaN	-0.24
9	6	2007	243.81	27.39	17.4	33.685	385.2	386.1	-0.87746582	7.23	-0.240876321
9	6	2007	243.81	27.39	17.4	33.695	384.7	386.1	-1.392907715	5.86	-0.382353966
9	6	2007	243.81	27.39	17.4	33.725	384.3	386.1	-1.751916504	6.46001	-0.480833509
9	6	2007	243.81	27.39	17.4	33.695	380.9	386.1	-5.212304688	4.28	-1.430780625
9	6	2007	243.81	27.39	17.4	33.695	379.3	386.1	-6.803521729	6.40001	-1.867570615
29	10	2002	240.93201	27.39200	NaN	NaN	NaN	NaN	NaN	NaN	3.08
29	10	2002	240.93201	27.392	21.82	33.7	386.44	370.55	15.89	2.18001	3.083166658
7	5	2016	244.3479	27.3925	18.3852	33.7161	396.42999	398.19	-1.76001	2.675	-0.446313332
18	10	2000	244.41	27.39500	NaN	NaN	NaN	NaN	NaN	NaN	4.38
18	10	2000	244.41	27.395	20.89	33.83	389.48999	368.45	21.03999	0.47	4.381740045
7	5	2016	244.3446	27.4006	18.3873	33.716	396.32999	398.17999	-1.85	0.8	-0.469055156
4	6	2002	244.01401	27.40400	NaN	NaN	NaN	NaN	NaN	NaN	-1.85
22	10	2002	244.37201	27.40400	NaN	NaN	NaN	NaN	NaN	NaN	2.78
22	10	2002	244.37201	27.404	21.58	33.53	384.63	370.55	14.08	4.45	2.784714268
4	6	2002	244.01401	27.404	17.55	33.317	368.72	375.52	-6.8	4.7	-1.847419013
4	6	2002	244.013	27.40700	NaN	NaN	NaN	NaN	NaN	NaN	-1.67
4	6	2002	244.013	27.407	17.6	33.318	369.35999	375.52	-6.16001	3.95	-1.666797257
29	10	2002	240.929	27.40800	NaN	NaN	NaN	NaN	NaN	NaN	3.07
29	10	2002	240.929	27.408	21.77	33.7	386.32999	370.55	15.77999	3.7	3.073530404
7	5	2016	244.34129	27.4087	18.38	33.717	396.28	398.17999	-1.89999	2.775	-0.482008093
4	6	2002	244.01199	27.40900	NaN	NaN	NaN	NaN	NaN	NaN	-1.61
4	6	2002	244.01199	27.409	17.61	33.32	369.54999	375.52	-5.97001	5.57001	-1.614068042
20	6	2018	242.4016	27.41162	NaN	NaN	NaN	NaN	NaN	NaN	13.49
20	6	2018	242.4016	27.41162	18.35	33.708	463.8416512	410.79	53.0516512	3.775	13.49148874
4	6	2002	244.011	27.41200	NaN	NaN	NaN	NaN	NaN	NaN	-1.65
4	6	2002	244.011	27.412	17.61	33.32	369.42999	375.52	-6.09001	6.37	-1.646511566
18	10	2000	244.40401	27.41300	NaN	NaN	NaN	NaN	NaN	NaN	4.34
18	10	2000	244.40401	27.413	20.86	33.83	389.23001	368.45	20.78001	6.2	4.337625799
4	6	2002	244.011	27.41400	NaN	NaN	NaN	NaN	NaN	NaN	-1.76
4	6	2002	244.011	27.414	17.6	33.318	369.01001	375.52	-6.50999	4.02	-1.761496082
24	5	2018	242.04881	27.41661	NaN	NaN	NaN	NaN	NaN	NaN	-3.21
24	5	2018	242.04881	27.41661	18.23	33.779	398.75	411.24	-12.49	7.25	-3.205828527
7	5	2016	244.338	27.4168	18.4066	33.7178	396.51999	398.16	-1.64001	5.175	-0.415170563
4	6	2002	244.01001	27.41700	NaN	NaN	NaN	NaN	NaN	NaN	-1.68
4	6	2002	244.01001	27.417	17.63	33.318	369.31	375.52	-6.21	2.8	-1.676261404
8	7	2002	240.97699	27.41900	NaN	NaN	NaN	NaN	NaN	NaN	-5.33
8	7	2002	240.97699	27.419	17.96	33.55	353.70999	374.01	-20.30001	0.33	-5.330120024
17	3	1993	243.63901	27.419	17.153	33.15	350.01999	358.47	-8.45001	7.28	-2.372605474
4	6	2002	244.009	27.42000	NaN	NaN	NaN	NaN	NaN	NaN	-1.73
4	6	2002	244.009	27.42	17.6	33.321	369.14001	375.52	-6.37999	4.60001	-1.72629564
4	6	2002	244.008	27.42200	NaN	NaN	NaN	NaN	NaN	NaN	-1.8
4	6	2002	244.008	27.422	17.58	33.32	368.87	375.52	-6.65	5.15001	-1.802270416
29	10	2002	240.939	27.42300	NaN	NaN	NaN	NaN	NaN	NaN	3.01
29	10	2002	240.939	27.423	21.68	33.7	385.92001	370.55	15.37001	2.60001	3.014332204
7	5	2016	244.3347	27.4249	18.4135	33.7202	396.81	398.14999	-1.33999	2.95	-0.339029716
4	6	2002	244.007	27.42800	NaN	NaN	NaN	NaN	NaN	NaN	-1.71
4	6	2002	244.007	27.428	17.57	33.32	369.22	375.52	-6.3	2.98	-1.708793064
18	10	2000	244.399	27.42900	NaN	NaN	NaN	NaN	NaN	NaN	4.3
14	1	2003	239.55301	27.42900	NaN	NaN	NaN	NaN	NaN	NaN	2.99
18	10	2000	244.399	27.429	20.85	33.82	389.04999	368.45	20.59999	7.42	4.303567305
14	1	2003	239.55301	27.429	20.31	33.828	388.60999	374.88	13.72999	0.45	2.990722854
4	6	2002	244.006	27.43000	NaN	NaN	NaN	NaN	NaN	NaN	-1.7
4	6	2002	244.006	27.43	17.57	33.319	369.26001	375.52	-6.25999	2.85001	-1.697948933
3	2	2016	-115.99055	27.43145	NaN	NaN	NaN	NaN	NaN	NaN	-7.07
3	2	2016	-115.99055	27.43145	17.54	33.618	378.0128281	404.07	-26.0571719	1.5	-7.074793715
4	6	2002	244.005	27.43300	NaN	NaN	NaN	NaN	NaN	NaN	-1.77
7	5	2016	244.3313	27.433	18.4055	33.7225	396.32999	398.17001	-1.84002	3.425	-0.465833871
4	6	2002	244.005	27.433	17.55	33.321	369	375.52	-6.52	4.57001	-1.771315175
8	7	2002	240.97501	27.43400	NaN	NaN	NaN	NaN	NaN	NaN	-5.38
8	7	2002	240.97501	27.434	17.95	33.55	353.51999	374.01	-20.49001	0.14999	-5.384328052
4	6	2002	244.004	27.43600	NaN	NaN	NaN	NaN	NaN	NaN	-1.85
4	6	2002	244.004	27.436	17.54	33.32	368.72	375.52	-6.8	4.13	-1.848885407
4	6	2002	244.00299	27.43800	NaN	NaN	NaN	NaN	NaN	NaN	-1.91
4	6	2002	244.00299	27.438	17.54	33.326	368.48999	375.52	-7.03001	3.58	-1.911369496
14	1	2003	239.562	27.44000	NaN	NaN	NaN	NaN	NaN	NaN	3.02
14	1	2003	239.562	27.44	20.31	33.829	388.76001	374.88	13.88001	1.27	3.023386777
4	6	2002	244.002	27.44100	NaN	NaN	NaN	NaN	NaN	NaN	-1.66
4	6	2002	244.002	27.441	17.57	33.321	369.39999	375.52	-6.12001	3.60001	-1.659965236
7	5	2016	244.3275	27.4423	18.3963	33.7267	396.17999	398.14001	-1.96002	3.5	-0.496568347
3	2	2016	-115.9938667	27.44252	NaN	NaN	NaN	NaN	NaN	NaN	-7.07
3	2	2016	-115.9938667	27.44251667	17.54	33.617	378.0242022	404.07	-26.0457978	0.675	-7.07173911
4	6	2002	244.002	27.44400	NaN	NaN	NaN	NaN	NaN	NaN	-1.82
4	6	2002	244.002	27.444	17.57	33.321	368.81	375.52	-6.71	3.52	-1.819991591
20	6	2018	242.35881	27.44538	NaN	NaN	NaN	NaN	NaN	NaN	13.51
20	6	2018	242.35881	27.44538	18.39	33.712	464.0924157	410.79	53.3024157	3.6	13.5118169
4	6	2002	244.00101	27.44600	NaN	NaN	NaN	NaN	NaN	NaN	-1.88
4	6	2002	244.00101	27.446	17.56	33.328	368.59	375.52	-6.93	4.82001	-1.881119253
4	6	2002	244	27.44900	NaN	NaN	NaN	NaN	NaN	NaN	-1.81
4	6	2002	244	27.449	17.6	33.32	368.84	375.52	-6.68	5.15001	-1.807480829
7	5	2016	244.3242	27.4506	18.4199	33.7333	396.60001	398.13	-1.52999	3.625	-0.386880078
14	1	2003	239.571	27.45100	NaN	NaN	NaN	NaN	NaN	NaN	2.95
14	1	2003	239.571	27.451	20.3	33.828	388.42999	374.88	13.54999	0.55	2.953808845
3	2	2016	-115.9971167	27.45322	NaN	NaN	NaN	NaN	NaN	NaN	-7.05
3	2	2016	-115.9971167	27.45321667	17.55	33.62	378.0824372	404.07	-25.9875628	0.6	-7.05013128
4	6	2002	243.998	27.45400	NaN	NaN	NaN	NaN	NaN	NaN	-1.61
4	6	2002	243.998	27.454	17.6	33.321	369.57999	375.52	-5.94001	4.52	-1.607245993
7	5	2016	244.3208	27.4589	18.4723	33.7405	396.81	398.10001	-1.29001	1.75	-0.324827334
8	7	2002	240.98401	27.46000	NaN	NaN	NaN	NaN	NaN	NaN	-5.42
22	10	2002	244.36099	27.46000	NaN	NaN	NaN	NaN	NaN	NaN	1.37
22	10	2002	244.36099	27.46	21.54	33.53	377.44	370.55	6.89	6.5	1.366869302
8	7	2002	240.98401	27.46	17.95	33.55	353.37	374.01	-20.64	0.77	-5.423742155
14	1	2003	239.57901	27.46300	NaN	NaN	NaN	NaN	NaN	NaN	2.88
14	1	2003	239.57901	27.463	20.28	33.83	388.07001	374.88	13.19001	0.10001	2.879781612
3	2	2016	-116.0004	27.46438	NaN	NaN	NaN	NaN	NaN	NaN	-7.04
3	2	2016	-116.0004	27.46438333	17.55	33.614	378.1326435	404.07	-25.9373565	1.5	-7.036711355
7	5	2016	244.3174	27.4672	18.4742	33.7443	396.56	398.07999	-1.51999	0.725	-0.382672019
14	1	2003	239.588	27.47400	NaN	NaN	NaN	NaN	NaN	NaN	2.84
14	1	2003	239.588	27.474	20.25	33.834	387.85999	374.88	12.97999	0.5	2.840492287
3	2	2016	-116.0036167	27.47513	NaN	NaN	NaN	NaN	NaN	NaN	-7.13
3	2	2016	-116.0036167	27.47513333	17.52	33.618	377.843542	404.07	-26.226458	3.125	-7.132269678
7	5	2016	244.31419	27.4756	18.451	33.7479	396.57999	398.07999	-1.5	0.25	-0.378331593
8	7	2002	240.993	27.47600	NaN	NaN	NaN	NaN	NaN	NaN	-5.34
8	7	2002	240.993	27.476	17.96	33.55	353.66	374.01	-20.35	1.07001	-5.343245767
22	10	2002	244.351	27.47700	NaN	NaN	NaN	NaN	NaN	NaN	0.77
22	10	2002	244.351	27.477	21.46	33.55	374.39999	370.55	3.84999	4.88	0.768402517
21	6	2018	242.31523	27.47820	NaN	NaN	NaN	NaN	NaN	NaN	13.59
21	6	2018	242.31523	27.4782	18.39	33.71	464.3992249	410.79	53.6092249	3	13.58971929
7	5	2016	244.31081	27.484	18.4632	33.7503	396.82001	398.09	-1.26999	2.425	-0.320003383
14	1	2003	239.597	27.48500	NaN	NaN	NaN	NaN	NaN	NaN	3.11
14	1	2003	239.597	27.485	20.22	33.841	389.07001	374.88	14.19001	4.55	3.112440868
29	10	2002	240.95599	27.48600	NaN	NaN	NaN	NaN	NaN	NaN	2.67
29	10	2002	240.95599	27.486	21.58	33.7	384.06	370.55	13.51	0.93001	2.669892888
3	2	2016	-116.00695	27.48623	NaN	NaN	NaN	NaN	NaN	NaN	-7.08
3	2	2016	-116.00695	27.48623333	17.54	33.615	377.993082	404.07	-26.076918	3.25	-7.080255853
18	10	2000	244.38	27.49000	NaN	NaN	NaN	NaN	NaN	NaN	4.29
18	10	2000	244.38	27.49	20.85	33.83	388.98001	368.45	20.53001	6.09	4.28874927
7	5	2016	244.3073	27.4923	18.4387	33.7518	396.98001	398.13	-1.14999	4.3	-0.290330811
22	10	2002	244.34	27.49300	NaN	NaN	NaN	NaN	NaN	NaN	0.32
22	10	2002	244.34	27.493	21.35	33.55	372.13	370.55	1.58	2.68001	0.318016493
14	1	2003	239.606	27.49600	NaN	NaN	NaN	NaN	NaN	NaN	3.15
14	1	2003	239.606	27.496	20.21	33.845	389.20999	374.88	14.32999	0.40001	3.14553168
3	2	2016	-116.0102	27.49697	NaN	NaN	NaN	NaN	NaN	NaN	-7.24
3	2	2016	-116.0102	27.49696667	17.53	33.621	377.4150045	404.07	-26.6549955	2.65	-7.242853631
29	10	2002	240.965	27.49900	NaN	NaN	NaN	NaN	NaN	NaN	2.69
29	10	2002	240.965	27.499	21.56	33.7	384.14999	370.55	13.59999	0.25	2.691794096
7	5	2016	244.30389	27.5006	18.4331	33.7503	397.14001	398.07001	-0.93	4.325	-0.234897786
18	10	2000	244.375	27.50600	NaN	NaN	NaN	NaN	NaN	NaN	4.3
18	10	2000	244.375	27.506	20.86	33.83	389.07001	368.45	20.62001	6.34	4.304227349
14	1	2003	239.614	27.50700	NaN	NaN	NaN	NaN	NaN	NaN	3.12
14	1	2003	239.614	27.507	20.2	33.841	389.06	374.88	14.18	1.7	3.115088422
22	10	2002	244.341	27.50900	NaN	NaN	NaN	NaN	NaN	NaN	-0.05
7	5	2016	244.30051	27.509	18.4014	33.7467	397.44	398.10001	-0.66001	6.725	-0.167128854
22	10	2002	244.341	27.509	21.3	33.52	370.29999	370.55	-0.25001	4.3	-0.050521555
3	2	2016	-116.0139167	27.50905	NaN	NaN	NaN	NaN	NaN	NaN	-7.2
3	2	2016	-116.0139167	27.50905	17.56	33.682	377.5141909	404.07	-26.5558091	4.825	-7.196356506
21	6	2018	242.2711	27.51007	NaN	NaN	NaN	NaN	NaN	NaN	13.58
21	6	2018	242.2711	27.51007	18.48	33.714	464.7635643	410.79	53.9735643	3.625	13.58402522
29	10	2002	240.961	27.51400	NaN	NaN	NaN	NaN	NaN	NaN	2.74
29	10	2002	240.961	27.514	21.57	33.7	384.41	370.55	13.86	0.92	2.741158068
7	5	2016	244.2971	27.5173	18.3377	33.7432	397.51001	398.10999	-0.59998	3.95	-0.152704527
14	1	2003	239.623	27.51800	NaN	NaN	NaN	NaN	NaN	NaN	3.15
14	1	2003	239.623	27.518	20.21	33.86	389.23001	374.88	14.35001	1.87	3.149706452
3	2	2016	-116.0171167	27.51978	NaN	NaN	NaN	NaN	NaN	NaN	-8.42
3	2	2016	-116.0171167	27.51978333	17.66	33.901	372.716162	404.07	-31.353838	5.675	-8.41954914
18	10	2000	244.37	27.52300	NaN	NaN	NaN	NaN	NaN	NaN	4.34
18	10	2000	244.37	27.523	20.87	33.83	389.23999	368.45	20.78999	6.07001	4.336361571
7	5	2016	244.29379	27.5255	18.3138	33.7364	398.95999	398.13	0.82999	2.475	0.211655978
8	7	2002	241.017	27.52700	NaN	NaN	NaN	NaN	NaN	NaN	-5.34
8	7	2002	241.017	27.527	18.03	33.56	353.56	374.01	-20.45	2.2	-5.33918169
29	10	2002	240.96899	27.52900	NaN	NaN	NaN	NaN	NaN	NaN	2.85
14	1	2003	239.632	27.52900	NaN	NaN	NaN	NaN	NaN	NaN	3.19
14	1	2003	239.632	27.529	20.24	33.874	389.44	374.88	14.56	2.23	3.188141379
29	10	2002	240.96899	27.529	21.58	33.7	384.98001	370.55	14.43001	0.97	2.851708444
3	2	2016	-116.0205	27.53087	NaN	NaN	NaN	NaN	NaN	NaN	-6.63
3	2	2016	-116.0205	27.53086667	18.02	33.808	378.6711802	404.07	-25.3988198	4.525	-6.628778989
7	5	2016	244.2906	27.5337	18.366	33.7234	399.63	398.12	1.51	2.45	0.3834881
18	10	2000	244.36501	27.53900	NaN	NaN	NaN	NaN	NaN	NaN	4.32
18	10	2000	244.36501	27.539	20.86	33.83	389.16	368.45	20.71	4.82001	4.32301189
14	1	2003	239.64	27.54000	NaN	NaN	NaN	NaN	NaN	NaN	3.23
14	1	2003	239.64	27.54	20.24	33.874	389.64001	374.88	14.76001	1.98	3.231936719
3	2	2016	-116.0236	27.54178	NaN	NaN	NaN	NaN	NaN	NaN	-6.28
3	2	2016	-116.0236	27.54178333	18.03	33.791	379.9977202	404.07	-24.0722798	6.4	-6.278038148
21	6	2018	242.22635	27.54195	NaN	NaN	NaN	NaN	NaN	NaN	13.48
21	6	2018	242.22635	27.54195	18.51	33.717	464.4604652	410.79	53.6704652	3.175	13.47531827
7	5	2016	244.28729	27.542	18.389	33.7109	399.07001	398.09	0.98001	1.35	0.248447287
8	7	2002	241.01599	27.54400	NaN	NaN	NaN	NaN	NaN	NaN	-5.38
8	7	2002	241.01599	27.544	18.04	33.57	353.39999	374.01	-20.61001	2.2	-5.376391052
9	6	2007	244.13	27.55000	NaN	NaN	NaN	NaN	NaN	NaN	-6.81
9	6	2007	244.13	27.55000	NaN	NaN	NaN	NaN	NaN	NaN	-1.18
9	6	2007	244.13	27.55000	NaN	NaN	NaN	NaN	NaN	NaN	-1.87
9	6	2007	244.13	27.55000	NaN	NaN	NaN	NaN	NaN	NaN	-1.36
9	6	2007	244.13	27.55000	NaN	NaN	NaN	NaN	NaN	NaN	-0.81
9	6	2007	244.13	27.55	17.4	33.715	383.1	386.1	-2.960931396	2.31	-0.812700096
9	6	2007	244.13	27.55	17.4	33.725	381.8	386.1	-4.30715332	5.13	-1.182147459
9	6	2007	244.13	27.55	17.3	33.725	381.2	386.1	-4.930718994	5.68001	-1.364297251
9	6	2007	244.13	27.55	17.4	33.725	379.3	386.1	-6.80904541	5.23	-1.868820339
9	6	2007	244.13	27.55	17.4	33.725	361.3	386.1	-24.81340942	4.41	-6.810323828
10	5	2016	244.13029	27.55020	NaN	NaN	NaN	NaN	NaN	NaN	-2.79
10	5	2016	244.13029	27.55020	NaN	NaN	NaN	NaN	NaN	NaN	-2.54
10	5	2016	244.13029	27.55020	NaN	NaN	NaN	NaN	NaN	NaN	-7.04
7	5	2016	244.2838	27.5502	18.3621	33.7	398.73001	398.09	0.64001	4.125	0.162609084
10	5	2016	244.13029	27.5502	17.7261	33.5222	394.0205688	403.53	-9.509431152	2.13	-2.544602287
10	5	2016	244.13029	27.5502	17.8542	33.5261	392.9800415	403.53	-10.5499585	3.38	-2.794032883
10	5	2016	244.13029	27.5502	16.8208	33.4762	379.0913391	403.53	-24.43866089	3.68001	-7.039180756
14	1	2003	239.649	27.55200	NaN	NaN	NaN	NaN	NaN	NaN	3.32
14	1	2003	239.649	27.552	20.24	33.872	390.04001	374.88	15.16001	0.92	3.319553893
3	2	2016	-116.0268	27.55297	NaN	NaN	NaN	NaN	NaN	NaN	-6.18
3	2	2016	-116.0268	27.55296667	17.87	33.738	380.6641791	404.07	-23.4058209	6.15	-6.184678726
7	5	2016	244.2804	27.5585	18.3865	33.6896	398.47	398.07999	0.39001	4.975	0.098903063
8	7	2002	241.02499	27.56000	NaN	NaN	NaN	NaN	NaN	NaN	-5.47
8	7	2002	241.02499	27.56	18.03	33.57	353.07001	374.01	-20.93999	2.02	-5.466851909
14	1	2003	239.65799	27.56300	NaN	NaN	NaN	NaN	NaN	NaN	3.14
14	1	2003	239.65799	27.563	20.28	33.928	389.28	374.88	14.4	0.88	3.142527423
3	2	2016	-116.0298667	27.56388	NaN	NaN	NaN	NaN	NaN	NaN	-6.38
3	2	2016	-116.0298667	27.56388333	17.82	33.718	380.0169567	404.07	-24.0530433	6.775	-6.381902659
7	5	2016	244.2769	27.5669	18.3433	33.683	397.44	398.09	-0.65	2.825	-0.165408488
4	6	2002	243.96201	27.57000	NaN	NaN	NaN	NaN	NaN	NaN	-2.19
4	6	2002	243.96201	27.57	17.53	33.287	367.47	375.52	-8.05	3.75	-2.190866172
4	6	2002	243.961	27.57300	NaN	NaN	NaN	NaN	NaN	NaN	-2.2
4	6	2002	243.961	27.573	17.53	33.285	367.42999	375.52	-8.09001	3.12	-2.201776097
21	6	2018	242.18172	27.57398	NaN	NaN	NaN	NaN	NaN	NaN	13.53
21	6	2018	242.18172	27.57398	18.4	33.726	464.222022	410.79	53.432022	3.2	13.53297966
8	7	2002	241.02301	27.57400	NaN	NaN	NaN	NaN	NaN	NaN	-5.41
22	10	2002	244.31799	27.57400	NaN	NaN	NaN	NaN	NaN	NaN	2.39
22	10	2002	244.31799	27.574	21.93	33.5	382.98001	370.55	12.43001	3.18001	2.393862027
8	7	2002	241.02301	27.574	18.03	33.57	353.29001	374.01	-20.71999	0.28	-5.409415997
4	6	2002	243.95999	27.57500	NaN	NaN	NaN	NaN	NaN	NaN	-2.22
4	6	2002	243.95999	27.575	17.53	33.286	367.35999	375.52	-8.16001	4.90001	-2.220816742
3	2	2016	-116.0330667	27.57510	NaN	NaN	NaN	NaN	NaN	NaN	-6.59
3	2	2016	-116.0330667	27.5751	17.72	33.633	379.4407746	404.07	-24.6292254	4.925	-6.590241189
7	5	2016	244.27361	27.5753	18.3297	33.6739	397	398.10001	-1.10001	2.525	-0.280240675
4	6	2002	243.959	27.57800	NaN	NaN	NaN	NaN	NaN	NaN	-2.18
4	6	2002	243.959	27.578	17.53	33.282	367.51001	375.52	-8.00999	6.82001	-2.180028923
4	6	2002	243.95801	27.58100	NaN	NaN	NaN	NaN	NaN	NaN	-2.15
4	6	2002	243.95801	27.581	17.52	33.282	367.62	375.52	-7.9	5.90001	-2.151831479
4	6	2002	243.95801	27.58300	NaN	NaN	NaN	NaN	NaN	NaN	-2.23
4	6	2002	243.95801	27.583	17.51	33.283	367.32999	375.52	-8.19001	6.28	-2.23261825
7	5	2016	244.27029	27.5837	18.2721	33.6664	396.76001	398.10001	-1.34	4.5	-0.342967097
14	1	2003	239.675	27.58500	NaN	NaN	NaN	NaN	NaN	NaN	3.03
14	1	2003	239.675	27.585	20.31	33.955	388.81	374.88	13.93	0.2	3.032499488
3	2	2016	-116.0361833	27.58598	NaN	NaN	NaN	NaN	NaN	NaN	-7.06
3	2	2016	-116.0361833	27.58598333	17.59	33.618	377.9736564	404.07	-26.0963436	4.5	-7.056885285
4	6	2002	243.957	27.58600	NaN	NaN	NaN	NaN	NaN	NaN	-2.25
4	6	2002	243.957	27.586	17.51	33.283	367.26999	375.52	-8.25001	6.15001	-2.248974408
4	6	2002	243.95599	27.58800	NaN	NaN	NaN	NaN	NaN	NaN	-2.24
4	6	2002	243.95599	27.588	17.51	33.283	367.29999	375.52	-8.22001	3.35001	-2.240796329
29	10	2002	240.989	27.58900	NaN	NaN	NaN	NaN	NaN	NaN	2.91
29	10	2002	240.989	27.589	21.51	33.7	385.22	370.55	14.67	0.5	2.914713813
4	6	2002	243.955	27.59100	NaN	NaN	NaN	NaN	NaN	NaN	-2.28
22	10	2002	244.30899	27.59100	NaN	NaN	NaN	NaN	NaN	NaN	3.44
22	10	2002	244.30899	27.591	22.03	33.57	388.53	370.55	17.98	5.3	3.435335237
4	6	2002	243.955	27.591	17.51	33.282	367.16	375.52	-8.36	4.95	-2.278968795
7	5	2016	244.26691	27.5921	18.2732	33.657	397.29999	398.10001	-0.80002	2.375	-0.20475269
4	6	2002	243.95401	27.59300	NaN	NaN	NaN	NaN	NaN	NaN	-2.19
4	6	2002	243.95401	27.593	17.52	33.279	367.48999	375.52	-8.03001	6.2	-2.187275252
4	6	2002	243.953	27.59600	NaN	NaN	NaN	NaN	NaN	NaN	-2.19
4	6	2002	243.953	27.596	17.52	33.278	367.48001	375.52	-8.03999	4.67	-2.190004082
14	1	2003	239.685	27.59700	NaN	NaN	NaN	NaN	NaN	NaN	2.95
14	1	2003	239.685	27.597	20.31	33.962	388.41	374.88	13.53	1.22	2.945325436
3	2	2016	-116.03945	27.59712	NaN	NaN	NaN	NaN	NaN	NaN	-7.04
3	2	2016	-116.03945	27.59711667	17.55	33.602	378.107578	404.07	-25.962422	3.4	-7.043912889
18	10	2000	244.345	27.59900	NaN	NaN	NaN	NaN	NaN	NaN	4.26
4	6	2002	243.953	27.59900	NaN	NaN	NaN	NaN	NaN	NaN	-2.13
18	10	2000	244.345	27.599	20.74	33.81	388.67001	368.45	20.22001	4.52	4.260421806
4	6	2002	243.953	27.599	17.52	33.278	367.69	375.52	-7.83	4.22	-2.132805135
7	5	2016	244.2636	27.6006	18.2713	33.6487	397.60001	398.06	-0.45999	4.05	-0.117749782
29	10	2002	240.998	27.60400	NaN	NaN	NaN	NaN	NaN	NaN	2.91
29	10	2002	240.998	27.604	21.49	33.7	385.16	370.55	14.61	4.3	2.907242849
21	6	2018	242.13762	27.60667	NaN	NaN	NaN	NaN	NaN	NaN	13.56
21	6	2018	242.13762	27.60667	18.29	33.706	463.8550804	410.79	53.0650804	3.425	13.55983076
22	10	2002	244.30899	27.60700	NaN	NaN	NaN	NaN	NaN	NaN	3.97
22	10	2002	244.30899	27.607	22.02	33.65	391.29999	370.55	20.74999	3.47	3.966147756
3	2	2016	-116.0425833	27.60793	NaN	NaN	NaN	NaN	NaN	NaN	-7.2
3	2	2016	-116.0425833	27.60793333	17.53	33.611	377.5902051	404.07	-26.4797949	2.225	-7.1955888
14	1	2003	239.694	27.60800	NaN	NaN	NaN	NaN	NaN	NaN	2.93
14	1	2003	239.694	27.608	20.31	33.971	388.32999	374.88	13.44999	0.47	2.927785717
17	3	1993	243.564	27.609	17.189	33.126	350.39999	358.47	-8.07001	5.53	-2.259550055
7	5	2016	244.2601	27.6092	18.2141	33.6418	398.23001	398.10999	0.12002	2.6	0.030864914
18	10	2000	244.34	27.61600	NaN	NaN	NaN	NaN	NaN	NaN	4.17
18	10	2000	244.34	27.616	20.75	33.81	388.26001	368.45	19.81001	4.45	4.170809068
7	5	2016	244.25661	27.6177	18.215	33.6322	399.73001	398.13	1.60001	1.55	0.411455226
3	2	2016	-116.0458333	27.61870	NaN	NaN	NaN	NaN	NaN	NaN	-7.69
3	2	2016	-116.0458333	27.6187	17.57	33.675	375.6543038	404.07	-28.4156962	0.775	-7.694408766
29	10	2002	240.995	27.61900	NaN	NaN	NaN	NaN	NaN	NaN	2.93
14	1	2003	239.703	27.61900	NaN	NaN	NaN	NaN	NaN	NaN	2.81
14	1	2003	239.703	27.619	20.31	33.975	387.76999	374.88	12.88999	2.03	2.805833095
29	10	2002	240.995	27.619	21.49	33.7	385.26999	370.55	14.71999	1.97	2.929129751
22	10	2002	244.298	27.62400	NaN	NaN	NaN	NaN	NaN	NaN	4.36
22	10	2002	244.298	27.624	21.89	33.69	393.14001	370.55	22.59001	3.7	4.360037555
7	5	2016	244.2531	27.6263	18.1981	33.6207	399.5	398.12	1.38	2.25	0.355377174
3	2	2016	-116.0492833	27.62982	NaN	NaN	NaN	NaN	NaN	NaN	-6.8
3	2	2016	-116.0492833	27.62981667	17.86	33.751	378.3439576	404.07	-25.7260424	1.5	-6.802813124
14	1	2003	239.711	27.63000	NaN	NaN	NaN	NaN	NaN	NaN	2.73
14	1	2003	239.711	27.63	20.32	33.982	387.42999	374.88	12.54999	3.05	2.729613198
18	10	2000	244.33501	27.63300	NaN	NaN	NaN	NaN	NaN	NaN	4.08
18	10	2000	244.33501	27.633	20.71	33.8	387.78	368.45	19.33	5.02	4.082538665
7	5	2016	244.2496	27.635	18.1465	33.6103	398.41	398.10001	0.30999	1.55	0.080162732
8	7	2002	241.05	27.64000	NaN	NaN	NaN	NaN	NaN	NaN	-5.24
8	7	2002	241.05	27.64	18.07	33.57	353.87	374.01	-20.14	0.14999	-5.241165122
21	6	2018	242.09387	27.64013	NaN	NaN	NaN	NaN	NaN	NaN	13.65
21	6	2018	242.09387	27.64013	18.42	33.713	464.7608872	410.79	53.9708872	2.7	13.64851681
3	2	2016	-116.0525833	27.64070	NaN	NaN	NaN	NaN	NaN	NaN	-6.69
3	2	2016	-116.0525833	27.6407	17.8	33.677	378.8970089	404.07	-25.1729911	3.65	-6.69110757
7	5	2016	244.24561	27.6449	17.9708	33.6055	396.87	398.20999	-1.33999	0.575	-0.351440466
18	10	2000	244.33	27.64900	NaN	NaN	NaN	NaN	NaN	NaN	3.97
18	10	2000	244.33	27.649	20.62	33.8	387.10001	368.45	18.65001	6.99001	3.966441718
3	2	2016	-116.056	27.65203	NaN	NaN	NaN	NaN	NaN	NaN	-7.03
3	2	2016	-116.056	27.65203333	17.7	33.645	377.8455717	404.07	-26.2244283	5.55	-7.027997306
7	5	2016	244.2421	27.6534	17.9245	33.5989	396.14999	398.25	-2.10001	1.975	-0.552839825
8	7	2002	241.05899	27.65400	NaN	NaN	NaN	NaN	NaN	NaN	-5.34
8	7	2002	241.05899	27.654	18.06	33.56	353.48999	374.01	-20.52001	1.28999	-5.344591626
7	5	2016	244.23849	27.662	17.872	33.5831	394.82999	398.28	-3.45001	3.85	-0.91214207
3	2	2016	-116.0597833	27.66452	NaN	NaN	NaN	NaN	NaN	NaN	-7.2
3	2	2016	-116.0597833	27.66451667	17.67	33.644	377.2630324	404.07	-26.8069676	4.9	-7.201538265
8	7	2002	241.05701	27.66900	NaN	NaN	NaN	NaN	NaN	NaN	-5.37
8	7	2002	241.05701	27.669	18.04	33.56	353.42999	374.01	-20.58001	1.89	-5.368819152
7	5	2016	244.235	27.6704	17.7399	33.5525	393.32001	398.32001	-5	3.275	-1.336257999
21	6	2018	242.05002	27.67346	NaN	NaN	NaN	NaN	NaN	NaN	13.8
21	6	2018	242.05002	27.67346	18.35	33.72	465.0649319	410.79	54.2749319	5.425	13.80179774
3	2	2016	-116.0628	27.67555	NaN	NaN	NaN	NaN	NaN	NaN	-7.31
3	2	2016	-116.0628	27.67555	17.65	33.698	376.8952965	404.07	-27.1747035	8.225	-7.310235373
22	10	2002	244.27301	27.67700	NaN	NaN	NaN	NaN	NaN	NaN	3.34
22	10	2002	244.27301	27.677	21.63	33.58	387.51001	370.55	16.96001	5	3.340741729
7	5	2016	244.2316	27.6789	17.5627	33.5317	390.56	398.39001	-7.83001	1.175	-2.122905668
24	5	2018	241.72878	27.68000	NaN	NaN	NaN	NaN	NaN	NaN	-3.14
24	5	2018	241.72878	27.68	17.75	33.759	399.47	411.24	-11.77	6.025	-3.139918528
8	7	2002	241.06799	27.68300	NaN	NaN	NaN	NaN	NaN	NaN	-5.45
8	7	2002	241.06799	27.683	18.02	33.55	353.16	374.01	-20.85	1.13	-5.44824014
3	2	2016	-116.0659667	27.68652	NaN	NaN	NaN	NaN	NaN	NaN	-6.65
3	2	2016	-116.0659667	27.68651667	17.75	33.7	379.1435961	404.07	-24.9264039	7.725	-6.651552649
7	5	2016	244.2283	27.6873	17.348	33.5045	387.95999	398.51999	-10.56	2.2	-2.913593977
22	10	2002	244.274	27.69300	NaN	NaN	NaN	NaN	NaN	NaN	3.36
14	1	2003	239.76199	27.69300	NaN	NaN	NaN	NaN	NaN	NaN	3
14	1	2003	239.76199	27.693	20.28	33.94	388.64001	374.88	13.76001	4.02	3.002694217
22	10	2002	244.274	27.693	21.7	33.57	387.72	370.55	17.17	5.28	3.36420732
7	5	2016	244.22501	27.6958	17.2152	33.4773	387.48999	398.57999	-11.09	0.075	-3.093351894
3	2	2016	-116.0691	27.69790	NaN	NaN	NaN	NaN	NaN	NaN	-6.9
3	2	2016	-116.0691	27.6979	17.75	33.716	378.2039761	404.07	-25.8660239	7.225	-6.901764457
7	5	2016	244.2215	27.7042	17.2003	33.4638	386.97	398.63	-11.66	0.5	-3.25648835
21	6	2018	242.0067	27.70649	NaN	NaN	NaN	NaN	NaN	NaN	13.79
21	6	2018	242.0067	27.70649	18.46	33.719	465.4950307	410.79	54.7050307	3.275	13.78974911
22	10	2002	244.26401	27.70800	NaN	NaN	NaN	NaN	NaN	NaN	3.26
22	10	2002	244.26401	27.708	21.76	33.58	387.26001	370.55	16.71001	3.37	3.258955443
3	2	2016	-116.0721333	27.70902	NaN	NaN	NaN	NaN	NaN	NaN	-6.88
3	2	2016	-116.0721333	27.70901667	17.79	33.723	378.2175019	404.07	-25.8524981	6.375	-6.87575549
18	10	2000	244.313	27.71100	NaN	NaN	NaN	NaN	NaN	NaN	3.77
18	10	2000	244.313	27.711	20.42	33.79	385.89001	368.45	17.44001	5.22	3.767211715
24	5	2018	241.68857	27.71192	NaN	NaN	NaN	NaN	NaN	NaN	-3.45
24	5	2018	241.68857	27.71192	17.8	33.784	398.26999	411.24	-12.97001	5.7	-3.445745966
7	5	2016	244.2182	27.7127	17.1462	33.4619	386.03	398.59	-12.56	0.875	-3.523325827
14	1	2003	239.78299	27.72000	NaN	NaN	NaN	NaN	NaN	NaN	3
9	6	2007	244.46001	27.72000	NaN	NaN	NaN	NaN	NaN	NaN	-17.66
9	6	2007	244.46001	27.72000	NaN	NaN	NaN	NaN	NaN	NaN	-20.37
9	6	2007	244.46001	27.72000	NaN	NaN	NaN	NaN	NaN	NaN	-20.67
9	6	2007	244.46001	27.72000	NaN	NaN	NaN	NaN	NaN	NaN	5.29
9	6	2007	244.46001	27.72000	NaN	NaN	NaN	NaN	NaN	NaN	-15.04
9	6	2007	244.46001	27.72	14.3	33.615	401.0	386.1	14.89813843	6.31	5.290396234
14	1	2003	239.78299	27.72	20.3	33.947	388.67001	374.88	13.79001	0.37	3.004469442
9	6	2007	244.46001	27.72	15.5	33.635	339.2	386.1	-46.87175903	3.61	-15.04361768
9	6	2007	244.46001	27.72	15.5	33.635	331.1	386.1	-55.02895508	6.50999	-17.66169178
9	6	2007	244.46001	27.72	15	33.625	324.3	386.1	-61.7663208	5.53	-20.67238531
9	6	2007	244.46001	27.72	15.3	33.625	323.7	386.1	-62.39873657	5.25999	-20.36530659
11	5	2016	244.46001	27.72030	NaN	NaN	NaN	NaN	NaN	NaN	-0.74
11	5	2016	244.46001	27.72030	NaN	NaN	NaN	NaN	NaN	NaN	-1.3
11	5	2016	244.46001	27.72030	NaN	NaN	NaN	NaN	NaN	NaN	-1.34
11	5	2016	244.46001	27.7203	18.4693	33.6316	400.5775146	403.53	-2.952485352	4.65001	-0.744001921
11	5	2016	244.46001	27.7203	18.4672	33.63	398.3738708	403.53	-5.15612915	5.33	-1.29952916
11	5	2016	244.46001	27.7203	18.4527	33.6299	398.2184143	403.53	-5.311585693	5.83	-1.340257978
3	2	2016	-116.0752	27.72052	NaN	NaN	NaN	NaN	NaN	NaN	-6.7
3	2	2016	-116.0752	27.72051667	17.77	33.699	378.9179082	404.07	-25.1520918	4.875	-6.701011982
7	5	2016	244.2149	27.7212	17.0946	33.4669	385.45001	398.60999	-13.15998	2.125	-3.70705986
22	10	2002	244.265	27.72400	NaN	NaN	NaN	NaN	NaN	NaN	3.21
22	10	2002	244.265	27.724	21.77	33.6	387.04001	370.55	16.49001	3.40001	3.213298619
18	10	2000	244.308	27.72600	NaN	NaN	NaN	NaN	NaN	NaN	4.28
18	10	2000	244.308	27.726	20.32	33.78	388.09	368.45	19.64	3.04001	4.275696633
7	5	2016	244.2114	27.7295	17.1614	33.4744	386.22	398.60001	-12.38001	2.875	-3.468342725
3	2	2016	-116.0781833	27.73155	NaN	NaN	NaN	NaN	NaN	NaN	-6.92
3	2	2016	-116.0781833	27.73155	17.7	33.685	378.2592767	404.07	-25.8107233	2.375	-6.915814509
14	1	2003	239.79199	27.73200	NaN	NaN	NaN	NaN	NaN	NaN	2.95
14	1	2003	239.79199	27.732	20.32	33.953	388.42999	374.88	13.54999	0.47	2.947509621
8	7	2002	241.08701	27.73700	NaN	NaN	NaN	NaN	NaN	NaN	-5.61
8	7	2002	241.08701	27.737	17.96	33.54	352.64999	374.01	-21.36001	2.03	-5.608706927
7	5	2016	244.20779	27.7379	17.1549	33.4749	386.17001	398.63	-12.45999	1.55	-3.492585086
21	6	2018	241.96355	27.73931	NaN	NaN	NaN	NaN	NaN	NaN	13.74
21	6	2018	241.96355	27.73931	18.4	33.72	465.0543018	410.79	54.2643018	4.2	13.74416416
18	10	2000	244.302	27.74200	NaN	NaN	NaN	NaN	NaN	NaN	5.55
14	1	2003	239.80099	27.74200	NaN	NaN	NaN	NaN	NaN	NaN	2.93
18	10	2000	244.302	27.742	19.75	33.72	392.85001	368.45	24.40001	1.37	5.554947628
14	1	2003	239.80099	27.742	20.34	33.966	388.38	374.88	13.5	2.03999	2.931899786
3	2	2016	-116.0814	27.74288	NaN	NaN	NaN	NaN	NaN	NaN	-6.91
3	2	2016	-116.0814	27.74288333	17.69	33.685	378.3176859	404.07	-25.7523141	2.65	-6.905726153
24	5	2018	241.64967	27.74479	NaN	NaN	NaN	NaN	NaN	NaN	-4.02
24	5	2018	241.64967	27.74479	17.97	33.812	395.89999	411.24	-15.34001	5.275	-4.019566549
7	5	2016	244.20419	27.7463	17.1837	33.4706	388.5	398.60999	-10.10999	0.1	-2.827307239
14	1	2003	239.80899	27.75300	NaN	NaN	NaN	NaN	NaN	NaN	3.03
14	1	2003	239.80899	27.753	20.34	33.951	388.85001	374.88	13.97001	1.45	3.034186962
3	2	2016	-116.0845	27.75385	NaN	NaN	NaN	NaN	NaN	NaN	-6.86
3	2	2016	-116.0845	27.75385	17.68	33.681	378.5245026	404.07	-25.5454974	3.65	-6.855919003
8	7	2002	241.09601	27.75400	NaN	NaN	NaN	NaN	NaN	NaN	-5.56
8	7	2002	241.09601	27.754	17.95	33.52	352.85999	374.01	-21.15001	0.64999	-5.558551072
7	5	2016	244.2007	27.7548	17.2044	33.4684	389.76001	398.57999	-8.81998	0.175	-2.462433518
18	10	2000	244.297	27.75800	NaN	NaN	NaN	NaN	NaN	NaN	6.31
18	10	2000	244.297	27.758	19.09	33.68	394.75	368.45	26.3	3.37	6.307563752
7	5	2016	244.19701	27.7634	17.2017	33.4697	391.14001	398.57999	-7.43998	1.35	-2.077596415
14	1	2003	239.81799	27.76500	NaN	NaN	NaN	NaN	NaN	NaN	2.96
14	1	2003	239.81799	27.765	20.31	33.927	388.45999	374.88	13.57999	1.10001	2.956688577
3	2	2016	-116.0875833	27.76512	NaN	NaN	NaN	NaN	NaN	NaN	-6.77
3	2	2016	-116.0875833	27.76511667	17.67	33.686	378.8488669	404.07	-25.2211331	3.275	-6.774162999
8	7	2002	241.09201	27.76900	NaN	NaN	NaN	NaN	NaN	NaN	-5.49
8	7	2002	241.09201	27.769	17.96	33.51	353.10999	374.01	-20.90001	5	-5.488699651
7	5	2016	244.19341	27.7718	17.2914	33.4708	394.01001	398.51999	-4.50998	2.025	-1.250262846
21	6	2018	241.92041	27.77232	NaN	NaN	NaN	NaN	NaN	NaN	13.85
21	6	2018	241.92041	27.77232	18.3	33.713	465.0527492	410.79	54.2627492	5.75	13.85434593
14	1	2003	239.827	27.77600	NaN	NaN	NaN	NaN	NaN	NaN	3.21
3	2	2016	-116.0906	27.77600	NaN	NaN	NaN	NaN	NaN	NaN	-6.81
14	1	2003	239.827	27.776	20.28	33.908	389.57001	374.88	14.69001	0.39999	3.206114676
3	2	2016	-116.0906	27.776	17.61	33.674	378.839621	404.07	-25.230379	3.525	-6.809902023
24	5	2018	241.61093	27.77797	NaN	NaN	NaN	NaN	NaN	NaN	-4.06
24	5	2018	241.61093	27.77797	18.18	33.819	395.5	411.24	-15.74	4.625	-4.055430484
7	5	2016	244.18941	27.7802	17.4746	33.4693	395.95001	398.45001	-2.5	2.425	-0.682854827
8	7	2002	241.10001	27.78400	NaN	NaN	NaN	NaN	NaN	NaN	-5.46
8	7	2002	241.10001	27.784	17.97	33.51	353.22	374.01	-20.79	1.09999	-5.45542892
22	10	2002	244.242	27.78700	NaN	NaN	NaN	NaN	NaN	NaN	2.27
14	1	2003	239.836	27.78700	NaN	NaN	NaN	NaN	NaN	NaN	3.24
14	1	2003	239.836	27.787	20.26	33.889	389.72	374.88	14.84	1.09999	3.244176144
22	10	2002	244.242	27.787	21.68	33.58	382.13	370.55	11.58	4.17	2.272296303
3	2	2016	-116.09355	27.78735	NaN	NaN	NaN	NaN	NaN	NaN	-6.8
3	2	2016	-116.09355	27.78735	17.58	33.657	378.9353856	404.07	-25.1346144	5.6	-6.801046301
7	5	2016	244.1857	27.7888	17.518	33.4704	396.39001	398.41	-2.01999	1.55	-0.549809144
9	6	2007	244.59	27.79000	NaN	NaN	NaN	NaN	NaN	NaN	-9.92
9	6	2007	244.59	27.79000	NaN	NaN	NaN	NaN	NaN	NaN	-9.41
9	6	2007	244.59	27.79000	NaN	NaN	NaN	NaN	NaN	NaN	-9.38
9	6	2007	244.59	27.79000	NaN	NaN	NaN	NaN	NaN	NaN	-11.61
9	6	2007	244.59	27.79000	NaN	NaN	NaN	NaN	NaN	NaN	-9.92
11	5	2016	244.5903	27.79000	NaN	NaN	NaN	NaN	NaN	NaN	-3.52
11	5	2016	244.5903	27.79000	NaN	NaN	NaN	NaN	NaN	NaN	-1.78
11	5	2016	244.5903	27.79000	NaN	NaN	NaN	NaN	NaN	NaN	-3.98
11	5	2016	244.5903	27.79	16.695	33.5791	397.4125977	403.53	-6.117402344	3.75999	-1.779360451
11	5	2016	244.5903	27.79	17.584	33.569	390.5245361	403.53	-13.00546387	3.98	-3.519415708
11	5	2016	244.5903	27.79	17.581	33.5555	388.8319702	403.53	-14.69802979	5.53	-3.9786601
9	6	2007	244.59	27.79	16.2	33.705	355.1	386.1	-30.98134766	7.06	-9.379748331
9	6	2007	244.59	27.79	16.2	33.705	355.0	386.1	-31.09072266	5.98	-9.412862125
9	6	2007	244.59	27.79	16.2	33.705	353.3	386.1	-32.75969849	6.31	-9.918152386
9	6	2007	244.59	27.79	16.2	33.715	353.3	386.1	-32.76690063	5.98	-9.919857206
9	6	2007	244.59	27.79	15.6	33.655	349.6	386.1	-36.47249756	5.11	-11.60771809
7	5	2016	244.18201	27.7973	17.5941	33.4729	397.69	398.39001	-0.70001	1.325	-0.189362104
14	1	2003	239.845	27.79800	NaN	NaN	NaN	NaN	NaN	NaN	3.4
14	1	2003	239.845	27.798	20.25	33.877	390.42999	374.88	15.54999	0.05	3.402221146
3	2	2016	-116.09625	27.79840	NaN	NaN	NaN	NaN	NaN	NaN	-6.85
3	2	2016	-116.09625	27.7984	17.54	33.618	378.848422	404.07	-25.221578	8.05	-6.847921264
17	3	1993	243.489	27.8	17.216	33.118	351.20999	358.47	-7.26001	6.43001	-2.028381173
22	10	2002	244.23199	27.80500	NaN	NaN	NaN	NaN	NaN	NaN	2.39
22	10	2002	244.23199	27.805	21.65	33.58	382.69	370.55	12.14	3.33	2.387653018
21	6	2018	241.87712	27.80599	NaN	NaN	NaN	NaN	NaN	NaN	13.8
21	6	2018	241.87712	27.80599	18.29	33.715	464.7859838	410.79	53.9959838	4.2	13.79712008
7	5	2016	244.1783	27.806	17.6463	33.4728	398.17999	398.34	-0.16001	3.3	-0.043102981
14	1	2003	239.853	27.80900	NaN	NaN	NaN	NaN	NaN	NaN	3.27
14	1	2003	239.853	27.809	20.25	33.885	389.82999	374.88	14.94999	0.79001	3.270823979
3	2	2016	-116.0990333	27.80990	NaN	NaN	NaN	NaN	NaN	NaN	-7.21
3	2	2016	-116.0990333	27.8099	17.48	33.594	377.6466494	404.07	-26.4233506	5.825	-7.209902239
24	5	2018	241.57266	27.81111	NaN	NaN	NaN	NaN	NaN	NaN	-4.11
24	5	2018	241.57266	27.81111	18.17	33.82	395.29999	411.24	-15.94001	3.3	-4.110230826
7	5	2016	244.1745	27.8145	17.7363	33.4717	399.01001	398.31	0.70001	3.35	0.187204745
18	10	2000	244.278	27.81800	NaN	NaN	NaN	NaN	NaN	NaN	6.92
18	10	2000	244.278	27.818	18.94	33.67	396.98001	368.45	28.53001	4.34	6.924337343
22	10	2002	244.224	27.81900	NaN	NaN	NaN	NaN	NaN	NaN	2.39
22	10	2002	244.224	27.819	21.58	33.57	382.64001	370.55	12.09001	3.13	2.390698252
14	1	2003	239.862	27.82000	NaN	NaN	NaN	NaN	NaN	NaN	3.31
14	1	2003	239.862	27.82	20.28	33.899	390.06	374.88	15.18	1.95	3.313194271
3	2	2016	-116.10195	27.82212	NaN	NaN	NaN	NaN	NaN	NaN	-7.35
3	2	2016	-116.10195	27.82211667	17.48	33.572	377.1182675	404.07	-26.9517325	5.275	-7.354845736
7	5	2016	244.17101	27.8232	17.7457	33.4724	399.01999	398.31	0.70999	4.15	0.189729412
14	1	2003	239.871	27.83100	NaN	NaN	NaN	NaN	NaN	NaN	3.29
14	1	2003	239.871	27.831	20.29	33.901	389.97	374.88	15.09	2	3.290961451
7	5	2016	244.16769	27.8319	17.8149	33.4706	399.39001	398.26999	1.12002	4.7	0.297641331
18	10	2000	244.274	27.83300	NaN	NaN	NaN	NaN	NaN	NaN	5.64
18	10	2000	244.274	27.833	19.19	33.71	392.14999	368.45	23.69999	4.22	5.638525874
3	2	2016	-116.1047667	27.83360	NaN	NaN	NaN	NaN	NaN	NaN	-7.5
3	2	2016	-116.1047667	27.8336	17.47	33.578	376.6132223	404.07	-27.4567777	0.825	-7.498513377
21	6	2018	241.83337	27.84004	NaN	NaN	NaN	NaN	NaN	NaN	13.93
21	6	2018	241.83337	27.84004	18.29	33.713	465.3199211	410.79	54.5299211	4	13.93368399
7	5	2016	244.16451	27.8407	17.7972	33.4704	398.82999	398.26001	0.56998	5.6	0.151686141
24	5	2018	241.53453	27.84403	NaN	NaN	NaN	NaN	NaN	NaN	-4.3
24	5	2018	241.53453	27.84403	18.1	33.817	394.64001	411.24	-16.59999	4.3	-4.30452388
3	2	2016	-116.10735	27.84482	NaN	NaN	NaN	NaN	NaN	NaN	-7.36
3	2	2016	-116.10735	27.84481667	17.49	33.579	377.0658868	404.07	-27.0041132	1.075	-7.362940797
8	7	2002	241.12	27.84800	NaN	NaN	NaN	NaN	NaN	NaN	-5.6
8	7	2002	241.12	27.848	17.86	33.48	352.85999	374.01	-21.15001	1.40001	-5.59994422
18	10	2000	244.269	27.85000	NaN	NaN	NaN	NaN	NaN	NaN	4.4
9	6	2007	244.71001	27.85000	NaN	NaN	NaN	NaN	NaN	NaN	16.09
9	6	2007	244.71001	27.85000	NaN	NaN	NaN	NaN	NaN	NaN	20.85
9	6	2007	244.71001	27.85	15.6	33.865	451.7	386.1	65.59226074	7.13	20.85426101
9	6	2007	244.71001	27.85	15.8	33.855	437.5	386.1	51.43918457	6.65001	16.08568021
18	10	2000	244.269	27.85	20.35	33.77	388.73001	368.45	20.28001	4.8	4.404957406
11	5	2016	244.7108	27.85050	NaN	NaN	NaN	NaN	NaN	NaN	1.79
11	5	2016	244.7108	27.85050	NaN	NaN	NaN	NaN	NaN	NaN	6.4
11	5	2016	244.7108	27.85050	NaN	NaN	NaN	NaN	NaN	NaN	24.39
11	5	2016	244.7108	27.8505	16.7397	33.6739	487.7395325	403.53	84.20953247	4.41	24.39348106
11	5	2016	244.7108	27.8505	16.7752	33.6805	425.6976013	403.53	22.16760132	3.61	6.402615781
11	5	2016	244.7108	27.8505	16.8053	33.69	409.746582	403.53	6.216582031	6.31	1.79102989
7	5	2016	244.1608	27.8506	17.8061	33.4703	399.37	398.25	1.12	1.625	0.297847212
3	2	2016	-116.1099667	27.85640	NaN	NaN	NaN	NaN	NaN	NaN	-7.31
3	2	2016	-116.1099667	27.8564	17.5	33.577	377.2229831	404.07	-26.8470169	4.225	-7.314262699
7	5	2016	244.15759	27.8592	17.8206	33.4682	398.98001	398.23999	0.74002	2.175	0.196569776
18	10	2000	244.265	27.86600	NaN	NaN	NaN	NaN	NaN	NaN	4.42
18	10	2000	244.265	27.866	20.21	33.76	388.57999	368.45	20.12999	5.44	4.42041897
3	2	2016	-116.1125833	27.86757	NaN	NaN	NaN	NaN	NaN	NaN	-7.32
3	2	2016	-116.1125833	27.86756667	17.52	33.575	377.1612533	404.07	-26.9087467	5.95	-7.319312321
7	5	2016	244.1543	27.8678	17.8266	33.4677	399.26001	398.22	1.04001	3.75	0.276122789
21	6	2018	241.78973	27.87440	NaN	NaN	NaN	NaN	NaN	NaN	13.88
21	6	2018	241.78973	27.8744	18.32	33.706	465.2429807	410.79	54.4529807	4.075	13.88118965
7	5	2016	244.151	27.8764	17.8072	33.4663	398.54001	398.20001	0.34	3.9	0.090411617
23	5	2018	241.49625	27.87657	NaN	NaN	NaN	NaN	NaN	NaN	-4.52
23	5	2018	241.49625	27.87657	18.02	33.811	393.94	411.24	-17.3	3.725	-4.515022728
3	2	2016	-116.1153667	27.87908	NaN	NaN	NaN	NaN	NaN	NaN	-7.24
3	2	2016	-116.1153667	27.87908333	17.52	33.576	377.4434585	404.07	-26.6265415	5.975	-7.242516712
7	5	2016	244.1478	27.8849	17.7958	33.4658	398.56	398.25	0.31	1.725	0.082509958
3	2	2016	-116.11815	27.89022	NaN	NaN	NaN	NaN	NaN	NaN	-7.19
3	2	2016	-116.11815	27.89021667	17.53	33.575	377.6046781	404.07	-26.4653219	5	-7.192885562
7	5	2016	244.1445	27.8933	17.7914	33.465	398.17999	398.29001	-0.11002	2.8	-0.029293531
3	2	2016	-116.1210167	27.90175	NaN	NaN	NaN	NaN	NaN	NaN	-7.24
3	2	2016	-116.1210167	27.90175	17.52	33.569	377.4629418	404.07	-26.6070582	3.35	-7.237457795
7	5	2016	244.1411	27.9018	17.7696	33.4643	398.17001	398.23999	-0.06998	0.75	-0.018665405
21	6	2018	241.74564	27.90778	NaN	NaN	NaN	NaN	NaN	NaN	13.7
21	6	2018	241.74564	27.90778	18.47	33.715	465.1953024	410.79	54.4053024	2.2	13.70353191
23	5	2018	241.45673	27.90802	NaN	NaN	NaN	NaN	NaN	NaN	-4.46
23	5	2018	241.45673	27.90802	17.96	33.803	394.23999	411.24	-17.00001	4.45	-4.458304978
7	5	2016	244.1377	27.9102	17.7629	33.464	397.82001	398.28	-0.45999	0.15	-0.122757125
3	2	2016	-116.1238333	27.91287	NaN	NaN	NaN	NaN	NaN	NaN	-7.3
3	2	2016	-116.1238333	27.91286667	17.49	33.568	377.3015143	404.07	-26.7684857	3.55	-7.299076014
3	2	2016	-116.1267167	27.92440	NaN	NaN	NaN	NaN	NaN	NaN	-7.24
3	2	2016	-116.1267167	27.9244	17.49	33.569	377.5116641	404.07	-26.5583359	5.275	-7.241739179
17	10	2000	244.246	27.92600	NaN	NaN	NaN	NaN	NaN	NaN	4.51
17	10	2000	244.246	27.926	19.74	33.73	388.23999	368.45	19.78999	6.32001	4.508740122
3	2	2016	-116.1295333	27.93543	NaN	NaN	NaN	NaN	NaN	NaN	-7.25
3	2	2016	-116.1295333	27.93543333	17.49	33.569	377.4965341	404.07	-26.5734659	5.35	-7.245864721
23	5	2018	241.41591	27.93838	NaN	NaN	NaN	NaN	NaN	NaN	-4.36
23	5	2018	241.41591	27.93838	17.96	33.806	394.60001	411.24	-16.63999	5.05	-4.36382665
21	6	2018	241.70111	27.94094	NaN	NaN	NaN	NaN	NaN	NaN	13.8
21	6	2018	241.70111	27.94094	18.43	33.723	465.4063341	410.79	54.6163341	2.3	13.80008493
17	10	2000	244.241	27.94100	NaN	NaN	NaN	NaN	NaN	NaN	3.73
17	10	2000	244.241	27.941	19.92	33.73	385.04999	368.45	16.59999	6.89	3.729111709
3	2	2016	-116.13235	27.94652	NaN	NaN	NaN	NaN	NaN	NaN	-7.27
3	2	2016	-116.13235	27.94651667	17.49	33.565	377.4213849	404.07	-26.6486151	2.675	-7.266493949
3	2	2016	-116.1353667	27.95787	NaN	NaN	NaN	NaN	NaN	NaN	-7.42
3	2	2016	-116.1353667	27.95786667	17.47	33.574	376.8888365	404.07	-27.1811635	0.575	-7.42338354
17	10	2000	244.23599	27.95800	NaN	NaN	NaN	NaN	NaN	NaN	3.26
17	10	2000	244.23599	27.958	19.9	33.73	382.95999	368.45	14.50999	6.92	3.264698536
23	5	2018	241.37364	27.96748	NaN	NaN	NaN	NaN	NaN	NaN	-3.98
23	5	2018	241.37364	27.96748	18.02	33.802	395.98001	411.24	-15.25999	3.075	-3.982782419
3	2	2016	-116.1382667	27.96883	NaN	NaN	NaN	NaN	NaN	NaN	-7.26
3	2	2016	-116.1382667	27.96883333	17.5	33.567	377.4338107	404.07	-26.6361893	4.875	-7.257169063
17	10	2000	244.231	27.97400	NaN	NaN	NaN	NaN	NaN	NaN	2.91
17	10	2000	244.231	27.974	19.93	33.73	381.41	368.45	12.96	3.60001	2.909132034
21	6	2018	241.6568	27.97404	NaN	NaN	NaN	NaN	NaN	NaN	13.74
21	6	2018	241.6568	27.97404	18.47	33.717	465.3397636	410.79	54.5497636	0.975	13.73978901
3	2	2016	-116.14125	27.98013	NaN	NaN	NaN	NaN	NaN	NaN	-7.37
3	2	2016	-116.14125	27.98013333	17.48	33.57	377.0744765	404.07	-26.9955235	2.65	-7.366865839
17	3	1993	243.414	27.99	16.711	32.834	344.19	358.47	-14.28	8.75999	-4.162963854
3	2	2016	-116.1445667	27.99248	NaN	NaN	NaN	NaN	NaN	NaN	-7.42
3	2	2016	-116.1445667	27.99248333	17.5	33.576	376.8245647	404.07	-27.2454353	7	-7.422843979
23	5	2018	241.33081	27.99605	NaN	NaN	NaN	NaN	NaN	NaN	-3.76
23	5	2018	241.33081	27.99605	18.06	33.804	396.79999	411.24	-14.44001	1.9	-3.756671273
NaN	8	NaN	242.5	28	21.84	33.74	402.64	366.45	36.19	6.65	7.010018547
NaN	9	NaN	242.5	28	22.22	33.68	394.52	365.48	29.04	6.56	5.466139399
NaN	6	NaN	242.5	28	17.52	33.63	386.55	371.24	15.31	7.58	4.163308121
NaN	7	NaN	242.5	28	20.75	33.68	386.46	368.67	17.79	6.6	3.747770575
NaN	10	NaN	242.5	28	21.23	33.81	375.27	367.01	8.26	6.19	1.675921181
NaN	11	NaN	242.5	28	21.09	33.72	374.16	369.82	4.34	6.27	0.890469392
NaN	5	NaN	242.5	28	16.93	33.64	371.68	373.13	-1.45	7.81	-0.413622342
NaN	12	NaN	242.5	28	19.98	33.67	362.8	371.73	-8.93	6.19	-1.997267799
NaN	4	NaN	242.5	28	17.67	33.68	361.66	373.25	-11.59	7.66	-3.113055378
NaN	1	NaN	242.5	28	19.24	33.79	357.88	371.16	-13.28	6.14	-3.14586968
NaN	2	NaN	242.5	28	16.93	33.68	357.87	372.11	-14.24	6.43	-4.061281692
NaN	3	NaN	242.5	28	16.59	33.71	349.44	372.54	-23.1	7.16	-6.772841075
3	2	2016	-116.1475	28.00342	NaN	NaN	NaN	NaN	NaN	NaN	-7.28
3	2	2016	-116.1475	28.00341667	17.52	33.577	377.3172318	404.07	-26.7527682	8.1	-7.276816275
21	6	2018	241.61223	28.00683	NaN	NaN	NaN	NaN	NaN	NaN	13.65
21	6	2018	241.61223	28.00683	18.48	33.711	465.0148721	410.79	54.2248721	3.975	13.64746722
3	2	2016	-116.1505333	28.01470	NaN	NaN	NaN	NaN	NaN	NaN	-7.33
3	2	2016	-116.1505333	28.0147	17.52	33.579	377.106774	404.07	-26.963226	6.825	-7.33399163
7	5	2016	244.0927	28.0205	17.8675	33.4587	400.32999	398.19	2.13999	1.1	0.566326488
23	5	2018	241.28812	28.02458	NaN	NaN	NaN	NaN	NaN	NaN	-3.81
23	5	2018	241.28812	28.02458	18.06	33.801	396.59	411.24	-14.65	3.65	-3.811355751
3	2	2016	-116.1536	28.02557	NaN	NaN	NaN	NaN	NaN	NaN	-7.37
3	2	2016	-116.1536	28.02556667	17.55	33.587	376.9117256	404.07	-27.1582744	6.4	-7.368886657
7	5	2016	244.08929	28.029	17.886	33.4591	400.25	398.14999	2.10001	0.175	0.554919492
17	10	2000	244.213	28.03500	NaN	NaN	NaN	NaN	NaN	NaN	3.78
17	10	2000	244.213	28.035	19.9	33.73	385.26001	368.45	16.81001	4.15001	3.782195235
3	2	2016	-116.1568833	28.03673	NaN	NaN	NaN	NaN	NaN	NaN	-7.31
3	2	2016	-116.1568833	28.03673333	17.58	33.588	377.072662	404.07	-26.997338	8.225	-7.307464395
7	5	2016	244.0858	28.0375	17.8571	33.4607	399.87	398.17999	1.69001	0.45	0.447613679
21	6	2018	241.56734	28.03897	NaN	NaN	NaN	NaN	NaN	NaN	13.73
21	6	2018	241.56734	28.03897	18.48	33.707	465.3532856	410.79	54.5632856	2	13.73289909
7	5	2016	244.0818	28.0472	17.8761	33.4626	400	398.19	1.81	2.65	0.478658198
3	2	2016	-116.16015	28.04753	NaN	NaN	NaN	NaN	NaN	NaN	-7.35
3	2	2016	-116.16015	28.04753333	17.58	33.589	376.9220209	404.07	-27.1479791	9.35	-7.348204067
8	6	2007	245.11	28.05000	NaN	NaN	NaN	NaN	NaN	NaN	-9.59
8	6	2007	245.11	28.05000	NaN	NaN	NaN	NaN	NaN	NaN	-13.05
8	6	2007	245.11	28.05000	NaN	NaN	NaN	NaN	NaN	NaN	-12.25
8	6	2007	245.11	28.05000	NaN	NaN	NaN	NaN	NaN	NaN	-11.21
8	6	2007	245.11	28.05000	NaN	NaN	NaN	NaN	NaN	NaN	-11.08
8	6	2007	245.11	28.05	16.1	33.725	354.7	386.1	-31.43145142	4.31	-9.593940971
8	6	2007	245.11	28.05	15.6	33.725	350.9	386.1	-35.23650513	4.38	-11.21057257
8	6	2007	245.11	28.05	16.2	33.725	349.5	386.1	-36.5911499	3.78	-11.07707994
8	6	2007	245.11	28.05	15.8	33.725	347.0	386.1	-39.13927612	3.96001	-12.2469972
8	6	2007	245.11	28.05	15.9	33.725	344.1	386.1	-42.04671631	3.93001	-13.04813572
11	5	2016	245.1102	28.05020	NaN	NaN	NaN	NaN	NaN	NaN	-9.94
11	5	2016	245.1102	28.05020	NaN	NaN	NaN	NaN	NaN	NaN	-10.95
11	5	2016	245.1102	28.05020	NaN	NaN	NaN	NaN	NaN	NaN	-7.17
11	5	2016	245.1102	28.05020	NaN	NaN	NaN	NaN	NaN	NaN	-7.22
11	5	2016	245.1102	28.0502	17.1152	33.5675	377.8486633	403.53	-25.68133667	2.53	-7.218658482
11	5	2016	245.1102	28.0502	17.6579	33.6262	376.8841248	403.53	-26.64587524	2.31	-7.165852598
11	5	2016	245.1102	28.0502	17.6531	33.6272	366.589386	403.53	-36.94061401	5.23	-9.938206109
11	5	2016	245.1102	28.0502	17.6519	33.63	362.8391113	403.53	-40.69088867	5.68001	-10.94806366
23	5	2018	241.24561	28.05325	NaN	NaN	NaN	NaN	NaN	NaN	-3.78
23	5	2018	241.24561	28.05325	17.98	33.79	396.79999	411.24	-14.44001	5.675	-3.781097143
7	5	2016	244.0784	28.0557	17.8773	33.4624	399.73001	398.23001	1.5	4.65	0.396640187
3	2	2016	-116.1635333	28.05868	NaN	NaN	NaN	NaN	NaN	NaN	-7.42
3	2	2016	-116.1635333	28.05868333	17.59	33.593	376.620937	404.07	-27.449063	9.5	-7.423564038
7	5	2016	244.07491	28.0641	17.8802	33.4623	399.73001	398.20999	1.52002	4.425	0.401840541
3	2	2016	-116.1669167	28.06952	NaN	NaN	NaN	NaN	NaN	NaN	-7.4
3	2	2016	-116.1669167	28.06951667	17.6	33.594	376.6827706	404.07	-27.3872294	7.875	-7.400831317
21	6	2018	241.52234	28.07097	NaN	NaN	NaN	NaN	NaN	NaN	13.77
21	6	2018	241.52234	28.07097	18.4	33.714	465.1575491	410.79	54.3675491	3.925	13.77070465
7	5	2016	244.0714	28.0726	17.8696	33.4634	399.38	398.23999	1.14001	8.075	0.301634365
3	2	2016	-116.1703167	28.08073	NaN	NaN	NaN	NaN	NaN	NaN	-7.48
3	2	2016	-116.1703167	28.08073333	17.6	33.597	376.4071001	404.07	-27.6628999	8.325	-7.475219112
7	5	2016	244.06799	28.0812	17.877	33.4636	399.22	398.26999	0.95001	6.25	0.251212725
23	5	2018	241.20334	28.08214	NaN	NaN	NaN	NaN	NaN	NaN	-4.02
23	5	2018	241.20334	28.08214	18	33.799	395.85001	411.24	-15.38999	1	-4.023216506
7	5	2016	244.0647	28.0897	17.8519	33.464	398.95999	398.29001	0.66998	1.775	0.177521384
3	2	2016	-116.17365	28.09160	NaN	NaN	NaN	NaN	NaN	NaN	-7.36
3	2	2016	-116.17365	28.0916	17.6	33.597	376.8267319	404.07	-27.2432681	5.625	-7.361823927
7	5	2016	244.0614	28.0982	17.8607	33.464	398.98001	398.32001	0.66	0.825	0.174753363
21	6	2018	241.47774	28.10308	NaN	NaN	NaN	NaN	NaN	NaN	13.98
21	6	2018	241.47774	28.10308	18.23	33.752	465.2391449	410.79	54.4491449	3.375	13.97733295
7	5	2016	244.0578	28.1066	17.8274	33.4658	398.87	398.32999	0.54001	1.625	0.143364791
23	5	2018	241.16219	28.11236	NaN	NaN	NaN	NaN	NaN	NaN	-4.27
23	5	2018	241.16219	28.11236	18	33.813	394.92001	411.24	-16.31999	2.725	-4.266052357
7	5	2016	244.05409	28.115	17.8354	33.4662	398.94	398.32999	0.61001	3.75	0.161844309
7	5	2016	244.0507	28.1234	17.8529	33.4662	398.85001	398.32001	0.53	2.1	0.140418803
7	5	2016	244.04739	28.132	17.8498	33.4663	398.95999	398.32001	0.63998	0.35	0.169599212
21	6	2018	241.43446	28.13623	NaN	NaN	NaN	NaN	NaN	NaN	13.91
21	6	2018	241.43446	28.13623	18.14	33.743	464.5738786	410.79	53.7838786	2.4	13.90690404
7	5	2016	244.04401	28.1404	17.8366	33.4673	399.12	398.35001	0.76999	1.9	0.204268496
23	5	2018	241.12216	28.14444	NaN	NaN	NaN	NaN	NaN	NaN	-4.48
23	5	2018	241.12216	28.14444	18.01	33.82	394.10001	411.24	-17.13999	3.325	-4.476660536
7	5	2016	244.0407	28.1488	17.8912	33.4676	399.87	398.31	1.56	0.9	0.412035155
7	5	2016	244.03661	28.1568	17.9165	33.4667	399.48999	398.32001	1.16998	1.9	0.308394975
3	2	2016	-116.1950333	28.15848	NaN	NaN	NaN	NaN	NaN	NaN	-7.41
3	2	2016	-116.1950333	28.15848333	17.53	33.578	376.8022557	404.07	-27.2677443	5.725	-7.410866593
7	5	2016	244.03191	28.1647	17.894	33.4665	399.57001	398.32999	1.24002	1.2	0.327448438
3	2	2016	-116.1989167	28.16937	NaN	NaN	NaN	NaN	NaN	NaN	-7.34
3	2	2016	-116.1989167	28.16936667	17.55	33.581	377.016471	404.07	-27.053529	5.325	-7.340675098
7	5	2016	244.02721	28.1726	17.8773	33.4666	399.23001	398.32999	0.90002	1.25	0.237984666
23	5	2018	241.08308	28.17740	NaN	NaN	NaN	NaN	NaN	NaN	-4.46
23	5	2018	241.08308	28.1774	18	33.818	394.17999	411.24	-17.06001	4.775	-4.459388381
17	3	1993	243.339	28.18	16.146	32.943	344.10001	358.47	-14.36999	4.38	-4.386004698
7	5	2016	244.0226	28.1804	17.8452	33.4672	399.17001	398.37	0.80001	0.5	0.212085809
3	2	2016	-116.2029	28.18068	NaN	NaN	NaN	NaN	NaN	NaN	-7.42
3	2	2016	-116.2029	28.18068333	17.54	33.587	376.739207	404.07	-27.330793	7.825	-7.421687586
7	5	2016	244.01801	28.1882	17.8623	33.4676	399.72	398.34	1.38	4.175	0.365340172
3	2	2016	-116.2067667	28.19163	NaN	NaN	NaN	NaN	NaN	NaN	-7.31
3	2	2016	-116.2067667	28.19163333	17.57	33.593	377.0721177	404.07	-26.9978823	8.425	-7.313339385
7	5	2016	244.0134	28.196	17.8572	33.4693	399.95001	398.39999	1.55002	0.35	0.410516098
3	2	2016	-116.2106833	28.20282	NaN	NaN	NaN	NaN	NaN	NaN	-7.35
3	2	2016	-116.2106833	28.20281667	17.57	33.596	376.9393475	404.07	-27.1306525	6.175	-7.349200253
7	5	2016	244.009	28.204	17.9105	33.4739	400.79999	398.38	2.41999	3.475	0.638170784
23	5	2018	241.04433	28.21076	NaN	NaN	NaN	NaN	NaN	NaN	-4.64
23	5	2018	241.04433	28.21076	17.99	33.817	393.51001	411.24	-17.72999	2.925	-4.638258203
7	5	2016	244.0061	28.2125	17.8753	33.476	399.87	398.37	1.5	3.225	0.39667839
3	2	2016	-116.2146	28.21400	NaN	NaN	NaN	NaN	NaN	NaN	-7.32
3	2	2016	-116.2146	28.214	17.57	33.599	377.0527377	404.07	-27.0172623	4.325	-7.318380674
8	6	2007	245.42999	28.22000	NaN	NaN	NaN	NaN	NaN	NaN	-9.3
8	6	2007	245.42999	28.22000	NaN	NaN	NaN	NaN	NaN	NaN	-10.78
8	6	2007	245.42999	28.22000	NaN	NaN	NaN	NaN	NaN	NaN	-10.04
8	6	2007	245.42999	28.22000	NaN	NaN	NaN	NaN	NaN	NaN	-10.15
8	6	2007	245.42999	28.22000	NaN	NaN	NaN	NaN	NaN	NaN	-10.85
8	6	2007	245.42999	28.22	16.2	33.735	355.4	386.1	-30.70876465	5.06	-9.295885249
8	6	2007	245.42999	28.22	15.9	33.715	353.4	386.1	-32.71257935	5.73	-10.15201002
8	6	2007	245.42999	28.22	16.1	33.725	353.2	386.1	-32.89742432	5.18001	-10.04140543
8	6	2007	245.42999	28.22	16.1	33.725	350.8	386.1	-35.3225647	6.36	-10.78164022
8	6	2007	245.42999	28.22	16.2	33.735	350.2	386.1	-35.85137329	5.86	-10.85261019
11	5	2016	245.43069	28.22070	NaN	NaN	NaN	NaN	NaN	NaN	-4.85
11	5	2016	245.43069	28.22070	NaN	NaN	NaN	NaN	NaN	NaN	-3.82
11	5	2016	245.43069	28.22070	NaN	NaN	NaN	NaN	NaN	NaN	-4.81
11	5	2016	245.43069	28.22070	NaN	NaN	NaN	NaN	NaN	NaN	-3.25
11	5	2016	245.43069	28.2207	16.4243	33.4852	392.6109009	403.53	-10.91909912	6.65001	-3.248759708
11	5	2016	245.43069	28.2207	18.3387	33.6648	388.5184021	403.53	-15.0115979	3.13	-3.821801424
11	5	2016	245.43069	28.2207	18.2972	33.6608	384.6921082	403.53	-18.83789185	2.81	-4.811945401
11	5	2016	245.43069	28.2207	18.338	33.67	384.460968	403.53	-19.06903198	5.56	-4.854935306
7	5	2016	244.00349	28.2211	17.894	33.4777	399.84	398.37	1.47	1.875	0.38815799
3	2	2016	-116.2185167	28.22495	NaN	NaN	NaN	NaN	NaN	NaN	-7.24
3	2	2016	-116.2185167	28.22495	17.59	33.601	377.2852657	404.07	-26.7847343	4.425	-7.243622103
7	5	2016	244.0009	28.2296	17.9173	33.4801	400.03	398.35001	1.67999	3.925	0.442771939
3	2	2016	-116.2224333	28.23630	NaN	NaN	NaN	NaN	NaN	NaN	-7.15
3	2	2016	-116.2224333	28.2363	17.61	33.593	377.5870756	404.07	-26.4829244	2.7	-7.150723629
7	5	2016	243.9984	28.2381	17.8928	33.4797	398.85001	398.39001	0.46	3.975	0.121474966
23	5	2018	241.00523	28.24371	NaN	NaN	NaN	NaN	NaN	NaN	-4.93
23	5	2018	241.00523	28.24371	18.05	33.858	392.29001	411.24	-18.94999	0.15	-4.932666985
3	2	2016	-116.2262667	28.24728	NaN	NaN	NaN	NaN	NaN	NaN	-7.16
3	2	2016	-116.2262667	28.24728333	17.59	33.594	377.5913646	404.07	-26.4786354	1.525	-7.16107914
7	5	2016	243.9955	28.2478	17.8616	33.4803	397.82999	398.45001	-0.62002	1.175	-0.164142993
7	5	2016	243.9929	28.2562	17.8505	33.479	397.56	398.42001	-0.86001	7.7486E-07	-0.227882175
3	2	2016	-116.2302333	28.25865	NaN	NaN	NaN	NaN	NaN	NaN	-7.2
3	2	2016	-116.2302333	28.25865	17.6	33.602	377.4433602	404.07	-26.6266398	5.375	-7.195024515
7	5	2016	243.99049	28.2645	17.7805	33.4791	396.14999	398.45001	-2.30002	1.425	-0.612891517
3	2	2016	-116.2339833	28.26967	NaN	NaN	NaN	NaN	NaN	NaN	-7.19
3	2	2016	-116.2339833	28.26966667	17.61	33.597	377.4593813	404.07	-26.6106187	5.775	-7.18506629
7	5	2016	243.9884	28.273	17.7428	33.4798	395.59	398.45001	-2.86001	2.4	-0.764427243
23	5	2018	240.96519	28.27562	NaN	NaN	NaN	NaN	NaN	NaN	-5.06
23	5	2018	240.96519	28.27562	18.16	33.886	391.62	411.24	-19.62	1.075	-5.061609469
3	2	2016	-116.2377167	28.28105	NaN	NaN	NaN	NaN	NaN	NaN	-7.17
3	2	2016	-116.2377167	28.28105	17.64	33.607	377.4336125	404.07	-26.6363875	6.85	-7.174301008
7	5	2016	243.9868	28.2815	17.7213	33.4786	394.51999	398.48001	-3.96002	2.975	-1.060279727
7	5	2016	243.98531	28.2901	17.6508	33.4794	393.04999	398.53	-5.48001	1.3	-1.475605761
3	2	2016	-116.2412167	28.29213	NaN	NaN	NaN	NaN	NaN	NaN	-7.12
3	2	2016	-116.2412167	28.29213333	17.64	33.607	377.6436071	404.07	-26.4263929	7.375	-7.117740617
7	5	2016	243.9839	28.2988	17.6234	33.4795	392.67999	398.48999	-5.81	0.825	-1.567922679
3	2	2016	-116.24515	28.30470	NaN	NaN	NaN	NaN	NaN	NaN	-7.17
3	2	2016	-116.24515	28.3047	17.64	33.6	377.4593016	404.07	-26.6106984	5.925	-7.16761993
23	5	2018	240.92432	28.30668	NaN	NaN	NaN	NaN	NaN	NaN	-5.19
23	5	2018	240.92432	28.30668	18.16	33.897	391.14001	411.24	-20.09999	1.625	-5.185168709
7	5	2016	243.98151	28.3072	17.6516	33.4772	391.76001	398.5	-6.73999	5.1	-1.814783247
7	5	2016	243.9787	28.3157	17.5851	33.478	389.92999	398.53	-8.60001	3.05	-2.328052287
3	2	2016	-116.2485333	28.31587	NaN	NaN	NaN	NaN	NaN	NaN	-7.14
3	2	2016	-116.2485333	28.31586667	17.62	33.594	377.6142835	404.07	-26.4557165	5.4	-7.137582753
7	5	2016	243.97591	28.3241	17.5458	33.4793	388.25	398.51999	-10.26999	1.55	-2.788939742
3	2	2016	-116.2520167	28.32738	NaN	NaN	NaN	NaN	NaN	NaN	-6.32
3	2	2016	-116.2520167	28.32738333	17.58	33.561	380.7368669	404.07	-23.3331331	2.6	-6.31647075
7	5	2016	243.97301	28.3325	17.4967	33.4835	386.41	398.53	-12.12	2.3	-3.304348555
23	5	2018	240.88426	28.33843	NaN	NaN	NaN	NaN	NaN	NaN	-5.27
23	5	2018	240.88426	28.33843	18.15	33.892	390.81	411.24	-20.43	0.675	-5.27464472
3	2	2016	-116.25535	28.33857	NaN	NaN	NaN	NaN	NaN	NaN	-6.96
3	2	2016	-116.25535	28.33856667	17.39	33.529	378.7627904	404.07	-25.3072096	2.65	-6.957957229
7	5	2016	243.97009	28.3409	17.4617	33.4867	384.72	398.56	-13.84	2.25	-3.783916543
7	5	2016	243.96741	28.3493	17.4451	33.4895	383.17999	398.57001	-15.39002	4.025	-4.213295378
3	2	2016	-116.2587333	28.35015	NaN	NaN	NaN	NaN	NaN	NaN	-7.18
3	2	2016	-116.2587333	28.35015	17.33	33.53	378.0700056	404.07	-25.9999944	5.025	-7.183217202
7	5	2016	243.96471	28.3577	17.4441	33.4905	381.25	398.59	-17.34	4.45	-4.747498975
3	2	2016	-116.262	28.36132	NaN	NaN	NaN	NaN	NaN	NaN	-7.45
3	2	2016	-116.262	28.36131667	17.29	33.538	377.1942811	404.07	-26.8757189	7.45	-7.448987541
7	5	2016	243.9619	28.3661	17.4116	33.4903	378.66	398.60001	-19.94001	4.1	-5.473731714
18	3	1993	243.26401	28.371	16.547	32.881	343.38	358.47	-15.09	4.36	-4.457599081
3	2	2016	-116.26545	28.37273	NaN	NaN	NaN	NaN	NaN	NaN	-7.59
3	2	2016	-116.26545	28.37273333	17.29	33.547	376.7000585	404.07	-27.3699415	8.15	-7.585643556
23	5	2018	240.84769	28.37350	NaN	NaN	NaN	NaN	NaN	NaN	-5
23	5	2018	240.84769	28.3735	18.07	33.856	392	411.24	-19.24	3.775	-5.000183549
7	5	2016	243.95911	28.3746	17.3022	33.4905	375.17999	398.66	-23.48001	3.775	-6.502854803
7	5	2016	243.95621	28.383	17.292	33.4933	371.89001	398.64999	-26.75998	1.775	-7.417283534
3	2	2016	-116.2686833	28.38385	NaN	NaN	NaN	NaN	NaN	NaN	-7.37
3	2	2016	-116.2686833	28.38385	17.32	33.546	377.3981162	404.07	-26.6718838	6.95	-7.37425734
8	6	2007	245.77	28.39000	NaN	NaN	NaN	NaN	NaN	NaN	6.46
8	6	2007	245.77	28.39000	NaN	NaN	NaN	NaN	NaN	NaN	17.28
8	6	2007	245.77	28.39000	NaN	NaN	NaN	NaN	NaN	NaN	30.79
8	6	2007	245.77	28.39000	NaN	NaN	NaN	NaN	NaN	NaN	6.07
8	6	2007	245.77	28.39	13.4	33.685	466.4	386.1	80.29361572	4.21001	30.78657857
8	6	2007	245.77	28.39	14.2	33.715	434.4	386.1	48.28299561	3.33	17.28359968
8	6	2007	245.77	28.39	15.8	33.745	405.5	386.1	19.4083313	5.03	6.072440403
8	6	2007	245.77	28.39	15	33.725	405.4	386.1	19.32285156	5.08	6.463981467
11	5	2016	245.77029	28.39020	NaN	NaN	NaN	NaN	NaN	NaN	0.71
11	5	2016	245.77029	28.39020	NaN	NaN	NaN	NaN	NaN	NaN	-0.55
11	5	2016	245.77029	28.39020	NaN	NaN	NaN	NaN	NaN	NaN	-0.16
11	5	2016	245.77029	28.39020	NaN	NaN	NaN	NaN	NaN	NaN	-3.56
11	5	2016	245.77029	28.39020	NaN	NaN	NaN	NaN	NaN	NaN	7.31
11	5	2016	245.77029	28.39020	NaN	NaN	NaN	NaN	NaN	NaN	0.53
11	5	2016	245.77029	28.3902	17.9574	33.6588	431.37323	403.53	27.84322998	5.98	7.30848397
11	5	2016	245.77029	28.3902	18.8297	33.724	406.4411621	403.53	2.911162109	7.13	0.712567904
11	5	2016	245.77029	28.3902	17.6853	33.6426	405.4869995	403.53	1.956999512	5.98	0.525092292
11	5	2016	245.77029	28.3902	18.6636	33.721	402.8723755	403.53	-0.657624512	6.23	-0.163105314
11	5	2016	245.77029	28.3902	18.7925	33.7268	401.295929	403.53	-2.234071045	5.63	-0.548443562
11	5	2016	245.77029	28.3902	17.9854	33.6612	389.9185486	403.53	-13.61145142	6.78	-3.564768869
7	5	2016	243.9534	28.3913	17.2897	33.4966	367.60001	398.64999	-31.04998	2.775	-8.607847895
3	2	2016	-116.27205	28.39532	NaN	NaN	NaN	NaN	NaN	NaN	-7.34
3	2	2016	-116.27205	28.39531667	17.34	33.549	377.4846382	404.07	-26.5853618	7.85	-7.338329772
7	5	2016	243.95039	28.3996	17.2554	33.4965	364.57999	398.70001	-34.12002	4.8	-9.485293151
3	2	2016	-116.2752	28.40645	NaN	NaN	NaN	NaN	NaN	NaN	-7.27
3	2	2016	-116.2752	28.40645	17.34	33.542	377.7181437	404.07	-26.3518563	8.55	-7.274117644
7	5	2016	243.9474	28.4079	17.2089	33.4941	361.85999	398.70001	-36.84002	6.25	-10.28028116
23	5	2018	240.81187	28.40962	NaN	NaN	NaN	NaN	NaN	NaN	-4.51
23	5	2018	240.81187	28.40962	18.26	33.901	393.63	411.24	-17.61	5.7	-4.506565351
7	5	2016	243.9444	28.4162	17.1667	33.4925	359.97	398.72	-38.75	6.1	-10.85046411
3	2	2016	-116.27835	28.41798	NaN	NaN	NaN	NaN	NaN	NaN	-7.23
3	2	2016	-116.27835	28.41798333	17.33	33.545	377.9100341	404.07	-26.1599659	6.425	-7.226898156
7	5	2016	243.94141	28.4244	16.9735	33.493	356.76999	398.78	-42.01001	5.7	-11.9496101
3	2	2016	-116.2814333	28.42918	NaN	NaN	NaN	NaN	NaN	NaN	-7.3
3	2	2016	-116.2814333	28.42918333	17.34	33.548	377.609087	404.07	-26.460913	5.2	-7.304013035
7	5	2016	243.93851	28.4327	16.992	33.4947	356.17001	398.82999	-42.65998	3.425	-12.1161219
11	5	2016	245.8595	28.43980	NaN	NaN	NaN	NaN	NaN	NaN	-0.89
11	5	2016	245.8595	28.43980	NaN	NaN	NaN	NaN	NaN	NaN	-3.52
11	5	2016	245.8595	28.43980	NaN	NaN	NaN	NaN	NaN	NaN	-4.12
11	5	2016	245.8595	28.43980	NaN	NaN	NaN	NaN	NaN	NaN	-1.96
11	5	2016	245.8595	28.43980	NaN	NaN	NaN	NaN	NaN	NaN	-1.84
11	5	2016	245.8595	28.4398	18.7147	33.6996	399.9200439	403.53	-3.609956055	7.06	-0.89181206
11	5	2016	245.8595	28.4398	17.8974	33.6833	396.1158447	403.53	-7.414155273	6.50999	-1.955290769
11	5	2016	245.8595	28.4398	18.7143	33.7001	396.0839539	403.53	-7.446046143	5.25999	-1.839542891
11	5	2016	245.8595	28.4398	18.464	33.697	389.5648804	403.53	-13.96511963	5.11	-3.519495453
11	5	2016	245.8595	28.4398	18.2593	33.6866	387.4590759	403.53	-16.07092407	6.31	-4.11709836
3	2	2016	-116.2845833	28.44077	NaN	NaN	NaN	NaN	NaN	NaN	-7.33
3	2	2016	-116.2845833	28.44076667	17.37	33.553	377.4575851	404.07	-26.6124149	5.1	-7.327831024
7	5	2016	243.93559	28.441	17.1792	33.4938	355.64001	398.70999	-43.06998	4.3	-12.04779816
23	5	2018	240.77879	28.44763	NaN	NaN	NaN	NaN	NaN	NaN	-4.9
23	5	2018	240.77879	28.44763	18.76	34.038	391.32001	411.24	-19.91999	3.925	-4.895620221
7	5	2016	243.93201	28.4502	17.1869	33.4965	354.87	398.73999	-43.86999	3.95	-12.26375339
3	2	2016	-116.2876333	28.45192	NaN	NaN	NaN	NaN	NaN	NaN	-7.31
3	2	2016	-116.2876333	28.45191667	17.4	33.557	377.4655054	404.07	-26.6044946	2.175	-7.307741342
7	5	2016	243.92889	28.4583	17.149	33.5009	354.35999	398.69	-44.33001	3.475	-12.43029774
3	2	2016	-116.29085	28.46330	NaN	NaN	NaN	NaN	NaN	NaN	-7.3
3	2	2016	-116.29085	28.4633	17.41	33.558	377.4855912	404.07	-26.5844088	3	-7.296282154
7	5	2016	243.9258	28.4665	17.1564	33.506	353.76999	398.67999	-44.91	4.05	-12.58505486
7	5	2016	243.92261	28.4747	17.2612	33.5121	353.34	398.67001	-45.33001	5.025	-12.59478452
3	2	2016	-116.2943	28.47587	NaN	NaN	NaN	NaN	NaN	NaN	-7.17
3	2	2016	-116.2943	28.47586667	17.43	33.552	377.9221121	404.07	-26.1478879	6.05	-7.165076299
7	5	2016	243.9194	28.4828	17.3474	33.5097	351.98999	398.60999	-46.62	5.125	-12.86316231
23	5	2018	240.74541	28.48500	NaN	NaN	NaN	NaN	NaN	NaN	-4.96
23	5	2018	240.74541	28.485	18.87	34.058	390.89001	411.24	-20.34999	3.65	-4.957416012
11	5	2016	245.72501	28.4858	18.6169	33.6735	423.95001	397.17001	26.78	0.875	6.668215924
3	2	2016	-116.2973167	28.48688	NaN	NaN	NaN	NaN	NaN	NaN	-7.54
3	2	2016	-116.2973167	28.48688333	17.39	33.563	376.6285756	404.07	-27.4414244	7.325	-7.543518257
11	5	2016	245.71651	28.4886	18.586	33.6704	419.69	397.16	22.53	7.1	5.623849708
7	5	2016	243.916	28.4911	17.3093	33.5003	350.76001	398.60999	-47.84998	5.525	-13.24394488
11	5	2016	245.7079	28.4914	18.4841	33.6672	414.64999	397.26001	17.38998	2.45	4.376233327
11	5	2016	245.69949	28.4941	18.4741	33.6646	408.22	397.19	11.03	1.825	2.777973926
11	5	2016	245.6911	28.4971	18.4426	33.6661	403.47	397.19	6.28	0.9	1.58562055
3	2	2016	-116.3002667	28.49788	NaN	NaN	NaN	NaN	NaN	NaN	-7.74
3	2	2016	-116.3002667	28.49788333	17.44	33.587	375.7920977	404.07	-28.2779023	5.475	-7.741192042
7	5	2016	243.9127	28.4993	17.2485	33.4927	350	398.63	-48.63	6.075	-13.52685055
15	12	1995	239	28.50000	NaN	NaN	NaN	NaN	NaN	NaN	-1.82
15	12	1995	240	28.50000	NaN	NaN	NaN	NaN	NaN	NaN	-3.23
15	12	1995	241	28.50000	NaN	NaN	NaN	NaN	NaN	NaN	-4.11
15	12	1995	242	28.50000	NaN	NaN	NaN	NaN	NaN	NaN	-3.23
11	5	2016	245.6828	28.5	18.4354	33.6712	400.28	397.17999	3.10001	0.975	0.783143758
11	5	2016	245.6743	28.503	18.4238	33.6764	398.72	397.22	1.5	2.975	0.379280556
11	5	2016	245.66589	28.5058	18.4156	33.6783	397.57999	397.22	0.35999	4.85	0.091083514
7	5	2016	243.90939	28.5074	16.9859	33.4989	350.48999	398.78	-48.29001	3.45	-13.7216821
11	5	2016	245.65739	28.5087	18.4085	33.6801	396.67999	397.20999	-0.53	5.25	-0.134173694
3	2	2016	-116.3032667	28.50921667	17.53	33.61	376.0562399	404.07	-28.0137601	3.825	-7.612462879
11	5	2016	245.6478	28.512	18.4353	33.6827	396.91	397.12	-0.21	3.875	-0.053049048
11	5	2016	245.6394	28.5149	18.4388	33.6798	395.70001	397.14001	-1.44	9.375	-0.363668413
7	5	2016	243.9063	28.5155	17.0145	33.4859	352.97	398.76999	-45.79999	4.6	-12.98466934
11	5	2016	245.63091	28.5177	18.4316	33.6727	393.98999	397.10999	-3.12	9.175	-0.78842695
23	5	2018	240.70833	28.51972	NaN	NaN	NaN	NaN	NaN	NaN	-4.51
23	5	2018	240.70833	28.51972	18.83	34.017	392.79999	411.24	-18.44001	3.625	-4.507256851
3	2	2016	-116.3062333	28.52020	NaN	NaN	NaN	NaN	NaN	NaN	-7.26
3	2	2016	-116.3062333	28.5202	17.59	33.606	377.2226093	404.07	-26.8473907	3.4	-7.260394476
11	5	2016	245.6225	28.5205	18.4012	33.666	391.89999	397.13	-5.23001	10.275	-1.324877491
11	5	2016	245.6142	28.5233	18.4018	33.6606	390.64999	397.10999	-6.46	8.525	-1.636424623
7	5	2016	243.903	28.5236	17.2451	33.4712	359.04001	398.67001	-39.63	3.2	-11.02759285
11	5	2016	245.6058	28.5261	18.4198	33.6581	390.01999	397.13	-7.11001	9.35	-1.798521
11	5	2016	245.5975	28.5289	18.4088	33.6555	389.73001	397.10001	-7.37	8.45	-1.865945729
3	2	2016	-116.3092833	28.53150	NaN	NaN	NaN	NaN	NaN	NaN	-7.2
3	2	2016	-116.3092833	28.5315	17.61	33.599	377.4093437	404.07	-26.6606563	1.6	-7.198508485
11	5	2016	245.5891	28.5316	18.3317	33.6533	388.82999	397.13	-8.30001	9.7	-2.114394636
7	5	2016	243.8997	28.5318	17.1146	33.4686	357.70001	398.70001	-41	4.225	-11.53050994
11	5	2016	245.5807	28.5344	18.3372	33.6492	389.59	397.13	-7.54	5.975	-1.919979174
11	5	2016	245.5723	28.5372	18.3202	33.6463	390.37	397.17001	-6.80001	2.225	-1.733923966
7	5	2016	243.8965	28.5399	16.9589	33.4682	355.29999	398.79001	-43.49002	3.475	-12.38678311
11	5	2016	245.5639	28.54	18.3087	33.6453	391.04999	397.10999	-6.06	2.75	-1.546656794
3	2	2016	-116.3122833	28.54243	NaN	NaN	NaN	NaN	NaN	NaN	-7.39
3	2	2016	-116.3122833	28.54243333	17.6	33.607	376.728658	404.07	-27.341342	4.75	-7.387975302
11	5	2016	245.55569	28.5429	18.3071	33.6447	391.69	397.14001	-5.45001	0.1	-1.391154442
11	5	2016	245.5473	28.5458	18.3154	33.6455	392.60001	397.13	-4.52999	4.225	-1.155542229
7	5	2016	243.89349	28.5481	16.5334	33.4632	352.85001	398.98001	-46.13	5.975	-13.60411307
11	5	2016	245.539	28.5486	18.3365	33.6482	393.34	397.07999	-3.73999	5.275	-0.952405575
11	5	2016	245.5307	28.5513	18.3574	33.6523	394.06	397.09	-3.03	1.925	-0.770302509
23	5	2018	240.66928	28.55269	NaN	NaN	NaN	NaN	NaN	NaN	-4.42
23	5	2018	240.66928	28.55269	18.82	34.01	393.16	411.24	-18.08	1.175	-4.422909673
3	2	2016	-116.3154167	28.55370	NaN	NaN	NaN	NaN	NaN	NaN	-7.3
3	2	2016	-116.3154167	28.5537	17.64	33.609	376.977927	404.07	-27.092073	9.65	-7.296967054
11	5	2016	245.52229	28.5539	18.3889	33.6559	395.20001	397.07001	-1.87	3.075	-0.474199977
7	5	2016	243.8905	28.5562	16.7361	33.4686	355.73999	398.84	-43.10001	5.1	-12.50096704
11	5	2016	245.51401	28.5566	18.4152	33.6612	395.92001	397.06	-1.13999	4.3	-0.288469078
11	5	2016	245.50571	28.5592	18.4429	33.6659	396.73999	397.01001	-0.27002	2.675	-0.068175068
18	3	1993	243.189	28.561	16.681	32.88	342.64999	358.47	-15.82001	6.46001	-4.622234597
11	5	2016	245.49741	28.562	18.4794	33.6691	397.78	396.97	0.81	3.9	0.203913088
7	5	2016	243.8876	28.5644	16.4548	33.4681	352.29999	398.95001	-46.65002	5.625	-13.84618361
3	2	2016	-116.3184	28.56463	NaN	NaN	NaN	NaN	NaN	NaN	-7.28
3	2	2016	-116.3184	28.56463333	17.67	33.608	376.9701242	404.07	-27.0998758	6.65	-7.281469865
11	5	2016	245.4892	28.565	18.5015	33.6697	398.64999	397.04001	1.60998	5.575	0.404589799
11	5	2016	245.4809	28.5679	18.5095	33.6694	399.51001	397.04999	2.46002	5.8	0.617813013
11	5	2016	245.4727	28.5708	18.51	33.6686	400.35001	397.03	3.32001	7.075	0.833762108
11	5	2016	245.4644	28.5737	18.5109	33.6673	401.01001	396.97	4.04001	7.475	1.014510959
3	2	2016	-116.3214167	28.57550	NaN	NaN	NaN	NaN	NaN	NaN	-7.12
3	2	2016	-116.3214167	28.5755	17.69	33.609	377.5281522	404.07	-26.5418478	6.325	-7.120013378
11	5	2016	245.4561	28.5766	18.511	33.6657	401.14001	396.98001	4.16	8.375	1.044641924
11	5	2016	245.4467	28.58	18.5116	33.6643	401.63	396.98999	4.64001	3.6	1.16513207
11	5	2016	245.4384	28.5828	18.5213	33.6641	402.35001	397.01001	5.34	5.625	1.339869564
23	5	2018	240.62979	28.58550	NaN	NaN	NaN	NaN	NaN	NaN	-4.56
23	5	2018	240.62979	28.5855	18.85	34.03	392.56	411.24	-18.68	1.1	-4.558408519
11	5	2016	245.42999	28.5856	18.5285	33.6642	402.82999	397	5.82999	5.575	1.46197503
3	2	2016	-116.3245333	28.58662	NaN	NaN	NaN	NaN	NaN	NaN	-7.1
3	2	2016	-116.3245333	28.58661667	17.69	33.607	377.6147794	404.07	-26.4552206	5.95	-7.096842427
11	5	2016	245.42171	28.5884	18.5178	33.668	403.03	397.03	6	6.2	1.505863272
11	5	2016	245.4133	28.5912	18.5189	33.6762	402.06	397.04001	5.01999	4.375	1.259744072
11	5	2016	245.40491	28.5939	18.5004	33.6799	401.26999	397.04001	4.22998	7.475	1.063040766
11	5	2016	245.39639	28.5965	18.47	33.6836	399.5	397.03	2.47	5.525	0.622232292
3	2	2016	-116.3276	28.59733	NaN	NaN	NaN	NaN	NaN	NaN	-7.15
3	2	2016	-116.3276	28.59733333	17.68	33.608	377.4308248	404.07	-26.6391752	4.3	-7.151917295
11	5	2016	245.388	28.5992	18.4708	33.687	399.07001	397	2.07001	2.825	0.521426854
11	5	2016	245.37959	28.6019	18.398	33.6813	397.78	397.09	0.69	7.875	0.174824289
11	5	2016	245.3714	28.6049	18.3102	33.6701	396.75	397.12	-0.37	7.925	-0.094410475
11	5	2016	245.3632	28.6078	18.2684	33.6628	396.70001	397.19	-0.48999	5.525	-0.125449994
3	2	2016	-116.3308333	28.60837	NaN	NaN	NaN	NaN	NaN	NaN	-7.19
3	2	2016	-116.3308333	28.60836667	17.68	33.611	377.2733917	404.07	-26.7966083	1.525	-7.194081556
11	5	2016	245.3549	28.6107	18.2031	33.6563	396.78	397.20999	-0.42999	2.125	-0.110668002
11	5	2016	245.3466	28.6137	18.1755	33.6485	397.56	397.19	0.37	3.7	0.09544216
11	5	2016	245.3382	28.6166	18.0972	33.6422	397.16	397.23999	-0.07999	6.125	-0.020763922
23	5	2018	240.59009	28.61816	NaN	NaN	NaN	NaN	NaN	NaN	-4.59
23	5	2018	240.59009	28.61816	18.81	34.017	392.51001	411.24	-18.72999	0.925	-4.585399006
3	2	2016	-116.3339833	28.61910	NaN	NaN	NaN	NaN	NaN	NaN	-7.41
3	2	2016	-116.3339833	28.6191	17.68	33.629	376.4800758	404.07	-27.5899242	2.925	-7.406430512
11	5	2016	245.33	28.6196	18.0715	33.6404	395.57999	397.28	-1.70001	0.975	-0.442204378
11	5	2016	245.32159	28.6224	18.0316	33.6328	386.85999	397.29999	-10.44	5.8	-2.724435834
11	5	2016	245.3131	28.6252	18.0075	33.6227	375.14001	397.35999	-22.21998	7.775	-5.810049286
11	5	2016	245.30479	28.6279	18.02	33.6121	364.39001	397.29001	-32.9	5.825	-8.594457477
11	5	2016	245.2964	28.6307	17.9933	33.5991	356.09	397.31	-41.22	7.325	-10.79163679
3	2	2016	-116.33765	28.63118	NaN	NaN	NaN	NaN	NaN	NaN	-7.07
3	2	2016	-116.33765	28.63118333	17.72	33.623	377.66164	404.07	-26.40836	4.2	-7.066633753
11	5	2016	245.2879	28.6335	17.8497	33.5859	348.35999	397.37	-49.01001	7.6	-12.9807451
11	5	2016	245.2795	28.6363	17.7283	33.5625	346.64999	397.41	-50.76001	6.1	-13.57772862
11	5	2016	245.27119	28.6392	17.5563	33.5343	358.95001	397.54999	-38.59998	5.625	-10.47067122
11	5	2016	245.2627	28.6421	17.558	33.5187	369.54001	397.54001	-28	3.45	-7.594829489
3	2	2016	-116.3410167	28.64217	NaN	NaN	NaN	NaN	NaN	NaN	-7.21
3	2	2016	-116.3410167	28.64216667	17.68	33.622	377.2077888	404.07	-26.8622112	5.625	-7.211317648
11	5	2016	245.255	28.646	17.5534	33.5118	374.29999	397.60999	-23.31	4.125	-6.325251733
11	5	2016	245.246	28.6506	17.4938	33.5108	371.17001	397.63	-26.45999	6.075	-7.214701702
14	1	2003	240.53601	28.65100	NaN	NaN	NaN	NaN	NaN	NaN	2.34
14	1	2003	240.53601	28.651	19.19	33.443	384.70999	374.88	9.82999	0.45	2.341608286
23	5	2018	240.5506	28.65105	NaN	NaN	NaN	NaN	NaN	NaN	-4.72
23	5	2018	240.5506	28.65105	18.8	34.016	391.98001	411.24	-19.25999	0.375	-4.718913054
3	2	2016	-116.3442833	28.65280	NaN	NaN	NaN	NaN	NaN	NaN	-7.15
3	2	2016	-116.3442833	28.6528	17.68	33.618	377.4341052	404.07	-26.6358948	4.975	-7.150697372
11	5	2016	245.2382	28.6546	17.4503	33.5119	364.47	397.60999	-33.13999	5.95	-9.067889377
11	5	2016	245.23039	28.6586	17.3047	33.5079	363.57999	397.72	-34.14001	5.6	-9.452473528
14	1	2003	240.545	28.66200	NaN	NaN	NaN	NaN	NaN	NaN	2.39
14	1	2003	240.545	28.662	19.19	33.442	384.92999	374.88	10.04999	1.27	2.394025855
11	5	2016	245.2226	28.6626	17.2903	33.5051	367.41	397.70999	-30.29999	5.325	-8.399183247
3	2	2016	-116.3475667	28.66348	NaN	NaN	NaN	NaN	NaN	NaN	-7.2
3	2	2016	-116.3475667	28.66348333	17.65	33.612	377.3142049	404.07	-26.7557951	5.925	-7.200482919
11	5	2016	245.21471	28.6665	17.3039	33.5041	370.17001	397.72	-27.54999	4.8	-7.628502334
12	5	2016	245.20689	28.6706	17.2638	33.5045	371.13	397.78	-26.65	6.8	-7.403315593
14	1	2003	240.554	28.67200	NaN	NaN	NaN	NaN	NaN	NaN	2.46
14	1	2003	240.554	28.672	19.19	33.441	385.19	374.88	10.31	0.55	2.455974812
3	2	2016	-116.3510167	28.67452	NaN	NaN	NaN	NaN	NaN	NaN	-7.02
3	2	2016	-116.3510167	28.67451667	17.63	33.604	378.0117917	404.07	-26.0582083	5.9	-7.024335719
12	5	2016	245.19901	28.6746	17.2769	33.5055	372.32999	397.82001	-25.49002	9.1	-7.073523095
7	5	2016	243.85049	28.6751	16.7553	33.5167	312.57001	398.60999	-86.03998	4.375	-24.91065061
12	5	2016	245.19119	28.6787	17.2846	33.5083	371.45999	397.81	-26.35001	5.475	-7.307510472
12	5	2016	245.1833	28.6827	17.2545	33.5117	369.29001	397.76999	-28.47998	1.6	-7.917379323
14	1	2003	240.564	28.68300	NaN	NaN	NaN	NaN	NaN	NaN	2.47
14	1	2003	240.564	28.683	19.2	33.439	385.25	374.88	10.37	0.10001	2.46834326
7	5	2016	243.847	28.6836	16.5733	33.5272	314.01001	398.64999	-84.63998	4.8	-24.87187384
23	5	2018	240.51057	28.68381	NaN	NaN	NaN	NaN	NaN	NaN	-4.51
23	5	2018	240.51057	28.68381	18.7	33.975	392.97	411.24	-18.27	2.875	-4.512880589
3	2	2016	-116.3544	28.68513	NaN	NaN	NaN	NaN	NaN	NaN	-6.3
3	2	2016	-116.3544	28.68513333	17.57	33.558	380.8352286	404.07	-23.2347714	8.2	-6.295012519
7	5	2016	243.8437	28.6921	16.7492	33.5299	322.19	398.59	-76.4	3.925	-22.12928099
14	1	2003	240.573	28.69300	NaN	NaN	NaN	NaN	NaN	NaN	2.48
14	1	2003	240.573	28.693	19.21	33.441	385.31	374.88	10.43	0.5	2.480644689
3	2	2016	-116.3578333	28.69612	NaN	NaN	NaN	NaN	NaN	NaN	-6.91
3	2	2016	-116.3578333	28.69611667	17.39	33.536	378.9336266	404.07	-25.1363734	6.35	-6.910757592
7	5	2016	243.84039	28.7007	16.8701	33.5239	329.03	398.48999	-69.45999	4.45	-19.92199678
14	1	2003	240.582	28.70300	NaN	NaN	NaN	NaN	NaN	NaN	2.53
14	1	2003	240.582	28.703	19.23	33.445	385.54001	374.88	10.66001	4.55	2.531307599
3	2	2016	-116.3610667	28.70670	NaN	NaN	NaN	NaN	NaN	NaN	-7.36
3	2	2016	-116.3610667	28.7067	17.34	33.546	377.4011266	404.07	-26.6688734	5.75	-7.361486419
7	5	2016	243.8371	28.7093	16.6558	33.5278	336.48999	398.62	-62.13001	4.9	-18.13418546
14	1	2003	240.591	28.71400	NaN	NaN	NaN	NaN	NaN	NaN	2.43
14	1	2003	240.591	28.714	19.25	33.453	385.13	374.88	10.25	0.40001	2.430022417
23	5	2018	240.47023	28.71642	NaN	NaN	NaN	NaN	NaN	NaN	-4.46
23	5	2018	240.47023	28.71642	18.74	33.996	393.14001	411.24	-18.09999	5.525	-4.456273922
3	2	2016	-116.3642	28.71743	NaN	NaN	NaN	NaN	NaN	NaN	-6.58
3	2	2016	-116.3642	28.71743333	17.39	33.517	380.1268016	404.07	-23.9431984	5.575	-6.583311919
7	5	2016	243.8336	28.7179	16.7269	33.5357	353.13	398.51999	-45.38999	5.1	-13.17085108
14	1	2003	240.60001	28.72400	NaN	NaN	NaN	NaN	NaN	NaN	2.41
14	1	2003	240.60001	28.724	19.26	33.453	385.04001	374.88	10.16001	1.7	2.406790651
7	5	2016	243.8299	28.7266	17.2685	33.5357	375.32001	398.20999	-22.88998	4.725	-6.355422742
3	2	2016	-116.3675	28.72843	NaN	NaN	NaN	NaN	NaN	NaN	-7.15
3	2	2016	-116.3675	28.72843333	17.23	33.525	378.3999345	404.07	-25.6700655	6.225	-7.149974891
12	5	2016	245.0804	28.7348	17.1114	33.5667	356.85999	397.84	-40.98001	1.975	-11.52250061
14	1	2003	240.61	28.73500	NaN	NaN	NaN	NaN	NaN	NaN	2.29
14	1	2003	240.61	28.735	19.26	33.46	384.56	374.88	9.68	1.87	2.293006521
7	5	2016	243.8262	28.7356	17.4528	33.524	383.82999	398.14999	-14.32	2.825	-3.917275161
12	5	2016	245.0726	28.7389	17.1176	33.5664	357.98999	397.85999	-39.87	4.425	-11.20476257
3	2	2016	-116.37065	28.73915	NaN	NaN	NaN	NaN	NaN	NaN	-7.42
3	2	2016	-116.37065	28.73915	17.23	33.541	377.4375922	404.07	-26.6324078	4.025	-7.417454639
12	5	2016	245.0638	28.7436	17.071	33.5656	358.59	397.92001	-39.33001	7.375	-11.09501155
7	5	2016	243.8226	28.7447	17.4756	33.5175	386.85999	398.14001	-11.28002	5.4	-3.08009194
14	1	2003	240.619	28.74600	NaN	NaN	NaN	NaN	NaN	NaN	2.25
14	1	2003	240.619	28.746	19.25	33.456	384.39001	374.88	9.51001	2.23	2.254557321
12	5	2016	245.056	28.7477	17.085	33.5644	359.5	397.94	-38.44	7.525	-10.83166069
23	5	2018	240.42978	28.74940	NaN	NaN	NaN	NaN	NaN	NaN	-4.57
23	5	2018	240.42978	28.7494	18.79	34.016	392.59	411.24	-18.65	5.025	-4.573083082
3	2	2016	-116.3739333	28.75023	NaN	NaN	NaN	NaN	NaN	NaN	-7.08
3	2	2016	-116.3739333	28.75023333	17.28	33.538	378.5577277	404.07	-25.5122723	3.3	-7.076824368
18	3	1993	243.114	28.751	16.459	32.9	343.98999	358.47	-14.48001	3.81	-4.308024605
12	5	2016	245.0482	28.7516	17.1507	33.565	360.66	397.92001	-37.26001	2.9	-10.44321237
7	5	2016	243.81931	28.7537	17.4575	33.5169	388.23001	398.07999	-9.84998	6.375	-2.693555881
12	5	2016	245.0403	28.7555	17.1878	33.5683	361.57999	397.89999	-36.32	7.575	-10.14895938
14	1	2003	240.62799	28.75600	NaN	NaN	NaN	NaN	NaN	NaN	2.22
14	1	2003	240.62799	28.756	19.25	33.455	384.25	374.88	9.37	1.98	2.221375279
12	5	2016	245.0325	28.7594	17.1369	33.5704	361.76999	397.95001	-36.18002	5.175	-10.151629
3	2	2016	-116.3771833	28.76090	NaN	NaN	NaN	NaN	NaN	NaN	-7.16
3	2	2016	-116.3771833	28.7609	17.27	33.532	378.2716704	404.07	-25.7983296	0.825	-7.162183323
7	5	2016	243.8159	28.7628	17.497	33.5145	389.64001	398.04999	-8.40998	5.375	-2.29247027
12	5	2016	245.0246	28.7633	17.0868	33.5711	361.97	397.98001	-36.01001	6.15	-10.14512665
14	1	2003	240.638	28.76700	NaN	NaN	NaN	NaN	NaN	NaN	1.99
14	1	2003	240.638	28.767	19.25	33.458	383.28	374.88	8.4	0.92	1.991386336
12	5	2016	245.01669	28.7672	17.0437	33.5709	361.97	398	-36.03	5.75	-10.18642064
12	5	2016	245.0089	28.7711	17.041	33.5717	361.45999	398.04001	-36.58002	4.675	-10.34415571
7	5	2016	243.81261	28.7718	17.5288	33.511	390.54001	398	-7.45999	5.825	-2.028328599
12	5	2016	245.00101	28.775	17.0724	33.573	360.39001	398.03	-37.63999	0.05	-10.61667275
14	1	2003	240.647	28.77700	NaN	NaN	NaN	NaN	NaN	NaN	1.96
14	1	2003	240.647	28.777	19.24	33.457	383.16	374.88	8.28	0.88	1.964494827
12	5	2016	244.9931	28.7789	17.0601	33.5752	358.09	398.10001	-40.01001	2.175	-11.29633552
7	5	2016	243.8094	28.7808	17.5683	33.5085	391.45999	398	-6.54001	4.4	-1.772549103
23	5	2018	240.38933	28.78264	NaN	NaN	NaN	NaN	NaN	NaN	-4.74
23	5	2018	240.38933	28.78264	18.83	34.036	391.82999	411.24	-19.41001	2.5	-4.743928243
12	5	2016	244.98531	28.7829	17.0701	33.5767	356.67001	398.07999	-41.40998	9.425	-11.68200923
3	2	2016	-116.384	28.78382	NaN	NaN	NaN	NaN	NaN	NaN	-7.39
3	2	2016	-116.384	28.78381667	17.25	33.528	377.4972024	404.07	-26.5727976	2.9	-7.389310189
12	5	2016	244.97749	28.7869	17.0729	33.5782	355.48001	398.07999	-42.59998	3.7	-12.01489287
7	5	2016	243.8062	28.7897	17.5624	33.5083	391.32999	397.95999	-6.63	5.75	-1.797797113
12	5	2016	244.9697	28.7908	17.073	33.5797	354.35001	398.10999	-43.75998	2.85	-12.34187052
12	5	2016	244.96201	28.7948	17.097	33.5814	354.26999	398.09	-43.82001	2.875	-12.33460308
3	2	2016	-116.3872333	28.79493	NaN	NaN	NaN	NaN	NaN	NaN	-7.39
3	2	2016	-116.3872333	28.79493333	17.23	33.528	377.5406378	404.07	-26.5293622	7.525	-7.389212356
7	5	2016	243.8029	28.7986	17.5997	33.5071	392.20999	397.92999	-5.72	4.825	-1.546386632
12	5	2016	244.95419	28.7986	17.1399	33.5833	356.92001	398.07999	-41.15998	2.425	-11.54541472
12	5	2016	244.9463	28.8025	17.143	33.5867	361.28	398.07001	-36.79001	3.525	-10.31686774
3	2	2016	-116.3903333	28.80570	NaN	NaN	NaN	NaN	NaN	NaN	-7.41
3	2	2016	-116.3903333	28.8057	17.22	33.524	377.4953101	404.07	-26.5746899	7.375	-7.407987718
12	5	2016	244.93851	28.8063	17.1393	33.5882	364.78	398.12	-33.34	5.4	-9.352140363
7	5	2016	243.7995	28.8075	17.6274	33.5058	392.72	397.89001	-5.17001	3.825	-1.394586825
12	5	2016	244.93069	28.8101	17.1006	33.5898	366.85999	398.14001	-31.28002	5.975	-8.801875647
12	5	2016	244.9229	28.8141	17.1092	33.5899	368.12	398.16	-30.04	7.3	-8.447034762
23	5	2018	240.34889	28.81575	NaN	NaN	NaN	NaN	NaN	NaN	-4.56
23	5	2018	240.34889	28.81575	18.61	33.935	392.92001	411.24	-18.31999	2.925	-4.558559137
7	5	2016	243.7963	28.8165	17.7067	33.5049	394.01001	397.82001	-3.81	3.6	-1.021185598
12	5	2016	244.91521	28.8181	17.1063	33.59	368.60001	398.16	-29.55999	10.325	-8.314015254
12	5	2016	244.9075	28.8221	17.0607	33.5914	367.98999	398.14999	-30.16	10.925	-8.51423305
3	2	2016	-116.3956833	28.82416	NaN	NaN	NaN	NaN	NaN	NaN	-7.36
3	2	2016	-116.3956833	28.82415833	17.22	33.5235	377.6756501	404.07	-26.3943499	4.425	-7.357733466
7	5	2016	243.793	28.8253	17.8017	33.5011	394.42001	397.76999	-3.34998	2.35	-0.8910623
12	5	2016	244.8997	28.8261	16.9924	33.5899	366.59	398.26999	-31.67999	10.225	-8.993251709
12	5	2016	244.89169	28.8301	16.8653	33.5834	364.34	398.26999	-33.92999	8.275	-9.732595279
12	5	2016	244.8839	28.8341	16.8486	33.5732	363.98001	398.28	-34.29999	11.5	-9.852625115
7	5	2016	243.7896	28.8343	17.8241	33.4994	394.10999	397.76001	-3.65002	2.65	-0.969130059
12	5	2016	244.875	28.8387	16.8496	33.5609	363.89999	398.26999	-34.37	7.35	-9.872509165
12	5	2016	244.8674	28.8428	16.907	33.5516	365.70999	398.29999	-32.59	8.975	-9.317896711
7	5	2016	243.7863	28.8433	17.8502	33.4968	393.81	397.76001	-3.95001	1.075	-1.046595588
12	5	2016	244.8597	28.8468	16.9962	33.5445	367.91	398.28	-30.37	4.3	-8.620572583
23	5	2018	240.30807	28.84891	NaN	NaN	NaN	NaN	NaN	NaN	-4.47
23	5	2018	240.30807	28.84891	18.35	33.921	393.64001	411.24	-17.59999	2.6	-4.47133056
14	1	2003	240.711	28.84900	NaN	NaN	NaN	NaN	NaN	NaN	1.88
14	1	2003	240.711	28.849	19.25	33.462	382.81	374.88	7.93	0.2	1.879928283
12	5	2016	244.85201	28.8508	17.1278	33.5384	371.42001	398.20999	-26.78998	1.575	-7.52361716
7	5	2016	243.7829	28.8524	17.8239	33.4972	393.70999	397.72	-4.01001	1.35	-1.064740537
12	5	2016	244.8443	28.8549	17.1979	33.5349	373.47	398.14999	-24.67999	5.925	-6.891814457
12	5	2016	244.83659	28.859	17.2301	33.5325	374.35001	398.26001	-23.91	4.125	-6.659445804
7	5	2016	243.77921	28.8628	17.8043	33.4989	393.95001	397.70999	-3.75998	0.4	-0.999919586
12	5	2016	244.8288	28.8631	17.2506	33.5302	375.25	398.25	-23	0.8	-6.395415557
12	5	2016	244.82111	28.8672	17.3181	33.5266	377.35999	398.25	-20.89001	2.6	-5.777104046
12	5	2016	244.81329	28.8713	17.3623	33.5241	379.45001	398.26001	-18.81	3.2	-5.18334877
7	5	2016	243.77589	28.8719	17.8673	33.499	393.81	397.64999	-3.83999	1.675	-1.016036466
12	5	2016	244.8055	28.8753	17.3631	33.5228	380.85001	398.19	-17.33999	2.8	-4.777987698
14	1	2003	240.73401	28.87600	NaN	NaN	NaN	NaN	NaN	NaN	1.91
14	1	2003	240.73401	28.876	19.28	33.469	382.95001	374.88	8.07001	1.22	1.908540427
12	5	2016	244.7977	28.8791	17.3408	33.5205	381.32001	398.20001	-16.88	4.075	-4.659698415
7	5	2016	243.77271	28.881	17.8287	33.4987	393.10999	397.67999	-4.57	2.825	-1.212952499
23	5	2018	240.26709	28.88252	NaN	NaN	NaN	NaN	NaN	NaN	-4.39
23	5	2018	240.26709	28.88252	18.34	33.911	393.95999	411.24	-17.28001	2.4	-4.393750747
12	5	2016	244.7899	28.883	17.397	33.5188	382.70999	398.17999	-15.47	4.475	-4.251114335
14	1	2003	240.744	28.88600	NaN	NaN	NaN	NaN	NaN	NaN	1.87
14	1	2003	240.744	28.886	19.3	33.471	382.79999	374.88	7.91999	0.47	1.870095213
12	5	2016	244.782	28.8869	17.4375	33.5173	383.89001	398.17999	-14.28998	4.175	-3.9140282
7	5	2016	243.76939	28.8902	17.8007	33.5004	393.17999	397.67001	-4.49002	7.325	-1.194401973
12	5	2016	244.7742	28.8907	17.4716	33.5169	385.38	398.14999	-12.76999	5.2	-3.488076918
12	5	2016	244.7663	28.8946	17.5205	33.5162	387.38	398.10001	-10.72001	5.825	-2.916592397
14	1	2003	240.75299	28.89700	NaN	NaN	NaN	NaN	NaN	NaN	1.89
14	1	2003	240.75299	28.897	19.33	33.481	382.92001	374.88	8.04001	2.03	1.893867006
12	5	2016	244.75841	28.8984	17.6003	33.5153	389.26001	398.13	-8.86999	6.525	-2.397768537
7	5	2016	243.7662	28.8995	17.8089	33.5011	393.60999	397.60001	-3.99002	2.5	-1.060692189
12	5	2016	244.7506	28.9023	17.6972	33.516	391.23001	398.10001	-6.87	6.95	-1.842663371
12	5	2016	244.7426	28.9061	17.729	33.5169	391.91	398.10999	-6.19999	7.275	-1.658692347
14	1	2003	240.763	28.90800	NaN	NaN	NaN	NaN	NaN	NaN	1.97
14	1	2003	240.763	28.908	19.36	33.494	383.26001	374.88	8.38001	3.05	1.969180638
7	5	2016	243.76289	28.9086	17.7962	33.5019	393.38	397.64999	-4.26999	4	-1.136274463
12	5	2016	244.7346	28.91	17.7918	33.5174	393.14001	398.13	-4.98999	6.6	-1.328244151
12	5	2016	244.7265	28.9139	17.8155	33.5184	393.56	398.19	-4.63	3.55	-1.230067979
23	5	2018	240.22604	28.91623	NaN	NaN	NaN	NaN	NaN	NaN	-4.4
23	5	2018	240.22604	28.91623	18.26	33.901	394.04001	411.24	-17.19999	0.55	-4.401639919
7	5	2016	243.7597	28.9177	17.8105	33.5037	393.87	397.60001	-3.73001	3.475	-0.991432257
12	5	2016	244.71851	28.9178	17.87	33.5192	394.78	398.14999	-3.36999	6.025	-0.891398731
14	1	2003	240.772	28.91800	NaN	NaN	NaN	NaN	NaN	NaN	1.87
14	1	2003	240.772	28.918	19.38	33.507	382.85001	374.88	7.97001	4.02	1.869778095
12	5	2016	244.7104	28.9219	17.8946	33.5191	394.95001	398.10999	-3.15998	6.7	-0.834198564
12	5	2016	244.7025	28.926	17.8997	33.5183	395.13	398.17001	-3.04001	6.85	-0.802202145
7	5	2016	243.75639	28.9266	17.8065	33.5038	393.72	397.62	-3.9	3.2	-1.036948523
14	1	2003	240.782	28.92800	NaN	NaN	NaN	NaN	NaN	NaN	1.97
14	1	2003	240.782	28.928	19.38	33.501	383.26999	374.88	8.38999	0.37	1.968361426
12	5	2016	244.6945	28.9301	17.9281	33.5173	395.23999	398.14001	-2.90002	6.4	-0.763521382
12	5	2016	244.6853	28.9347	17.9017	33.5169	395	398.17001	-3.17001	8.475	-0.836377885
7	5	2016	243.7531	28.9356	17.8398	33.5031	393.88	397.57999	-3.69999	1.475	-0.981141032
12	5	2016	244.6774	28.9388	17.8983	33.5175	394.73999	398.23999	-3.5	6	-0.923692341
14	1	2003	240.791	28.93900	NaN	NaN	NaN	NaN	NaN	NaN	1.87
14	1	2003	240.791	28.939	19.35	33.487	382.85001	374.88	7.97001	0.47	1.87437242
18	3	1993	243.039	28.941	16.257	32.9	341.38	358.47	-17.09	3.46001	-5.169738863
12	5	2016	244.66949	28.943	17.8562	33.5169	393.88	398.26001	-4.38001	4.45	-1.15985839
7	5	2016	243.7498	28.9445	17.8508	33.5031	394.35999	397.53	-3.17001	3.9	-0.83986102
12	5	2016	244.6615	28.9472	17.8622	33.5163	394.01001	398.23001	-4.22	8.2	-1.116950918
14	1	2003	240.8	28.94900	NaN	NaN	NaN	NaN	NaN	NaN	1.95
14	1	2003	240.8	28.949	19.32	33.468	383.17001	374.88	8.29001	2.03999	1.954412782
23	5	2018	240.185	28.94949	NaN	NaN	NaN	NaN	NaN	NaN	-3.23
23	5	2018	240.185	28.94949	17.68	33.774	399.20001	411.24	-12.03999	1	-3.229875947
12	5	2016	244.6535	28.9514	17.8714	33.5159	393.92999	398.29999	-4.37	7.1	-1.155800184
7	5	2016	243.74651	28.9535	17.8621	33.5028	394.28	397.51001	-3.23001	4.725	-0.854981606
12	5	2016	244.6456	28.9556	17.8794	33.5162	394.04999	398.34	-4.29001	4.25	-1.133913154
14	1	2003	240.80899	28.95900	NaN	NaN	NaN	NaN	NaN	NaN	2.16
14	1	2003	240.80899	28.959	19.28	33.454	384.01999	374.88	9.13999	1.45	2.161740394
12	5	2016	244.6377	28.9598	17.8846	33.5163	393.85001	398.35001	-4.5	1.775	-1.188919155
7	5	2016	243.74319	28.9623	17.8477	33.5025	394.19	397.51001	-3.32001	4.8	-0.879823703
3	2	2016	-116.4367667	28.96340	NaN	NaN	NaN	NaN	NaN	NaN	-7.51
3	2	2016	-116.4367667	28.9634	17.29	33.525	376.9679238	404.07	-27.1020762	1.975	-7.512190279
12	5	2016	244.62959	28.9641	17.903	33.5151	394.17001	398.32999	-4.15998	3.825	-1.097467072
12	5	2016	244.6216	28.9683	17.89	33.515	393.79999	398.35999	-4.56	5.525	-1.204256196
14	1	2003	240.819	28.97000	NaN	NaN	NaN	NaN	NaN	NaN	2.2
14	1	2003	240.819	28.97	19.24	33.443	384.14001	374.88	9.26001	1.10001	2.197154054
7	5	2016	243.74001	28.9712	17.8183	33.5024	394.06	397.51001	-3.45001	6.275	-0.916439068
12	5	2016	244.6136	28.9725	17.8834	33.515	393.48999	398.44	-4.95001	2.375	-1.307947879
3	2	2016	-116.44	28.97423	NaN	NaN	NaN	NaN	NaN	NaN	-7.76
3	2	2016	-116.44	28.97423333	17.27	33.53	376.100823	404.07	-27.969177	3.75	-7.764932168
12	5	2016	244.60561	28.9767	17.8728	33.5148	393.20001	398.39999	-5.19998	5.525	-1.375170012
14	1	2003	240.828	28.98000	NaN	NaN	NaN	NaN	NaN	NaN	2.12
7	5	2016	243.73669	28.98	17.8009	33.5033	394.67999	397.48999	-2.81	4.425	-0.747473154
14	1	2003	240.828	28.98	19.2	33.44	383.79999	374.88	8.91999	0.39999	2.123191317
12	5	2016	244.5976	28.981	17.8822	33.5145	393.41	398.34	-4.93	6.225	-1.302789313
23	5	2018	240.14326	28.98225	NaN	NaN	NaN	NaN	NaN	NaN	-3.19
23	5	2018	240.14326	28.98225	17.45	33.748	399.57001	411.24	-11.66999	1.1	-3.18968369
12	5	2016	244.5896	28.9852	17.9008	33.5147	393.82001	398.34	-4.51999	5.975	-1.192656302
3	2	2016	-116.4434167	28.98537	NaN	NaN	NaN	NaN	NaN	NaN	-7.75
3	2	2016	-116.4434167	28.98536667	17.29	33.536	376.0961736	404.07	-27.9738264	5.3	-7.753417418
7	5	2016	243.7334	28.9888	17.86	33.5019	395.73999	397.45999	-1.72	4.275	-0.455361714
12	5	2016	244.5817	28.9894	17.9094	33.5151	393.91	398.39001	-4.48001	6.975	-1.181288479
14	1	2003	240.83701	28.99100	NaN	NaN	NaN	NaN	NaN	NaN	2.09
14	1	2003	240.83701	28.991	19.17	33.453	383.62	374.88	8.74	1.09999	2.085150518
12	5	2016	244.57359	28.9936	17.8922	33.5159	393.66	398.35001	-4.69001	7.525	-1.238366507
3	2	2016	-116.4467	28.99613	NaN	NaN	NaN	NaN	NaN	NaN	-7.54
3	2	2016	-116.4467	28.99613333	17.31	33.532	376.8264013	404.07	-27.2435987	6.4	-7.53893418
7	5	2016	243.7301	28.9975	17.8483	33.5006	395.73999	397.42001	-1.68002	1.825	-0.445198485
12	5	2016	244.5658	28.9978	17.8957	33.5153	393.84	398.34	-4.5	5.675	-1.18786491
14	1	2003	240.847	29.00100	NaN	NaN	NaN	NaN	NaN	NaN	1.91
14	1	2003	240.847	29.001	19.14	33.469	382.87	374.88	7.99	0.05	1.910593396
7	5	2016	243.72681	29.0063	17.8801	33.4991	395.94	397.41	-1.47	0.75	-0.388552377
3	2	2016	-116.4498167	29.00745	NaN	NaN	NaN	NaN	NaN	NaN	-7.66
3	2	2016	-116.4498167	29.00745	17.3	33.537	376.3955868	404.07	-27.6744132	5.225	-7.664177958
14	1	2003	240.856	29.01200	NaN	NaN	NaN	NaN	NaN	NaN	1.64
14	1	2003	240.856	29.012	19.14	33.488	381.73999	374.88	6.85999	0.79001	1.640235723
7	5	2016	243.7236	29.0149	17.8931	33.497	396.09	397.32999	-1.23999	2.175	-0.327416894
23	5	2018	240.1015	29.01512	NaN	NaN	NaN	NaN	NaN	NaN	-3.24
23	5	2018	240.1015	29.01512	17.47	33.754	399.35999	411.24	-11.88001	0.425	-3.241747978
3	2	2016	-116.4528667	29.01832	NaN	NaN	NaN	NaN	NaN	NaN	-7.82
3	2	2016	-116.4528667	29.01831667	17.32	33.544	375.7865247	404.07	-28.2834753	3.2	-7.819905448
14	1	2003	240.86499	29.02200	NaN	NaN	NaN	NaN	NaN	NaN	1.35
14	1	2003	240.86499	29.022	19.15	33.501	380.53	374.88	5.65	1.95	1.349776934
7	5	2016	243.7206	29.0236	17.8784	33.4955	396.37	397.35999	-0.98999	3.3	-0.261715702
3	2	2016	-116.4560333	29.02962	NaN	NaN	NaN	NaN	NaN	NaN	-7.8
3	2	2016	-116.4560333	29.02961667	17.33	33.54	375.8501482	404.07	-28.2198518	1.6	-7.796143374
7	5	2016	243.71761	29.0324	17.8425	33.495	396.56	397.35999	-0.79999	3.275	-0.212098614
14	1	2003	240.875	29.03300	NaN	NaN	NaN	NaN	NaN	NaN	1.25
14	1	2003	240.875	29.033	19.18	33.513	380.10999	374.88	5.22999	2	1.246413156
3	2	2016	-116.4590333	29.04057	NaN	NaN	NaN	NaN	NaN	NaN	-7.89
3	2	2016	-116.4590333	29.04056667	17.32	33.54	375.5315441	404.07	-28.5384559	5.475	-7.89055342
7	5	2016	243.7146	29.041	17.8732	33.493	397.76999	397.34	0.42999	1.775	0.113721862
12	5	2016	244.4558	29.0444	17.8549	33.5226	393.89999	398.48999	-4.59	6.05	-1.215559467
12	5	2016	244.4469	29.0475	17.8448	33.5224	394.20001	398.45001	-4.25	5.775	-1.126433372
23	5	2018	240.06012	29.04808	NaN	NaN	NaN	NaN	NaN	NaN	-3.41
23	5	2018	240.06012	29.04808	17.4	33.73	398.82999	411.24	-12.41001	4.475	-3.405988133
7	5	2016	243.71159	29.0497	17.8834	33.491	398.23999	397.32999	0.91	1	0.240477874
12	5	2016	244.4379	29.0505	17.8374	33.5229	393.95001	398.44	-4.48999	7.15	-1.190746541
3	2	2016	-116.4620667	29.05147	NaN	NaN	NaN	NaN	NaN	NaN	-8.08
3	2	2016	-116.4620667	29.05146667	17.3	33.545	374.9027118	404.07	-29.1672882	9.1	-8.077308756
12	5	2016	244.429	29.0536	17.8323	33.5228	393.98999	398.38	-4.39001	7.225	-1.164709926
12	5	2016	244.42039	29.0572	17.8126	33.5232	393.85999	398.45001	-4.59002	8.375	-1.219703103
7	5	2016	243.7085	29.0583	17.9705	33.4865	399.48999	397.26999	2.22	6.65	0.58258362
12	5	2016	244.41161	29.0609	17.8026	33.5235	393.72	398.38	-4.66	3.75	-1.239293636
3	2	2016	-116.46515	29.06268	NaN	NaN	NaN	NaN	NaN	NaN	-8.14
3	2	2016	-116.46515	29.06268333	17.33	33.554	374.6212387	404.07	-29.4487613	6.8	-8.135105752
12	5	2016	244.40289	29.0645	17.8132	33.5237	393.98999	398.38	-4.39001	0.675	-1.166495508
7	5	2016	243.7054	29.0669	17.9198	33.4868	398.12	397.31	0.81	5.125	0.213430967
12	5	2016	244.3942	29.0682	17.8037	33.5245	393.82999	398.42001	-4.59002	4.225	-1.220569151
12	5	2016	244.3856	29.0718	17.7928	33.524	393.72	398.45001	-4.73001	5.725	-1.258901541
3	2	2016	-116.4681833	29.07357	NaN	NaN	NaN	NaN	NaN	NaN	-8.07
3	2	2016	-116.4681833	29.07356667	17.34	33.563	374.8352266	404.07	-29.2347734	4.8	-8.069106839
12	5	2016	244.37691	29.0753	17.7723	33.5241	393.25	398.42999	-5.17999	5.55	-1.380940273
7	5	2016	243.7019	29.0769	17.922	33.4862	398.26999	397.32999	0.94	3.65	0.247642264
12	5	2016	244.3683	29.0789	17.7794	33.5237	393.41	398.44	-5.03	4.325	-1.340190741
23	5	2018	240.01877	29.08114	NaN	NaN	NaN	NaN	NaN	NaN	-3.76
23	5	2018	240.01877	29.08114	17.11	33.694	397.85001	411.24	-13.38999	4.225	-3.763058691
12	5	2016	244.3598	29.0825	17.7791	33.5238	393.37	398.42001	-5.05001	2.25	-1.345554044
3	2	2016	-116.4712	29.08442	NaN	NaN	NaN	NaN	NaN	NaN	-7.9
3	2	2016	-116.4712	29.08441667	17.35	33.556	375.4381428	404.07	-28.6318572	5.325	-7.896559566
7	5	2016	243.69881	29.0854	17.8985	33.4886	398.92999	397.35001	1.57998	4.225	0.417026211
12	5	2016	244.3513	29.0861	17.766	33.524	393.32999	398.45999	-5.13	2.1	-1.368307708
12	5	2016	244.3429	29.0898	17.7678	33.5241	393.41	398.5	-5.09	5.675	-1.357441306
7	5	2016	243.69611	29.094	17.9455	33.4896	398.92999	397.28	1.64999	3.45	0.433862118
12	5	2016	244.33501	29.0943	17.7541	33.5241	393.23999	398.48001	-5.24002	7.6	-1.398991869
3	2	2016	-116.4743667	29.09560	NaN	NaN	NaN	NaN	NaN	NaN	-7.9
3	2	2016	-116.4743667	29.0956	17.34	33.556	375.4649416	404.07	-28.6050584	5.6	-7.895561675
12	5	2016	244.3271	29.0989	17.7401	33.5243	393.01001	398.42001	-5.41	6.5	-1.446001208
21	6	2018	240.15332	29.10139	NaN	NaN	NaN	NaN	NaN	NaN	14.99
21	6	2018	240.15332	29.10139	18.46	33.904	470.2886134	410.79	59.4986134	0.925	14.98501025
7	5	2016	243.69299	29.1026	17.9905	33.4886	398.32999	397.23999	1.09	5.75	0.285581788
12	5	2016	244.3192	29.1034	17.7436	33.524	393.32999	398.42001	-5.09002	1.875	-1.360094544
3	2	2016	-116.4779	29.10793	NaN	NaN	NaN	NaN	NaN	NaN	-8.01
3	2	2016	-116.4779	29.10793333	17.35	33.558	375.0215749	404.07	-29.0484251	5.95	-8.011371246
12	5	2016	244.3112	29.108	17.7477	33.5245	393.20001	398.41	-5.20999	4.075	-1.391688686
7	5	2016	243.6897	29.1111	17.9689	33.4899	398.95001	397.23001	1.72	5.125	0.45142179
12	5	2016	244.3033	29.1126	17.748	33.5239	393.42001	398.42999	-5.00998	2.625	-1.338233644
12	5	2016	244.2955	29.1171	17.7526	33.523	393.41	398.38	-4.97	3.5	-1.32706852
3	2	2016	-116.4810167	29.11870	NaN	NaN	NaN	NaN	NaN	NaN	-7.98
3	2	2016	-116.4810167	29.1187	17.36	33.556	375.0967004	404.07	-28.9732996	6.075	-7.984258911
7	5	2016	243.68629	29.1198	17.962	33.4897	399.22	397.23001	1.98999	3.825	0.522571697
12	5	2016	244.2865	29.1223	17.7505	33.5221	393.62	398.38	-4.76	3.8	-1.271215539
12	5	2016	244.2793	29.1276	17.7425	33.5208	393.62	398.38	-4.76	2.5	-1.272042494
7	5	2016	243.68311	29.1285	18.0484	33.4857	399.44	397.17001	2.26999	3.875	0.591994054
3	2	2016	-116.4840833	29.12945	NaN	NaN	NaN	NaN	NaN	NaN	-8.07
3	2	2016	-116.4840833	29.12945	17.35	33.558	374.8045954	404.07	-29.2654046	4.125	-8.071212815
18	3	1993	242.964	29.132	16.127	32.9	339.89999	358.47	-18.57001	6.83	-5.678002224
12	5	2016	244.2724	29.1331	17.7234	33.5204	393.44	398.34	-4.9	1.45	-1.311473767
21	6	2018	240.10878	29.13406	NaN	NaN	NaN	NaN	NaN	NaN	14.92
21	6	2018	240.10878	29.13406	18.37	33.897	469.6240769	410.79	58.8340769	2.95	14.92483364
7	5	2016	243.6797	29.1371	17.9674	33.4849	398.85001	397.23001	1.62	1.675	0.425237589
12	5	2016	244.2655	29.1387	17.7442	33.519	393.72	398.26001	-4.54001	1.35	-1.213097571
3	2	2016	-116.4873	29.14053	NaN	NaN	NaN	NaN	NaN	NaN	-8.1
3	2	2016	-116.4873	29.14053333	17.34	33.557	374.7148732	404.07	-29.3551268	3.45	-8.102556849
12	5	2016	244.25861	29.1442	17.7638	33.5173	393.35999	398.39001	-5.03002	6.85	-1.341920616
7	5	2016	243.67641	29.1457	17.9581	33.4835	398.81	397.20999	1.60001	1.25	0.420306768
12	5	2016	244.2516	29.1494	17.1329	33.5244	376.89001	398.63	-21.73999	1.6	-6.103270168
3	2	2016	-116.4904333	29.15127	NaN	NaN	NaN	NaN	NaN	NaN	-8.11
3	2	2016	-116.4904333	29.15126667	17.34	33.557	374.702482	404.07	-29.367518	5.625	-8.105977049
7	5	2016	243.6732	29.1542	17.9416	33.4831	398.54001	397.25	1.29001	5.625	0.339322646
12	5	2016	244.2446	29.1545	17.1085	33.5208	369.04001	398.60001	-29.56	1.625	-8.315271953
12	5	2016	244.2374	29.1595	17.125	33.5158	362.06	398.57999	-36.51999	2.1	-10.25960243
3	2	2016	-116.4938333	29.16223	NaN	NaN	NaN	NaN	NaN	NaN	-8.03
3	2	2016	-116.4938333	29.16223333	17.34	33.556	374.9870702	404.07	-29.0829298	6.1	-8.027463629
7	5	2016	243.6701	29.1628	17.8911	33.4849	397.69	397.25	0.44	6.675	0.116206455
12	5	2016	244.23019	29.1644	17.1325	33.5126	359.42001	398.60999	-39.18998	2.575	-11.00314467
21	6	2018	240.06439	29.16686	NaN	NaN	NaN	NaN	NaN	NaN	15.16
21	6	2018	240.06439	29.16686	18.38	33.88	470.5961969	410.79	59.8061969	2.875	15.16055697
12	5	2016	244.22301	29.1691	17.0664	33.5103	358.89001	398.59	-39.69999	2.75	-11.20652724
7	5	2016	243.6671	29.1713	17.9411	33.4844	397.54001	397.22	0.32001	6	0.084177898
3	2	2016	-116.4969833	29.17302	NaN	NaN	NaN	NaN	NaN	NaN	-8.09
3	2	2016	-116.4969833	29.17301667	17.33	33.555	374.7685313	404.07	-29.3014687	7.6	-8.094378247
12	5	2016	244.21519	29.1734	17.0544	33.5103	359.79999	398.63	-38.83001	3.4	-10.97165523
12	5	2016	244.2074	29.1776	17.0279	33.5108	359.64001	398.60999	-38.96998	4.5	-11.0349507
7	5	2016	243.664	29.1798	17.8876	33.4867	397.45001	397.23999	0.21002	6.4	0.055482582
12	5	2016	244.19949	29.1817	17.002	33.5149	358.64001	398.59	-39.94999	5.675	-11.33611288
3	2	2016	-116.5000333	29.18373	NaN	NaN	NaN	NaN	NaN	NaN	-8.03
3	2	2016	-116.5000333	29.18373333	17.33	33.556	375.0074778	404.07	-29.0625222	7.325	-8.028332336
12	5	2016	244.1916	29.1859	16.7656	33.5225	354.39001	398.73001	-44.34	4.55	-12.82634201
7	5	2016	243.661	29.1884	17.9825	33.481	397.84	397.20999	0.63001	5.25	0.165175579
12	5	2016	244.18381	29.1901	16.7397	33.5273	353.06	398.69	-45.63	7.8	-13.22717516
12	5	2016	244.1758	29.1939	16.8878	33.527	354.73999	398.57999	-43.84	5.925	-12.55553245
3	2	2016	-116.5034	29.19463	NaN	NaN	NaN	NaN	NaN	NaN	-7.93
3	2	2016	-116.5034	29.19463333	17.33	33.55	375.3682365	404.07	-28.7017635	5.825	-7.928901357
7	5	2016	243.658	29.197	17.9424	33.4779	396.92001	397.17001	-0.25	4.6	-0.065757088
12	5	2016	244.16769	29.1977	16.6988	33.5288	348.88	398.67001	-49.79001	4.475	-14.48133034
21	6	2018	240.01987	29.20004	NaN	NaN	NaN	NaN	NaN	NaN	15.35
21	6	2018	240.01987	29.20004	18.37	33.858	471.3011945	410.79	60.5111945	1.55	15.35310472
12	5	2016	244.15939	29.2014	16.1126	33.5397	332.41	398.92999	-66.51999	8.475	-20.30107685
12	5	2016	244.15109	29.2049	15.9498	33.5417	328.81	399.01001	-70.20001	4.05	-21.71426051
3	2	2016	-116.5065667	29.20530	NaN	NaN	NaN	NaN	NaN	NaN	-8.04
3	2	2016	-116.5065667	29.2053	17.31	33.55	375.0224092	404.07	-29.0475908	7.775	-8.037452325
7	5	2016	243.655	29.2055	17.8494	33.4789	396.16	397.23001	-1.07001	4.85	-0.283552385
12	5	2016	244.14259	29.2086	15.7515	33.5411	333.54001	399	-65.45999	5.675	-20.58378364
12	5	2016	244.1342	29.2121	15.6445	33.5347	336.76001	399.09	-62.32999	3.3	-19.77524255
7	5	2016	243.6519	29.2141	17.8528	33.4779	395.92001	397.23001	-1.31	4.525	-0.347056442
12	5	2016	244.1259	29.2155	15.6557	33.5127	339.95001	399.04001	-59.09	2.8	-18.73182842
3	2	2016	-116.5098	29.21632	NaN	NaN	NaN	NaN	NaN	NaN	-8.12
3	2	2016	-116.5098	29.21631667	17.32	33.559	374.6836138	404.07	-29.3863862	5.8	-8.124262112
12	5	2016	244.118	29.2194	15.7175	33.4933	342.75	399	-56.25	4.325	-17.74182021
7	5	2016	243.6488	29.2227	17.8268	33.4763	395.81	397.26999	-1.45999	3.425	-0.387605502
12	5	2016	244.1106	29.2238	16.0542	33.474	348.88	398.79999	-49.91999	3.525	-15.3134624
3	2	2016	-116.5129667	29.22708	NaN	NaN	NaN	NaN	NaN	NaN	-8.05
3	2	2016	-116.5129667	29.22708333	17.34	33.56	374.8982555	404.07	-29.1717445	0.975	-8.051825072
12	5	2016	244.1021	29.2289	16.3997	33.4635	356.47	398.64999	-42.17999	2.65	-12.57651613
7	5	2016	243.64571	29.2313	17.8577	33.469	395.51001	397.23001	-1.72	4.7	-0.455516905
21	6	2018	239.97569	29.23360	NaN	NaN	NaN	NaN	NaN	NaN	15.25
21	6	2018	239.97569	29.2336	18.32	33.866	470.6539697	410.79	59.8639697	1.6	15.24903972
12	5	2016	244.0947	29.2336	16.558	33.4649	360.45001	398.57001	-38.12	2.325	-11.21915091
3	2	2016	-116.5161333	29.23775	NaN	NaN	NaN	NaN	NaN	NaN	-7.96
3	2	2016	-116.5161333	29.23775	17.36	33.557	375.2004792	404.07	-28.8695208	3.9	-7.955622447
12	5	2016	244.0873	29.2381	16.7993	33.4704	366.54001	398.51001	-31.97	2.35	-9.22490656
7	5	2016	243.6425	29.2399	17.8107	33.4653	394.92999	397.22	-2.29001	6.025	-0.608782942
12	5	2016	244.08	29.2428	17.0089	33.4812	372.01001	398.29999	-26.28998	2.95	-7.456989172
12	5	2016	244.0723	29.2472	17.1672	33.4907	376.70999	398.20001	-21.49002	3.675	-6.017270181
7	5	2016	243.6393	29.2484	17.7669	33.4697	394.53	397.23001	-2.70001	5.875	-0.720297844
3	2	2016	-116.51945	29.24877	NaN	NaN	NaN	NaN	NaN	NaN	-7.91
3	2	2016	-116.51945	29.24876667	17.35	33.551	375.3934377	404.07	-28.6765623	2.275	-7.909077117
12	5	2016	244.06419	29.2507	17.2482	33.4988	379.28	398.26001	-18.98001	3.925	-5.27942739
12	5	2016	244.0563	29.2548	17.3167	33.5053	381.62	398.14999	-16.52999	3.925	-4.572328293
12	5	2016	244.04829	29.2589	17.3219	33.5087	382.34	398.20001	-15.86001	3.75	-4.385087252
3	2	2016	-116.5229	29.26057	NaN	NaN	NaN	NaN	NaN	NaN	-8.04
3	2	2016	-116.5229	29.26056667	17.33	33.551	374.9534692	404.07	-29.1165308	5.25	-8.043443134
12	5	2016	244.04041	29.263	17.3909	33.5112	384.12	398.10001	-13.98001	3	-3.84370532
12	5	2016	244.0325	29.267	17.4043	33.513	385.04999	398.12	-13.07001	3.775	-3.589581075
21	6	2018	239.93155	29.26712	NaN	NaN	NaN	NaN	NaN	NaN	15.32
21	6	2018	239.93155	29.26712	18.27	33.854	470.688556	410.79	59.898556	0.7	15.31976473
12	5	2016	244.0246	29.2709	17.4403	33.5148	386.10001	398.04999	-11.94998	3.7	-3.272399388
3	2	2016	-116.52615	29.27150	NaN	NaN	NaN	NaN	NaN	NaN	-8.03
3	2	2016	-116.52615	29.2715	17.32	33.554	375.0386763	404.07	-29.0313237	6.125	-8.026291184
12	5	2016	244.01649	29.2747	17.4587	33.5163	386.78	398.06	-11.28	4.6	-3.084315773
12	5	2016	244.00861	29.2786	17.4832	33.5175	387.29999	397.98999	-10.69	3.9	-2.917189817
3	2	2016	-116.5293	29.28208	NaN	NaN	NaN	NaN	NaN	NaN	-7.81
3	2	2016	-116.5293	29.28208333	17.32	33.543	375.818039	404.07	-28.251961	3.7	-7.811229427
12	5	2016	244.0007	29.2825	17.4943	33.5181	387.47	398.01001	-10.54001	3.775	-2.873671468
12	5	2016	243.9928	29.2863	17.4885	33.5191	387.17999	398	-10.82001	4.3	-2.951381062
12	5	2016	243.98489	29.2901	17.4834	33.52	386.94	397.97	-11.03	3.9	-3.00988787
3	2	2016	-116.5324667	29.29302	NaN	NaN	NaN	NaN	NaN	NaN	-7.81
3	2	2016	-116.5324667	29.29301667	17.28	33.525	375.9303329	404.07	-28.1396671	2.125	-7.806117661
12	5	2016	243.97729	29.2944	17.4886	33.5204	387.03	397.97	-10.94	5.65	-2.984068262
12	5	2016	243.9697	29.2985	17.4909	33.5209	387.13	397.91	-10.78	4.675	-2.93987201
21	6	2018	239.88805	29.29988	NaN	NaN	NaN	NaN	NaN	NaN	15.87
21	6	2018	239.88805	29.29988	18.14	33.854	472.1980288	410.79	61.4080288	1.5	15.86995162
12	5	2016	243.9619	29.3025	17.5161	33.5222	387.41	397.95001	-10.54001	4.85	-2.868557661
3	2	2016	-116.5356833	29.30352	NaN	NaN	NaN	NaN	NaN	NaN	-8.02
3	2	2016	-116.5356833	29.30351667	17.24	33.532	375.2480708	404.07	-28.8219292	5.525	-8.021096311
12	5	2016	243.9541	29.3065	17.5152	33.523	387.17999	397.95001	-10.77002	4.625	-2.931358947
12	5	2016	243.94611	29.3104	17.5234	33.5239	387.53	397.89999	-10.36999	4.6	-2.820598392
3	2	2016	-116.53885	29.31407	NaN	NaN	NaN	NaN	NaN	NaN	-8.09
3	2	2016	-116.53885	29.31406667	17.23	33.533	375.0305112	404.07	-29.0394888	7.925	-8.088164404
12	5	2016	243.93829	29.3143	17.5305	33.5244	387.54001	397.85999	-10.31998	5.275	-2.805379681
18	3	1993	242.88901	29.322	15.903	32.9	331.67999	358.47	-26.79001	5.63	-8.344549861
3	2	2016	-116.5420667	29.32498	NaN	NaN	NaN	NaN	NaN	NaN	-8.09
3	2	2016	-116.5420667	29.32498333	17.23	33.533	375.0373264	404.07	-29.0326736	7.875	-8.086266214
21	6	2018	239.84386	29.33304	NaN	NaN	NaN	NaN	NaN	NaN	17.16
21	6	2018	239.84386	29.33304	17.33	33.781	472.9712427	410.79	62.1812427	1.725	17.15879122
3	2	2016	-116.5451	29.33557	NaN	NaN	NaN	NaN	NaN	NaN	-8.06
3	2	2016	-116.5451	29.33556667	17.23	33.528	375.1233949	404.07	-28.9466051	2.825	-8.062486028
3	2	2016	-116.5482167	29.34645	NaN	NaN	NaN	NaN	NaN	NaN	-8.24
3	2	2016	-116.5482167	29.34645	17.2	33.533	374.5648384	404.07	-29.5051616	5.525	-8.237899352
3	2	2016	-116.5513167	29.35688	NaN	NaN	NaN	NaN	NaN	NaN	-8.23
3	2	2016	-116.5513167	29.35688333	17.2	33.532	374.5928368	404.07	-29.4771632	7.475	-8.230121324
7	5	2016	243.5983	29.3613	17.9715	33.4836	396.79001	397.09	-0.29999	5.35	-0.078719655
21	6	2018	239.79938	29.36595	NaN	NaN	NaN	NaN	NaN	NaN	16.93
21	6	2018	239.79938	29.36595	17.34	33.712	472.1844769	410.79	61.3944769	1.325	16.9335219
12	5	2016	243.83459	29.367	17.6893	33.474	394.87	397.60999	-2.73999	2.925	-0.735531436
3	2	2016	-116.5545167	29.36728	NaN	NaN	NaN	NaN	NaN	NaN	-8.22
3	2	2016	-116.5545167	29.36728333	17.2	33.535	374.6250268	404.07	-29.4449732	4.375	-8.221016357
7	5	2016	243.595	29.3698	17.9625	33.4872	396.42999	397.07001	-0.64002	5.35	-0.1680646
12	5	2016	243.8266	29.3711	17.6918	33.4713	395.44	397.62	-2.18	3.975	-0.585095584
12	5	2016	243.8188	29.3751	17.6957	33.469	395.84	397.59	-1.75	4.35	-0.469544356
3	2	2016	-116.5576	29.37807	NaN	NaN	NaN	NaN	NaN	NaN	-8.09
3	2	2016	-116.5576	29.37806667	17.22	33.529	375.0334557	404.07	-29.0365443	6.2	-8.094064128
7	5	2016	243.59171	29.3784	17.9301	33.4942	396.23001	397.07001	-0.84	2.775	-0.221145064
12	5	2016	243.81081	29.3792	17.6774	33.4662	396.07999	397.54999	-1.47	4.375	-0.395004637
12	5	2016	243.8028	29.3833	17.6648	33.464	396.23999	397.62	-1.38001	3.825	-0.371204076
7	5	2016	243.5885	29.3869	17.9965	33.5028	396.73999	397.04001	-0.30002	7.9	-0.078562624
12	5	2016	243.7948	29.3874	17.6649	33.4611	396.53	397.59	-1.06	2.575	-0.285127327
3	2	2016	-116.56055	29.38847	NaN	NaN	NaN	NaN	NaN	NaN	-8.08
3	2	2016	-116.56055	29.38846667	17.21	33.525	375.1170202	404.07	-28.9529798	5.575	-8.077477241
12	5	2016	243.7868	29.3914	17.665	33.4589	396.76999	397.66	-0.89001	2.175	-0.239402618
7	5	2016	243.58521	29.3954	18.2174	33.5129	397.23999	396.91	0.32999	6.725	0.084891091
12	5	2016	243.7789	29.3954	17.6557	33.4563	397.19	397.64999	-0.45999	1.15	-0.123826442
3	2	2016	-116.5637	29.39915	NaN	NaN	NaN	NaN	NaN	NaN	-8.11
3	2	2016	-116.5637	29.39915	17.2	33.531	375.0164635	404.07	-29.0535365	5.625	-8.111881967
12	5	2016	243.771	29.3994	17.6587	33.4538	397.26001	397.64001	-0.38	1.175	-0.102270105
12	5	2016	243.76311	29.4034	17.6609	33.4497	397.45999	397.67999	-0.22	3	-0.059199658
7	5	2016	243.5822	29.4039	18.1405	33.5191	396.19	396.89001	-0.70001	7.025	-0.181186105
12	5	2016	243.7551	29.4073	17.6769	33.4475	397.98001	397.60999	0.37002	4.775	0.099441138
3	2	2016	-116.56715	29.41048	NaN	NaN	NaN	NaN	NaN	NaN	-7.98
3	2	2016	-116.56715	29.41048333	17.22	33.531	375.4327221	404.07	-28.6372779	3.6	-7.982690873
12	5	2016	243.74719	29.4112	17.6882	33.445	398.17999	397.64999	0.53	4.225	0.142307036
7	5	2016	243.5789	29.4123	18.1149	33.5177	395.56	396.88	-1.32	6.925	-0.342363641
12	5	2016	243.7393	29.4151	17.6843	33.4402	398.76999	397.67001	1.09998	3.7	0.295448429
12	5	2016	243.7303	29.4198	17.6774	33.435	399.23999	397.64001	1.59998	3.225	0.429995284
7	5	2016	243.5759	29.4208	18.0496	33.5175	396.25	396.92999	-0.67999	5.425	-0.177291869
3	2	2016	-116.5706	29.42175	NaN	NaN	NaN	NaN	NaN	NaN	-7.94
3	2	2016	-116.5706	29.42175	17.24	33.538	375.5497089	404.07	-28.5202911	8.375	-7.93692427
12	5	2016	243.7224	29.4238	17.6686	33.43	399.64999	397.62	2.02999	4.1	0.545960738
12	5	2016	243.71449	29.4278	17.6735	33.4264	400.10999	397.64001	2.46998	3.25	0.664043945
7	5	2016	243.573	29.4292	18.0924	33.5178	397.79999	396.91	0.88999	4.575	0.23124976
12	5	2016	243.7066	29.4319	17.6833	33.4255	400.32001	397.59	2.73001	3.975	0.73337554
21	6	2018	239.7106	29.43196	NaN	NaN	NaN	NaN	NaN	NaN	16.42
21	6	2018	239.7106	29.43196	17.74	33.848	472.3264571	410.79	61.5364571	1.975	16.42255737
3	2	2016	-116.5737333	29.43213	NaN	NaN	NaN	NaN	NaN	NaN	-7.66
3	2	2016	-116.5737333	29.43213333	17.28	33.537	376.4398799	404.07	-27.6301201	7.475	-7.664328572
12	5	2016	243.6987	29.4359	17.6971	33.4264	400.41	397.67001	2.73999	1.8	0.735235238
7	5	2016	243.5699	29.4376	18.1494	33.5116	398.35999	396.84	1.51999	5.325	0.393158232
12	5	2016	243.6907	29.44	17.7036	33.4264	400.66	397.67001	2.98999	1.9	0.801898885
3	2	2016	-116.5769167	29.44269	NaN	NaN	NaN	NaN	NaN	NaN	-7.46
3	2	2016	-116.5769167	29.44269167	17.295	33.5365	377.1366468	404.07	-26.9333532	7.075	-7.461989686
12	5	2016	243.68269	29.444	17.7143	33.4261	401.01001	397.64001	3.37	3.875	0.903037951
7	5	2016	243.56689	29.4461	18.1818	33.5053	399.09	396.85999	2.23001	4.475	0.575334428
12	5	2016	243.67461	29.448	17.7234	33.4252	401.23999	397.64999	3.59	3.575	0.961289158
23	5	2018	239.56841	29.44918	NaN	NaN	NaN	NaN	NaN	NaN	-4.97
23	5	2018	239.56841	29.44918	16.76	33.695	394.04001	411.24	-17.19999	0.175	-4.973662442
12	5	2016	243.6666	29.452	17.7314	33.4235	401.67001	397.64999	4.02002	2.3	1.075750284
3	2	2016	-116.5801	29.45325	NaN	NaN	NaN	NaN	NaN	NaN	-7.41
3	2	2016	-116.5801	29.45325	17.31	33.536	377.2885187	404.07	-26.7814813	5.8	-7.410914592
7	5	2016	243.56371	29.4545	18.1317	33.493	399.26999	396.89001	2.37998	4	0.616528994
12	5	2016	243.6586	29.4559	17.7469	33.4225	402.04999	397.64001	4.40998	2.1	1.178636367
12	5	2016	243.6505	29.4599	17.762	33.4226	402.31	397.60999	4.70001	1.575	1.254624619
7	5	2016	243.5603	29.463	18.0819	33.4845	399.13	396.89001	2.23999	4.825	0.582607367
3	2	2016	-116.58325	29.46360	NaN	NaN	NaN	NaN	NaN	NaN	-7.3
3	2	2016	-116.58325	29.4636	17.32	33.533	377.6819997	404.07	-26.3880003	5.575	-7.29622021
12	5	2016	243.6425	29.4639	17.7715	33.4234	402.20001	397.63	4.57001	3.175	1.218985135
21	6	2018	239.66608	29.46489	NaN	NaN	NaN	NaN	NaN	NaN	16.64
21	6	2018	239.66608	29.46489	17.74	33.84	473.1566026	410.79	62.3666026	2.375	16.64473404
12	5	2016	243.6344	29.468	17.7692	33.4235	402.12	397.64001	4.47999	4.475	1.195194266
7	5	2016	243.5571	29.4714	18.068	33.4792	399.69	396.88	2.81	4.8	0.731696239
12	5	2016	243.6264	29.4721	17.7523	33.4246	401.82999	397.67999	4.15	3.775	1.10865944
3	2	2016	-116.5865333	29.47425	NaN	NaN	NaN	NaN	NaN	NaN	-7.44
3	2	2016	-116.5865333	29.47425	17.3	33.531	377.2034165	404.07	-26.8665835	3.9	-7.440669218
12	5	2016	243.6185	29.4761	17.7622	33.4252	401.94	397.64999	4.29001	2.425	1.145146321
12	5	2016	243.6106	29.4801	17.7612	33.4265	401.79001	397.70999	4.08002	1.75	1.089173974
7	5	2016	243.5536	29.4811	18.0435	33.4739	399.79999	396.88	2.91999	3.875	0.761850229
23	5	2018	239.52716	29.48306	NaN	NaN	NaN	NaN	NaN	NaN	-4.8
23	5	2018	239.52716	29.48306	16.74	33.681	394.67999	411.24	-16.56001	2	-4.796757231
12	5	2016	243.6026	29.4842	17.7247	33.4287	401.25	397.67001	3.57999	4.35	0.958492512
3	2	2016	-116.5897333	29.48452	NaN	NaN	NaN	NaN	NaN	NaN	-7.58
3	2	2016	-116.5897333	29.48451667	17.28	33.539	376.7362794	404.07	-27.3337206	2.675	-7.582038064
12	5	2016	243.5946	29.4883	17.7173	33.43	400.70999	397.67999	3.03	2.625	0.811719051
7	5	2016	243.5506	29.4897	18.0045	33.467	399.48001	396.82999	2.65002	4.3	0.693601141
12	5	2016	243.5867	29.4925	17.7114	33.4312	400.54999	397.70999	2.84	1.65	0.761176552
3	2	2016	-116.5930167	29.49472	NaN	NaN	NaN	NaN	NaN	NaN	-7.61
3	2	2016	-116.5930167	29.49471667	17.31	33.535	376.5712803	404.07	-27.4987197	4.3	-7.609423474
12	5	2016	243.5788	29.4966	17.7008	33.4331	400.13	397.70001	2.42999	1.1	0.651836296
21	6	2018	239.62151	29.49790	NaN	NaN	NaN	NaN	NaN	NaN	16.56
21	6	2018	239.62151	29.4979	17.75	33.851	472.9038788	410.79	62.1138788	1.7	16.56308106
7	5	2016	243.5475	29.4982	17.9815	33.4626	399.88	396.88	3	5.4	0.786669513
12	5	2016	243.571	29.5007	17.6739	33.4334	400.04999	397.66	2.38999	1.2	0.642496909
12	5	2016	243.563	29.5047	17.6452	33.4322	399.56	397.66	1.9	2.35	0.511959935
3	2	2016	-116.59645	29.50535	NaN	NaN	NaN	NaN	NaN	NaN	-7.6
3	2	2016	-116.59645	29.50535	17.31	33.537	376.5913714	404.07	-27.4786286	3.075	-7.603791542
7	5	2016	243.54449	29.5067	17.974	33.4578	400.29999	396.85999	3.44	5.95	0.902611269
12	5	2016	243.5551	29.5086	17.6411	33.4299	400.01001	397.66	2.35001	5.35	0.633432617
18	3	1993	242.814	29.512	15.986	32.9	337.95001	358.47	-20.51999	6.08	-6.347786278
12	5	2016	243.5471	29.5124	17.6485	33.4285	400.17001	397.66	2.51001	0.25	0.676160626
7	5	2016	243.5415	29.5153	17.9594	33.4547	400.28	396.85999	3.42001	3.475	0.898431467
3	2	2016	-116.5998833	29.51567	NaN	NaN	NaN	NaN	NaN	NaN	-7.6
3	2	2016	-116.5998833	29.51566667	17.32	33.537	376.5807656	404.07	-27.4892344	1.925	-7.600564248
23	5	2018	239.4855	29.51635	NaN	NaN	NaN	NaN	NaN	NaN	-5.18
23	5	2018	239.4855	29.51635	16.46	33.61	393.76999	411.24	-17.47001	2.75	-5.179537675
12	5	2016	243.5379	29.5169	17.6339	33.4272	399.92999	397.69	2.23999	1.525	0.60413577
12	5	2016	243.52991	29.5208	17.6321	33.4266	399.84	397.67001	2.16999	2.4	0.585343086
7	5	2016	243.5385	29.5239	17.9781	33.4525	399.95001	396.82001	3.13	6.05	0.821021729
12	5	2016	243.5219	29.5249	17.6311	33.426	399.81	397.69	2.12	3.55	0.57190631
3	2	2016	-116.6033833	29.52630	NaN	NaN	NaN	NaN	NaN	NaN	-7.56
3	2	2016	-116.6033833	29.5263	17.32	33.535	376.7123287	404.07	-27.3576713	5.275	-7.564260009
16	7	2002	239.55301	29.52700	NaN	NaN	NaN	NaN	NaN	NaN	-5.72
16	7	2002	239.55301	29.527	16.54	33.36	354.60999	374.01	-19.40001	4.8	-5.720948296
12	5	2016	243.51379	29.5289	17.6179	33.4241	399.82999	397.67001	2.15998	2.5	0.583317653
21	6	2018	239.57736	29.53092	NaN	NaN	NaN	NaN	NaN	NaN	16.62
21	6	2018	239.57736	29.53092	17.74	33.853	473.0585945	410.79	62.2685945	2.1	16.61755274
6	5	2016	243.5354	29.5325	17.9466	33.4515	399.45001	396.82001	2.63	9.15	0.691617786
12	5	2016	243.50571	29.5328	17.617	33.4227	399.91	397.67999	2.23001	4.85	0.602277474
3	2	2016	-116.6067667	29.53650	NaN	NaN	NaN	NaN	NaN	NaN	-7.63
3	2	2016	-116.6067667	29.5365	17.31	33.535	376.4963423	404.07	-27.5736577	4.225	-7.630160257
12	5	2016	243.4976	29.5369	17.617	33.4225	399.94	397.69	2.25	4.55	0.607676917
16	7	2002	239.564	29.53900	NaN	NaN	NaN	NaN	NaN	NaN	-5.7
16	7	2002	239.564	29.539	16.52	33.35	354.72	374.01	-19.29	6.07001	-5.698120054
6	5	2016	243.5323	29.541	17.8924	33.4512	398.98999	396.85001	2.13998	6.35	0.565211837
12	5	2016	243.4895	29.5412	17.6095	33.4231	399.91	397.64999	2.26001	5.425	0.610748128
12	5	2016	243.48151	29.5454	17.5913	33.4231	399.48999	397.67999	1.81	5.625	0.489855745
3	2	2016	-116.6101	29.54683	NaN	NaN	NaN	NaN	NaN	NaN	-7.64
3	2	2016	-116.6101	29.54683333	17.3	33.538	376.4820952	404.07	-27.5879048	0.1	-7.640183895
12	5	2016	243.4735	29.5494	17.5891	33.4221	399.60001	397.73001	1.87	4.225	0.50618633
23	5	2018	239.44308	29.54946	NaN	NaN	NaN	NaN	NaN	NaN	-5.07
23	5	2018	239.44308	29.54946	16	33.544	394.79001	411.24	-16.44999	4.725	-5.067161362
6	5	2016	243.5293	29.5495	17.8993	33.4523	399.54999	396.79999	2.75	7.1	0.725924087
12	5	2016	243.4655	29.5536	17.5658	33.4205	399.23001	397.67001	1.56	4.825	0.423071304
12	5	2016	243.4576	29.5578	17.5556	33.4199	399.14999	397.67999	1.47	7.025	0.398992958
6	5	2016	243.52631	29.558	17.9155	33.4518	399.81	396.76001	3.04999	7.775	0.804068031
3	2	2016	-116.6138667	29.55858	NaN	NaN	NaN	NaN	NaN	NaN	-7.56
3	2	2016	-116.6138667	29.55858333	17.3	33.542	376.7646503	404.07	-27.3053497	2.75	-7.561789302
12	5	2016	243.44971	29.5618	17.5439	33.4195	398.97	397.64999	1.32001	5.45	0.35862148
21	6	2018	239.53362	29.56393	NaN	NaN	NaN	NaN	NaN	NaN	17.08
21	6	2018	239.53362	29.56393	17.77	33.866	474.9431569	410.79	64.1531569	2.225	17.07813706
12	5	2016	243.4417	29.5658	17.5393	33.4189	399.03	397.67999	1.35001	0.975	0.366909246
6	5	2016	243.52319	29.5665	17.8811	33.4526	399.64001	396.82001	2.82	7.275	0.745490477
3	2	2016	-116.6170833	29.56898	NaN	NaN	NaN	NaN	NaN	NaN	-7.34
3	2	2016	-116.6170833	29.56898333	17.34	33.534	377.4748395	404.07	-26.5951605	2.225	-7.341558196
12	5	2016	243.4337	29.5697	17.5677	33.4181	399.5	397.63	1.87	2.75	0.507071152
12	5	2016	243.4257	29.5736	17.583	33.4189	399.87	397.62	2.25	2.275	0.609356926
6	5	2016	243.5201	29.5749	17.9056	33.4534	400.23999	396.79001	3.44998	8.025	0.910233945
12	5	2016	243.41769	29.5776	17.6119	33.4208	400.32001	397.63	2.69001	7.7	0.726819081
16	7	2002	239.61099	29.57900	NaN	NaN	NaN	NaN	NaN	NaN	-5.3
16	7	2002	239.61099	29.579	16.52	33.34	356.07999	374.01	-17.93001	4.2	-5.296642687
12	5	2016	243.40981	29.5815	17.6223	33.4221	400.29999	397.67999	2.62	6.175	0.707304864
23	5	2018	239.40146	29.58259	NaN	NaN	NaN	NaN	NaN	NaN	-5.53
23	5	2018	239.40146	29.58259	16.13	33.579	393.10001	411.24	-18.13999	5.175	-5.527111516
6	5	2016	243.517	29.5833	17.8857	33.4547	400.64999	396.79001	3.85998	7.45	1.020030579
12	5	2016	243.4019	29.5856	17.6714	33.4241	401.12	397.60001	3.51999	3.825	0.946505346
12	5	2016	243.3941	29.5898	17.6953	33.4287	401.53	397.63	3.9	0.925	1.046646917
16	7	2002	239.631	29.59000	NaN	NaN	NaN	NaN	NaN	NaN	-5.57
16	7	2002	239.631	29.59	16.54	33.34	355.10999	374.01	-18.90001	3.65001	-5.574034482
3	2	2016	-116.6238	29.59023	NaN	NaN	NaN	NaN	NaN	NaN	-7.44
3	2	2016	-116.6238	29.59023333	17.32	33.537	377.1753131	404.07	-26.8946869	5.975	-7.436176386
6	5	2016	243.5139	29.5917	17.9033	33.4553	401.22	396.73999	4.48001	6.4	1.182202212
12	5	2016	243.38609	29.5938	17.737	33.4338	401.95999	397.53	4.42999	1.375	1.184865138
21	6	2018	239.48978	29.59701	NaN	NaN	NaN	NaN	NaN	NaN	17.31
21	6	2018	239.48978	29.59701	17.67	33.843	475.2752101	410.79	64.4852101	3.225	17.30723505
12	5	2016	243.3782	29.5977	17.7735	33.4384	402.20001	397.54001	4.66	3.3	1.242700236
6	5	2016	243.5108	29.6002	18.005	33.4538	402.07001	396.72	5.35001	4.775	1.400312454
3	2	2016	-116.6271333	29.60120	NaN	NaN	NaN	NaN	NaN	NaN	-7.45
3	2	2016	-116.6271333	29.6012	17.33	33.535	377.1125939	404.07	-26.9574061	9.7	-7.447551542
12	5	2016	243.3703	29.6017	17.8259	33.4419	402.60001	397.60001	5	2.075	1.327737697
12	5	2016	243.3623	29.6057	17.8467	33.4433	402.57999	397.57001	5.00998	4.1	1.32815569
6	5	2016	243.5076	29.6086	17.9965	33.4556	402.13	396.66	5.47	3.275	1.432683014
12	5	2016	243.35429	29.6099	17.8499	33.4444	402.45001	397.54999	4.90002	2.975	1.298664143
16	7	2002	239.642	29.61000	NaN	NaN	NaN	NaN	NaN	NaN	-5.22
16	7	2002	239.642	29.61	16.56	33.34	356.28	374.01	-17.73	5.85001	-5.220403201
12	5	2016	243.34509	29.6145	17.8397	33.4438	402.34	397.53	4.81	3.625	1.275855473
23	5	2018	239.36018	29.61600	NaN	NaN	NaN	NaN	NaN	NaN	-5.46
23	5	2018	239.36018	29.616	16.1	33.569	393.35001	411.24	-17.88999	1.95	-5.464718442
6	5	2016	243.5045	29.6172	18.0726	33.4588	402.51999	396.66	5.85999	1.65	1.52546831
12	5	2016	243.3372	29.6186	17.8493	33.4438	402.41	397.51999	4.89001	3.65	1.296077372
16	7	2002	239.65399	29.62000	NaN	NaN	NaN	NaN	NaN	NaN	-5.29
16	7	2002	239.65399	29.62	16.57	33.34	356.04001	374.01	-17.96999	6	-5.286729351
12	5	2016	243.32919	29.6226	17.8649	33.4441	402.42001	397.57999	4.84002	6.175	1.281218155
6	5	2016	243.5014	29.6257	18.025	33.4492	402.57999	396.67001	5.90998	1.825	1.544433438
12	5	2016	243.32111	29.6267	17.88	33.446	402.57999	397.51999	5.06	2.75	1.337813198
21	6	2018	239.44585	29.63039	NaN	NaN	NaN	NaN	NaN	NaN	17.55
21	6	2018	239.44585	29.63039	17.5	33.793	475.289056	410.79	64.499056	2.65	17.55424997
12	5	2016	243.3129	29.6307	17.8987	33.4482	402.76999	397.53	5.23999	1.575	1.383306249
6	5	2016	243.49809	29.6342	17.9493	33.439	402.82001	396.67999	6.14002	2.775	1.61440225
6	5	2016	243.4949	29.6428	17.9124	33.4349	403.32001	396.69	6.63001	2.525	1.748442918
23	5	2018	239.31815	29.64924	NaN	NaN	NaN	NaN	NaN	NaN	-4.97
23	5	2018	239.31815	29.64924	16.46	33.652	394.45999	411.24	-16.78001	1.175	-4.973965371
6	5	2016	243.4917	29.6513	17.97	33.4435	403.23999	396.63	6.60999	2.3	1.735049706
6	5	2016	243.4884	29.66	18.1357	33.4652	403.03	396.57001	6.45999	8.275	1.673131366
16	7	2002	239.7	29.66200	NaN	NaN	NaN	NaN	NaN	NaN	-5.93
16	7	2002	239.7	29.662	16.57	33.49	353.85001	374.01	-20.15999	5.47	-5.92676914
3	2	2016	-116.6463667	29.66320	NaN	NaN	NaN	NaN	NaN	NaN	-7.7
3	2	2016	-116.6463667	29.6632	17.32	33.542	376.2315505	404.07	-27.8384495	8.45	-7.696936515
21	6	2018	239.40218	29.66366	NaN	NaN	NaN	NaN	NaN	NaN	18.71
21	6	2018	239.40218	29.66366	16.97	33.657	476.5955654	410.79	65.8055654	2.1	18.70887911
15	9	2002	240.62399	29.66800	NaN	NaN	NaN	NaN	NaN	NaN	13.77
15	9	2002	240.62399	29.668	20.52	33.548	434.92001	370.75	64.17001	3.55	13.76972676
6	5	2016	243.48511	29.6686	18.1984	33.4748	402.85001	396.47	6.38001	2.75	1.644071859
16	7	2002	239.711	29.67300	NaN	NaN	NaN	NaN	NaN	NaN	-5.89
16	7	2002	239.711	29.673	16.57	33.49	353.95999	374.01	-20.05001	4.77	-5.894436481
3	2	2016	-116.6495667	29.67363	NaN	NaN	NaN	NaN	NaN	NaN	-7.6
3	2	2016	-116.6495667	29.67363333	17.34	33.542	376.540978	404.07	-27.529022	9.35	-7.599060285
15	9	2002	240.634	29.67700	NaN	NaN	NaN	NaN	NaN	NaN	13.74
15	9	2002	240.634	29.677	20.64	33.563	435.37	370.75	64.62	3.27	13.7370608
6	5	2016	243.4819	29.6772	18.1175	33.4708	402.81	396.51999	6.29001	2.575	1.63143931
23	5	2018	239.27631	29.68315	NaN	NaN	NaN	NaN	NaN	NaN	-4.78
23	5	2018	239.27631	29.68315	16.64	33.653	394.89001	411.24	-16.34999	1.25	-4.775469069
3	2	2016	-116.653	29.68437	NaN	NaN	NaN	NaN	NaN	NaN	-7.59
3	2	2016	-116.653	29.68436667	17.33	33.546	376.59523	404.07	-27.47477	8.525	-7.590087122
12	5	2016	243.2052	29.6849	17.836	33.4472	400.57001	397.64999	2.92002	1.975	0.774755106
6	5	2016	243.4783	29.687	18.026	33.4607	402.07001	396.60999	5.46002	5.175	1.426654995
12	5	2016	243.19679	29.689	17.8462	33.4544	400.45001	397.76999	2.68002	1.6	0.710469844
12	5	2016	243.18829	29.6932	17.8844	33.4648	400.19	397.70001	2.48999	4.075	0.658037027
16	7	2002	239.733	29.69400	NaN	NaN	NaN	NaN	NaN	NaN	-5.82
16	7	2002	239.733	29.694	16.6	33.49	354.17999	374.01	-19.83001	4.62	-5.815443261
3	2	2016	-116.65635	29.69467	NaN	NaN	NaN	NaN	NaN	NaN	-7.34
3	2	2016	-116.65635	29.69466667	17.36	33.544	377.4412527	404.07	-26.6287473	10.275	-7.338582346
6	5	2016	243.4751	29.6955	18.0632	33.438	404.26001	396.48999	7.77002	4.8	2.024409377
21	6	2018	239.35858	29.69709	NaN	NaN	NaN	NaN	NaN	NaN	18.59
21	6	2018	239.35858	29.69709	17.04	33.67	476.5397244	410.79	65.7497244	3.9	18.58561414
12	5	2016	243.17999	29.6973	17.9074	33.4724	399.95999	397.70001	2.25998	5.3	0.596127521
12	5	2016	243.1716	29.7016	17.9211	33.4772	399.70001	397.63	2.07001	3.05	0.545405177
18	3	1993	242.739	29.703	15.647	32.9	324.39999	358.47	-34.07001	6.50999	-10.84010624
16	7	2002	239.745	29.70400	NaN	NaN	NaN	NaN	NaN	NaN	-5.81
6	5	2016	243.47189	29.704	17.9041	33.4269	403.64999	396.60999	7.04	4.3	1.857872663
16	7	2002	239.745	29.704	16.62	33.49	354.17001	374.01	-19.83999	4.77	-5.808844395
3	2	2016	-116.6599	29.70533	NaN	NaN	NaN	NaN	NaN	NaN	-7.33
3	2	2016	-116.6599	29.70533333	17.35	33.552	377.488524	404.07	-26.581476	9.175	-7.331211518
12	5	2016	243.16319	29.7058	17.9248	33.479	399.92999	397.67001	2.25998	3.525	0.59527639
12	5	2016	243.1548	29.7101	17.9203	33.4789	399.79999	397.67999	2.12	3.85	0.558607909
6	5	2016	243.4687	29.7125	17.8717	33.4237	404.29001	396.64999	7.64002	4.65	2.021505955
12	5	2016	243.1454	29.7151	17.9186	33.4787	399.98001	397.72	2.26001	4	0.595581621
3	2	2016	-116.6637667	29.71673	NaN	NaN	NaN	NaN	NaN	NaN	-7.22
3	2	2016	-116.6637667	29.71673333	17.31	33.563	377.9830919	404.07	-26.0869081	9.375	-7.217786709
23	5	2018	239.23544	29.71809	NaN	NaN	NaN	NaN	NaN	NaN	-5.1
23	5	2018	239.23544	29.71809	16.5	33.65	393.98999	411.24	-17.25001	3.675	-5.096570858
12	5	2016	243.1371	29.7195	17.9124	33.4788	399.60999	397.67001	1.93998	6.475	0.511498355
6	5	2016	243.4655	29.7212	17.9249	33.4204	404.48001	396.60999	7.87002	6.6	2.073513737
12	5	2016	243.12869	29.7238	17.9073	33.4773	399.89999	397.70999	2.19	5.925	0.577659742
3	2	2016	-116.6673333	29.72750	NaN	NaN	NaN	NaN	NaN	NaN	-6.94
3	2	2016	-116.6673333	29.7275	17.32	33.565	378.9599801	404.07	-25.1100199	3.875	-6.94180496
12	5	2016	243.1203	29.728	17.9024	33.4756	399.94	397.75	2.19	4.425	0.577891819
6	5	2016	243.4623	29.7298	17.9148	33.4221	404.38	396.60001	7.77999	4.35	2.051440463
21	6	2018	239.31479	29.72997	NaN	NaN	NaN	NaN	NaN	NaN	18.49
21	6	2018	239.31479	29.72997	17.23	33.633	477.2191012	410.79	66.4291012	3.15	18.49322586
12	5	2016	243.11189	29.7323	17.8927	33.4731	399.89999	397.70001	2.19998	5.3	0.580984775
12	5	2016	243.10339	29.7366	17.8836	33.4712	399.79999	397.78	2.01999	5.025	0.533846871
3	2	2016	-116.6705833	29.73793	NaN	NaN	NaN	NaN	NaN	NaN	-6.77
3	2	2016	-116.6705833	29.73793333	17.3	33.579	379.6317489	404.07	-24.4382511	5.25	-6.766600089
6	5	2016	243.4592	29.7384	17.9808	33.4314	404.85999	396.57999	8.28	7.75	2.171650485
12	5	2016	243.09489	29.7409	17.8589	33.4677	400.03	397.82001	2.20999	3.1	0.585230755
12	5	2016	243.0863	29.7453	17.8353	33.463	400.06	397.76001	2.29999	4.7	0.610234142
6	5	2016	243.4561	29.747	18.0746	33.4426	404.84	396.5	8.34	5	2.170881111
3	2	2016	-116.6739667	29.74872	NaN	NaN	NaN	NaN	NaN	NaN	-6.75
3	2	2016	-116.6739667	29.74871667	17.32	33.593	379.6497931	404.07	-24.4202069	4.85	-6.750203258
15	9	2002	240.71701	29.74900	NaN	NaN	NaN	NaN	NaN	NaN	14.29
15	9	2002	240.71701	29.749	20.59	33.554	437.69	370.75	66.94	5.45	14.28603423
12	5	2016	243.0778	29.7496	17.8182	33.4613	400.13	397.79001	2.33999	6.525	0.621706378
23	5	2018	239.1946	29.75294	NaN	NaN	NaN	NaN	NaN	NaN	-5.02
23	5	2018	239.1946	29.75294	16.57	33.655	394.14999	411.24	-17.09001	5.15	-5.020272801
12	5	2016	243.06931	29.7538	17.8152	33.4624	400.06	397.78	2.28	2.675	0.605910815
6	5	2016	243.4529	29.7557	18.1234	33.4507	404.10001	396.47	7.63001	2	1.978248206
15	9	2002	240.72699	29.75800	NaN	NaN	NaN	NaN	NaN	NaN	14.19
15	9	2002	240.72699	29.758	20.55	33.535	437.01001	370.75	66.26001	4.79001	14.18604379
12	5	2016	243.0607	29.758	17.8281	33.4672	399.87	397.79999	2.07001	1.85	0.549522928
3	2	2016	-116.6771167	29.75935	NaN	NaN	NaN	NaN	NaN	NaN	-7.5
3	2	2016	-116.6771167	29.75935	17.35	33.568	376.8788123	404.07	-27.1911877	2.975	-7.498800355
12	5	2016	243.052	29.7622	17.8318	33.4731	399.57001	397.85999	1.71002	3.125	0.453809095
21	6	2018	239.27087	29.76245	NaN	NaN	NaN	NaN	NaN	NaN	18.31
21	6	2018	239.27087	29.76245	17.24	33.755	476.6397315	410.79	65.8497315	2.675	18.30643475
6	5	2016	243.44971	29.7644	18.1265	33.4564	403.82999	396.45999	7.37	0.025	1.910309142
12	5	2016	243.0434	29.7664	17.8563	33.478	399.32001	397.85999	1.46002	0.925	0.386692026
15	9	2002	240.73801	29.76700	NaN	NaN	NaN	NaN	NaN	NaN	14
15	9	2002	240.73801	29.767	20.58	33.545	436.29001	370.75	65.54001	5.10001	13.998675
3	2	2016	-116.68015	29.77045	NaN	NaN	NaN	NaN	NaN	NaN	-7.59
3	2	2016	-116.68015	29.77045	17.37	33.544	376.499442	404.07	-27.570558	0.975	-7.591984291
12	5	2016	243.0349	29.7705	17.8589	33.4826	398.98001	397.82001	1.16	1.2	0.307159651
6	5	2016	243.44659	29.773	18.0944	33.4543	403.41	396.48999	6.92001	1.4	1.79830653
12	5	2016	243.02631	29.7748	17.8636	33.4852	398.73001	397.82999	0.90002	1.75	0.238225864
15	9	2002	240.74701	29.77500	NaN	NaN	NaN	NaN	NaN	NaN	13.94
15	9	2002	240.74701	29.775	20.57	33.555	435.98001	370.75	65.23001	3.92	13.94261065
12	5	2016	243.01781	29.779	17.8705	33.4863	398.51001	397.84	0.67001	4.45	0.177245377
3	2	2016	-116.68295	29.78123	NaN	NaN	NaN	NaN	NaN	NaN	-7.7
3	2	2016	-116.68295	29.78123333	17.34	33.539	376.1925859	404.07	-27.8774141	0.9	-7.695339586
6	5	2016	243.4435	29.7816	18.0869	33.4535	403.20001	396.48001	6.72	3.2	1.747386035
12	5	2016	243.00929	29.7833	17.8626	33.4862	398.73999	397.81	0.92999	1.525	0.24617723
15	9	2002	240.757	29.78400	NaN	NaN	NaN	NaN	NaN	NaN	14.19
15	9	2002	240.757	29.784	20.55	33.548	437.01999	370.75	66.26999	6.32001	14.18732499
23	5	2018	239.15248	29.78593	NaN	NaN	NaN	NaN	NaN	NaN	-4.9
23	5	2018	239.15248	29.78593	16.5	33.635	394.67001	411.24	-16.56999	5.825	-4.896008146
12	5	2016	243.0009	29.7877	17.8415	33.4788	399.01999	397.82999	1.19	0.125	0.31555022
6	5	2016	243.4404	29.7902	18.0952	33.4567	402.26001	396.48999	5.77002	4.725	1.499344933
3	2	2016	-116.6857833	29.79200	NaN	NaN	NaN	NaN	NaN	NaN	-7.62
12	5	2016	242.99229	29.792	17.8233	33.4752	399.95001	397.84	2.11001	2.2	0.560336716
3	2	2016	-116.6857833	29.792	17.28	33.554	376.5896676	404.07	-27.4803324	1.825	-7.62216238
21	6	2018	239.22726	29.79458	NaN	NaN	NaN	NaN	NaN	NaN	19.45
21	6	2018	239.22726	29.79458	16.61	33.557	477.1978177	410.79	66.4078177	2.55	19.45289114
12	5	2016	242.9838	29.7963	17.7978	33.468	400.16	397.88	2.28	1.75	0.606743464
6	5	2016	243.4373	29.7988	18.0455	33.4592	401.79001	396.51001	5.28	2.775	1.377471847
12	5	2016	242.9754	29.8007	17.7839	33.4639	400.70001	397.92001	2.78	0.925	0.740643562
3	2	2016	-116.68855	29.80318	NaN	NaN	NaN	NaN	NaN	NaN	-7.67
3	2	2016	-116.68855	29.80318333	17.29	33.543	376.3965929	404.07	-27.6734071	2.45	-7.669895716
12	5	2016	242.9669	29.805	17.7913	33.4642	401.01999	397.85999	3.16	1.375	0.841380232
6	5	2016	243.4341	29.8074	17.9957	33.4581	401.14999	396.57001	4.57998	0.65	1.199634927
12	5	2016	242.9585	29.8093	17.8152	33.4669	401.45001	397.87	3.58001	6.15	0.951368648
15	9	2002	240.78799	29.81200	NaN	NaN	NaN	NaN	NaN	NaN	14.56
15	9	2002	240.78799	29.812	20.11	33.475	436.45999	370.75	65.70999	6.42	14.56157801
12	5	2016	242.9498	29.8137	17.8189	33.472	401.07999	397.89001	3.18998	4.2	0.847447509
3	2	2016	-116.6913	29.81413	NaN	NaN	NaN	NaN	NaN	NaN	-7.81
3	2	2016	-116.6913	29.81413333	17.25	33.536	375.9894911	404.07	-28.0805089	7.1	-7.808274244
6	5	2016	243.431	29.8161	17.9534	33.458	401.04999	396.56	4.48999	2.35	1.180063385
12	5	2016	242.94009	29.8187	17.824	33.478	400.31	397.84	2.47	7.425	0.655890449
15	9	2002	240.798	29.82000	NaN	NaN	NaN	NaN	NaN	NaN	14.54
15	9	2002	240.798	29.82	20.1	33.474	436.32001	370.75	65.57001	4.2	14.5419517
12	5	2016	242.9315	29.8231	17.824	33.482	399.67999	397.85999	1.82	4.55	0.483278539
6	5	2016	243.4278	29.8247	17.9291	33.4544	401.47	396.59	4.88	7.5	1.285092838
3	2	2016	-116.69405	29.82540	NaN	NaN	NaN	NaN	NaN	NaN	-7.7
3	2	2016	-116.69405	29.8254	17.24	33.523	376.4094492	404.07	-27.6605508	6.425	-7.698216311
21	6	2018	239.1837	29.82673	NaN	NaN	NaN	NaN	NaN	NaN	19.53
21	6	2018	239.1837	29.82673	16.76	33.604	478.3128974	410.79	67.5228974	1.225	19.53385356
12	5	2016	242.9229	29.8276	17.8091	33.4825	398.76001	397.87	0.89001	3.9	0.236614023
15	9	2002	240.80701	29.82900	NaN	NaN	NaN	NaN	NaN	NaN	14.46
15	9	2002	240.80701	29.829	20.11	33.475	435.98999	370.75	65.23999	1.97	14.45742426
12	5	2016	242.91431	29.832	17.7387	33.4794	398.01999	397.84	0.17999	4.275	0.048123942
6	5	2016	243.4247	29.8333	17.8939	33.4507	401.84	396.57999	5.26001	5.45	1.389110491
3	2	2016	-116.6967	29.83628	NaN	NaN	NaN	NaN	NaN	NaN	-7.64
3	2	2016	-116.6967	29.83628333	17.2	33.496	376.7138961	404.07	-27.3561039	5.45	-7.639223679
12	5	2016	242.90559	29.8365	17.718	33.4766	397.69	397.84	-0.15	5	-0.040172966
15	9	2002	240.817	29.83800	NaN	NaN	NaN	NaN	NaN	NaN	14.29
15	9	2002	240.817	29.838	20.03	33.472	434.82001	370.75	64.07001	1.45	14.28717003
12	5	2016	242.897	29.841	17.7049	33.476	397.48999	397.85001	-0.36002	2.575	-0.096522563
6	5	2016	243.42149	29.8419	17.9294	33.4428	402.89001	396.51999	6.37002	3.225	1.677524487
12	5	2016	242.88831	29.8453	17.7159	33.4798	397.79001	397.87	-0.07999	9	-0.021426203
15	9	2002	240.827	29.84600	NaN	NaN	NaN	NaN	NaN	NaN	14.16
15	9	2002	240.827	29.846	19.96	33.47	433.89999	370.75	63.14999	3.58	14.15926915
3	2	2016	-116.6995667	29.84758	NaN	NaN	NaN	NaN	NaN	NaN	-7.92
3	2	2016	-116.6995667	29.84758333	17.12	33.491	375.8838889	404.07	-28.1861111	6.25	-7.922510843
12	5	2016	242.87959	29.8497	17.7151	33.4825	397.20999	397.87	-0.66001	2.7	-0.176800082
6	5	2016	243.4183	29.8505	17.9181	33.4379	402.73999	396.51001	6.22998	3.4	1.642173071
12	5	2016	242.871	29.8542	17.7196	33.4843	396.85999	397.85999	-1	1.9	-0.267775482
15	9	2002	240.836	29.85500	NaN	NaN	NaN	NaN	NaN	NaN	13.97
15	9	2002	240.836	29.855	19.86	33.468	432.57999	370.75	61.82999	4.5	13.97214962
12	5	2016	242.8624	29.8586	17.7172	33.4889	396.57999	397.87	-1.29001	1.625	-0.345492301
3	2	2016	-116.7023167	29.85862	NaN	NaN	NaN	NaN	NaN	NaN	-7.96
3	2	2016	-116.7023167	29.85861667	17.1	33.502	375.7858279	404.07	-28.2841721	3.15	-7.962593116
21	6	2018	239.13995	29.85915	NaN	NaN	NaN	NaN	NaN	NaN	19.36
21	6	2018	239.13995	29.85915	16.82	33.601	478.0467619	410.79	67.2567619	3.1	19.36200369
6	5	2016	243.4151	29.8592	17.8605	33.4357	402.48999	396.57001	5.91998	3.325	1.567714778
12	5	2016	242.85381	29.8629	17.7254	33.4953	395.91	397.89001	-1.98001	0.125	-0.529922848
15	9	2002	240.84601	29.86300	NaN	NaN	NaN	NaN	NaN	NaN	13.88
15	9	2002	240.84601	29.863	19.81	33.466	431.92001	370.75	61.17001	5.92	13.87728636
12	5	2016	242.8452	29.8673	17.7722	33.5074	395.47	397.89999	-2.42999	1.475	-0.647870697
6	5	2016	243.4118	29.8678	17.8566	33.4322	403.37	396.54999	6.82001	5.975	1.806654812
15	9	2002	240.856	29.87100	NaN	NaN	NaN	NaN	NaN	NaN	13.63
15	9	2002	240.856	29.871	19.75	33.465	430.54001	370.75	59.79001	5.8	13.62810919
12	5	2016	242.83659	29.8714	17.8011	33.5151	395.20001	397.89001	-2.69	3.3	-0.715501062
12	5	2016	242.828	29.8757	17.8273	33.5198	394.92001	397.89999	-2.97998	4.975	-0.790945242
6	5	2016	243.4086	29.8764	17.8752	33.4228	403.32999	396.56	6.76999	4.65	1.790804771
15	9	2002	240.866	29.88000	NaN	NaN	NaN	NaN	NaN	NaN	13.6
15	9	2002	240.866	29.88	19.71	33.464	430.20999	370.75	59.45999	5.10001	13.59546416
12	5	2016	242.8194	29.88	17.842	33.5222	394.63	397.89999	-3.26999	5.75	-0.866884397
3	2	2016	-116.708	29.88225	NaN	NaN	NaN	NaN	NaN	NaN	-7.46
3	2	2016	-116.708	29.88225	17.23	33.516	377.3009648	404.07	-26.7690352	6.475	-7.456394238
12	5	2016	242.81081	29.8842	17.8644	33.5196	395.26999	397.87	-2.60001	8.875	-0.688039021
6	5	2016	243.4053	29.8851	17.8376	33.412	403.23999	396.57999	6.66	3.2	1.767133693
15	9	2002	240.87601	29.88800	NaN	NaN	NaN	NaN	NaN	NaN	13.58
15	9	2002	240.87601	29.888	19.68	33.464	429.98999	370.75	59.23999	5.48	13.57703098
12	5	2016	242.80231	29.8884	17.854	33.52	395.29001	397.85001	-2.56	8.825	-0.678016497
21	6	2018	239.09612	29.89163	NaN	NaN	NaN	NaN	NaN	NaN	19.22
21	6	2018	239.09612	29.89163	17	33.635	478.5431782	410.79	67.7531782	1.1	19.21760304
12	5	2016	242.79379	29.8925	17.8065	33.5198	394.07001	397.91	-3.83999	8.7	-1.020915392
18	3	1993	242.664	29.893	15.454	32.9	326.26001	358.47	-32.20999	6.48	-10.41444995
3	2	2016	-116.71075	29.89372	NaN	NaN	NaN	NaN	NaN	NaN	-7.38
3	2	2016	-116.71075	29.89371667	17.27	33.525	377.4910433	404.07	-26.5789567	0.875	-7.379148339
6	5	2016	243.4016	29.895	17.8128	33.3936	403.35999	396.59	6.76999	5.65	1.800061439
15	9	2002	240.886	29.89600	NaN	NaN	NaN	NaN	NaN	NaN	13.63
15	9	2002	240.886	29.896	19.65	33.463	430.09	370.75	59.34	6.5	13.63202694
12	5	2016	242.7851	29.8965	17.7759	33.512	393.95001	397.91	-3.95999	8.725	-1.055453582
11	1	2003	240.886	29.89800	NaN	NaN	NaN	NaN	NaN	NaN	8.35
11	1	2003	240.886	29.898	20.23	33.444	412.92001	374.88	38.04001	1.68001	8.35262585
12	5	2016	242.7765	29.9006	17.8045	33.5097	394.81	397.94	-3.13	7.775	-0.832328299
6	5	2016	243.39841	29.9036	17.7144	33.3888	402.41	396.63	5.78	4.1	1.549092199
3	2	2016	-116.7135333	29.90478	NaN	NaN	NaN	NaN	NaN	NaN	-7.32
3	2	2016	-116.7135333	29.90478333	17.31	33.531	377.6292125	404.07	-26.4407875	2.6	-7.316812548
12	5	2016	242.76801	29.9048	17.7958	33.5029	395.35001	397.92999	-2.57998	6.9	-0.686569721
15	9	2002	240.89499	29.90500	NaN	NaN	NaN	NaN	NaN	NaN	13.75
15	9	2002	240.89499	29.905	19.72	33.464	430.94	370.75	60.19	4.95	13.75160638
11	1	2003	240.897	29.90800	NaN	NaN	NaN	NaN	NaN	NaN	8.27
11	1	2003	240.897	29.908	20.23	33.445	412.56	374.88	37.68	4.52	8.273538267
12	5	2016	242.7596	29.909	17.8044	33.4993	396.54999	397.95001	-1.40002	9.7	-0.372314082
6	5	2016	243.39529	29.9122	17.6863	33.3921	403.39001	396.64001	6.75	3.625	1.813133393
15	9	2002	240.905	29.91300	NaN	NaN	NaN	NaN	NaN	NaN	13.88
15	9	2002	240.905	29.913	19.78	33.465	431.78	370.75	61.03	5.60001	13.87812101
12	5	2016	242.7511	29.9131	17.8226	33.5029	397.16	397.92001	-0.76001	5.775	-0.201814012
3	2	2016	-116.71635	29.91583	NaN	NaN	NaN	NaN	NaN	NaN	-7.6
3	2	2016	-116.71635	29.91583333	17.33	33.533	376.5670515	404.07	-27.5029485	0.075	-7.598341404
11	1	2003	240.907	29.91700	NaN	NaN	NaN	NaN	NaN	NaN	8.3
11	1	2003	240.907	29.917	20.23	33.446	412.66	374.88	37.78	4.7	8.295457063
12	5	2016	242.7428	29.9173	17.8342	33.506	396.54999	397.95999	-1.41	1.9	-0.374058559
6	5	2016	243.3922	29.9209	17.7772	33.3943	404.26999	396.57999	7.69	7.5	2.050540066
15	9	2002	240.914	29.92100	NaN	NaN	NaN	NaN	NaN	NaN	14.1
15	9	2002	240.914	29.921	19.83	33.466	432.98999	370.75	62.23999	4.52	14.09795826
12	5	2016	242.73309	29.9221	17.836	33.5091	396.14001	397.91	-1.76999	3.65	-0.469485362
21	6	2018	239.05119	29.92281	NaN	NaN	NaN	NaN	NaN	NaN	19.1
21	6	2018	239.05119	29.92281	17.02	33.652	478.2612976	410.79	67.4712976	1.1	19.10496502
11	1	2003	240.918	29.92600	NaN	NaN	NaN	NaN	NaN	NaN	8.33
11	1	2003	240.918	29.926	20.23	33.447	412.82001	374.88	37.94001	4.07001	8.330552152
12	5	2016	242.72479	29.9263	17.836	33.5117	395.79999	397.97	-2.17001	3.925	-0.575582562
3	2	2016	-116.7193	29.92717	NaN	NaN	NaN	NaN	NaN	NaN	-7.77
3	2	2016	-116.7193	29.92716667	17.35	33.529	375.8895789	404.07	-28.1804211	4.175	-7.773053132
15	9	2002	240.92401	29.93000	NaN	NaN	NaN	NaN	NaN	NaN	14.28
15	9	2002	240.92401	29.93	19.83	33.467	433.81	370.75	63.06	5.60001	14.2836318
12	5	2016	242.7164	29.9307	17.8812	33.5199	395.51999	397.91	-2.39001	2.025	-0.631612588
11	1	2003	240.929	29.93500	NaN	NaN	NaN	NaN	NaN	NaN	8.4
11	1	2003	240.929	29.935	20.24	33.446	413.16	374.88	38.28	1.15001	8.398707726
12	5	2016	242.70821	29.9351	17.8951	33.5185	395.64001	397.94	-2.29999	5.125	-0.607148379
3	2	2016	-116.7222667	29.93815	NaN	NaN	NaN	NaN	NaN	NaN	-7.77
3	2	2016	-116.7222667	29.93815	17.35	33.527	375.8833766	404.07	-28.1866234	4.375	-7.774837868
15	9	2002	240.933	29.93900	NaN	NaN	NaN	NaN	NaN	NaN	14.18
15	9	2002	240.933	29.939	19.87	33.467	433.54001	370.75	62.79001	3.72	14.17807221
12	5	2016	242.7	29.9394	17.8988	33.505	396.48999	397.91	-1.42001	5.45	-0.37476495
12	5	2016	242.6916	29.9439	17.9277	33.4978	398.06	397.98001	0.07999	3.85	0.021062502
11	1	2003	240.939	29.94400	NaN	NaN	NaN	NaN	NaN	NaN	8.41
11	1	2003	240.939	29.944	20.24	33.444	413.19	374.88	38.31	1.15001	8.405367956
15	9	2002	240.942	29.94700	NaN	NaN	NaN	NaN	NaN	NaN	14.21
15	9	2002	240.942	29.947	19.91	33.47	433.87	370.75	63.12	3.65001	14.20791045
12	5	2016	242.6833	29.9484	17.9384	33.4993	398.54999	397.97	0.57999	2.45	0.152587355
3	2	2016	-116.72535	29.94962	NaN	NaN	NaN	NaN	NaN	NaN	-7.89
3	2	2016	-116.72535	29.94961667	17.34	33.523	375.4762755	404.07	-28.5937245	5.225	-7.893672025
12	5	2016	242.6749	29.9529	17.9595	33.5037	398.67999	397.92001	0.75998	3.325	0.199597693
21	6	2018	239.00717	29.95431	NaN	NaN	NaN	NaN	NaN	NaN	19.23
21	6	2018	239.00717	29.95431	16.94	33.641	478.2523332	410.79	67.4623332	1.475	19.2283174
11	1	2003	240.95099	29.95500	NaN	NaN	NaN	NaN	NaN	NaN	8.31
11	1	2003	240.95099	29.955	20.22	33.445	412.69	374.88	37.81	5.04001	8.308544182
15	9	2002	240.95099	29.95600	NaN	NaN	NaN	NaN	NaN	NaN	14.1
15	9	2002	240.95099	29.956	19.86	33.473	433.14001	370.75	62.39001	1.18001	14.0983724
12	5	2016	242.6666	29.9574	17.9749	33.5069	399.01001	397.94	1.07001	4.55	0.280671196
3	2	2016	-116.7282333	29.96083	NaN	NaN	NaN	NaN	NaN	NaN	-7.97
3	2	2016	-116.7282333	29.96083333	17.33	33.535	375.2188122	404.07	-28.8511878	5.725	-7.970748647
12	5	2016	242.658	29.9615	17.9388	33.4966	399.17001	398	1.17001	3.95	0.307807513
11	1	2003	240.96201	29.96400	NaN	NaN	NaN	NaN	NaN	NaN	8.33
11	1	2003	240.96201	29.964	20.22	33.449	412.79001	374.88	37.91001	4.07001	8.330365869
12	5	2016	242.6496	29.9656	17.9062	33.4745	400.78	398.04001	2.73999	6.4	0.722804917
15	9	2002	240.96201	29.96600	NaN	NaN	NaN	NaN	NaN	NaN	13.94
15	9	2002	240.96201	29.966	19.78	33.475	432.06	370.75	61.31	3.17	13.94114184
3	2	2016	-116.7311667	29.97193	NaN	NaN	NaN	NaN	NaN	NaN	-7.93
3	2	2016	-116.7311667	29.97193333	17.36	33.538	375.2826708	404.07	-28.7873292	7.925	-7.933689513
15	9	2002	240.97101	29.97500	NaN	NaN	NaN	NaN	NaN	NaN	13.92
15	9	2002	240.97101	29.975	19.7	33.478	431.57001	370.75	60.82001	0.77	13.91641789
3	2	2016	-116.7341167	29.98345	NaN	NaN	NaN	NaN	NaN	NaN	-7.96
3	2	2016	-116.7341167	29.98345	17.38	33.536	375.1571816	404.07	-28.9128184	4.575	-7.955455563
15	9	2002	240.98001	29.98400	NaN	NaN	NaN	NaN	NaN	NaN	13.95
11	1	2003	240.98199	29.98400	NaN	NaN	NaN	NaN	NaN	NaN	8.26
15	9	2002	240.98001	29.984	19.63	33.474	431.39999	370.75	60.64999	1.45	13.95411245
11	1	2003	240.98199	29.984	20.2	33.455	412.42001	374.88	37.54001	1.37	8.261678854
21	6	2018	238.96408	29.98688	NaN	NaN	NaN	NaN	NaN	NaN	19.07
21	6	2018	238.96408	29.98688	16.83	33.612	477.0999684	410.79	66.3099684	0.625	19.07285749
15	9	2002	240.98801	29.99300	NaN	NaN	NaN	NaN	NaN	NaN	14.12
11	1	2003	240.992	29.99300	NaN	NaN	NaN	NaN	NaN	NaN	8.07
15	9	2002	240.98801	29.993	19.78	33.479	432.85999	370.75	62.10999	4.47	14.12278609
11	1	2003	240.992	29.993	20.2	33.468	411.56	374.88	36.68	0.62	8.071922626
3	2	2016	-116.7370833	29.99448	NaN	NaN	NaN	NaN	NaN	NaN	-8.13
3	2	2016	-116.7370833	29.99448333	17.35	33.536	374.5900379	404.07	-29.4799621	6.325	-8.131237046
8	7	2002	241.83899	30.00100	NaN	NaN	NaN	NaN	NaN	NaN	-6.83
11	10	2002	242.314	30.00100	NaN	NaN	NaN	NaN	NaN	NaN	2.02
11	10	2002	242.314	30.001	21.59	33.57	380.76999	370.55	10.21999	5.95	2.019371536
8	7	2002	241.83899	30.001	16.67	33.44	350.59	374.01	-23.42	1.93001	-6.830632762
15	9	2002	240.99701	30.00200	NaN	NaN	NaN	NaN	NaN	NaN	14.21
15	9	2002	240.99701	30.002	19.83	33.481	433.51001	370.75	62.76001	4.10001	14.21475299
11	1	2003	241	30.00400	NaN	NaN	NaN	NaN	NaN	NaN	8.03
11	1	2003	241	30.004	20.19	33.467	411.34	374.88	36.46	0.85001	8.029792898
3	2	2016	-116.7401167	30.00585	NaN	NaN	NaN	NaN	NaN	NaN	-8
3	2	2016	-116.7401167	30.00585	17.3	33.52	375.2029264	404.07	-28.8670736	8.3	-7.995120998
11	10	2002	242.31	30.00600	NaN	NaN	NaN	NaN	NaN	NaN	1.95
11	10	2002	242.31	30.006	21.57	33.57	380.38	370.55	9.83	5.62	1.94528843
23	10	2002	243.56601	30.01000	NaN	NaN	NaN	NaN	NaN	NaN	3.07
23	10	2002	243.56601	30.01	20.84	33.48	385.23001	370.55	14.68001	5	3.074017885
11	10	2002	242.30701	30.01100	NaN	NaN	NaN	NaN	NaN	NaN	2.01
11	10	2002	242.30701	30.011	21.59	33.56	380.73001	370.55	10.18001	2.05	2.011564362
11	10	2002	242.30499	30.01400	NaN	NaN	NaN	NaN	NaN	NaN	2.05
11	10	2002	242.30499	30.014	21.59	33.56	380.92999	370.55	10.37999	3.62	2.0510803
3	2	2016	-116.7431833	30.01692	NaN	NaN	NaN	NaN	NaN	NaN	-8.38
3	2	2016	-116.7431833	30.01691667	17.21	33.506	374.0500376	404.07	-30.0199624	7.525	-8.375908021
11	1	2003	241.006	30.01700	NaN	NaN	NaN	NaN	NaN	NaN	8.14
11	1	2003	241.006	30.017	20.19	33.456	411.82999	374.88	36.94999	6.2	8.138122607
21	6	2018	238.92101	30.01888	NaN	NaN	NaN	NaN	NaN	NaN	18.73
21	6	2018	238.92101	30.01888	16.83	33.608	475.8948141	410.79	65.1048141	1.15	18.72657432
11	10	2002	242.302	30.01900	NaN	NaN	NaN	NaN	NaN	NaN	2.08
11	10	2002	242.302	30.019	21.6	33.56	381.09	370.55	10.54	4.42	2.081105183
12	5	2016	242.5388	30.0207	17.4399	33.4438	400.92999	398.23999	2.69	4	0.736905828
22	5	2002	241.784	30.02100	NaN	NaN	NaN	NaN	NaN	NaN	-3.55
22	5	2002	241.784	30.021	16.95	33.256	363.31	375.76	-12.45	6.85001	-3.552162163
22	5	2002	241.784	30.02200	NaN	NaN	NaN	NaN	NaN	NaN	-3.5
22	5	2002	241.784	30.022	16.95	33.255	363.48999	375.76	-12.27001	5.3	-3.500825151
22	5	2002	241.785	30.02400	NaN	NaN	NaN	NaN	NaN	NaN	-3.49
23	10	2002	243.55899	30.02400	NaN	NaN	NaN	NaN	NaN	NaN	3.83
23	10	2002	243.55899	30.024	20.94	33.48	388.95999	370.55	18.40999	4.29001	3.825452148
22	5	2002	241.785	30.024	16.95	33.256	363.51999	375.76	-12.24001	5.75	-3.492249028
1	4	2002	241.015	30.02500	NaN	NaN	NaN	NaN	NaN	NaN	-0.55
22	5	2002	241.785	30.02500	NaN	NaN	NaN	NaN	NaN	NaN	-3.46
11	10	2002	242.298	30.02500	NaN	NaN	NaN	NaN	NaN	NaN	2.19
11	10	2002	242.298	30.025	21.57	33.56	381.64001	370.55	11.09001	5.67	2.194736548
1	4	2002	241.015	30.025	16.69	33.609	373.14001	375.02	-1.87999	3.40001	-0.546975714
22	5	2002	241.785	30.025	16.95	33.256	363.62	375.76	-12.14	5.07001	-3.463714752
12	5	2016	242.52921	30.0255	17.37	33.4273	400.75	398.32999	2.42001	5.7	0.66675746
22	5	2002	241.78601	30.02700	NaN	NaN	NaN	NaN	NaN	NaN	-3.52
22	5	2002	241.78601	30.027	16.95	33.255	363.42001	375.76	-12.33999	5.7	-3.520791536
22	5	2002	241.78601	30.02800	NaN	NaN	NaN	NaN	NaN	NaN	-3.56
22	5	2002	241.78601	30.028	16.94	33.255	363.29999	375.76	-12.46001	5.18001	-3.55793401
11	1	2003	241.01199	30.02900	NaN	NaN	NaN	NaN	NaN	NaN	8.14
11	1	2003	241.01199	30.029	20.18	33.448	411.79001	374.88	36.91001	5.17	8.135950012
3	2	2016	-116.7466	30.02945	NaN	NaN	NaN	NaN	NaN	NaN	-8.46
3	2	2016	-116.7466	30.02945	17.16	33.501	373.8618044	404.07	-30.2081956	6.35	-8.462918807
12	5	2016	242.52071	30.0297	17.3382	33.4115	400.57999	398.32999	2.25	5	0.621562052
22	5	2002	241.787	30.03000	NaN	NaN	NaN	NaN	NaN	NaN	-3.56
11	10	2002	242.295	30.03000	NaN	NaN	NaN	NaN	NaN	NaN	1.85
11	10	2002	242.295	30.03	21.49	33.58	379.82001	370.55	9.27001	5.45	1.845657558
22	5	2002	241.787	30.03	16.94	33.256	363.29001	375.76	-12.46999	5.10001	-3.560766798
22	5	2002	241.787	30.03100	NaN	NaN	NaN	NaN	NaN	NaN	-3.53
22	5	2002	241.787	30.031	16.94	33.256	363.39999	375.76	-12.36001	4.8	-3.529362352
22	5	2002	241.78799	30.03300	NaN	NaN	NaN	NaN	NaN	NaN	-3.53
22	5	2002	241.78799	30.033	16.94	33.256	363.41	375.76	-12.35	6.45	-3.526504027
12	5	2016	242.51221	30.0339	17.3191	33.3973	400.98999	398.31	2.67999	4.35	0.741543474
22	5	2002	241.78799	30.03400	NaN	NaN	NaN	NaN	NaN	NaN	-3.45
22	5	2002	241.78799	30.034	16.95	33.255	363.66	375.76	-12.1	6.62	-3.452318647
11	10	2002	242.291	30.03500	NaN	NaN	NaN	NaN	NaN	NaN	1.75
11	10	2002	242.291	30.035	21.45	33.57	379.29001	370.55	8.74001	4.7	1.745556715
22	5	2002	241.789	30.03600	NaN	NaN	NaN	NaN	NaN	NaN	-3.48
22	5	2002	241.789	30.036	16.95	33.256	363.54999	375.76	-12.21001	4.58	-3.483689601
22	5	2002	241.789	30.03700	NaN	NaN	NaN	NaN	NaN	NaN	-3.54
22	5	2002	241.789	30.037	16.95	33.257	363.35999	375.76	-12.40001	5.02	-3.537882431
12	5	2016	242.50369	30.0382	17.343	33.3824	401.45999	398.29999	3.16	7.15	0.872730742
1	4	2002	241.021	30.03900	NaN	NaN	NaN	NaN	NaN	NaN	-0.6
22	5	2002	241.79001	30.03900	NaN	NaN	NaN	NaN	NaN	NaN	-3.64
23	10	2002	243.564	30.03900	NaN	NaN	NaN	NaN	NaN	NaN	4.35
23	10	2002	243.564	30.039	21.15	33.48	391.82001	370.55	21.27001	1.82001	4.348838541
1	4	2002	241.021	30.039	16.67	33.604	372.97	375.02	-2.05	3.92	-0.597430692
22	5	2002	241.79001	30.039	16.94	33.26	363.01999	375.76	-12.74001	7.25	-3.637800763
22	5	2002	241.791	30.04000	NaN	NaN	NaN	NaN	NaN	NaN	-3.57
22	5	2002	241.791	30.04	16.94	33.258	363.25	375.76	-12.51	8.05	-3.572157453
3	2	2016	-116.7496333	30.04040	NaN	NaN	NaN	NaN	NaN	NaN	-8.39
3	2	2016	-116.7496333	30.0404	17.15	33.518	374.1594212	404.07	-29.9105788	8.65	-8.385671915
11	10	2002	242.28799	30.04100	NaN	NaN	NaN	NaN	NaN	NaN	1.66
11	1	2003	241.01801	30.04100	NaN	NaN	NaN	NaN	NaN	NaN	8.23
11	1	2003	241.01801	30.041	20.18	33.447	412.20001	374.88	37.32001	5.53	8.226363212
11	10	2002	242.28799	30.041	21.44	33.56	378.84	370.55	8.29	4.25	1.657026433
22	5	2002	241.791	30.04200	NaN	NaN	NaN	NaN	NaN	NaN	-3.47
22	5	2002	241.791	30.042	16.95	33.256	363.59	375.76	-12.17	4.92	-3.472274178
12	5	2016	242.4953	30.0424	17.3645	33.3676	402.04001	398.28	3.76001	6.825	1.03670797
22	5	2002	241.791	30.04300	NaN	NaN	NaN	NaN	NaN	NaN	-3.48
11	10	2002	242.28601	30.04300	NaN	NaN	NaN	NaN	NaN	NaN	1.7
11	10	2002	242.28601	30.043	21.43	33.56	379.06	370.55	8.51	2.90001	1.702305034
22	5	2002	241.791	30.043	16.95	33.256	363.57999	375.76	-12.18001	5.3	-3.475130174
22	5	2002	241.79199	30.04500	NaN	NaN	NaN	NaN	NaN	NaN	-3.52
22	5	2002	241.79199	30.045	16.95	33.257	363.44	375.76	-12.32	4.55	-3.515054548
22	5	2002	241.793	30.04600	NaN	NaN	NaN	NaN	NaN	NaN	-3.52
22	5	2002	241.793	30.046	16.95	33.258	363.42999	375.76	-12.33001	4.87	-3.517893752
12	5	2016	242.4868	30.0465	17.3586	33.3534	402.12	398.32001	3.79999	2.95	1.048302786
22	5	2002	241.793	30.04800	NaN	NaN	NaN	NaN	NaN	NaN	-3.59
22	5	2002	241.793	30.048	16.95	33.257	363.17001	375.76	-12.58999	3.47	-3.59208617
22	5	2002	241.79401	30.04900	NaN	NaN	NaN	NaN	NaN	NaN	-3.58
11	10	2002	242.282	30.04900	NaN	NaN	NaN	NaN	NaN	NaN	1.55
11	10	2002	242.282	30.049	21.42	33.56	378.28	370.55	7.73	2.67	1.547462997
22	5	2002	241.79401	30.049	16.95	33.257	363.22	375.76	-12.54	3.65001	-3.57782338
12	5	2016	242.47839	30.0508	17.3728	33.3471	401.48001	398.26001	3.22	5.375	0.887306637
21	6	2018	238.87764	30.05086	NaN	NaN	NaN	NaN	NaN	NaN	18.93
21	6	2018	238.87764	30.05086	16.86	33.608	476.7738292	410.79	65.9838292	0.025	18.93299366
22	5	2002	241.79401	30.05100	NaN	NaN	NaN	NaN	NaN	NaN	-3.57
22	5	2002	241.79401	30.051	16.95	33.257	363.25	375.76	-12.51	5.45	-3.569263994
3	2	2016	-116.75275	30.05185	NaN	NaN	NaN	NaN	NaN	NaN	-8.22
3	2	2016	-116.75275	30.05185	17.22	33.543	374.5644843	404.07	-29.5055157	8.25	-8.22424389
22	5	2002	241.795	30.05200	NaN	NaN	NaN	NaN	NaN	NaN	-3.58
22	5	2002	241.795	30.052	16.95	33.258	363.20999	375.76	-12.55001	8.7	-3.580662284
23	5	2018	238.81805	30.05219	NaN	NaN	NaN	NaN	NaN	NaN	-5.31
23	5	2018	238.81805	30.05219	16.84	33.739	392.76999	411.24	-18.47001	5.3	-5.305010772
1	4	2002	241.02701	30.05300	NaN	NaN	NaN	NaN	NaN	NaN	-0.6
11	1	2003	241.024	30.05300	NaN	NaN	NaN	NaN	NaN	NaN	8.3
11	1	2003	241.024	30.053	20.19	33.445	412.54999	374.88	37.66999	1.40001	8.297124975
1	4	2002	241.02701	30.053	16.67	33.603	372.97	375.02	-2.05	1.55	-0.597433547
24	7	1998	243.34	30.05400	NaN	NaN	NaN	NaN	NaN	NaN	3.41
22	5	2002	241.795	30.05400	NaN	NaN	NaN	NaN	NaN	NaN	-3.53
11	10	2002	242.27899	30.05400	NaN	NaN	NaN	NaN	NaN	NaN	1.47
23	10	2002	243.556	30.05400	NaN	NaN	NaN	NaN	NaN	NaN	4.85
23	10	2002	243.556	30.054	21.27	33.48	394.48001	370.55	23.93001	1.54001	4.847779005
24	7	1998	243.34	30.054	19.77	33.19	382.76999	367.82	14.94999	5.42	3.406634377
11	10	2002	242.27899	30.054	21.42	33.56	377.89001	370.55	7.34001	4.33	1.469391186
22	5	2002	241.795	30.054	16.95	33.257	363.38	375.76	-12.38	7.18001	-3.532173321
12	5	2016	242.47	30.0551	17.4214	33.3455	401.62	398.23999	3.38001	6.35	0.927749253
22	5	2002	241.79599	30.05600	NaN	NaN	NaN	NaN	NaN	NaN	-3.55
22	5	2002	241.79599	30.056	16.95	33.257	363.31	375.76	-12.45	4	-3.552145221
22	5	2002	241.79599	30.05700	NaN	NaN	NaN	NaN	NaN	NaN	-3.6
22	5	2002	241.79599	30.057	16.95	33.257	363.13	375.76	-12.63	3.12	-3.603501538
22	5	2002	241.797	30.05900	NaN	NaN	NaN	NaN	NaN	NaN	-3.56
11	10	2002	242.27499	30.05900	NaN	NaN	NaN	NaN	NaN	NaN	1.44
11	10	2002	242.27499	30.059	21.42	33.56	377.73001	370.55	7.18001	7.62	1.437360904
22	5	2002	241.797	30.059	16.95	33.258	363.28	375.76	-12.48	3	-3.560687626
12	5	2016	242.4617	30.0594	17.4576	33.3432	401.67999	398.22	3.45999	5.55	0.946935548
22	5	2002	241.797	30.06000	NaN	NaN	NaN	NaN	NaN	NaN	-3.59
22	5	2002	241.797	30.06	16.95	33.258	363.17999	375.76	-12.58001	5.42	-3.589221629
22	5	2002	241.798	30.06200	NaN	NaN	NaN	NaN	NaN	NaN	-3.55
22	5	2002	241.798	30.062	16.95	33.258	363.32001	375.76	-12.43999	6.22	-3.549272312
3	2	2016	-116.7559	30.06283	NaN	NaN	NaN	NaN	NaN	NaN	-7.65
3	2	2016	-116.7559	30.06283333	17.36	33.538	376.3005215	404.07	-27.7694785	3.575	-7.653173339
22	5	2002	241.798	30.06300	NaN	NaN	NaN	NaN	NaN	NaN	-3.51
8	7	2002	241.858	30.06300	NaN	NaN	NaN	NaN	NaN	NaN	-7.26
22	5	2002	241.798	30.063	16.95	33.258	363.47	375.76	-12.29	4.25	-3.506478439
8	7	2002	241.858	30.063	16.62	33.46	349.22	374.01	-24.79	0.90001	-7.259172342
12	5	2016	242.4534	30.0637	17.4868	33.3441	402.09	398.26001	3.82999	2.375	1.045721396
22	5	2002	241.79901	30.06500	NaN	NaN	NaN	NaN	NaN	NaN	-3.57
22	5	2002	241.79901	30.065	16.94	33.259	363.26001	375.76	-12.49999	2.08	-3.569282132
1	4	2002	241.034	30.06600	NaN	NaN	NaN	NaN	NaN	NaN	-0.6
11	1	2003	241.02899	30.06600	NaN	NaN	NaN	NaN	NaN	NaN	8.32
11	1	2003	241.02899	30.066	20.2	33.443	412.70001	374.88	37.82001	0.81999	8.32376492
1	4	2002	241.034	30.066	16.66	33.602	372.95001	375.02	-2.06999	3.33	-0.603756118
12	5	2016	242.44521	30.0679	17.5578	33.4102	401.94	398.26001	3.67999	3.825	0.998705366
12	5	2016	242.437	30.0721	17.5149	33.4509	401.10001	398.22	2.88001	4.975	0.784161899
3	2	2016	-116.75905	30.07417	NaN	NaN	NaN	NaN	NaN	NaN	-7.6
3	2	2016	-116.75905	30.07416667	17.37	33.541	376.4526573	404.07	-27.6173427	4.675	-7.604975666
12	5	2016	242.4286	30.0761	17.4782	33.4531	400.66	398.28	2.38	4.65	0.64993864
11	1	2003	241.035	30.07800	NaN	NaN	NaN	NaN	NaN	NaN	8.29
11	1	2003	241.035	30.078	20.19	33.44	412.5	374.88	37.62	3.07001	8.286307002
8	7	2002	241.867	30.07900	NaN	NaN	NaN	NaN	NaN	NaN	-7.32
8	7	2002	241.867	30.079	16.58	33.44	349.09	374.01	-24.92	3.64	-7.321896495
2	4	1993	240.955	30.08	16.411	33.145	349.41	359.27	-9.86	7.73	-2.941641298
12	5	2016	242.4203	30.0802	17.5179	33.4517	401.17001	398.23999	2.93002	5.9	0.797582112
1	4	2002	241.041	30.08200	NaN	NaN	NaN	NaN	NaN	NaN	-0.56
1	4	2002	241.041	30.082	16.66	33.601	373.09	375.02	-1.93	3.7	-0.56292778
18	3	1993	242.589	30.083	16.261	32.9	331.51999	358.47	-26.95001	6.45	-8.14971341
12	5	2016	242.412	30.0842	17.5367	33.4667	401.04001	398.20001	2.84	6.3	0.771849514
3	2	2016	-116.7623333	30.08507	NaN	NaN	NaN	NaN	NaN	NaN	-7.62
3	2	2016	-116.7623333	30.08506667	17.33	33.521	376.4829111	404.07	-27.5870889	5.25	-7.622022183
23	5	2018	238.77675	30.08536	NaN	NaN	NaN	NaN	NaN	NaN	-5.51
23	5	2018	238.77675	30.08536	17.09	33.802	391.64001	411.24	-19.59999	4.825	-5.514413062
12	5	2016	242.40359	30.0881	17.617	33.4734	401.42999	398.14001	3.28998	5.875	0.888338667
11	10	2002	242.256	30.08900	NaN	NaN	NaN	NaN	NaN	NaN	2.39
3	2	2003	242.38	30.08900	NaN	NaN	NaN	NaN	NaN	NaN	-4.73
11	10	2002	242.256	30.089	21.73	33.56	382.79999	370.55	12.24999	6.37	2.394818287
11	1	2003	241.041	30.09000	NaN	NaN	NaN	NaN	NaN	NaN	8.25
11	1	2003	241.041	30.09	20.2	33.438	412.38	374.88	37.5	3.75	8.253526223
12	5	2016	242.39529	30.0919	17.5783	33.449	400.67001	398.20999	2.46002	7.875	0.666393236
11	10	2002	242.25299	30.09400	NaN	NaN	NaN	NaN	NaN	NaN	2.33
3	2	2003	242.38	30.09400	NaN	NaN	NaN	NaN	NaN	NaN	-4.67
11	10	2002	242.25299	30.094	21.75	33.56	382.5	370.55	11.95	5.25	2.332605024
8	7	2002	241.87399	30.09500	NaN	NaN	NaN	NaN	NaN	NaN	-7.04
8	7	2002	241.87399	30.095	16.6	33.41	350	374.01	-24.01	5.40001	-7.043980916
12	5	2016	242.3871	30.0958	17.5953	33.436	400.67001	398.20001	2.47	7.5	0.668220491
1	4	2002	241.048	30.09600	NaN	NaN	NaN	NaN	NaN	NaN	-0.6
11	10	2002	242.25101	30.09600	NaN	NaN	NaN	NaN	NaN	NaN	2.31
11	10	2002	242.25101	30.096	21.76	33.56	382.39999	370.55	11.84999	6.25	2.311317332
1	4	2002	241.048	30.096	16.66	33.601	372.95999	375.02	-2.06001	2.75	-0.600848112
3	2	2016	-116.7655833	30.09637	NaN	NaN	NaN	NaN	NaN	NaN	-7.68
3	2	2016	-116.7655833	30.09636667	17.25	33.51	376.4512454	404.07	-27.6187546	5.725	-7.680825721
3	2	2003	242.381	30.09900	NaN	NaN	NaN	NaN	NaN	NaN	-4.68
12	5	2016	242.37891	30.0997	17.6593	33.4467	400.92001	398.13	2.79001	3.625	0.750869537
11	10	2002	242.24701	30.10200	NaN	NaN	NaN	NaN	NaN	NaN	2.35
11	1	2003	241.047	30.10200	NaN	NaN	NaN	NaN	NaN	NaN	8.13
11	1	2003	241.047	30.102	20.18	33.441	411.75	374.88	36.87	2	8.127395416
11	10	2002	242.24701	30.102	21.77	33.56	382.63	370.55	12.08	6.7	2.354381595
12	5	2016	242.37061	30.1037	17.5179	33.4006	399.98999	398.25	1.73999	4.1	0.473758457
3	2	2003	242.382	30.10400	NaN	NaN	NaN	NaN	NaN	NaN	-4.7
11	10	2002	242.244	30.10700	NaN	NaN	NaN	NaN	NaN	NaN	2.24
11	10	2002	242.244	30.107	21.74	33.57	382.01001	370.55	11.46001	5.15001	2.238567022
3	2	2016	-116.7689	30.10732	NaN	NaN	NaN	NaN	NaN	NaN	-7.91
3	2	2016	-116.7689	30.10731667	17.22	33.506	375.7038271	404.07	-28.3661729	5.525	-7.908060873
12	5	2016	242.3623	30.1078	17.4102	33.3519	400.14999	398.29001	1.85998	5.65	0.510976958
3	2	2003	242.382	30.10800	NaN	NaN	NaN	NaN	NaN	NaN	-4.92
1	4	2002	241.054	30.11000	NaN	NaN	NaN	NaN	NaN	NaN	-0.55
8	7	2002	241.883	30.11000	NaN	NaN	NaN	NaN	NaN	NaN	-6.57
1	4	2002	241.054	30.11	16.66	33.601	373.13	375.02	-1.89	2.32001	-0.551260883
8	7	2002	241.883	30.11	16.67	33.43	351.48001	374.01	-22.52999	4.95	-6.571368169
12	5	2016	242.3541	30.1118	17.3025	33.324	398.79001	398.39001	0.4	3.2	0.110866208
21	6	2018	238.78738	30.11195	NaN	NaN	NaN	NaN	NaN	NaN	18.52
21	6	2018	238.78738	30.11195	16.89	33.617	475.4846301	410.79	64.6946301	1.775	18.51690464
11	10	2002	242.241	30.11200	NaN	NaN	NaN	NaN	NaN	NaN	2.3
11	10	2002	242.241	30.112	21.76	33.56	382.32999	370.55	11.77999	2.32001	2.297663969
3	2	2003	242.383	30.11300	NaN	NaN	NaN	NaN	NaN	NaN	-4.87
24	7	1998	243.32401	30.11400	NaN	NaN	NaN	NaN	NaN	NaN	4.46
23	10	2002	243.54001	30.11400	NaN	NaN	NaN	NaN	NaN	NaN	5.4
11	1	2003	241.05301	30.11400	NaN	NaN	NaN	NaN	NaN	NaN	8.01
11	1	2003	241.05301	30.114	20.17	33.45	411.17001	374.88	36.29001	1.3	8.005440638
23	10	2002	243.54001	30.114	21.39	33.48	397.44	370.55	26.89	3.52	5.397475755
24	7	1998	243.32401	30.114	19.99	33.18	387.70999	367.82	19.88999	8.19	4.455250076
12	5	2016	242.3459	30.1159	17.2784	33.3195	398.72	398.32999	0.39001	4.65	0.108311072
11	10	2002	242.237	30.11800	NaN	NaN	NaN	NaN	NaN	NaN	2.26
3	2	2003	242.384	30.11800	NaN	NaN	NaN	NaN	NaN	NaN	-4.74
11	10	2002	242.237	30.118	21.77	33.56	382.17001	370.55	11.62001	3.62	2.26472994
3	2	2016	-116.77215	30.11863	NaN	NaN	NaN	NaN	NaN	NaN	-7.88
3	2	2016	-116.77215	30.11863333	17.23	33.505	375.7812838	404.07	-28.2887162	5.45	-7.880107094
23	5	2018	238.73485	30.11917	NaN	NaN	NaN	NaN	NaN	NaN	-5.45
23	5	2018	238.73485	30.11917	17.15	33.806	391.76001	411.24	-19.47999	5.225	-5.453886776
12	5	2016	242.3365	30.1207	17.3033	33.3357	400.06	398.32999	1.73001	5.975	0.47944134
3	2	2003	242.384	30.12200	NaN	NaN	NaN	NaN	NaN	NaN	-4.87
1	4	2002	241.06	30.12300	NaN	NaN	NaN	NaN	NaN	NaN	-0.55
11	10	2002	242.23401	30.12300	NaN	NaN	NaN	NaN	NaN	NaN	2.25
11	10	2002	242.23401	30.123	21.76	33.56	382.07001	370.55	11.52001	4.62	2.246955379
1	4	2002	241.06	30.123	16.66	33.602	373.14001	375.02	-1.87999	3.27	-0.548338622
12	5	2016	242.3284	30.1248	17.2675	33.3316	399.70001	398.41	1.29001	3.325	0.358549482
11	1	2003	241.05899	30.12700	NaN	NaN	NaN	NaN	NaN	NaN	8
3	2	2003	242.38501	30.12700	NaN	NaN	NaN	NaN	NaN	NaN	-4.74
11	1	2003	241.05899	30.127	20.16	33.453	411.14001	374.88	36.26001	1.77	8.004941085
24	7	1998	243.32001	30.12800	NaN	NaN	NaN	NaN	NaN	NaN	4.59
11	10	2002	242.23001	30.12800	NaN	NaN	NaN	NaN	NaN	NaN	2.19
24	7	1998	243.32001	30.128	20.05	33.18	388.42999	367.82	20.60999	8.87	4.594967704
11	10	2002	242.23001	30.128	21.74	33.57	381.75	370.55	11.2	3.95	2.187777379
12	5	2016	242.32021	30.1289	17.2473	33.3147	398.48999	398.37	0.11999	3.4	0.033407782
23	10	2002	243.53299	30.12900	NaN	NaN	NaN	NaN	NaN	NaN	5.27
23	10	2002	243.53299	30.129	21.34	33.56	396.70001	370.55	26.15001	4.17	5.267174066
3	2	2016	-116.7751333	30.12967	NaN	NaN	NaN	NaN	NaN	NaN	-6.95
3	2	2016	-116.7751333	30.12966667	17.27	33.488	379.0308558	404.07	-25.0391442	6.625	-6.952872272
11	10	2002	242.229	30.13100	NaN	NaN	NaN	NaN	NaN	NaN	2.19
11	10	2002	242.229	30.131	21.74	33.56	381.75	370.55	11.2	3	2.187877845
3	2	2003	242.38501	30.13200	NaN	NaN	NaN	NaN	NaN	NaN	-4.78
12	5	2016	242.312	30.1329	17.2904	33.306	398.70999	398.39001	0.31998	3.225	0.088782067
11	10	2002	242.22501	30.13600	NaN	NaN	NaN	NaN	NaN	NaN	2.23
3	2	2003	242.386	30.13600	NaN	NaN	NaN	NaN	NaN	NaN	-4.48
11	10	2002	242.22501	30.136	21.73	33.57	381.97	370.55	11.42	5.25	2.232456426
12	5	2016	242.3038	30.1368	17.3544	33.3014	399.67001	398.39001	1.28	5.45	0.353320947
1	4	2002	241.06601	30.13700	NaN	NaN	NaN	NaN	NaN	NaN	-0.58
1	4	2002	241.06601	30.137	16.65	33.6	373.01999	375.02	-2.00001	4.65001	-0.583828307
21	6	2018	238.73915	30.13838	NaN	NaN	NaN	NaN	NaN	NaN	18.34
21	6	2018	238.73915	30.13838	16.87	33.612	474.7471496	410.79	63.9571496	3.775	18.33615228
6	5	2016	243.30299	30.1386	17.6579	33.3988	403.79999	396.95999	6.84	4.975	1.841461099
11	1	2003	241.065	30.13900	NaN	NaN	NaN	NaN	NaN	NaN	7.99
11	1	2003	241.065	30.139	20.16	33.454	411.07001	374.88	36.19001	2.3	7.989450359
3	2	2003	242.38699	30.14100	NaN	NaN	NaN	NaN	NaN	NaN	-4.38
12	5	2016	242.29559	30.141	17.4015	33.3019	400.70999	398.34	2.36999	7.5	0.651701297
3	2	2016	-116.77805	30.14113	NaN	NaN	NaN	NaN	NaN	NaN	-6.73
3	2	2016	-116.77805	30.14113333	17.21	33.474	379.9566231	404.07	-24.1133769	4.75	-6.728928994
11	10	2002	242.222	30.14200	NaN	NaN	NaN	NaN	NaN	NaN	2.2
11	10	2002	242.222	30.142	21.72	33.56	381.81	370.55	11.26	6.15001	2.202962189
23	10	2002	243.526	30.14500	NaN	NaN	NaN	NaN	NaN	NaN	5.08
23	10	2002	243.526	30.145	21.28	33.54	395.66	370.55	25.11	4.82001	5.081512149
12	5	2016	242.28729	30.1451	17.4218	33.3043	400.97	398.34	2.63	2.35	0.7220036
24	7	1998	243.31599	30.14600	NaN	NaN	NaN	NaN	NaN	NaN	4.78
3	2	2003	242.38699	30.14600	NaN	NaN	NaN	NaN	NaN	NaN	-4.42
24	7	1998	243.31599	30.146	20.1	33.17	389.35001	367.82	21.53001	4.87	4.781633704
11	10	2002	242.218	30.14700	NaN	NaN	NaN	NaN	NaN	NaN	2.19
11	10	2002	242.218	30.147	21.72	33.56	381.75	370.55	11.2	3.65001	2.191223491
6	5	2016	243.3007	30.1471	17.6954	33.3972	404.69	396.97	7.72	3.825	2.072117034
12	5	2016	242.27901	30.1492	17.4444	33.3056	401.51001	398.32999	3.18002	0.65	0.871398277
3	2	2003	242.388	30.15000	NaN	NaN	NaN	NaN	NaN	NaN	-4.24
1	4	2002	241.07199	30.15100	NaN	NaN	NaN	NaN	NaN	NaN	-0.61
11	1	2003	241.071	30.15100	NaN	NaN	NaN	NaN	NaN	NaN	7.92
11	1	2003	241.071	30.151	20.17	33.453	410.79001	374.88	35.91001	1.90001	7.921503487
1	4	2002	241.07199	30.151	16.65	33.599	372.94	375.02	-2.08	4.58	-0.607181305
11	10	2002	242.215	30.15200	NaN	NaN	NaN	NaN	NaN	NaN	2.32
11	10	2002	242.215	30.152	21.71	33.56	382.39999	370.55	11.84999	4.2	2.320162988
3	2	2016	-116.7809	30.15222	NaN	NaN	NaN	NaN	NaN	NaN	-6.61
3	2	2016	-116.7809	30.15221667	17.26	33.474	380.2712559	404.07	-23.7987441	5.6	-6.614240377
23	5	2018	238.69301	30.15317	NaN	NaN	NaN	NaN	NaN	NaN	-5.53
23	5	2018	238.69301	30.15317	17.2	33.823	391.42001	411.24	-19.81999	2.9	-5.526145761
12	5	2016	242.27071	30.1535	17.422	33.3118	401.26001	398.26999	2.99002	2.775	0.820795937
8	7	2002	241.89499	30.15400	NaN	NaN	NaN	NaN	NaN	NaN	-7.16
8	7	2002	241.89499	30.154	16.77	33.49	349.26001	374.01	-24.74999	5.17	-7.158028007
3	2	2003	242.388	30.15500	NaN	NaN	NaN	NaN	NaN	NaN	-4.5
6	5	2016	243.29849	30.1557	17.688	33.397	404.10999	396.98999	7.12	2.375	1.912213501
12	5	2016	242.2626	30.1578	17.4553	33.3241	401.20001	398.29999	2.90002	4.725	0.793901769
11	10	2002	242.211	30.15800	NaN	NaN	NaN	NaN	NaN	NaN	2.17
11	10	2002	242.211	30.158	21.67	33.56	381.59	370.55	11.04	3.35001	2.168190264
23	10	2002	243.53101	30.16000	NaN	NaN	NaN	NaN	NaN	NaN	4.88
3	2	2003	242.38901	30.16000	NaN	NaN	NaN	NaN	NaN	NaN	-4.61
23	10	2002	243.53101	30.16	21.26	33.54	394.64001	370.55	24.09001	4.55	4.882591094
24	7	1998	243.312	30.16100	NaN	NaN	NaN	NaN	NaN	NaN	4.89
24	7	1998	243.312	30.161	20.17	33.19	389.95001	367.82	22.13001	6.64	4.887706629
12	5	2016	242.25459	30.1623	17.4747	33.3329	400.72	398.29001	2.42999	3.2	0.664157054
11	10	2002	242.20801	30.16300	NaN	NaN	NaN	NaN	NaN	NaN	2.21
11	10	2002	242.20801	30.163	21.69	33.55	381.81	370.55	11.26	5.12	2.208120048
3	2	2016	-116.7839	30.16365	NaN	NaN	NaN	NaN	NaN	NaN	-6.16
3	2	2016	-116.7839	30.16365	17.3	33.466	381.8388946	404.07	-22.2311054	5.3	-6.158783008
3	2	2003	242.38901	30.16400	NaN	NaN	NaN	NaN	NaN	NaN	-4.44
6	5	2016	243.2963	30.1643	17.6986	33.3987	404.64999	396.95999	7.69	5.55	2.063517908
21	6	2018	238.69075	30.16456	NaN	NaN	NaN	NaN	NaN	NaN	18.07
21	6	2018	238.69075	30.16456	16.86	33.615	473.7576838	410.79	62.9676838	3.05	18.0669559
1	4	2002	241.078	30.16500	NaN	NaN	NaN	NaN	NaN	NaN	-0.57
11	1	2003	241.077	30.16500	NaN	NaN	NaN	NaN	NaN	NaN	7.93
11	1	2003	241.077	30.165	20.17	33.453	410.82999	374.88	35.94999	1.03	7.930322803
1	4	2002	241.078	30.165	16.65	33.6	373.06	375.02	-1.96	6.08	-0.57214888
12	5	2016	242.24651	30.1668	17.4658	33.3339	400.32001	398.32999	1.99002	1.4	0.54429484
11	10	2002	242.205	30.16800	NaN	NaN	NaN	NaN	NaN	NaN	2.16
11	10	2002	242.205	30.168	21.69	33.55	381.54999	370.55	10.99999	5.22	2.157131301
3	2	2003	242.39	30.16900	NaN	NaN	NaN	NaN	NaN	NaN	-4.99
11	10	2002	242.203	30.17100	NaN	NaN	NaN	NaN	NaN	NaN	2.22
11	10	2002	242.203	30.171	21.69	33.55	381.88	370.55	11.33	3.05	2.22184726
12	5	2016	242.2383	30.1711	17.4259	33.3453	397.79999	398.31	-0.51001	0.025	-0.139937335
6	5	2016	243.2941	30.1729	17.6792	33.3992	404.41	397	7.41	6.35	1.991489825
3	2	2003	242.39099	30.17400	NaN	NaN	NaN	NaN	NaN	NaN	-5.16
3	2	2016	-116.7868667	30.17463	NaN	NaN	NaN	NaN	NaN	NaN	-5.94
3	2	2016	-116.7868667	30.17463333	17.26	33.451	382.7046265	404.07	-21.3653735	5.475	-5.93859839
12	5	2016	242.2301	30.1754	17.4859	33.3483	396.72	398.26999	-1.54999	2	-0.423223897
8	7	2002	241.892	30.17600	NaN	NaN	NaN	NaN	NaN	NaN	-7.51
8	7	2002	241.892	30.176	16.68	33.48	348.23999	374.01	-25.77001	5.47	-7.508447946
11	1	2003	241.08301	30.17700	NaN	NaN	NaN	NaN	NaN	NaN	7.91
11	1	2003	241.08301	30.177	20.16	33.455	410.70999	374.88	35.82999	2.97	7.909934109
1	4	2002	241.08499	30.17800	NaN	NaN	NaN	NaN	NaN	NaN	-0.54
3	2	2003	242.39099	30.17800	NaN	NaN	NaN	NaN	NaN	NaN	-5.13
1	4	2002	241.08499	30.178	16.67	33.602	373.16	375.02	-1.86	6.15001	-0.542064248
12	5	2016	242.22189	30.1797	17.5097	33.3405	397.59	398.22	-0.63	5	-0.17169692
6	5	2016	243.2919	30.1816	17.6685	33.4021	404.48999	397.01001	7.47998	5.375	2.012004445
3	2	2003	242.39099	30.18300	NaN	NaN	NaN	NaN	NaN	NaN	-5.29
12	5	2016	242.2137	30.1839	17.4626	33.3294	399.20001	398.26001	0.94	7.75	0.257173549
8	7	2002	241.899	30.18400	NaN	NaN	NaN	NaN	NaN	NaN	-7.61
8	7	2002	241.899	30.184	16.66	33.47	347.94	374.01	-26.07	4.95	-7.608662317
3	2	2016	-116.7900167	30.18597	NaN	NaN	NaN	NaN	NaN	NaN	-6.1
3	2	2016	-116.7900167	30.18596667	17.25	33.448	382.1481391	404.07	-21.9218609	6.85	-6.098308301
23	5	2018	238.65137	30.18704	NaN	NaN	NaN	NaN	NaN	NaN	-5.62
23	5	2018	238.65137	30.18704	17.23	33.834	391.03	411.24	-20.21	1.225	-5.620890591
3	2	2003	242.392	30.18800	NaN	NaN	NaN	NaN	NaN	NaN	-5.08
12	5	2016	242.20551	30.1882	17.4091	33.3182	399.73999	398.23999	1.5	4.35	0.412185331
11	1	2003	241.08899	30.18900	NaN	NaN	NaN	NaN	NaN	NaN	7.88
11	1	2003	241.08899	30.189	20.16	33.459	410.59	374.88	35.71	1.7	7.883298035
6	5	2016	243.2896	30.1903	17.6837	33.4051	405.23001	397.04999	8.18002	2.95	2.197579395
21	6	2018	238.64302	30.19134	NaN	NaN	NaN	NaN	NaN	NaN	17.86
21	6	2018	238.64302	30.19134	16.83	33.612	472.8977112	410.79	62.1077112	3.175	17.86415457
1	4	2002	241.091	30.19200	NaN	NaN	NaN	NaN	NaN	NaN	-0.5
3	2	2003	242.39301	30.19200	NaN	NaN	NaN	NaN	NaN	NaN	-4.87
1	4	2002	241.091	30.192	16.66	33.601	373.29999	375.02	-1.72001	4.85001	-0.501679488
12	5	2016	242.1973	30.1924	17.4255	33.3173	400.29999	398.23001	2.06998	6.6	0.568058296
8	7	2002	241.905	30.19400	NaN	NaN	NaN	NaN	NaN	NaN	-8.03
8	7	2002	241.905	30.194	16.61	33.47	346.60999	374.01	-27.40001	4.35001	-8.029644403
12	5	2016	242.189	30.1966	17.4456	33.321	400.32999	398.23999	2.09	4.65	0.572610349
3	2	2003	242.39301	30.19700	NaN	NaN	NaN	NaN	NaN	NaN	-4.91
3	2	2016	-116.79365	30.19838	NaN	NaN	NaN	NaN	NaN	NaN	-6.12
3	2	2016	-116.79365	30.19838333	17.26	33.441	382.06009	404.07	-22.00991	7.6	-6.118041232
6	5	2016	243.2874	30.199	17.7992	33.4051	405.91	396.98001	8.92999	6.825	2.376850049
12	5	2016	242.1806	30.2008	17.4664	33.3289	399.95001	398.26001	1.69	4.3	0.462224251
11	1	2003	241.095	30.20100	NaN	NaN	NaN	NaN	NaN	NaN	7.81
3	2	2003	242.394	30.20100	NaN	NaN	NaN	NaN	NaN	NaN	-5.51
11	1	2003	241.095	30.201	20.16	33.47	410.26999	374.88	35.38999	4.5	7.812253128
12	5	2016	242.1723	30.205	17.3527	33.3156	398.62	398.32001	0.29999	4.8	0.082812648
1	4	2002	241.097	30.20600	NaN	NaN	NaN	NaN	NaN	NaN	-0.54
3	2	2003	242.394	30.20600	NaN	NaN	NaN	NaN	NaN	NaN	-5.36
1	4	2002	241.097	30.206	16.66	33.605	373.17001	375.02	-1.84999	4.55	-0.539580754
6	5	2016	243.28529	30.2076	17.786	33.404	405.69	397.03	8.66	7.15	2.307449804
12	5	2016	242.16389	30.2091	17.2978	33.2972	397.88	398.35999	-0.47999	5.175	-0.133104345
3	2	2016	-116.7968	30.20935	NaN	NaN	NaN	NaN	NaN	NaN	-6.34
3	2	2016	-116.7968	30.20935	17.23	33.445	381.3072434	404.07	-22.7627566	5.55	-6.342606367
3	2	2003	242.39499	30.21100	NaN	NaN	NaN	NaN	NaN	NaN	-5.14
11	1	2003	241.101	30.21300	NaN	NaN	NaN	NaN	NaN	NaN	7.81
11	1	2003	241.101	30.213	20.15	33.48	410.25	374.88	35.37	1.5	7.813558825
12	5	2016	242.1555	30.2133	17.2828	33.296	399.32999	398.37	0.95999	2.575	0.266536949
3	2	2003	242.39499	30.21500	NaN	NaN	NaN	NaN	NaN	NaN	-5.13
6	5	2016	243.2831	30.2163	17.7491	33.4001	405.34	397.07001	8.26999	4.35	2.210127831
12	5	2016	242.147	30.2176	17.3037	33.2873	399.17001	398.35001	0.82	2.75	0.227293296
21	6	2018	238.59628	30.21902	NaN	NaN	NaN	NaN	NaN	NaN	17.8
21	6	2018	238.59628	30.21902	16.85	33.606	472.7849788	410.79	61.9949788	0.55	17.8031507
1	4	2002	241.104	30.22000	NaN	NaN	NaN	NaN	NaN	NaN	-0.54
1	4	2002	241.104	30.22	16.68	33.61	373.16	375.02	-1.86	4.60001	-0.541600105
3	2	2016	-116.8002333	30.22067	NaN	NaN	NaN	NaN	NaN	NaN	-6.52
3	2	2016	-116.8002333	30.22066667	17.2	33.441	380.7110824	404.07	-23.3589176	5.925	-6.524712949
23	5	2018	238.60995	30.22071	NaN	NaN	NaN	NaN	NaN	NaN	-5.55
23	5	2018	238.60995	30.22071	17.22	33.834	391.29999	411.24	-19.94001	1.275	-5.550301618
24	7	1998	243.295	30.22200	NaN	NaN	NaN	NaN	NaN	NaN	5.84
24	7	1998	243.295	30.222	20.4	33.21	394.72	367.82	26.9	2.45	5.835383396
12	5	2016	242.1376	30.2224	17.3343	33.2862	398.60001	398.35001	0.25	8.275	0.069125457
17	10	2000	243.52901	30.22300	NaN	NaN	NaN	NaN	NaN	NaN	4.28
23	10	2002	243.51599	30.22300	NaN	NaN	NaN	NaN	NaN	NaN	4.4
23	10	2002	243.51599	30.223	21.2	33.54	392.14999	370.55	21.59999	3.35001	4.398141726
17	10	2000	243.52901	30.223	19.43	33.69	386.78	368.45	18.33	5.87	4.27970711
6	5	2016	243.28011	30.2248	17.7943	33.4042	406.32001	397.04999	9.27002	5	2.468337621
11	1	2003	241.106	30.22600	NaN	NaN	NaN	NaN	NaN	NaN	7.76
11	1	2003	241.106	30.226	20.11	33.493	409.89999	374.88	35.01999	2.33	7.759909717
12	5	2016	242.12939	30.2265	17.3378	33.2905	397.57001	398.37	-0.79999	2.3	-0.221131454
3	2	2016	-116.8034333	30.23172	NaN	NaN	NaN	NaN	NaN	NaN	-7.08
3	2	2016	-116.8034333	30.23171667	17.14	33.444	378.8504232	404.07	-25.2195768	8.75	-7.078753338
1	4	2002	241.11	30.23300	NaN	NaN	NaN	NaN	NaN	NaN	-0.56
8	7	2002	241.927	30.23300	NaN	NaN	NaN	NaN	NaN	NaN	-8.15
1	4	2002	241.11	30.233	16.71	33.618	373.07999	375.02	-1.94001	4.13	-0.563491324
8	7	2002	241.927	30.233	16.14	33.36	347.28	374.01	-26.73	3.3	-8.146253912
6	5	2016	243.2771	30.2332	17.8017	33.4104	406.32999	397.10001	9.22998	5.7	2.456141063
24	7	1998	243.291	30.23600	NaN	NaN	NaN	NaN	NaN	NaN	6.25
24	7	1998	243.291	30.236	20.44	33.21	396.72	367.82	28.9	5.02	6.249807728
8	7	2002	241.916	30.23700	NaN	NaN	NaN	NaN	NaN	NaN	-9.48
8	7	2002	241.916	30.237	16.26	33.42	342.60001	374.01	-31.40999	2.32001	-9.475553462
23	10	2002	243.509	30.23800	NaN	NaN	NaN	NaN	NaN	NaN	4.74
11	1	2003	241.112	30.23800	NaN	NaN	NaN	NaN	NaN	NaN	7.81
11	1	2003	241.112	30.238	20.11	33.503	410.12	374.88	35.24	0.39999	7.808297183
23	10	2002	243.509	30.238	21.26	33.54	393.92999	370.55	23.37999	2.14	4.738683419
2	4	1993	241.105	30.238	16.586	33.224	348.54001	359.27	-10.72999	6.88	-3.154349878
17	10	2000	243.524	30.23900	NaN	NaN	NaN	NaN	NaN	NaN	4.27
17	10	2000	243.524	30.239	19.44	33.68	386.76001	368.45	18.31001	5.32001	4.271880847
8	7	2002	241.92	30.24000	NaN	NaN	NaN	NaN	NaN	NaN	-8.48
8	7	2002	241.92	30.24	16.22	33.4	346	374.01	-28.01	2.13	-8.478578322
6	5	2016	243.27409	30.2418	17.8514	33.409	405.75	397.07999	8.67001	4	2.29794198
8	7	2002	241.923	30.24200	NaN	NaN	NaN	NaN	NaN	NaN	-8.31
8	7	2002	241.923	30.242	16.17	33.39	346.67001	374.01	-27.33999	2.47	-8.310358546
3	2	2016	-116.8068167	30.24307	NaN	NaN	NaN	NaN	NaN	NaN	-7.53
3	2	2016	-116.8068167	30.24306667	17.1	33.445	377.320391	404.07	-26.749609	9.875	-7.53262636
1	4	2002	241.116	30.24700	NaN	NaN	NaN	NaN	NaN	NaN	-0.49
1	4	2002	241.116	30.247	16.74	33.621	373.32001	375.02	-1.69999	2.13	-0.49255868
21	6	2018	238.54991	30.24754	NaN	NaN	NaN	NaN	NaN	NaN	17.74
21	6	2018	238.54991	30.24754	16.87	33.621	472.6535197	410.79	61.8635197	2.175	17.73515874
6	5	2016	243.2709	30.2503	17.8373	33.4121	405.32001	397.09	8.23001	2.95	2.183764554
3	2	2016	-116.80995	30.25418	NaN	NaN	NaN	NaN	NaN	NaN	-7.71
3	2	2016	-116.80995	30.25418333	17.05	33.455	376.8076237	404.07	-27.2623763	12.6	-7.707939567
23	5	2018	238.56772	30.25492	NaN	NaN	NaN	NaN	NaN	NaN	-5.41
23	5	2018	238.56772	30.25492	17.26	33.842	391.73999	411.24	-19.50001	1.3	-5.410037286
24	7	1998	243.286	30.25500	NaN	NaN	NaN	NaN	NaN	NaN	6.39
23	10	2002	243.504	30.25500	NaN	NaN	NaN	NaN	NaN	NaN	5.08
24	7	1998	243.286	30.255	20.36	33.23	397.17001	367.82	29.35001	5.72	6.386074773
23	10	2002	243.504	30.255	21.33	33.52	395.76001	370.55	25.21001	1.77	5.082673166
6	5	2016	243.26801	30.2588	17.7744	33.4115	404.31	397.17999	7.13001	8.7	1.901492091
1	4	2002	241.123	30.26000	NaN	NaN	NaN	NaN	NaN	NaN	-0.43
1	4	2002	241.123	30.26	16.74	33.622	373.54999	375.02	-1.47001	2.85001	-0.425921756
3	2	2016	-116.8133833	30.26563	NaN	NaN	NaN	NaN	NaN	NaN	-8.08
3	2	2016	-116.8133833	30.26563333	17.03	33.474	375.5353942	404.07	-28.5346058	7.2	-8.080049766
6	5	2016	243.2648	30.2672	17.7789	33.4112	405.07999	397.23001	7.84998	6.475	2.092744726
24	7	1998	243.282	30.26900	NaN	NaN	NaN	NaN	NaN	NaN	6.48
8	7	2002	241.93399	30.26900	NaN	NaN	NaN	NaN	NaN	NaN	-7.94
8	7	2002	241.94	30.26900	NaN	NaN	NaN	NaN	NaN	NaN	-8
23	10	2002	243.49701	30.26900	NaN	NaN	NaN	NaN	NaN	NaN	4.87
24	7	1998	243.282	30.269	20.3	33.22	397.45001	367.82	29.63001	5.82001	6.477425985
23	10	2002	243.49701	30.269	21.27	33.57	394.62	370.55	24.07	3.3	4.874115505
8	7	2002	241.93399	30.269	16.08	33.36	348.10001	374.01	-25.90999	5.32001	-7.935566444
8	7	2002	241.94	30.269	16.07	33.35	347.92001	374.01	-26.08999	3.82001	-7.997684329
8	7	2002	241.942	30.27100	NaN	NaN	NaN	NaN	NaN	NaN	-7.89
8	7	2002	241.942	30.271	16.05	33.36	348.29999	374.01	-25.71001	2.32001	-7.893862355
1	4	2002	241.129	30.27400	NaN	NaN	NaN	NaN	NaN	NaN	-0.4
8	7	2002	241.94501	30.27400	NaN	NaN	NaN	NaN	NaN	NaN	-8.42
1	4	2002	241.129	30.274	16.75	33.62	373.64001	375.02	-1.37999	4.47	-0.39951638
8	7	2002	241.94501	30.274	15.93	33.38	346.84	374.01	-27.17	3.62	-8.424551682
18	3	1993	242.51401	30.274	15.95	32.9	335.89001	358.47	-22.57999	7.18001	-7.005885966
6	5	2016	243.26151	30.2754	17.7654	33.4097	404.17001	397.22	6.95001	6.7	1.854847222
21	6	2018	238.50317	30.27582	NaN	NaN	NaN	NaN	NaN	NaN	17.88
21	6	2018	238.50317	30.27582	16.89	33.617	473.2539108	410.79	62.4639108	3	17.8784279
3	2	2016	-116.8168167	30.27682	NaN	NaN	NaN	NaN	NaN	NaN	-8.01
3	2	2016	-116.8168167	30.27681667	17.09	33.492	375.6487802	404.07	-28.4212198	3.35	-8.00806523
6	5	2016	243.25819	30.2838	17.7578	33.4162	404	397.23999	6.76001	5.7	1.80518778
3	2	2016	-116.82025	30.28835	NaN	NaN	NaN	NaN	NaN	NaN	-7.96
3	2	2016	-116.82025	30.28835	17.16	33.51	375.6573926	404.07	-28.4126074	4.45	-7.959538117
23	5	2018	238.52551	30.28868	NaN	NaN	NaN	NaN	NaN	NaN	-5.42
23	5	2018	238.52551	30.28868	17.28	33.843	391.69	411.24	-19.55	0.05	-5.4150917
1	4	2002	241.136	30.28900	NaN	NaN	NaN	NaN	NaN	NaN	-0.45
1	4	2002	241.136	30.289	16.75	33.615	373.45001	375.02	-1.56999	5.78	-0.454533512
6	5	2016	243.255	30.2921	17.7552	33.4202	403.16	397.26001	5.89999	6.4	1.575828662
3	2	2016	-116.8239	30.29942	NaN	NaN	NaN	NaN	NaN	NaN	-7.6
3	2	2016	-116.8239	30.29941667	17.23	33.502	376.7919376	404.07	-27.2780624	4.25	-7.598687788
17	10	2000	243.504	30.30100	NaN	NaN	NaN	NaN	NaN	NaN	4.38
17	10	2000	243.504	30.301	19.42	33.68	387.19	368.45	18.74	4.29001	4.379080247
6	5	2016	243.2514	30.3017	17.7342	33.4192	402.47	397.31	5.16	3.95	1.380523729
1	4	2002	241.14301	30.30200	NaN	NaN	NaN	NaN	NaN	NaN	-0.44
1	4	2002	241.14301	30.302	16.76	33.614	373.51001	375.02	-1.50999	4.27	-0.436807602
21	6	2018	238.45461	30.30264	NaN	NaN	NaN	NaN	NaN	NaN	17.86
21	6	2018	238.45461	30.30264	16.95	33.633	473.4980079	410.79	62.7080079	3.575	17.8593465
6	5	2016	243.2484	30.3102	17.5893	33.4141	400.95001	397.39999	3.55002	4.55	0.960968359
3	2	2016	-116.8275	30.31042	NaN	NaN	NaN	NaN	NaN	NaN	-7.52
3	2	2016	-116.8275	30.31041667	17.24	33.503	377.0671021	404.07	-27.0028979	3	-7.515900096
1	4	2002	241.149	30.31600	NaN	NaN	NaN	NaN	NaN	NaN	-0.43
1	4	2002	241.149	30.316	16.76	33.612	373.54001	375.02	-1.47999	2.8	-0.428133337
17	10	2000	243.49899	30.31700	NaN	NaN	NaN	NaN	NaN	NaN	4.44
17	10	2000	243.49899	30.317	19.36	33.67	387.37	368.45	18.92	5.64	4.442262331
8	7	2002	241.95	30.31800	NaN	NaN	NaN	NaN	NaN	NaN	-7.83
23	10	2002	243.479	30.31800	NaN	NaN	NaN	NaN	NaN	NaN	-0.22
23	10	2002	243.479	30.318	19.79	33.61	369.60001	370.55	-0.94999	6.43001	-0.215711171
8	7	2002	241.95	30.318	15.87	33.32	348.89999	374.01	-25.11001	4.55	-7.826870258
6	5	2016	243.2453	30.3186	17.5821	33.4125	401.17001	397.42999	3.74002	3.325	1.012996404
3	2	2016	-116.8313333	30.32172	NaN	NaN	NaN	NaN	NaN	NaN	-7.45
3	2	2016	-116.8313333	30.32171667	17.24	33.506	377.2982037	404.07	-26.7717963	4.525	-7.451469626
23	5	2018	238.48436	30.32317	NaN	NaN	NaN	NaN	NaN	NaN	-5.42
23	5	2018	238.48436	30.32317	17.22	33.82	391.76999	411.24	-19.47001	5.6	-5.419838283
8	7	2002	241.952	30.32400	NaN	NaN	NaN	NaN	NaN	NaN	-8.23
8	7	2002	241.95599	30.32400	NaN	NaN	NaN	NaN	NaN	NaN	-7.67
8	7	2002	241.95599	30.324	15.88	33.31	349.38	374.01	-24.63	4.23	-7.671257686
8	7	2002	241.952	30.324	15.87	33.32	347.62	374.01	-26.39	5.10001	-8.225847227
8	7	2002	241.95401	30.32600	NaN	NaN	NaN	NaN	NaN	NaN	-7.81
8	7	2002	241.95401	30.326	15.87	33.32	348.97	374.01	-25.04	4.83	-7.805047918
6	5	2016	243.24229	30.3271	17.6071	33.4166	400.67999	397.41	3.26999	2.45	0.883884887
21	6	2018	238.4059	30.32878	NaN	NaN	NaN	NaN	NaN	NaN	17.9
21	6	2018	238.4059	30.32878	16.98	33.643	473.7838837	410.79	62.9938837	3.975	17.89611447
1	4	2002	241.15601	30.33000	NaN	NaN	NaN	NaN	NaN	NaN	-0.47
1	4	2002	241.15601	30.33	16.76	33.612	373.38	375.02	-1.64	4.63	-0.474421228
24	7	1998	243.267	30.33100	NaN	NaN	NaN	NaN	NaN	NaN	7.19
24	7	1998	243.267	30.331	20.39	33.25	400.95999	367.82	33.13999	5.7	7.193263825
17	10	2000	243.493	30.33400	NaN	NaN	NaN	NaN	NaN	NaN	4.43
23	10	2002	243.481	30.33400	NaN	NaN	NaN	NaN	NaN	NaN	1.62
17	10	2000	243.493	30.334	19.37	33.67	387.35001	368.45	18.90001	7.17	4.434078903
23	10	2002	243.481	30.334	19.57	33.49	377.56	370.55	7.01	5.55	1.620320184
6	5	2016	243.23911	30.3356	17.5922	33.4228	399.39999	397.41	1.98999	3.85	0.538529622
1	4	2002	241.162	30.34400	NaN	NaN	NaN	NaN	NaN	NaN	-0.48
6	5	2016	243.23599	30.344	17.5714	33.4362	398.42001	397.45001	0.97	5.45	0.262925059
1	4	2002	241.162	30.344	16.73	33.61	373.37	375.02	-1.65	5.82001	-0.478490658
24	7	1998	243.26401	30.34600	NaN	NaN	NaN	NaN	NaN	NaN	7.13
24	7	1998	243.26401	30.346	20.4	33.24	400.70999	367.82	32.88999	7.02	7.133790501
17	10	2000	243.48801	30.35000	NaN	NaN	NaN	NaN	NaN	NaN	4.38
8	7	2002	241.968	30.35000	NaN	NaN	NaN	NaN	NaN	NaN	-6.49
5	6	2007	240.53999	30.35000	NaN	NaN	NaN	NaN	NaN	NaN	0.73
5	6	2007	240.53999	30.35000	NaN	NaN	NaN	NaN	NaN	NaN	0.15
5	6	2007	240.53999	30.35000	NaN	NaN	NaN	NaN	NaN	NaN	-3.99
5	6	2007	240.53999	30.35000	NaN	NaN	NaN	NaN	NaN	NaN	1.25
5	6	2007	240.53999	30.35000	NaN	NaN	NaN	NaN	NaN	NaN	-0.74
5	6	2007	240.53999	30.35	13.7	33.485	389.5	386.1	3.354040527	7.50999	1.254469448
5	6	2007	240.53999	30.35	15.1	33.555	388.3	386.1	2.210516357	3.65001	0.733892345
17	10	2000	243.48801	30.35	19.38	33.67	387.13	368.45	18.68	5.52	4.379016834
5	6	2007	240.53999	30.35	15.1	33.555	386.6	386.1	0.466223145	6.18001	0.154786277
5	6	2007	240.53999	30.35	15.1	33.555	383.9	386.1	-2.233422852	7.48	-0.741497311
5	6	2007	240.53999	30.35	14.9	33.555	374.3	386.1	-11.82741699	6.38	-3.993271797
8	7	2002	241.968	30.35	15.82	33.34	353.26999	374.01	-20.74001	4.33	-6.490962689
8	7	2002	241.96201	30.35100	NaN	NaN	NaN	NaN	NaN	NaN	-8.26
8	7	2002	241.96201	30.351	15.79	33.33	347.67001	374.01	-26.33999	4	-8.264521562
6	5	2016	243.23289	30.3525	17.648	33.4577	398.12	397.42999	0.69001	5.125	0.18586052
8	7	2002	241.97	30.35300	NaN	NaN	NaN	NaN	NaN	NaN	-6.12
8	7	2002	241.97	30.353	15.92	33.29	354.31	374.01	-19.7	3.15001	-6.116047357
21	6	2018	238.35741	30.35502	NaN	NaN	NaN	NaN	NaN	NaN	17.98
21	6	2018	238.35741	30.35502	16.98	33.66	474.0984677	410.79	63.3084677	3.875	17.98402769
1	4	2002	241.16901	30.35700	NaN	NaN	NaN	NaN	NaN	NaN	-0.58
1	4	2002	241.16901	30.357	16.7	33.614	373.01001	375.02	-2.00999	4.52	-0.584306498
23	5	2018	238.44356	30.35743	NaN	NaN	NaN	NaN	NaN	NaN	-5.43
23	5	2018	238.44356	30.35743	17.17	33.804	391.81	411.24	-19.43	4.825	-5.431112878
23	10	2002	243.474	30.36000	NaN	NaN	NaN	NaN	NaN	NaN	1.85
23	10	2002	243.474	30.36	19.3	33.48	378.39999	370.55	7.84999	4.58	1.853488415
6	5	2016	243.2298	30.3609	17.713	33.4686	398.01001	397.42001	0.59	2.025	0.158083324
8	7	2002	241.97299	30.36400	NaN	NaN	NaN	NaN	NaN	NaN	-7.73
8	7	2002	241.97299	30.364	15.86	33.26	349.25	374.01	-24.76	3.95	-7.726399338
24	7	1998	243.25999	30.36500	NaN	NaN	NaN	NaN	NaN	NaN	6.99
24	7	1998	243.25999	30.365	20.39	33.26	400.04001	367.82	32.22001	5.97	6.99325101
6	5	2016	243.2267	30.3694	17.6825	33.4654	397.57001	397.45999	0.11002	3.925	0.029551507
1	4	2002	241.175	30.37100	NaN	NaN	NaN	NaN	NaN	NaN	-0.55
1	4	2002	241.175	30.371	16.7	33.613	373.14001	375.02	-1.87999	1.67	-0.546517954
23	10	2002	243.46701	30.37400	NaN	NaN	NaN	NaN	NaN	NaN	1.32
23	10	2002	243.46701	30.374	19.27	33.42	376.14001	370.55	5.59001	4.77	1.323371389
6	5	2016	243.2235	30.3777	17.6617	33.4628	397.48001	397.45999	0.02002	3.65	0.005386487
24	7	1998	243.256	30.38000	NaN	NaN	NaN	NaN	NaN	NaN	6.85
24	7	1998	243.256	30.38	20.36	33.27	399.29001	367.82	31.47001	4.67	6.846079312
21	6	2018	238.30869	30.38115	NaN	NaN	NaN	NaN	NaN	NaN	18.42
21	6	2018	238.30869	30.38115	16.87	33.654	475.0630841	410.79	64.2730841	4.625	18.42303607
8	7	2002	241.978	30.38400	NaN	NaN	NaN	NaN	NaN	NaN	-7.77
8	7	2002	241.978	30.384	15.86	33.3	349.12	374.01	-24.89	5.72	-7.765472953
1	4	2002	241.18201	30.38500	NaN	NaN	NaN	NaN	NaN	NaN	-0.49
1	4	2002	241.18201	30.385	16.71	33.616	373.34	375.02	-1.68	1.57001	-0.487974016
23	5	2018	238.39787	30.38616	NaN	NaN	NaN	NaN	NaN	NaN	-5.53
23	5	2018	238.39787	30.38616	17.16	33.804	391.45999	411.24	-19.78001	4.3	-5.533440653
6	5	2016	243.2204	30.3862	17.6408	33.4633	397.89001	397.47	0.42001	1.9	0.113196245
3	2	2016	-116.8532167	30.38942	NaN	NaN	NaN	NaN	NaN	NaN	-7.55
3	2	2016	-116.8532167	30.38941667	17.17	33.49	377.1061201	404.07	-26.9638799	3.15	-7.5482757
6	5	2016	243.2173	30.3946	17.6267	33.4566	398.23999	397.5	0.73999	5.775	0.199666842
1	4	2002	241.188	30.39900	NaN	NaN	NaN	NaN	NaN	NaN	-0.45
1	4	2002	241.188	30.399	16.72	33.617	373.47	375.02	-1.55	2.75	-0.449843903
3	2	2016	-116.8567167	30.40087	NaN	NaN	NaN	NaN	NaN	NaN	-7.65
3	2	2016	-116.8567167	30.40086667	17.15	33.499	376.7913993	404.07	-27.2786007	5.4	-7.648467675
6	5	2016	243.2142	30.403	17.6382	33.4495	398.75	397.54001	1.20999	9.7	0.326192278
8	7	2002	241.985	30.40400	NaN	NaN	NaN	NaN	NaN	NaN	-7.74
8	7	2002	241.985	30.404	15.87	33.3	349.17001	374.01	-24.83999	5.5	-7.743448437
21	6	2018	238.25917	30.40787	NaN	NaN	NaN	NaN	NaN	NaN	18.63
21	6	2018	238.25917	30.40787	16.55	33.614	474.0779959	410.79	63.2879959	4.25	18.62531438
23	5	2018	238.34869	30.41015	NaN	NaN	NaN	NaN	NaN	NaN	-5.64
23	5	2018	238.34869	30.41015	17.2	33.816	391.01001	411.24	-20.22999	2.75	-5.640648609
17	10	2000	243.46899	30.41100	NaN	NaN	NaN	NaN	NaN	NaN	4.08
17	10	2000	243.46899	30.411	19.48	33.69	385.98999	368.45	17.53999	1.77	4.079196154
6	5	2016	243.21111	30.4115	17.6537	33.4484	399.20001	397.54999	1.65002	6.9	0.444263388
3	2	2016	-116.8604333	30.41185	NaN	NaN	NaN	NaN	NaN	NaN	-7.69
3	2	2016	-116.8604333	30.41185	17.17	33.502	376.607522	404.07	-27.462478	4.075	-7.687414113
1	4	2002	241.194	30.41300	NaN	NaN	NaN	NaN	NaN	NaN	-0.33
1	4	2002	241.194	30.413	16.71	33.62	373.87	375.02	-1.15	3.78	-0.334023449
8	7	2002	241.992	30.41500	NaN	NaN	NaN	NaN	NaN	NaN	-7.63
8	7	2002	241.992	30.415	15.88	33.3	349.51999	374.01	-24.49001	2.2	-7.628022986
11	1	2003	241.19699	30.41700	NaN	NaN	NaN	NaN	NaN	NaN	7.76
11	1	2003	241.19699	30.417	20.08	33.475	409.82999	374.88	34.94999	3.5	7.763175158
6	5	2016	243.2079	30.4198	17.6518	33.4454	398.37	397.54999	0.82001	7.775	0.220822429
3	2	2016	-116.86405	30.42323	NaN	NaN	NaN	NaN	NaN	NaN	-7.76
3	2	2016	-116.86405	30.42323333	17.19	33.497	376.3129661	404.07	-27.7570339	5.675	-7.757442703
12	5	2016	241.7317	30.4248	17.4699	33.4409	398.89001	398.20999	0.68002	4.775	0.185837645
23	10	2002	243.44901	30.42600	NaN	NaN	NaN	NaN	NaN	NaN	-8.52
23	10	2002	243.44901	30.426	19.28	33.39	334.53	370.55	-36.02	5.42	-8.521808523
17	10	2000	243.464	30.42700	NaN	NaN	NaN	NaN	NaN	NaN	3.97
1	4	2002	241.20099	30.42700	NaN	NaN	NaN	NaN	NaN	NaN	-0.41
8	7	2002	241.99899	30.42700	NaN	NaN	NaN	NaN	NaN	NaN	-7.57
17	10	2000	243.464	30.427	19.45	33.69	385.47	368.45	17.02	1.12	3.967605345
1	4	2002	241.20099	30.427	16.67	33.613	373.62	375.02	-1.4	5.07001	-0.4079839
8	7	2002	241.99899	30.427	15.89	33.31	349.67001	374.01	-24.33999	1.60001	-7.574651393
6	5	2016	243.2048	30.4282	17.6796	33.4604	398.03	397.54999	0.48001	8.725	0.128964471
12	5	2016	241.7231	30.4293	17.4343	33.4344	399.63	398.20999	1.42001	6.4	0.389195003
12	5	2016	241.7142	30.4339	17.3597	33.4283	399.44	398.26999	1.17001	7.45	0.322626838
3	2	2016	-116.8677333	30.43408	NaN	NaN	NaN	NaN	NaN	NaN	-7.82
3	2	2016	-116.8677333	30.43408333	17.18	33.515	376.1152411	404.07	-27.9547589	3.95	-7.818378852
23	5	2018	238.2998	30.43431	NaN	NaN	NaN	NaN	NaN	NaN	-5.67
23	5	2018	238.2998	30.43431	17.18	33.817	390.92999	411.24	-20.31001	2.9	-5.672135758
21	6	2018	238.21089	30.43527	NaN	NaN	NaN	NaN	NaN	NaN	19.46
21	6	2018	238.21089	30.43527	16.21	33.544	475.0850446	410.79	64.2950446	2.325	19.46460521
6	5	2016	243.2016	30.4366	17.7262	33.4796	397.23001	397.54001	-0.31	8.7	-0.082968131
2	4	1993	241.19	30.438	16.595	33.229	348.87	359.27	-10.4	6.68001	-3.055013626
12	5	2016	241.7056	30.4385	17.3608	33.4296	399.23001	398.23001	1	8.025	0.275720808
23	10	2002	243.44101	30.43900	NaN	NaN	NaN	NaN	NaN	NaN	-12.37
23	10	2002	243.44101	30.439	19.32	33.43	318.10999	370.55	-52.44001	4.04001	-12.36520483
12	5	2016	241.6971	30.4429	17.2879	33.4247	398.66	398.26001	0.39999	7.275	0.110941576
17	10	2000	243.45799	30.44400	NaN	NaN	NaN	NaN	NaN	NaN	3.75
17	10	2000	243.45799	30.444	19.39	33.69	384.44	368.45	15.99	4.09	3.745121798
24	7	1998	243.242	30.44500	NaN	NaN	NaN	NaN	NaN	NaN	6.06
6	5	2016	243.1985	30.445	17.7571	33.4774	397.54999	397.51999	0.03	8.825	0.008009304
24	7	1998	243.242	30.445	20.22	33.26	395.38	367.82	27.56	4.57001	6.06137476
3	2	2016	-116.8714833	30.44535	NaN	NaN	NaN	NaN	NaN	NaN	-7.83
3	2	2016	-116.8714833	30.44535	17.22	33.513	375.9852758	404.07	-28.0847242	3.25	-7.82933635
12	5	2016	241.68851	30.4474	17.2735	33.421	398.44	398.29999	0.14001	7.775	0.038879351
12	5	2016	241.6799	30.4519	17.2926	33.4202	398.62	398.29999	0.32001	7.1	0.088726337
23	10	2002	243.44299	30.45200	NaN	NaN	NaN	NaN	NaN	NaN	-13.13
23	10	2002	243.44299	30.452	19.27	33.46	315.07999	370.55	-55.47001	1.35001	-13.12943358
6	5	2016	243.1955	30.4534	17.7842	33.4755	396.60001	397.53	-0.92999	8.875	-0.24774698
12	5	2016	241.6714	30.4563	17.2866	33.4147	399.34	398.28	1.06	6.35	0.294047506
3	2	2016	-116.8751	30.45633	NaN	NaN	NaN	NaN	NaN	NaN	-7.74
3	2	2016	-116.8751	30.45633333	17.21	33.492	376.3182737	404.07	-27.7517263	3	-7.743560615
23	5	2018	238.2511	30.45868	NaN	NaN	NaN	NaN	NaN	NaN	-5.56
23	5	2018	238.2511	30.45868	17.2	33.822	391.31	411.24	-19.93	4.125	-5.556844849
24	7	1998	243.239	30.46000	NaN	NaN	NaN	NaN	NaN	NaN	6.07
17	10	2000	243.453	30.46000	NaN	NaN	NaN	NaN	NaN	NaN	3.58
24	7	1998	243.239	30.46	20.2	33.24	395.39001	367.82	27.57001	5.82001	6.073585937
17	10	2000	243.453	30.46	19.26	33.68	383.57001	368.45	15.12001	7.84	3.577949607
12	5	2016	241.6628	30.4608	17.1809	33.4018	398.98999	398.35001	0.63998	9.15	0.17907283
6	5	2016	243.1922	30.4617	17.7727	33.484	395.32999	397.56	-2.23001	5.75	-0.594595146
21	6	2018	238.16264	30.46310	NaN	NaN	NaN	NaN	NaN	NaN	20.33
21	6	2018	238.16264	30.4631	16.08	33.505	477.2185351	410.79	66.4285351	2.5	20.3312067
18	3	1993	242.439	30.464	15.992	32.9	334.67999	358.47	-23.79001	7.75999	-7.355702453
12	5	2016	241.65311	30.4658	17.1111	33.3903	398.37	398.32999	0.04001	6.05	0.011259491
3	2	2016	-116.87885	30.46762	NaN	NaN	NaN	NaN	NaN	NaN	-7.91
3	2	2016	-116.87885	30.46761667	17.07	33.464	376.0439136	404.07	-28.0260864	3.475	-7.910642236
8	7	2002	242.015	30.47000	NaN	NaN	NaN	NaN	NaN	NaN	-7.46
8	7	2002	242.015	30.47	15.91	33.31	350	374.01	-24.01	4.42	-7.459586881
6	5	2016	243.1889	30.4701	17.7518	33.4895	394.44	397.60001	-3.16001	4.975	-0.84396098
12	5	2016	241.6445	30.4702	17.1566	33.3876	398.57999	398.29999	0.28	3.475	0.078506914
12	5	2016	241.63609	30.4744	17.1907	33.3891	398.53	398.29001	0.23999	5.95	0.06710225
23	10	2002	243.433	30.47700	NaN	NaN	NaN	NaN	NaN	NaN	-13.35
23	10	2002	243.433	30.477	19.16	33.48	314.60999	370.55	-55.94001	2.62	-13.35476268
6	5	2016	243.1859	30.4785	17.721	33.495	394.07001	397.60999	-3.53998	3.3	-0.947764865
3	2	2016	-116.8825	30.47867	NaN	NaN	NaN	NaN	NaN	NaN	-8.06
3	2	2016	-116.8825	30.47866667	16.99	33.472	375.6999246	404.07	-28.3700754	5.8	-8.059743538
12	5	2016	241.6275	30.4787	17.1958	33.3909	399.07001	398.25	0.82001	5.4	0.229181481
24	7	1998	243.235	30.47900	NaN	NaN	NaN	NaN	NaN	NaN	6.15
24	7	1998	243.235	30.479	20.37	33.25	396.10999	367.82	28.28999	4.49001	6.150081727
12	5	2016	241.6189	30.483	17.21	33.3957	399.73001	398.26999	1.46002	4.3	0.407575989
23	5	2018	238.20251	30.48310	NaN	NaN	NaN	NaN	NaN	NaN	-5.6
23	5	2018	238.20251	30.4831	17.27	33.851	391.04001	411.24	-20.19999	2.95	-5.599455554
6	5	2016	243.18291	30.4869	17.6986	33.499	393.45001	397.64001	-4.19	1.475	-1.123800745
12	5	2016	241.6104	30.4872	17.2222	33.3973	401.97	398.26999	3.70001	3.875	1.031856527
3	2	2016	-116.88615	30.49013	NaN	NaN	NaN	NaN	NaN	NaN	-7.75
3	2	2016	-116.88615	30.49013333	17.04	33.471	376.686583	404.07	-27.383417	4.9	-7.747873752
21	6	2018	238.1144	30.49058	NaN	NaN	NaN	NaN	NaN	NaN	19.89
21	6	2018	238.1144	30.49058	16.49	33.531	478.022814	410.79	67.232814	3.275	19.89178314
12	5	2016	241.6019	30.4914	17.2081	33.3942	402.17999	398.29999	3.88	4.8	1.083307116
8	7	2002	242.011	30.49200	NaN	NaN	NaN	NaN	NaN	NaN	-7.49
8	7	2002	242.011	30.492	15.91	33.31	349.91	374.01	-24.1	3.77	-7.487548681
24	7	1998	243.23199	30.49400	NaN	NaN	NaN	NaN	NaN	NaN	6.43
24	7	1998	243.23199	30.494	20.33	33.27	397.29999	367.82	29.47999	3.75999	6.428128209
6	5	2016	243.17979	30.4952	17.7364	33.511	393.14999	397.67001	-4.52002	0.125	-1.208560891
12	5	2016	241.59351	30.4958	17.2209	33.3969	402.42001	398.29001	4.13	4.825	1.151895598
12	5	2016	241.5849	30.4999	17.235	33.3983	402.76001	398.20001	4.56	4	1.270363681
3	2	2016	-116.8896833	30.50135	NaN	NaN	NaN	NaN	NaN	NaN	-7.59
3	2	2016	-116.8896833	30.50135	17.09	33.472	377.1447965	404.07	-26.9252035	4.15	-7.587265239
8	7	2002	242.019	30.50200	NaN	NaN	NaN	NaN	NaN	NaN	-7.67
8	7	2002	242.019	30.502	15.87	33.32	349.39999	374.01	-24.61001	2.78	-7.671018663
12	5	2016	241.57629	30.504	17.2101	33.3977	402.56	398.26999	4.29001	4.475	1.197568682
6	5	2016	243.1763	30.5046	17.878	33.5288	392.84	397.64999	-4.80999	1.625	-1.271418723
23	5	2018	238.15378	30.50777	NaN	NaN	NaN	NaN	NaN	NaN	-5.84
23	5	2018	238.15378	30.50777	17.4	33.915	389.94	411.24	-21.3	2.525	-5.840750756
12	5	2016	241.5677	30.508	17.0797	33.3903	399.14999	398.34	0.80999	5.325	0.228527671
12	5	2016	241.5592	30.5121	17.085	33.3846	397.70999	398.29999	-0.59	4.575	-0.16639326
6	5	2016	243.17329	30.5129	17.8132	33.5341	392	397.69	-5.69	1.9	-1.51184902
8	7	2002	242.026	30.51300	NaN	NaN	NaN	NaN	NaN	NaN	-7.78
8	7	2002	242.026	30.513	15.83	33.31	349.13	374.01	-24.88	2.12	-7.781313595
3	2	2016	-116.89365	30.51397	NaN	NaN	NaN	NaN	NaN	NaN	-7.44
3	2	2016	-116.89365	30.51396667	17.12	33.482	377.6163789	404.07	-26.4536211	4.3	-7.435863864
12	5	2016	241.5506	30.5161	17.1276	33.3855	398.75	398.35001	0.39999	5.425	0.112415652
21	6	2018	238.06664	30.51772	NaN	NaN	NaN	NaN	NaN	NaN	19.47
21	6	2018	238.06664	30.51772	16.68	33.609	477.6436911	410.79	66.8536911	3.25	19.46674146
12	5	2016	241.5421	30.5204	17.1053	33.3877	398.38	398.31	0.07	6.925	0.01970872
17	10	2000	243.43401	30.52100	NaN	NaN	NaN	NaN	NaN	NaN	3.95
23	10	2002	243.41	30.52100	NaN	NaN	NaN	NaN	NaN	NaN	-5.22
17	10	2000	243.43401	30.521	19.42	33.69	385.34	368.45	16.89	7.40001	3.946595699
23	10	2002	243.41	30.521	18.75	33.43	349.39999	370.55	-21.15001	3.43001	-5.216944043
6	5	2016	243.1703	30.5212	17.7759	33.5341	391.67001	397.76001	-6.09	2.7	-1.622993736
12	5	2016	241.5338	30.5245	17.0845	33.4043	397.13	398.35001	-1.22001	7.025	-0.344051936
3	2	2016	-116.8972667	30.52500	NaN	NaN	NaN	NaN	NaN	NaN	-7.19
3	2	2016	-116.8972667	30.525	17.18	33.493	378.3687113	404.07	-25.7012887	3.4	-7.18888195
12	5	2016	241.5256	30.5286	17.1341	33.4244	395.91	398.31	-2.4	6.725	-0.674029641
6	5	2016	243.1674	30.5295	17.7755	33.53335	391.87	397.76999	-5.89999	9	-1.572412009
12	5	2016	241.5173	30.5327	17.2494	33.4395	396.39001	398.23999	-1.84998	7.9	-0.514680482
17	10	2000	243.42799	30.53600	NaN	NaN	NaN	NaN	NaN	NaN	3.9
23	10	2002	243.41	30.53600	NaN	NaN	NaN	NaN	NaN	NaN	-3.99
17	10	2000	243.42799	30.536	19.41	33.69	385.12	368.45	16.67	5.69	3.898253165
23	10	2002	243.41	30.536	18.87	33.37	354.20999	370.55	-16.34001	2.65001	-3.993448867
3	2	2016	-116.9010667	30.53638	NaN	NaN	NaN	NaN	NaN	NaN	-6.98
3	2	2016	-116.9010667	30.53638333	17.27	33.497	378.9379682	404.07	-25.1320318	1.3	-6.978366465
12	5	2016	241.509	30.5368	17.307	33.4477	397.01001	398.20999	-1.19998	2.775	-0.332276202
6	5	2016	243.16431	30.5378	17.7932	33.5326	391.81	397.75	-5.94	2.575	-1.580827457
12	5	2016	241.5007	30.5409	17.3854	33.4577	397.47	398.16	-0.69	5.35	-0.189843407
21	6	2018	238.01866	30.54432	NaN	NaN	NaN	NaN	NaN	NaN	18.92
21	6	2018	238.01866	30.54432	16.92	33.637	477.0572017	410.79	66.2672017	4.15	18.91885635
12	5	2016	241.4924	30.545	17.4363	33.4704	398.42999	398.07001	0.35998	5.35	0.098630142
6	5	2016	243.16119	30.5461	17.7833	33.5324	391.98001	397.76999	-5.78998	5	-1.542131736
3	2	2016	-116.9048	30.54745	NaN	NaN	NaN	NaN	NaN	NaN	-6.59
3	2	2016	-116.9048	30.54745	17.33	33.499	380.2363223	404.07	-23.8336777	1.75	-6.585683241
12	5	2016	241.48399	30.5491	17.455	33.4725	398.34	398.09	0.25	5.8	0.068392752
17	10	2000	243.422	30.55300	NaN	NaN	NaN	NaN	NaN	NaN	3.84
17	10	2000	243.422	30.553	19.42	33.69	384.89999	368.45	16.44999	6.87	3.843780923
12	5	2016	241.47569	30.5533	17.4869	33.4775	397.95001	398.09	-0.13999	4.975	-0.038197649
6	5	2016	243.1582	30.5544	17.7892	33.5272	391.73999	397.81	-6.07001	4.275	-1.615988736
24	7	1998	243.217	30.55700	NaN	NaN	NaN	NaN	NaN	NaN	6.73
24	7	1998	243.217	30.557	20.36	33.27	398.75	367.82	30.93	4.12	6.728603935
12	5	2016	241.46741	30.5576	17.5458	33.4846	398.42999	398.04999	0.38	7.85	0.10319099
3	2	2016	-116.9087	30.55890	NaN	NaN	NaN	NaN	NaN	NaN	-6.3
3	2	2016	-116.9087	30.5589	17.32	33.485	381.2785179	404.07	-22.7914821	3.8	-6.30323028
8	7	2002	242.039	30.56000	NaN	NaN	NaN	NaN	NaN	NaN	-8.23
23	10	2002	243.401	30.56000	NaN	NaN	NaN	NaN	NaN	NaN	-2.61
23	10	2002	243.401	30.56	18.98	33.38	359.79001	370.55	-10.75999	2.55	-2.606785773
8	7	2002	242.039	30.56	15.79	33.32	347.79001	374.01	-26.21999	5.2	-8.227265588
12	5	2016	241.459	30.5618	17.5731	33.4881	399.04001	398.04001	1	6.6	0.270952793
6	5	2016	243.1552	30.5627	17.8142	33.5285	392.12	397.82001	-5.70001	3.9	-1.514427077
12	5	2016	241.4494	30.5667	17.5639	33.4884	399.13	398.03	1.1	4.35	0.298269105
17	10	2000	243.416	30.56900	NaN	NaN	NaN	NaN	NaN	NaN	3.78
17	10	2000	243.416	30.569	19.44	33.7	384.66	368.45	16.21	5.92	3.781576702
3	2	2016	-116.91235	30.57003	NaN	NaN	NaN	NaN	NaN	NaN	-6.25
3	2	2016	-116.91235	30.57003333	17.31	33.479	381.4807713	404.07	-22.5892287	4	-6.252538426
21	6	2018	237.97052	30.57086	NaN	NaN	NaN	NaN	NaN	NaN	18.91
21	6	2018	237.97052	30.57086	16.84	33.678	476.6074289	410.79	65.8174289	2.075	18.90978109
8	7	2002	242.04599	30.57100	NaN	NaN	NaN	NaN	NaN	NaN	-8.3
12	5	2016	241.4408	30.571	17.5621	33.4882	399.14001	398	1.14001	5.875	0.309163188
6	5	2016	243.15199	30.571	17.7604	33.5285	390.98999	397.87	-6.88001	4.55	-1.835870267
8	7	2002	242.04599	30.571	15.78	33.31	347.59	374.01	-26.42	7.35001	-8.297307216
24	7	1998	243.214	30.57200	NaN	NaN	NaN	NaN	NaN	NaN	6.83
23	10	2002	243.392	30.57200	NaN	NaN	NaN	NaN	NaN	NaN	-1.46
24	7	1998	243.214	30.572	20.44	33.26	399.42001	367.82	31.60001	2.37	6.832115892
23	10	2002	243.392	30.572	19.12	33.38	364.45001	370.55	-6.09999	3.82001	-1.461563225
12	5	2016	241.4325	30.5754	17.5825	33.4852	399.66	398.01001	1.64999	6.025	0.446736444
6	5	2016	243.1489	30.5793	17.7147	33.5302	390.98001	397.89999	-6.91998	7.425	-1.853329056
12	5	2016	241.424	30.5797	17.4965	33.4691	399.70999	398.04001	1.66998	4.7	0.455335205
3	2	2016	-116.91625	30.58133	NaN	NaN	NaN	NaN	NaN	NaN	-6.21
3	2	2016	-116.91625	30.58133333	17.29	33.472	381.6728352	404.07	-22.3971648	3.175	-6.209642093
12	5	2016	241.4156	30.5841	17.41	33.4493	399.42001	398.07999	1.34002	3.425	0.367968198
8	7	2002	242.043	30.58500	NaN	NaN	NaN	NaN	NaN	NaN	-8.31
8	7	2002	242.043	30.585	15.77	33.3	347.57999	374.01	-26.43001	5.33	-8.307744029
6	5	2016	243.1459	30.5876	17.751	33.5296	391.59	397.92001	-6.33001	4.2	-1.690377525
12	5	2016	241.4072	30.5885	17.337	33.4359	398.92001	398.09	0.83001	4.525	0.229285782
24	7	1998	243.21001	30.59100	NaN	NaN	NaN	NaN	NaN	NaN	7.1
8	7	2002	242.041	30.59100	NaN	NaN	NaN	NaN	NaN	NaN	-8.37
24	7	1998	243.21001	30.591	20.39	33.25	400.54001	367.82	32.72001	0.77	7.102104264
8	7	2002	242.041	30.591	15.77	33.31	347.38	374.01	-26.63	6.07001	-8.370204311
3	2	2016	-116.91975	30.59235	NaN	NaN	NaN	NaN	NaN	NaN	-6.06
3	2	2016	-116.91975	30.59235	17.28	33.467	382.2166955	404.07	-21.8533045	3.725	-6.063914936
12	5	2016	241.3988	30.5929	17.2784	33.4219	398.88	398.16	0.72	4.85	0.19985638
23	5	2018	238.0181	30.59574	NaN	NaN	NaN	NaN	NaN	NaN	-6.33
23	5	2018	238.0181	30.59574	17.47	33.95	388.01999	411.24	-23.22001	6.625	-6.330243499
6	5	2016	243.1429	30.5958	17.7004	33.5284	390.32001	397.89999	-7.57998	6.15	-2.032449687
21	6	2018	237.92244	30.59701	NaN	NaN	NaN	NaN	NaN	NaN	20.02
21	6	2018	237.92244	30.59701	16.15	33.59	476.6129891	410.79	65.8229891	5	20.0216119
12	5	2016	241.3903	30.5972	17.2506	33.4193	398.14001	398.13	0.01001	4.6	0.002784865
12	5	2016	241.38181	30.6014	17.235	33.4137	398.29999	398.10999	0.19	5.25	0.052927941
3	2	2016	-116.9232667	30.60382	NaN	NaN	NaN	NaN	NaN	NaN	-5.88
3	2	2016	-116.9232667	30.60381667	17.31	33.451	382.8457694	404.07	-21.2242306	5.6	-5.875499131
6	5	2016	243.13969	30.604	17.6071	33.526	389.63	398	-8.37	1.375	-2.261253404
12	5	2016	241.37331	30.6056	17.2507	33.412	398.72	398.13	0.59	6.4	0.164147288
24	7	1998	243.207	30.60600	NaN	NaN	NaN	NaN	NaN	NaN	7.16
24	7	1998	243.207	30.606	20.25	33.24	400.47	367.82	32.65	1.60001	7.164764527
12	5	2016	241.3649	30.6098	17.2306	33.4042	398.81	398.10999	0.70001	6	0.195078918
6	5	2016	243.13651	30.6121	17.6438	33.5248	390.17001	398	-7.82999	0.925	-2.109122418
8	7	2002	242.05899	30.61400	NaN	NaN	NaN	NaN	NaN	NaN	-7.92
8	7	2002	242.05899	30.614	15.84	33.29	348.67999	374.01	-25.33001	5.65001	-7.916249362
12	5	2016	241.3568	30.6143	17.2009	33.3974	399.01001	398.13	0.88001	6.675	0.245841226
3	2	2016	-116.9262833	30.61497	NaN	NaN	NaN	NaN	NaN	NaN	-5.94
3	2	2016	-116.9262833	30.61496667	17.3	33.45	382.6376453	404.07	-21.4323547	4.175	-5.937953458
12	5	2016	241.3484	30.6185	17.2138	33.3961	399.35999	398.09	1.26999	5.625	0.354417615
23	10	2002	243.383	30.62000	NaN	NaN	NaN	NaN	NaN	NaN	1.07
23	10	2002	243.383	30.62	19.11	33.39	375.01999	370.55	4.46999	4.90001	1.071809401
6	5	2016	243.1331	30.6202	17.5835	33.5205	389.38	398.06	-8.68	1.75	-2.349535246
12	5	2016	241.3399	30.6226	17.1927	33.3874	399.88	398.12	1.76	1.25	0.492027743
21	6	2018	237.87402	30.62350	NaN	NaN	NaN	NaN	NaN	NaN	19.89
21	6	2018	237.87402	30.6235	16.32	33.509	477.085823	410.79	66.295823	5.9	19.89263061
8	7	2002	242.064	30.62500	NaN	NaN	NaN	NaN	NaN	NaN	-7.62
8	7	2002	242.064	30.625	15.85	33.29	349.60999	374.01	-24.40001	4.85001	-7.61928068
3	2	2016	-116.9293333	30.62647	NaN	NaN	NaN	NaN	NaN	NaN	-5.95
3	2	2016	-116.9293333	30.62646667	17.29	33.456	382.6240443	404.07	-21.4459557	0.675	-5.946370794
12	5	2016	241.33141	30.6267	17.2152	33.3851	400.26001	398.09	2.17001	1.675	0.605550155
23	5	2018	237.97505	30.62704	NaN	NaN	NaN	NaN	NaN	NaN	-6.31
23	5	2018	237.97505	30.62704	17.45	33.94	388.14999	411.24	-23.09001	6.05	-6.305289349
6	5	2016	243.1297	30.6284	17.5148	33.5161	390.01999	398.10999	-8.09	2.2	-2.202060679
17	10	2000	243.395	30.63000	NaN	NaN	NaN	NaN	NaN	NaN	3.49
17	10	2000	243.395	30.63	19.45	33.7	383.42001	368.45	14.97001	4.67	3.489560062
12	5	2016	241.3228	30.6307	17.2114	33.386	400.44	398.07001	2.36999	3.875	0.661556586
8	7	2002	242.06	30.63400	NaN	NaN	NaN	NaN	NaN	NaN	-7.59
8	7	2002	242.06	30.634	15.81	33.3	349.76999	374.01	-24.24001	3.82001	-7.594108049
12	5	2016	241.3143	30.6348	17.2063	33.3857	400.64001	398.06	2.58001	3.825	0.720480603
23	10	2002	243.37601	30.63500	NaN	NaN	NaN	NaN	NaN	NaN	1.45
23	10	2002	243.37601	30.635	19.19	33.39	376.62	370.55	6.07	3.53	1.44629804
6	5	2016	243.1265	30.6366	17.482	33.5076	391.23999	398.14001	-6.90002	0.125	-1.883214927
3	2	2016	-116.93235	30.63747	NaN	NaN	NaN	NaN	NaN	NaN	-6.03
3	2	2016	-116.93235	30.63746667	17.32	33.452	382.278716	404.07	-21.791284	1.175	-6.027560731
12	5	2016	241.30569	30.6387	17.1837	33.3842	400.56	398.10001	2.45999	5.125	0.688231071
2	4	1993	241.27901	30.639	16.525	33.161	349.63	359.27	-9.64	8.43001	-2.848989973
12	5	2016	241.2972	30.6427	17.1764	33.3802	400.48999	398.07999	2.41	5.75	0.674658073
6	5	2016	243.12331	30.6448	17.4777	33.492	391.89999	398.16	-6.26001	1.525	-1.709258389
17	10	2000	243.39	30.64600	NaN	NaN	NaN	NaN	NaN	NaN	3.48
17	10	2000	243.39	30.646	19.44	33.7	383.35001	368.45	14.90001	4.12	3.475973515
12	5	2016	241.2888	30.6468	17.1573	33.3771	400.53	398.09	2.44	3.45	0.684126979
3	2	2016	-116.9354333	30.64885	NaN	NaN	NaN	NaN	NaN	NaN	-6
3	2	2016	-116.9354333	30.64885	17.32	33.451	382.3677924	404.07	-21.7022076	1.325	-6.002950377
21	6	2018	237.82553	30.65027	NaN	NaN	NaN	NaN	NaN	NaN	19.15
21	6	2018	237.82553	30.65027	16.89	33.634	477.7039347	410.79	66.9139347	2.875	19.15056084
12	5	2016	241.2804	30.6509	17.1616	33.3887	399.84	398.07999	1.76001	4.225	0.493271843
6	5	2016	243.1203	30.6532	17.415	33.4865	391.76001	398.22	-6.45999	4.45	-1.772875895
18	3	1993	242.364	30.654	16.249	32.9	331.32999	358.47	-27.14001	5.58	-8.215289059
12	5	2016	241.2722	30.6552	17.1833	33.3967	399.57001	398.09	1.48001	3.65	0.414051006
8	7	2002	242.065	30.65700	NaN	NaN	NaN	NaN	NaN	NaN	-6.97
8	7	2002	242.065	30.657	15.88	33.26	351.64999	374.01	-22.36001	3.03	-6.965920411
23	5	2018	237.93285	30.65804	NaN	NaN	NaN	NaN	NaN	NaN	-6.1
23	5	2018	237.93285	30.65804	17.41	33.916	388.95999	411.24	-22.28001	1.775	-6.104512199
12	5	2016	241.26401	30.6594	17.2427	33.4102	399.22	398.07001	1.14999	5.125	0.320155788
3	2	2016	-116.9384167	30.65988	NaN	NaN	NaN	NaN	NaN	NaN	-6.13
3	2	2016	-116.9384167	30.65988333	17.31	33.455	381.925454	404.07	-22.144546	3.125	-6.130153202
23	10	2002	243.368	30.66000	NaN	NaN	NaN	NaN	NaN	NaN	1.49
23	10	2002	243.368	30.66	19.26	33.39	376.82001	370.55	6.27001	2.53	1.485732574
6	5	2016	243.11729	30.6616	17.4266	33.4873	391.26999	398.19	-6.92001	1.75	-1.897334627
17	10	2000	243.38499	30.66300	NaN	NaN	NaN	NaN	NaN	NaN	3.5
17	10	2000	243.38499	30.663	19.41	33.69	383.42001	368.45	14.97001	6	3.500713189
12	5	2016	241.2556	30.6636	17.3125	33.4167	400.09	398.01999	2.07001	6.65	0.573017801
12	5	2016	241.2462	30.6684	17.3063	33.4196	400.19	398.01999	2.17001	1	0.600993338
6	5	2016	243.1145	30.6699	17.3935	33.4896	390.70999	398.25	-7.54001	1.2	-2.072849238
24	7	1998	243.19299	30.67000	NaN	NaN	NaN	NaN	NaN	NaN	6.88
24	7	1998	243.19299	30.67	20.28	33.24	399.23999	367.82	31.41999	3.47	6.878782579
3	2	2016	-116.9413	30.67130	NaN	NaN	NaN	NaN	NaN	NaN	-6.4
3	2	2016	-116.9413	30.6713	17.28	33.461	380.9977458	404.07	-23.0722542	1.95	-6.402335211
12	5	2016	241.2379	30.6724	17.2406	33.4062	399.53	398.04999	1.48001	1.775	0.412111001
23	10	2002	243.36	30.67300	NaN	NaN	NaN	NaN	NaN	NaN	1.8
23	10	2002	243.36	30.673	19.23	33.4	378.14001	370.55	7.59001	3.37	1.802690932
12	5	2016	241.2296	30.6764	17.2574	33.4038	399.95001	398.06	1.89001	3.275	0.525565326
21	6	2018	237.77705	30.67794	NaN	NaN	NaN	NaN	NaN	NaN	19.38
21	6	2018	237.77705	30.67794	16.82	33.662	478.1330076	410.79	67.3430076	3.05	19.38118762
17	10	2000	243.38	30.67800	NaN	NaN	NaN	NaN	NaN	NaN	3.51
17	10	2000	243.38	30.678	19.38	33.69	383.44	368.45	14.99	6.77	3.513667859
6	5	2016	243.1116	30.6782	17.4081	33.4889	390.45999	398.22	-7.76001	0.925	-2.130817809
12	5	2016	241.22121	30.6803	17.2032	33.4002	399.37	398.07001	1.29999	3.3	0.363094971
12	5	2016	241.2146	30.6833	17.2185	33.4025	398.88	398.13	0.75	2.175	0.209217183
3	2	2016	-116.9442167	30.68343	NaN	NaN	NaN	NaN	NaN	NaN	-6.85
3	2	2016	-116.9442167	30.68343333	17.3	33.5	379.3535379	404.07	-24.7164621	7.75	-6.846205128
12	5	2016	241.2119	30.6849	17.4468	33.4094	401.98999	397.63	4.35999	4.825	1.193916097
24	7	1998	243.189	30.68500	NaN	NaN	NaN	NaN	NaN	NaN	6.85
24	7	1998	243.189	30.685	20.4	33.26	399.42001	367.82	31.60001	5.09	6.853359169
12	5	2016	241.2115	30.6852	17.438	33.4076	402.51999	397.75	4.76999	3.6	1.307129579
12	5	2016	241.21159	30.6852	17.423	33.4087	401.23001	397.70999	3.52002	3.825	0.965764149
12	5	2016	241.21159	30.6853	17.4511	33.4077	402.35999	397.76001	4.59998	2.35	1.259205819
12	5	2016	241.2117	30.6853	17.4523	33.4082	402.20999	397.76001	4.44998	2.65	1.218023467
12	5	2016	241.21181	30.6853	17.3748	33.4067	400.97	397.95999	3.01001	2.5	0.829072283
12	5	2016	241.21181	30.6853	17.3919	33.4088	400.95999	397.92001	3.03998	1.475	0.836160387
12	5	2016	241.2135	30.6853	17.22	33.4042	398.37	398.14001	0.22999	0.75	0.064148817
12	5	2016	241.21181	30.6854	17.454	33.4084	402.20999	397.75	4.45999	1.075	1.220594356
12	5	2016	241.2119	30.6854	17.4154	33.4069	401.79999	397.85999	3.94	2.825	1.081665475
12	5	2016	241.21201	30.6854	17.3927	33.4066	401.39999	397.88	3.51999	1.675	0.968136757
12	5	2016	241.21201	30.6854	17.396	33.4074	401.26001	397.78	3.48001	1.35	0.956881386
12	5	2016	241.21181	30.6854	17.3854	33.4076	401.12	397.95001	3.16999	4	0.872384143
12	5	2016	241.21181	30.6854	17.3892	33.4087	401.03	397.92001	3.10999	3.2	0.855604356
12	5	2016	241.2119	30.6854	17.3824	33.4084	400.88	397.92999	2.95001	3.475	0.812039566
12	5	2016	241.2119	30.6854	17.3805	33.4085	400.73001	397.94	2.79001	4.725	0.768114678
12	5	2016	241.21181	30.6854	17.384	33.4085	400.70999	397.94	2.76999	3.9	0.762386923
12	5	2016	241.21181	30.6854	17.3739	33.4072	400.63	397.94	2.69	7.325	0.740981483
12	5	2016	241.21201	30.6855	17.4142	33.4074	402.07999	397.79001	4.28998	0.4	1.177858594
12	5	2016	241.21249	30.68570	NaN	NaN	NaN	NaN	NaN	NaN	-1.87
12	5	2016	241.21249	30.68570	NaN	NaN	NaN	NaN	NaN	NaN	0.11
12	5	2016	241.21249	30.68570	NaN	NaN	NaN	NaN	NaN	NaN	-4.42
12	5	2016	241.21249	30.6857	17.0906	33.4067	403.9261475	403.53	0.396147461	4.23	0.111659859
12	5	2016	241.2141	30.6857	17.4786	33.4098	402.44	397.60999	4.83001	5.75	1.319224554
12	5	2016	241.21249	30.6857	17.3706	33.4171	396.7573547	403.53	-6.772645264	6.06	-1.865988716
12	5	2016	241.21249	30.6857	16.5355	33.371	388.5341492	403.53	-14.99585083	4.2	-4.423587543
12	5	2016	241.21249	30.6858	17.3352	33.409	399.76001	398.10001	1.66	4.425	0.458691596
12	5	2016	241.2126	30.686	17.2814	33.4074	398.84	398.10999	0.73001	4.275	0.202599627
12	5	2016	241.21271	30.6861	17.2359	33.4057	398.76001	398.10999	0.65002	1.825	0.181068512
6	5	2016	243.1087	30.6865	17.3373	33.4902	390.66	398.26999	-7.60999	3.125	-2.101624763
12	5	2016	241.21831	30.6881	17.4429	33.4088	402.12	397.56	4.56	4.4	1.249083287
23	5	2018	237.89024	30.68993	NaN	NaN	NaN	NaN	NaN	NaN	-5.88
23	5	2018	237.89024	30.68993	17.37	33.897	389.85001	411.24	-21.38999	0.175	-5.88019061
6	6	2007	241.21001	30.69000	NaN	NaN	NaN	NaN	NaN	NaN	-6.01
6	6	2007	241.21001	30.69000	NaN	NaN	NaN	NaN	NaN	NaN	-4.01
6	6	2007	241.21001	30.69000	NaN	NaN	NaN	NaN	NaN	NaN	-3.87
6	6	2007	241.21001	30.69000	NaN	NaN	NaN	NaN	NaN	NaN	-8.45
6	6	2007	241.21001	30.69000	NaN	NaN	NaN	NaN	NaN	NaN	-4.41
6	6	2007	241.21001	30.69	15.9	33.595	373.6	386.1	-12.45406494	5.65001	-3.867219224
6	6	2007	241.21001	30.69	15.9	33.595	373.2	386.1	-12.9026123	5.18001	-4.006501538
6	6	2007	241.21001	30.69	15.9	33.595	371.9	386.1	-14.18963013	7.66	-4.406144554
6	6	2007	241.21001	30.69	15.9	33.595	366.7	386.1	-19.36525879	6.00999	-6.013273692
6	6	2007	241.21001	30.69	15.9	33.595	358.9	386.1	-27.21975098	4.06	-8.452239871
12	5	2016	241.2234	30.6908	17.4195	33.4102	401.39999	397.60999	3.79	5.825	1.040123854
12	5	2016	241.2291	30.6937	17.4775	33.4129	401.70999	397.51001	4.19998	5.375	1.147229073
3	2	2016	-116.9470667	30.69477	NaN	NaN	NaN	NaN	NaN	NaN	-6.82
3	2	2016	-116.9470667	30.69476667	17.45	33.548	379.1255487	404.07	-24.9444513	5.475	-6.824389917
12	5	2016	241.2355	30.697	17.468	33.414	401.35001	397.54001	3.81	6.375	1.041499846
12	5	2016	241.2424	30.7005	17.5228	33.4164	401.79001	397.48001	4.31	5.4	1.172959368
24	7	1998	243.185	30.70300	NaN	NaN	NaN	NaN	NaN	NaN	6.97
8	7	2002	242.08301	30.70300	NaN	NaN	NaN	NaN	NaN	NaN	-8.16
24	7	1998	243.185	30.703	20.44	33.27	400.04001	367.82	32.22001	4.09	6.9658403
8	7	2002	242.08301	30.703	15.72	33.31	348.16	374.01	-25.85	3.3	-8.15885055
12	5	2016	241.25079	30.7046	17.5175	33.417	401.35001	397.41	3.94001	2.825	1.072723403
3	2	2016	-116.9498667	30.70570	NaN	NaN	NaN	NaN	NaN	NaN	-6.32
3	2	2016	-116.9498667	30.7057	17.62	33.565	380.6509656	404.07	-23.4190344	9.1	-6.319175041
21	6	2018	237.72812	30.70608	NaN	NaN	NaN	NaN	NaN	NaN	20.26
21	6	2018	237.72812	30.70608	16.51	33.631	479.4209092	410.79	68.6309092	5.375	20.26243292
12	5	2016	241.2585	30.7083	17.5507	33.4203	401.48999	397.45999	4.03	4.725	1.094268675
12	5	2016	241.2662	30.712	17.5807	33.4213	401.42999	397.45001	3.97998	5.1	1.07806713
8	7	2002	242.077	30.71300	NaN	NaN	NaN	NaN	NaN	NaN	-8.06
8	7	2002	242.077	30.713	15.76	33.29	348.38	374.01	-25.63	4.5	-8.063356627
12	5	2016	241.2739	30.7156	17.5961	33.4249	401.81	397.39001	4.41999	4.9	1.195746082
3	2	2016	-116.9527	30.71695	NaN	NaN	NaN	NaN	NaN	NaN	-5.97
3	2	2016	-116.9527	30.71695	17.71	33.563	381.7921521	404.07	-22.2778479	6.975	-5.967848728
24	7	1998	243.18201	30.71800	NaN	NaN	NaN	NaN	NaN	NaN	6.97
24	7	1998	243.18201	30.718	20.38	33.27	399.92001	367.82	32.10001	5.32001	6.972293449
12	5	2016	241.2816	30.7193	17.6277	33.4293	401.89999	397.39999	4.5	4.45	1.214266031
23	10	2002	243.34399	30.72000	NaN	NaN	NaN	NaN	NaN	NaN	1.78
23	10	2002	243.34399	30.72	19.92	33.34	378.45001	370.55	7.90001	2.82001	1.777930807
23	5	2018	237.84738	30.72108	NaN	NaN	NaN	NaN	NaN	NaN	-5.76
23	5	2018	237.84738	30.72108	17.36	33.885	390.29999	411.24	-20.94001	2	-5.761480885
8	7	2002	242.082	30.72300	NaN	NaN	NaN	NaN	NaN	NaN	-7.71
12	5	2016	241.2892	30.723	17.7077	33.4522	402.17999	397.32999	4.85	3.925	1.300154625
8	7	2002	242.082	30.723	15.86	33.29	349.29001	374.01	-24.71999	4.97	-7.712801947
12	5	2016	241.2968	30.7267	17.7372	33.473	401.64999	397.35999	4.29	4.8	1.147191042
3	2	2016	-116.9553	30.72783	NaN	NaN	NaN	NaN	NaN	NaN	-5.75
3	2	2016	-116.9553	30.72783333	17.7	33.548	382.629126	404.07	-21.440874	6.575	-5.748676256
12	5	2016	241.3045	30.7305	17.7408	33.4812	401.54001	397.34	4.20001	4.375	1.122757564
23	10	2002	243.347	30.73400	NaN	NaN	NaN	NaN	NaN	NaN	2
23	10	2002	243.347	30.734	20.08	33.32	379.57001	370.55	9.02001	3.05	2.004992613
21	6	2018	237.67906	30.73425	NaN	NaN	NaN	NaN	NaN	NaN	20.54
21	6	2018	237.67906	30.73425	16.39	33.563	479.6592116	410.79	68.8692116	2.85	20.54084745
12	5	2016	241.3121	30.7344	17.6877	33.4827	400.29999	397.29001	3.00998	3	0.808079236
12	5	2016	241.31979	30.7383	17.6821	33.49015	399.07999	397.34	1.73999	4.2	0.467323639
17	10	2000	243.362	30.73900	NaN	NaN	NaN	NaN	NaN	NaN	3.49
17	10	2000	243.362	30.739	19.28	33.67	383.22	368.45	14.77	4.22	3.489785487
3	2	2016	-116.95795	30.73907	NaN	NaN	NaN	NaN	NaN	NaN	-5.41
3	2	2016	-116.95795	30.73906667	17.62	33.512	384.0355009	404.07	-20.0344991	2.475	-5.407283365
12	5	2016	241.3275	30.742	17.719	33.4976	398.92001	397.35999	1.56002	3.2	0.417728949
8	7	2002	242.086	30.74400	NaN	NaN	NaN	NaN	NaN	NaN	-7.98
8	7	2002	242.086	30.744	15.88	33.3	348.39999	374.01	-25.61001	5.5	-7.976874854
12	5	2016	241.3354	30.7457	17.7397	33.4878	399.95999	397.31	2.64999	2.6	0.70844278
12	5	2016	241.34331	30.7493	17.6699	33.479	398.79001	397.34	1.45001	4.95	0.389845064
3	2	2016	-116.9606	30.74990	NaN	NaN	NaN	NaN	NaN	NaN	-5.7
3	2	2016	-116.9606	30.7499	17.52	33.489	383.1297445	404.07	-20.9402555	3.9	-5.698180117
12	5	2016	241.3511	30.7529	17.6881	33.4665	399.54999	397.29999	2.25	5.625	0.604076901
17	10	2000	243.35699	30.75400	NaN	NaN	NaN	NaN	NaN	NaN	3.51
17	10	2000	243.35699	30.754	19.28	33.67	383.29001	368.45	14.84001	3.35001	3.506327117
12	5	2016	241.35899	30.7568	17.5987	33.4514	399.23001	397.32999	1.90002	5.1	0.513842591
23	10	2002	243.341	30.75900	NaN	NaN	NaN	NaN	NaN	NaN	2.04
23	10	2002	243.341	30.759	20.19	33.35	379.82999	370.55	9.27999	2.12	2.044897598
12	5	2016	241.36659	30.7606	17.5241	33.4398	398.35001	397.34	1.01001	5.975	0.27481314
3	2	2016	-116.9632167	30.76112	NaN	NaN	NaN	NaN	NaN	NaN	-5.78
3	2	2016	-116.9632167	30.76111667	17.47	33.474	382.9116234	404.07	-21.1583766	1.525	-5.781260527
21	6	2018	237.62987	30.76132	NaN	NaN	NaN	NaN	NaN	NaN	20.77
21	6	2018	237.62987	30.76132	16.28	33.589	479.815116	410.79	69.025116	1.85	20.7719272
17	10	2000	243.35201	30.77100	NaN	NaN	NaN	NaN	NaN	NaN	3.55
17	10	2000	243.35201	30.771	19.27	33.67	383.48001	368.45	15.03001	4.57001	3.554017912
3	2	2016	-116.9659833	30.77188	NaN	NaN	NaN	NaN	NaN	NaN	-6.14
3	2	2016	-116.9659833	30.77188333	17.42	33.488	381.6978177	404.07	-22.3721823	0.5	-6.137281342
23	5	2018	237.76056	30.78267	NaN	NaN	NaN	NaN	NaN	NaN	-5.39
23	5	2018	237.76056	30.78267	17.25	33.839	391.82001	411.24	-19.41999	2.75	-5.392285257
3	2	2016	-116.9692333	30.78295	NaN	NaN	NaN	NaN	NaN	NaN	-5.82
3	2	2016	-116.9692333	30.78295	17.46	33.493	382.8018252	404.07	-21.2681748	4.85	-5.815437359
24	7	1998	243.16901	30.78300	NaN	NaN	NaN	NaN	NaN	NaN	6.93
24	7	1998	243.16901	30.783	20.38	33.26	399.72	367.82	31.9	5.42	6.929172044
17	10	2000	243.34801	30.78700	NaN	NaN	NaN	NaN	NaN	NaN	3.62
17	10	2000	243.34801	30.787	19.27	33.67	383.73999	368.45	15.28999	4.17	3.615493158
8	7	2002	242.095	30.78800	NaN	NaN	NaN	NaN	NaN	NaN	-7.88
8	7	2002	242.095	30.788	15.88	33.33	348.70001	374.01	-25.30999	3.40001	-7.882289674
21	6	2018	237.58026	30.78864	NaN	NaN	NaN	NaN	NaN	NaN	20.92
21	6	2018	237.58026	30.78864	16.05	33.494	478.9554804	410.79	68.1654804	0.2	20.9157029
3	2	2016	-116.9724	30.79365	NaN	NaN	NaN	NaN	NaN	NaN	-5.64
3	2	2016	-116.9724	30.79365	17.52	33.483	383.3491369	404.07	-20.7208631	4.05	-5.638640598
6	5	2016	243.0681	30.7961	17.4086	33.525	391.39999	398.12	-6.72001	5.025	-1.844853395
24	7	1998	243.166	30.79800	NaN	NaN	NaN	NaN	NaN	NaN	7
8	7	2002	242.10001	30.79800	NaN	NaN	NaN	NaN	NaN	NaN	-8.15
24	7	1998	243.166	30.798	20.25	33.26	399.70001	367.82	31.88001	9.02	6.995146245
8	7	2002	242.10001	30.798	15.84	33.34	347.92999	374.01	-26.08001	2.65001	-8.148683957
6	5	2016	243.065	30.8043	17.4142	33.5228	391.54001	398.07999	-6.53998	5.3	-1.794634828
3	2	2016	-116.9756667	30.80468	NaN	NaN	NaN	NaN	NaN	NaN	-5.71
3	2	2016	-116.9756667	30.80468333	17.49	33.475	383.1529187	404.07	-20.9170813	3.725	-5.706069226
8	7	2002	242.10699	30.80900	NaN	NaN	NaN	NaN	NaN	NaN	-8.43
8	7	2002	242.10699	30.809	15.78	33.32	347.17999	374.01	-26.83001	3.95	-8.425667299
23	5	2018	237.71387	30.80949	NaN	NaN	NaN	NaN	NaN	NaN	-5.27
23	5	2018	237.71387	30.80949	17.23	33.83	392.29999	411.24	-18.94001	4.725	-5.267775895
13	5	2016	241.4686	30.8101	17.6492	33.4977	396.92999	397.28	-0.35001	6.075	-0.09425139
6	5	2016	243.0619	30.8126	17.3902	33.521	391.57999	398.10001	-6.52002	4.425	-1.792651655
13	5	2016	241.4763	30.8138	17.609	33.4885	396.76001	397.26999	-0.50998	5.525	-0.137780463
3	2	2016	-116.9789167	30.81530	NaN	NaN	NaN	NaN	NaN	NaN	-5.83
3	2	2016	-116.9789167	30.8153	17.49	33.493	382.6937795	404.07	-21.3762205	2.125	-5.830821366
21	6	2018	237.53024	30.81643	NaN	NaN	NaN	NaN	NaN	NaN	20.57
21	6	2018	237.53024	30.81643	16.06	33.493	477.8924705	410.79	67.1024705	0.575	20.57262213
24	7	1998	243.162	30.81700	NaN	NaN	NaN	NaN	NaN	NaN	6.96
8	7	2002	242.11301	30.81700	NaN	NaN	NaN	NaN	NaN	NaN	-7.94
24	7	1998	243.162	30.817	20.15	33.23	399.26999	367.82	31.44999	6.02	6.95567979
8	7	2002	242.11301	30.817	15.83	33.3	348.60999	374.01	-25.40001	5.52	-7.944330585
13	5	2016	241.48421	30.8174	17.6219	33.4876	396.64001	397.23999	-0.59998	5.125	-0.161927697
6	5	2016	243.05859	30.821	17.3934	33.5201	392.20999	398.10001	-5.89002	5.925	-1.61902334
13	5	2016	241.4919	30.8211	17.6453	33.4926	396.47	397.19	-0.72	5.025	-0.193948712
13	5	2016	241.49921	30.8249	17.613	33.4789	396.45001	397.26001	-0.81	4.05	-0.218775731
3	2	2016	-116.9823167	30.82627	NaN	NaN	NaN	NaN	NaN	NaN	-5.96
3	2	2016	-116.9823167	30.82626667	17.5	33.505	382.2150331	404.07	-21.8549669	0.325	-5.956253924
13	5	2016	241.5067	30.8288	17.5501	33.4606	396.92999	397.39001	-0.46002	3.475	-0.124891699
6	5	2016	243.0554	30.8295	17.4042	33.5187	392.42001	398.07999	-5.65998	6.475	-1.554441889
13	5	2016	241.5143	30.8327	17.5099	33.4505	397.07999	397.35999	-0.28	3.95	-0.07626865
24	7	1998	243.159	30.83300	NaN	NaN	NaN	NaN	NaN	NaN	6.81
24	7	1998	243.159	30.833	20.06	33.23	398.38	367.82	30.56	5.57001	6.806412358
23	5	2018	237.66566	30.83422	NaN	NaN	NaN	NaN	NaN	NaN	-5.19
23	5	2018	237.66566	30.83422	17.22	33.816	392.59	411.24	-18.65	5.175	-5.191672142
13	5	2016	241.5219	30.8364	17.4968	33.4372	398.01999	397.39999	0.62	4.3	0.169070146
6	5	2016	243.05231	30.8378	17.4444	33.5175	392.85001	398.04999	-5.19998	4	-1.42347944
3	2	2016	-116.9859167	30.83793	NaN	NaN	NaN	NaN	NaN	NaN	-6.06
3	2	2016	-116.9859167	30.83793333	17.54	33.511	381.7517934	404.07	-22.3182066	3.675	-6.062705432
13	5	2016	241.52969	30.84	17.4801	33.4321	398.85001	397.38	1.47001	3.425	0.401413809
2	4	1993	241.368	30.84	16.397	33.023	350.07999	359.27	-9.19001	7.43001	-2.746516909
13	5	2016	241.5376	30.8435	17.4327	33.4308	398.01001	397.42001	0.59	5.7	0.161730344
21	6	2018	237.48064	30.84392	NaN	NaN	NaN	NaN	NaN	NaN	20.65
21	6	2018	237.48064	30.84392	15.98	33.493	477.6965127	410.79	66.9065127	0.5	20.64868512
18	3	1993	242.289	30.845	16.513	32.9	330.48999	358.47	-27.98001	6.75	-8.287655322
6	5	2016	243.04919	30.846	17.4272	33.5162	392.70001	398.01999	-5.31998	3.85	-1.458365818
13	5	2016	241.5455	30.8466	17.402	33.4243	398.25	397.39999	0.85001	6.1	0.233590858
17	10	2000	243.33099	30.84700	NaN	NaN	NaN	NaN	NaN	NaN	3.97
17	10	2000	243.33099	30.847	19.44	33.69	385.48001	368.45	17.03001	3.04001	3.97306003
13	5	2016	241.548	30.848	17.2923	33.42	396.73999	397.85999	-1.12	1.725	-0.310540325
13	5	2016	241.5482	30.8481	17.2959	33.4189	396.39999	397.82999	-1.43	2.175	-0.396379822
13	5	2016	241.54829	30.8483	17.2935	33.4193	396.39001	397.82999	-1.43998	1.1	-0.399223075
13	5	2016	241.54849	30.8484	17.2869	33.4197	396.56	397.82999	-1.26999	0.175	-0.352282477
13	5	2016	241.54871	30.8486	17.2849	33.4191	396.54999	397.78	-1.23001	0.45	-0.341248733
13	5	2016	241.5488	30.8487	17.2842	33.4194	396.79999	397.82001	-1.02002	2.65	-0.283005661
13	5	2016	241.5489	30.8487	17.2867	33.4192	396.42999	397.79999	-1.37	4.65	-0.380031313
3	2	2016	-116.9893167	30.84887	NaN	NaN	NaN	NaN	NaN	NaN	-6.11
3	2	2016	-116.9893167	30.84886667	17.57	33.537	381.5241237	404.07	-22.5458763	2.525	-6.108978739
13	5	2016	241.549	30.8489	17.2822	33.4188	396.45999	397.79999	-1.34	4.425	-0.371845819
13	5	2016	241.54919	30.849	17.271	33.4185	396.04999	397.70999	-1.66	8.075	-0.461064044
13	5	2016	241.549	30.8491	17.387	33.4188	398.06	397.35999	0.70001	6.25	0.192608183
13	5	2016	241.5493	30.8492	17.271	33.4184	396.29999	397.75	-1.45001	6.25	-0.402739634
13	5	2016	241.5495	30.8493	17.2709	33.4185	396.17001	397.72	-1.54999	1.775	-0.430512321
13	5	2016	241.54939	30.8495	17.299	33.4159	397.04999	397.5	-0.45001	7.7486E-07	-0.124708117
13	5	2016	241.54919	30.8495	17.2986	33.416	397.01001	397.53	-0.51999	1.425	-0.144105788
13	5	2016	241.5493	30.8495	17.293	33.4165	396.70001	397.5	-0.79999	2.4	-0.22180285
13	5	2016	241.5497	30.8495	17.2698	33.4182	396.09	397.75	-1.66	0.825	-0.461109575
13	5	2016	241.5495	30.8496	17.2888	33.4171	396.89001	397.57001	-0.68	1.175	-0.188598451
13	5	2016	241.5495	30.8496	17.2794	33.4181	396.45001	397.48999	-1.03998	2.975	-0.288657697
13	5	2016	241.5498	30.8496	17.2669	33.418	396.32001	397.70001	-1.38	1.625	-0.383422591
13	5	2016	241.5493	30.8497	17.3342	33.4149	398.12	397.41	0.71	4.8	0.19619776
13	5	2016	241.5499	30.8497	17.2744	33.4188	396.20999	397.57001	-1.36002	3.925	-0.377640091
13	5	2016	241.5497	30.8497	17.2672	33.4192	395.95001	397.57001	-1.62	3.975	-0.450091259
13	5	2016	241.5497	30.8498	17.3173	33.4124	397.67001	397.45001	0.22	4.025	0.060877707
13	5	2016	241.5497	30.8498	17.3216	33.4129	397.56	397.45001	0.10999	2.775	0.03042541
13	5	2016	241.5497	30.8498	17.286	33.417	397.23001	397.51001	-0.28	1.3	-0.077675855
13	5	2016	241.5499	30.8498	17.2647	33.418	396.26001	397.69	-1.42999	3.75	-0.397382835
13	5	2016	241.5498	30.8498	17.2769	33.4182	396.14001	397.45999	-1.31998	2.25	-0.366448833
13	5	2016	241.55009	30.8499	17.2625	33.4184	396.48001	397.67999	-1.19998	2.1	-0.333523761
13	5	2016	241.55	30.8499	17.2583	33.42	396.14001	397.54999	-1.40998	1.875	-0.392021937
6	6	2007	241.55	30.85000	NaN	NaN	NaN	NaN	NaN	NaN	-4.43
6	6	2007	241.55	30.85000	NaN	NaN	NaN	NaN	NaN	NaN	-4.58
6	6	2007	241.55	30.85000	NaN	NaN	NaN	NaN	NaN	NaN	-4.74
6	6	2007	241.55	30.85000	NaN	NaN	NaN	NaN	NaN	NaN	-5.7
13	5	2016	241.5502	30.85000	NaN	NaN	NaN	NaN	NaN	NaN	-2.1
13	5	2016	241.5502	30.85000	NaN	NaN	NaN	NaN	NaN	NaN	-3.13
13	5	2016	241.5502	30.85000	NaN	NaN	NaN	NaN	NaN	NaN	-5.7
13	5	2016	241.5499	30.85	17.3211	33.4127	398.04999	397.44	0.60999	4.45	0.168742297
13	5	2016	241.5499	30.85	17.3191	33.4135	397.79999	397.45001	0.34998	1.775	0.09683073
13	5	2016	241.55	30.85	17.3114	33.4146	397.44	397.41	0.03	0.825	0.008305389
13	5	2016	241.5502	30.85	17.286	33.4164	396.64999	397.70001	-1.05002	0.35	-0.291290835
13	5	2016	241.55	30.85	17.2847	33.4169	396.59	397.53	-0.94	3.475	-0.260796554
13	5	2016	241.55	30.85	17.2826	33.416	396.14001	397.42999	-1.28998	2.3	-0.357958584
13	5	2016	241.5502	30.85	17.2774	33.432	395.9824524	403.53	-7.547547607	2.78	-2.095104688
13	5	2016	241.5499	30.85	17.2598	33.4209	395.76999	397.51999	-1.75	3.225	-0.486497671
13	5	2016	241.5502	30.85	17.2794	33.4301	392.2373657	403.53	-11.29263428	5.08	-3.134213832
13	5	2016	241.5502	30.85	16.4588	33.4844	384.3092957	403.53	-19.22070435	4.46001	-5.702575033
6	6	2007	241.55	30.85	16	33.595	371.7	386.1	-14.3897644	7.13	-4.431455849
6	6	2007	241.55	30.85	16	33.595	371.2	386.1	-14.87294922	4.96001	-4.580256908
6	6	2007	241.55	30.85	16	33.595	370.7	386.1	-15.40429077	5.41	-4.743888261
6	6	2007	241.55	30.85	16	33.595	367.6	386.1	-18.52321777	5.08	-5.704389554
13	5	2016	241.55009	30.8501	17.3218	33.4126	397.89001	397.44	0.45001	3.775	0.124479827
13	5	2016	241.55	30.8501	17.322	33.4129	397.84	397.45001	0.38999	4.1	0.107875451
13	5	2016	241.5502	30.8501	17.3166	33.4137	397.17999	397.45001	-0.27002	5.1	-0.074722861
13	5	2016	241.55009	30.8501	17.3072	33.4145	397.07001	397.39999	-0.32998	1.55	-0.09138489
13	5	2016	241.55009	30.8501	17.2897	33.4167	396.94	397.54999	-0.60999	0.35	-0.169169108
13	5	2016	241.55029	30.8501	17.2863	33.4166	396.88	397.67001	-0.79001	1.9	-0.219154737
13	5	2016	241.5502	30.8502	17.3109	33.4138	397.39001	397.39999	-0.00998	3.05	-0.002763049
13	5	2016	241.5502	30.8502	17.2928	33.4169	396.82001	397.57999	-0.75998	4.175	-0.210712812
13	5	2016	241.5504	30.8503	17.294	33.416	397.04001	397.60001	-0.56	0.5	-0.155251718
13	5	2016	241.55051	30.8503	17.2899	33.4163	396.85001	397.64999	-0.79998	0.9	-0.221856041
13	5	2016	241.5506	30.8504	17.288	33.416	396.94	397.67001	-0.73001	1.9	-0.20248295
13	5	2016	241.5506	30.8504	17.294	33.4161	396.84	397.59	-0.75	1.25	-0.20792631
13	5	2016	241.5507	30.8505	17.2885	33.4161	396.98001	397.60999	-0.62998	1.2	-0.174730452
6	5	2016	243.04601	30.8543	17.4569	33.5128	393.01001	398.04001	-5.03	3.525	-1.375587306
23	5	2018	237.61754	30.85895	NaN	NaN	NaN	NaN	NaN	NaN	-5.07
23	5	2018	237.61754	30.85895	17.27	33.813	392.95999	411.24	-18.28001	1.95	-5.068151651
3	2	2016	-116.9926	30.85952	NaN	NaN	NaN	NaN	NaN	NaN	-6.01
3	2	2016	-116.9926	30.85951667	17.62	33.544	381.8169762	404.07	-22.2530238	3.9	-6.005148023
6	5	2016	243.04289	30.8626	17.4497	33.5094	392.29001	398.01001	-5.72	3.05	-1.565222575
17	10	2000	243.327	30.86300	NaN	NaN	NaN	NaN	NaN	NaN	4.08
17	10	2000	243.327	30.863	19.44	33.68	385.92001	368.45	17.47001	4.52	4.075901713
13	5	2016	241.5891	30.8694	17.2745	33.416	397.22	397.85001	-0.63001	2.8	-0.174937335
3	2	2016	-116.9959833	30.87052	NaN	NaN	NaN	NaN	NaN	NaN	-6.1
3	2	2016	-116.9959833	30.87051667	17.61	33.547	381.4912868	404.07	-22.5787132	3.625	-6.097868549
8	7	2002	242.125	30.87100	NaN	NaN	NaN	NaN	NaN	NaN	-7.64
6	5	2016	243.0399	30.871	17.3852	33.5097	391.72	398.03	-6.31	5.3	-1.735703166
8	7	2002	242.125	30.871	15.86	33.29	349.51001	374.01	-24.49999	5.60001	-7.644160478
21	6	2018	237.43112	30.87124	NaN	NaN	NaN	NaN	NaN	NaN	21.94
21	6	2018	237.43112	30.87124	15.99	33.498	481.9371935	410.79	71.1471935	1.975	21.93875841
13	5	2016	241.5965	30.8733	17.3483	33.4241	398.03	397.89999	0.13001	1.725	0.035883712
13	5	2016	241.6039	30.8771	17.3521	33.4282	397.51999	397.82999	-0.31	3.9	-0.08553427
8	7	2002	242.13	30.87900	NaN	NaN	NaN	NaN	NaN	NaN	-7.48
8	7	2002	242.13	30.879	15.92	33.32	349.89999	374.01	-24.11001	5.77	-7.484097011
6	5	2016	243.0369	30.8793	17.3934	33.5133	392.19	398.03	-5.84	4.075	-1.605325951
17	10	2000	243.32201	30.88000	NaN	NaN	NaN	NaN	NaN	NaN	4.05
17	10	2000	243.32201	30.88	19.44	33.67	385.81	368.45	17.36	4.62	4.050425003
13	5	2016	241.6114	30.8809	17.4409	33.438	398.51999	397.89001	0.62998	3.75	0.172569211
3	2	2016	-116.99925	30.88117	NaN	NaN	NaN	NaN	NaN	NaN	-6.27
3	2	2016	-116.99925	30.88116667	17.57	33.543	380.9309012	404.07	-23.1390988	3.7	-6.269538346
13	5	2016	241.6192	30.8838	17.4966	33.4416	398.98999	397.85001	1.13998	2.175	0.310863988
23	5	2018	237.56943	30.88381	NaN	NaN	NaN	NaN	NaN	NaN	-4.92
23	5	2018	237.56943	30.88381	17.3	33.809	393.44	411.24	-17.8	1.175	-4.923174279
13	5	2016	241.6273	30.8867	17.5149	33.434	400.04001	397.87	2.17001	1.625	0.590892308
6	5	2016	243.03391	30.8875	17.4711	33.5117	392.73999	397.98999	-5.25	1.6	-1.434112053
8	7	2002	242.125	30.88900	NaN	NaN	NaN	NaN	NaN	NaN	-7.91
8	7	2002	242.125	30.889	15.89	33.34	348.60001	374.01	-25.40999	4.60001	-7.90649754
13	5	2016	241.6355	30.8897	17.4899	33.4234	400.12	397.91	2.21	5.6	0.603028992
3	2	2016	-117.0027167	30.89213	NaN	NaN	NaN	NaN	NaN	NaN	-6.33
3	2	2016	-117.0027167	30.89213333	17.57	33.559	380.6956243	404.07	-23.3743757	7.25	-6.332805542
13	5	2016	241.64349	30.8927	17.4852	33.4161	400.66	397.89001	2.76999	4.7	0.756143423
17	10	2000	243.317	30.89500	NaN	NaN	NaN	NaN	NaN	NaN	4
17	10	2000	243.317	30.895	19.43	33.67	385.59	368.45	17.14	5.7	4.002239321
13	5	2016	241.6516	30.8957	17.4766	33.4126	401.06	397.85999	3.20001	4.15	0.874151037
6	5	2016	243.0304	30.8971	17.4419	33.5106	392.60001	398	-5.39999	1.975	-1.478579027
21	6	2018	237.38185	30.89838	NaN	NaN	NaN	NaN	NaN	NaN	22.24
21	6	2018	237.38185	30.89838	16.03	33.497	483.1365066	410.79	72.3465066	5.95	22.23500667
13	5	2016	241.65981	30.8987	17.4087	33.4098	400.25	397.89999	2.35001	3.35	0.645499558
24	7	1998	243.149	30.89900	NaN	NaN	NaN	NaN	NaN	NaN	6.69
24	7	1998	243.149	30.899	19.85	33.17	397.35001	367.82	29.53001	6.62	6.687608586
13	5	2016	241.66769	30.9018	17.4494	33.4087	400.26001	397.95999	2.30002	3.3	0.629694705
3	2	2016	-117.0061333	30.90282	NaN	NaN	NaN	NaN	NaN	NaN	-6.04
3	2	2016	-117.0061333	30.90281667	17.59	33.543	381.7541685	404.07	-22.3158315	2.725	-6.036720768
13	5	2016	241.6757	30.9048	17.4586	33.4046	400.76001	397.89001	2.87	1.325	0.785173524
6	5	2016	243.0274	30.9054	17.4432	33.5136	393.47	398	-4.53	5.05	-1.240217713
13	5	2016	241.6837	30.908	17.4516	33.3996	401.26001	397.94	3.32001	1.55	0.90882303
23	5	2018	237.52254	30.90960	NaN	NaN	NaN	NaN	NaN	NaN	-4.96
23	5	2018	237.52254	30.9096	17.31	33.805	393.29001	411.24	-17.94999	1.25	-4.960731391
13	5	2016	241.6926	30.9118	17.46	33.3945	401.67999	397.85999	3.82	2.425	1.045006003
6	5	2016	243.02431	30.9136	17.4916	33.5167	394.41	397.95999	-3.54999	4	-0.968101483
3	2	2016	-117.0094667	30.91395	NaN	NaN	NaN	NaN	NaN	NaN	-6.14
3	2	2016	-117.0094667	30.91395	17.55	33.537	381.4601339	404.07	-22.6098661	4.975	-6.136218342
24	7	1998	243.146	30.91500	NaN	NaN	NaN	NaN	NaN	NaN	6.75
24	7	1998	243.146	30.915	19.85	33.16	397.64001	367.82	29.82001	4.92	6.7535994
13	5	2016	241.7002	30.9152	17.446	33.3901	401.54001	397.92001	3.62	2.025	0.991436306
13	5	2016	241.7077	30.9185	17.4701	33.3864	401.47	397.89999	3.57001	1.35	0.975858555
6	5	2016	243.0213	30.9218	17.615	33.5161	394.85001	397.87	-3.01999	1.7	-0.815404071
13	5	2016	241.7153	30.9219	17.4534	33.3822	401.26001	397.98001	3.28	0.175	0.897814177
3	2	2016	-117.0127667	30.92467	NaN	NaN	NaN	NaN	NaN	NaN	-5.96
3	2	2016	-117.0127667	30.92466667	17.55	33.528	382.0962979	404.07	-21.9737021	1.225	-5.963821087
13	5	2016	241.7231	30.9254	17.5255	33.3812	402.29001	397.91	4.38001	0.1	1.19195173
21	6	2018	237.33266	30.92562	NaN	NaN	NaN	NaN	NaN	NaN	21.68
21	6	2018	237.33266	30.92562	16.22	33.526	482.4610435	410.79	71.6710435	4.9	21.68159895
13	5	2016	241.7309	30.9289	17.5048	33.3712	402.28	397.82999	4.45001	1.55	1.213085989
6	5	2016	243.0183	30.9301	17.6896	33.5157	395.51001	397.79001	-2.28	2.975	-0.611914443
13	5	2016	241.73849	30.9324	17.4779	33.3644	402.16	397.85999	4.30001	2.875	1.174785054
23	5	2018	237.4761	30.93556	NaN	NaN	NaN	NaN	NaN	NaN	-5.09
23	5	2018	237.4761	30.93556	17.26	33.816	392.88	411.24	-18.36	3.675	-5.094385819
3	2	2016	-117.0162333	30.93570	NaN	NaN	NaN	NaN	NaN	NaN	-6
3	2	2016	-117.0162333	30.9357	17.47	33.514	382.0911546	404.07	-21.9788454	1.5	-6.004302106
13	5	2016	241.74631	30.9358	17.4381	33.3658	401.12	397.91	3.21	2.125	0.879810142
6	5	2016	243.0152	30.9384	17.6984	33.5153	394.57999	397.79999	-3.22	2.05	-0.863583998
13	5	2016	241.7542	30.9392	17.4685	33.3875	400.35001	397.89001	2.46	0.875	0.672521951
13	5	2016	241.7621	30.9427	17.5371	33.4157	400.37	397.84	2.53	0.5	0.687742664
13	5	2016	241.7702	30.9462	17.579	33.4314	400.29999	397.82999	2.47	0.075	0.669114809
3	2	2016	-117.0196167	30.94637	NaN	NaN	NaN	NaN	NaN	NaN	-5.81
3	2	2016	-117.0196167	30.94636667	17.47	33.494	382.8081595	404.07	-21.2618405	2.15	-5.808978721
6	5	2016	243.01221	30.9467	17.7012	33.5151	394.26999	397.79999	-3.53	1.575	-0.946511405
13	5	2016	241.77811	30.9497	17.5245	33.4089	400.26001	397.84	2.42001	2.2	0.658534724
21	6	2018	237.28377	30.95273	NaN	NaN	NaN	NaN	NaN	NaN	21.93
21	6	2018	237.28377	30.95273	16.31	33.501	483.8080871	410.79	73.0180871	4.65	21.92858401
13	5	2016	241.786	30.9529	17.414	33.373	399.19	397.88	1.31	1.175	0.359738751
17	10	2000	243.298	30.95400	NaN	NaN	NaN	NaN	NaN	NaN	4.1
17	10	2000	243.298	30.954	19.41	33.67	385.98999	368.45	17.53999	4.09	4.102082985
6	5	2016	243.00909	30.955	17.6556	33.5144	393.16	397.79001	-4.63001	2.75	-1.246036355
13	5	2016	241.7942	30.9562	17.3747	33.3626	398.79001	397.87	0.92001	3.275	0.253461256
3	2	2016	-117.0231833	30.95737	NaN	NaN	NaN	NaN	NaN	NaN	-5.91
3	2	2016	-117.0231833	30.95736667	17.42	33.479	382.5306609	404.07	-21.5393391	4.075	-5.909063187
13	5	2016	241.8022	30.9593	17.3553	33.3523	398.48999	397.91	0.57999	3.85	0.160045381
23	5	2018	237.42873	30.96192	NaN	NaN	NaN	NaN	NaN	NaN	-5.05
23	5	2018	237.42873	30.96192	17.27	33.818	393.01999	411.24	-18.22001	5.15	-5.05139641
13	5	2016	241.8103	30.9624	17.3568	33.3445	398.67999	397.92001	0.75998	1.975	0.209695034
6	5	2016	243.0061	30.9631	17.5944	33.5145	392.48999	397.81	-5.32001	6.175	-1.438815144
13	5	2016	241.8183	30.9656	17.3858	33.3393	399.32999	397.94	1.38999	0.575	0.382638355
3	2	2016	-117.0265833	30.96800	NaN	NaN	NaN	NaN	NaN	NaN	-6.22
3	2	2016	-117.0265833	30.968	17.39	33.505	381.435014	404.07	-22.634986	6.95	-6.223966897
13	5	2016	241.82651	30.9687	17.3786	33.3364	399.19	397.94	1.25	1.55	0.344307117
17	10	2000	243.29201	30.97000	NaN	NaN	NaN	NaN	NaN	NaN	4.15
17	10	2000	243.29201	30.97	19.41	33.67	386.17999	368.45	17.72999	5.42	4.146518345
6	5	2016	243.00301	30.9713	17.5643	33.5188	392.31	397.78	-5.47	3.65	-1.482948957
13	5	2016	241.8345	30.9718	17.3993	33.3336	399.60001	397.94	1.66001	2.25	0.456483065
13	5	2016	241.8425	30.9751	17.4224	33.3342	400.10001	397.92999	2.17002	1.55	0.595613521
13	5	2016	241.85069	30.9783	17.4437	33.3357	400.72	397.92999	2.79001	2.6	0.764460545
3	2	2016	-117.0300667	30.97912	NaN	NaN	NaN	NaN	NaN	NaN	-5.68
3	2	2016	-117.0300667	30.97911667	17.43	33.468	383.3523689	404.07	-20.7176311	12.25	-5.679337511
6	5	2016	243	30.9795	17.5973	33.5219	392.54001	397.78	-5.23999	3.625	-1.41679207
21	6	2018	237.23468	30.97979	NaN	NaN	NaN	NaN	NaN	NaN	22.04
21	6	2018	237.23468	30.97979	16.45	33.523	485.0411326	410.79	74.2511326	6.025	22.04136147
13	5	2016	241.8588	30.9816	17.4469	33.3362	400.82001	397.94	2.88001	4.05	0.788914367
13	5	2016	241.86681	30.9849	17.4386	33.3366	401.01001	397.89001	3.12	2.375	0.855226648
17	10	2000	243.287	30.98600	NaN	NaN	NaN	NaN	NaN	NaN	4.17
17	10	2000	243.287	30.986	19.43	33.68	386.29001	368.45	17.84001	3.22	4.165498703
6	5	2016	242.99699	30.9877	17.5872	33.5237	391.92999	397.75	-5.82001	2.975	-1.574888011
23	5	2018	237.38188	30.98785	NaN	NaN	NaN	NaN	NaN	NaN	-4.96
23	5	2018	237.38188	30.98785	17.36	33.832	393.23001	411.24	-18.00999	5.825	-4.956557651
13	5	2016	241.87469	30.9885	17.4195	33.3354	401.20001	397.94	3.26001	4.5	0.894992055
3	2	2016	-117.0340667	30.99113	NaN	NaN	NaN	NaN	NaN	NaN	-5.98
3	2	2016	-117.0340667	30.99113333	17.36	33.468	382.373298	404.07	-21.696702	11.15	-5.981527534
13	5	2016	241.88361	30.9926	17.4146	33.336	401.17001	397.98999	3.18002	2.525	0.873375629
13	5	2016	241.8884	30.9946	17.4215	33.3387	401.13	397.98001	3.14999	2.825	0.864634032
13	5	2016	241.89101	30.9958	17.4042	33.3373	401.14999	397.98001	3.16998	4.975	0.871345919
6	5	2016	242.994	30.9958	17.5896	33.5266	391.38	397.67999	-6.29999	4.1	-1.704416401
13	5	2016	241.8916	30.997	17.3983	33.3392	400.81	397.97	2.84	4.125	0.78100875
13	5	2016	241.89169	30.9978	17.3906	33.3385	401	398	3	1.35	0.825526396
13	5	2016	241.8913	30.9982	17.3854	33.3377	400.57999	398.03	2.54999	2.45	0.701992821
13	5	2016	241.8904	30.9988	17.3869	33.3369	400.72	398.01999	2.70001	2.475	0.743204749
13	5	2016	241.8893	30.9995	17.3879	33.3356	400.79001	397.98999	2.80002	3.95	0.770675869
13	5	2016	241.88811	31	17.3945	33.3352	401.29999	398.01001	3.28998	6.725	0.905050195
13	5	2016	241.8871	31.0006	17.3922	33.3346	401.14999	398.01999	3.13	4.325	0.861203619
13	5	2016	241.8862	31.0011	17.3938	33.3343	401.10999	398.01999	3.09	4.3	0.85008892
13	5	2016	241.8853	31.0017	17.394	33.335	401.01001	398	3.01001	2.425	0.828066734
3	2	2016	-117.0375833	31.00178	NaN	NaN	NaN	NaN	NaN	NaN	-6.27
3	2	2016	-117.0375833	31.00178333	17.36	33.505	381.3409646	404.07	-22.7290354	7.625	-6.265027461
17	10	2000	243.28101	31.00200	NaN	NaN	NaN	NaN	NaN	NaN	4.2
17	10	2000	243.28101	31.002	19.43	33.68	386.42001	368.45	17.97001	1.07001	4.195852656
13	5	2016	241.88429	31.0022	17.3959	33.3352	400.92001	398.04001	2.88	0.25	0.792177818
13	5	2016	241.88341	31.0028	17.4016	33.3348	400.81	398.01999	2.79001	0.725	0.767072469
13	5	2016	241.88251	31.0034	17.402	33.3346	400.70001	398.04999	2.65002	1.75	0.728561369
13	5	2016	241.88161	31.004	17.4038	33.3342	400.67001	398.01001	2.66	3.625	0.731199989
6	5	2016	242.991	31.004	17.5815	33.5284	391.70001	397.69	-5.98999	2.075	-1.621594109
13	5	2016	241.8806	31.0046	17.4031	33.3336	400.66	398.03	2.63	3.5	0.722996397
13	5	2016	241.8797	31.0052	17.4011	33.333	400.89999	398	2.89999	3.425	0.797348954
13	5	2016	241.87869	31.0058	17.401	33.333	400.51999	398.04001	2.47998	2.95	0.681873201
13	5	2016	241.8777	31.0062	17.4029	33.3325	400.94	398.03	2.91	5.175	0.799986531
21	6	2018	237.18582	31.00669	NaN	NaN	NaN	NaN	NaN	NaN	21.97
21	6	2018	237.18582	31.00669	16.45	33.525	484.7966537	410.79	74.0066537	5.925	21.96857789
13	5	2016	241.87669	31.0068	17.403	33.3327	400.79999	398.01999	2.78	2.775	0.764241389
13	5	2016	241.8757	31.0075	17.403	33.3322	400.78	397.98999	2.79001	0.8	0.76699503
13	5	2016	241.87469	31.0083	17.403	33.3324	400.87	398.01999	2.85001	2.675	0.783488743
13	5	2016	241.8736	31.0091	17.4067	33.3327	400.62	398.01001	2.60999	0.975	0.717289614
13	5	2016	241.8725	31.01	17.4122	33.3335	400.89001	397.98001	2.91	0.15	0.799380811
13	5	2016	241.87151	31.0107	17.4148	33.3341	401.23001	398	3.23001	2.325	0.88709877
13	5	2016	241.87041	31.0115	17.4122	33.3334	400.95999	398.01001	2.94998	3.725	0.810363754
6	5	2016	242.98801	31.0122	17.5667	33.5335	391.62	397.70001	-6.08001	3.3	-1.647891856
13	5	2016	241.86951	31.0123	17.4083	33.3337	401.03	398.03	3	1.85	0.824363301
3	2	2016	-117.0412333	31.01278	NaN	NaN	NaN	NaN	NaN	NaN	-5.46
3	2	2016	-117.0412333	31.01278333	17.41	33.48	384.1853898	404.07	-19.8846102	0.8	-5.459498021
13	5	2016	241.86929	31.013	17.4071	33.334	400.54001	398.01001	2.53	0.425	0.695279583
23	5	2018	237.33481	31.01407	NaN	NaN	NaN	NaN	NaN	NaN	-4.96
23	5	2018	237.33481	31.01407	17.37	33.828	393.19	411.24	-18.05	5.3	-4.963642672
6	6	2007	241.88	31.02000	NaN	NaN	NaN	NaN	NaN	NaN	-5.53
6	6	2007	241.88	31.02000	NaN	NaN	NaN	NaN	NaN	NaN	-8.41
6	6	2007	241.88	31.02000	NaN	NaN	NaN	NaN	NaN	NaN	-5.72
6	6	2007	241.88	31.02000	NaN	NaN	NaN	NaN	NaN	NaN	-6.69
6	6	2007	241.88	31.02000	NaN	NaN	NaN	NaN	NaN	NaN	-5.29
6	6	2007	241.88	31.02	16	33.595	368.9	386.1	-17.1690918	6.81	-5.287374423
6	6	2007	241.88	31.02	16	33.595	368.1	386.1	-17.9583374	5.68001	-5.530429623
6	6	2007	241.88	31.02	16	33.595	367.5	386.1	-18.58257446	7.31	-5.722668974
6	6	2007	241.88	31.02	16	33.595	364.4	386.1	-21.71038208	5.98	-6.685905131
6	6	2007	241.88	31.02	16	33.595	358.8	386.1	-27.30556641	5.38	-8.408991876
13	5	2016	241.8797	31.0201	17.387	33.3363	401.37	397.95001	3.41999	1.075	0.941381507
13	5	2016	241.8797	31.0201	17.388	33.337	401.14001	397.95001	3.19	1.2	0.878000784
13	5	2016	241.8797	31.0201	17.3909	33.3363	400.95001	397.98999	2.96002	0.2	0.814513618
13	5	2016	241.87981	31.0201	17.3834	33.3372	400.89001	397.95001	2.94	1.3	0.809492594
13	5	2016	241.87959	31.0201	17.3892	33.3351	400.79999	397.92999	2.87	4.15	0.789855868
13	5	2016	241.87981	31.0201	17.3858	33.3372	400.76999	397.95999	2.81	0.95	0.77354838
13	5	2016	241.87959	31.0201	17.3882	33.3367	400.76999	397.92999	2.84	1.175	0.781656868
13	5	2016	241.87981	31.0201	17.3851	33.3376	400.72	397.92999	2.79001	3.375	0.768087519
13	5	2016	241.87981	31.02020	NaN	NaN	NaN	NaN	NaN	NaN	1.36
13	5	2016	241.87981	31.02020	NaN	NaN	NaN	NaN	NaN	NaN	-1.64
13	5	2016	241.87981	31.02020	NaN	NaN	NaN	NaN	NaN	NaN	0.46
13	5	2016	241.87981	31.0202	17.3762	33.3482	408.4645081	403.53	4.934508057	1.81	1.359376888
13	5	2016	241.87981	31.0202	17.1418	33.3809	405.1585693	403.53	1.628569336	4.08	0.457185271
13	5	2016	241.87981	31.0202	17.389	33.3364	401.73001	397.97	3.76001	0.875	1.034806862
13	5	2016	241.87981	31.0202	17.386	33.337	401.5	397.92999	3.57001	1.7	0.982752086
13	5	2016	241.87981	31.0202	17.39	33.3359	401.32001	397.97	3.35001	2.75	0.921896734
13	5	2016	241.87981	31.0202	17.383	33.337	401	397.95001	3.04999	0.675	0.839804974
13	5	2016	241.87981	31.0202	17.387	33.3367	400.89999	397.98001	2.91998	1.1	0.803747948
13	5	2016	241.8797	31.0202	17.3891	33.3356	400.84	397.98001	2.85999	5.2	0.787105506
13	5	2016	241.8799	31.0202	17.3892	33.3366	400.82001	398.01999	2.80002	2.7	0.7705911
13	5	2016	241.8799	31.0202	17.3807	33.338	400.81	397.91	2.9	3.675	0.798650625
13	5	2016	241.87959	31.0202	17.3921	33.3351	400.70999	397.92999	2.78	4.775	0.764907269
13	5	2016	241.8797	31.0202	17.3931	33.3354	400.70001	397.92999	2.77002	2.775	0.762098523
13	5	2016	241.87981	31.0202	17.3832	33.3377	400.64999	397.89001	2.75998	3.225	0.759936815
13	5	2016	241.8799	31.0202	17.3858	33.3377	400.60001	397.89999	2.70002	4.85	0.743270866
13	5	2016	241.87981	31.0202	17.376	33.3482	397.572937	403.53	-5.957062988	1.91	-1.641100753
13	5	2016	241.8799	31.0203	17.3763	33.3374	401.26999	397.94	3.32999	2.65	0.91739788
13	5	2016	241.88	31.0203	17.39	33.3358	400.95999	397.94	3.01999	5.625	0.831078188
13	5	2016	241.8801	31.0203	17.3937	33.3365	400.94	397.95999	2.98001	2.6	0.819827669
13	5	2016	241.8799	31.0203	17.3903	33.336	400.89999	397.95001	2.94998	1.725	0.811791483
13	5	2016	241.8799	31.0203	17.381	33.338	400.64999	397.92999	2.72	3.15	0.749061012
13	5	2016	241.8799	31.0203	17.3899	33.3358	400.59	397.95999	2.63001	4.625	0.723764529
13	5	2016	241.8801	31.0204	17.39	33.3364	400.89001	397.97	2.92001	2.7	0.803562164
13	5	2016	241.8802	31.0204	17.3915	33.3355	400.82999	397.95999	2.87	3.05	0.789707309
13	5	2016	241.8802	31.0204	17.3869	33.3359	400.73999	397.95001	2.78998	3.75	0.767973542
13	5	2016	241.88029	31.0204	17.3861	33.3357	400.73999	397.95999	2.78	2.6	0.765276726
6	5	2016	242.98511	31.0204	17.665	33.5363	391.5	397.63	-6.13	1.375	-1.648295247
13	5	2016	241.8804	31.0205	17.3783	33.338	400.53	397.92001	2.60999	4.45	0.718922501
13	5	2016	241.8828	31.0213	17.3789	33.3385	401.20001	397.89001	3.31	4.175	0.911693997
13	5	2016	241.8875	31.0232	17.3845	33.3397	400.54001	397.89999	2.64002	3.525	0.726823442
3	2	2016	-117.0448667	31.02338	NaN	NaN	NaN	NaN	NaN	NaN	-4.44
3	2	2016	-117.0448667	31.02338333	17.27	33.393	388.0727198	404.07	-15.9972802	4.05	-4.444134915
13	5	2016	241.89371	31.0259	17.3896	33.3418	401.01999	397.87	3.14999	6.725	0.866856541
6	5	2016	242.98219	31.0285	17.6621	33.5342	391.26001	397.62	-6.35999	0.925	-1.710554144
13	5	2016	241.90041	31.0288	17.3853	33.3438	400.78	397.82001	2.95999	3.1	0.814845663
13	5	2016	241.9072	31.0317	17.4318	33.3577	401.25	397.82999	3.42001	0.525	0.937884534
21	6	2018	237.13722	31.03338	NaN	NaN	NaN	NaN	NaN	NaN	21.9
21	6	2018	237.13722	31.03338	16.58	33.529	485.3539605	410.79	74.5639605	7.25	21.89876782
2	4	1993	241.46201	31.034	15.725	32.879	346.59	359.27	-12.68	7.45	-4.008738953
3	2	2016	-117.0485667	31.03435	NaN	NaN	NaN	NaN	NaN	NaN	-5.44
3	2	2016	-117.0485667	31.03435	17	33.383	384.9275942	404.07	-19.1424058	0.275	-5.436105025
13	5	2016	241.9138	31.0347	17.4517	33.3764	400.88	397.79999	3.08001	0.275	0.843211311
2	4	1993	242.214	31.035	16.82	32.9	318.01001	359.27	-41.25999	5.21001	-11.91781934
6	5	2016	242.9794	31.0366	17.6187	33.5335	390.89001	397.60001	-6.71	3.825	-1.811024776
13	5	2016	241.92059	31.0375	17.5386	33.395	401.45999	397.78	3.67999	1.425	1.000327378
23	5	2018	237.28755	31.03938	NaN	NaN	NaN	NaN	NaN	NaN	-4.66
23	5	2018	237.28755	31.03938	17.17	33.759	394.56	411.24	-16.68	4.825	-4.663426469
13	5	2016	241.9272	31.0405	17.545	33.4091	401.42001	397.75	3.67001	1.8	0.99703221
13	5	2016	241.9337	31.0436	17.6315	33.4649	401.01999	397.67999	3.34	2.325	0.900826827
6	5	2016	242.9765	31.0447	17.5997	33.5322	390.70001	397.62	-6.91999	6.175	-1.87057783
13	5	2016	241.9402	31.0466	17.6436	33.4821	400.79001	397.69	3.10001	4.3	0.835215748
13	5	2016	241.9469	31.0494	17.644	33.4863	400.23001	397.70001	2.53	5.85	0.681606049
13	5	2016	241.9537	31.0523	17.6098	33.4968	399.79001	397.64001	2.15	5.85	0.580801614
6	5	2016	242.9738	31.0528	17.5949	33.5315	390.51001	397.59	-7.07999	7.7	-1.91457607
13	5	2016	241.96049	31.0552	17.5438	33.5052	397.37	397.69	-0.32	7.375	-0.086903211
13	5	2016	241.96719	31.0581	17.5335	33.518	395.88	397.79001	-1.91001	5.7	-0.519106407
21	6	2018	237.08868	31.06035	NaN	NaN	NaN	NaN	NaN	NaN	22.22
21	6	2018	237.08868	31.06035	16.61	33.539	486.6216762	410.79	75.8316762	8.05	22.2153407
6	5	2016	242.97121	31.0609	17.58	33.5308	390.78	397.57001	-6.79001	2.275	-1.838375016
17	10	2000	243.25999	31.06100	NaN	NaN	NaN	NaN	NaN	NaN	3.92
17	10	2000	243.25999	31.061	19.41	33.69	385.23001	368.45	16.78001	0.92	3.92397883
13	5	2016	241.97391	31.0612	17.5209	33.5229	396.45001	397.76999	-1.31998	7.75	-0.359103837
23	5	2018	237.23965	31.06385	NaN	NaN	NaN	NaN	NaN	NaN	-4.59
23	5	2018	237.23965	31.06385	17.02	33.734	395.03	411.24	-16.21	5.225	-4.588179925
13	5	2016	241.98061	31.0641	17.491	33.5247	394.51001	397.79999	-3.28998	5.75	-0.897204763
13	5	2016	241.9883	31.0674	17.4806	33.5254	394.53	397.73001	-3.20001	6.1	-0.873400224
6	5	2016	242.9686	31.0691	17.5839	33.5301	390.89999	397.54999	-6.65	2.75	-1.79990702
13	5	2016	241.9951	31.0703	17.4744	33.5265	394.78	397.73999	-2.95999	7.95	-0.808290767
13	5	2016	242.00191	31.0731	17.474	33.5316	394.45001	397.73001	-3.28	5	-0.895683841
13	5	2016	242.0085	31.0759	17.4451	33.5327	392.42999	397.75	-5.32001	2.85	-1.456149668
6	5	2016	242.966	31.0771	17.6293	33.5268	391.60001	397.54999	-5.94998	0.975	-1.604574337
13	5	2016	242.0152	31.0788	17.4199	33.5315	392.09	397.70999	-5.61999	5.775	-1.541405656
13	5	2016	242.0219	31.0818	17.3706	33.5298	390.84	397.79999	-6.95999	5.725	-1.916578371
13	5	2016	242.02859	31.0849	17.323	33.5297	390.19	397.81	-7.62	5.6	-2.106433066
6	5	2016	242.96339	31.0852	17.5899	33.5253	390.89999	397.48999	-6.59	5.45	-1.782844329
21	6	2018	237.03987	31.08789	NaN	NaN	NaN	NaN	NaN	NaN	22.7
21	6	2018	237.03987	31.08789	16.58	33.538	488.0745076	410.79	77.2845076	7.725	22.6967913
13	5	2016	242.03529	31.0879	17.3135	33.5299	389.20999	397.79999	-8.59	5.55	-2.376401334
23	5	2018	237.19159	31.08837	NaN	NaN	NaN	NaN	NaN	NaN	-4.71
23	5	2018	237.19159	31.08837	17.09	33.763	394.51999	411.24	-16.72001	2.9	-4.705011346
13	5	2016	242.0419	31.091	17.3307	33.531	389.26999	397.81	-8.54001	4.15	-2.359268811
13	5	2016	242.0486	31.094	17.3487	33.5261	388.95001	397.76999	-8.81998	5.4	-2.433119718
6	5	2016	242.9603	31.0944	17.5373	33.5256	390.54001	397.51001	-6.97	7.025	-1.893671099
13	5	2016	242.0553	31.0971	17.3639	33.5249	390.66	397.75	-7.09	4.25	-1.953484398
6	5	2016	242.9576	31.1025	17.5409	33.5244	391.22	397.45001	-6.23001	4.825	-1.692141644
6	5	2016	242.9549	31.1105	17.5396	33.5222	391.01001	397.48001	-6.47	4.225	-1.757528545
23	5	2018	237.14418	31.11333	NaN	NaN	NaN	NaN	NaN	NaN	-4.74
23	5	2018	237.14418	31.11333	17.13	33.779	394.34	411.24	-16.9	1.225	-4.739861536
6	5	2016	242.9523	31.1186	17.5348	33.5218	391.04999	397.48001	-6.43002	5.625	-1.7473489
6	5	2016	242.94971	31.1267	17.5459	33.5199	391.45999	397.48999	-6.03	5.425	-1.637190393
6	5	2016	242.9472	31.1349	17.5423	33.518	391.35999	397.45001	-6.09002	4.55	-1.653982009
13	5	2016	242.1404	31.1387	17.7259	33.5284	390.42999	397.47	-7.04001	6.6	-1.883791694
23	5	2018	237.09715	31.13949	NaN	NaN	NaN	NaN	NaN	NaN	-4.78
23	5	2018	237.09715	31.13949	17.14	33.774	394.19	411.24	-17.05	1.275	-4.778161111
13	5	2016	242.14751	31.1428	17.6982	33.5254	390.85001	397.45999	-6.60998	5.05	-1.772699221
6	5	2016	242.9447	31.143	17.5188	33.5187	390.91	397.47	-6.56	4.85	-1.785002713
13	5	2016	242.15359	31.1463	17.6867	33.5235	390.79999	397.48001	-6.68002	6.775	-1.793160025
13	5	2016	242.15981	31.1497	17.6427	33.5211	390.78	397.48001	-6.70001	3.325	-1.804937554
6	5	2016	242.94209	31.1511	17.5026	33.5211	390.79999	397.42999	-6.63	2.5	-1.806392466
13	5	2016	242.16611	31.1531	17.6194	33.5201	391.07001	397.42001	-6.35	3.85	-1.713873215
13	5	2016	242.1723	31.1564	17.5337	33.5199	391.26999	397.51001	-6.24002	5.1	-1.695882643
6	5	2016	242.93961	31.1592	17.5107	33.522	390.5	397.44	-6.94	3.55	-1.889608937
13	5	2016	242.1785	31.1599	17.5132	33.5229	391.47	397.44	-5.97	4.1	-1.625164061
13	5	2016	242.1846	31.1634	17.5728	33.5234	391.64001	397.44	-5.79999	3.05	-1.571298195
23	5	2018	237.04982	31.16566	NaN	NaN	NaN	NaN	NaN	NaN	-4.58
23	5	2018	237.04982	31.16566	16.94	33.699	395.16	411.24	-16.08	1.3	-4.58190232
13	5	2016	242.1908	31.1669	17.5283	33.5199	392.47	397.45999	-4.98999	5.25	-1.356747185
6	5	2016	242.9373	31.1673	17.5067	33.523	390.54999	397.44	-6.89001	2.4	-1.876595309
13	5	2016	242.1972	31.1701	17.4478	33.5195	391.73999	397.51999	-5.78	5.85	-1.581808142
13	5	2016	242.20351	31.1732	17.4587	33.5242	390.32001	397.51001	-7.19	3.975	-1.965904077
6	5	2016	242.93491	31.1755	17.5	33.5233	390.12	397.44	-7.32	1.525	-1.994786314
13	5	2016	242.2099	31.1762	17.4702	33.5277	389.53	397.51999	-7.98999	3.55	-2.182572133
13	5	2016	242.2162	31.1793	17.5066	33.5297	389.20999	397.51999	-8.31	4.375	-2.263296679
13	5	2016	242.2188	31.1818	17.5513	33.5299	388.48001	397.44	-8.95999	5.675	-2.431528634
13	5	2016	242.21761	31.1829	17.5653	33.5282	389.34	397.45999	-8.11999	4.425	-2.201100765
13	5	2016	242.21651	31.1833	17.5613	33.5283	389.07001	397.45999	-8.38998	4.3	-2.275020987
6	5	2016	242.9326	31.1835	17.4733	33.5224	390.06	397.42999	-7.36999	0.25	-2.012757043
13	5	2016	242.2157	31.1837	17.5601	33.5282	388.51999	397.44	-8.92001	4.425	-2.418979056
13	5	2016	242.2148	31.184	17.5572	33.5283	388.42001	397.42999	-9.00998	4.525	-2.443948678
13	5	2016	242.214	31.1845	17.5533	33.5282	388.32001	397.39999	-9.07998	5.15	-2.463713031
13	5	2016	242.2131	31.1854	17.5493	33.528	388.25	397.44	-9.19	7.25	-2.494373221
13	5	2016	242.2123	31.1862	17.549	33.5279	388.20001	397.42999	-9.22998	6.3	-2.505286578
13	5	2016	242.2115	31.187	17.5416	33.5284	388.04001	397.41	-9.36999	7.525	-2.544803742
13	5	2016	242.21091	31.1877	17.5447	33.528	388.10001	397.39001	-9.29	5.175	-2.522452366
13	5	2016	242.2103	31.1884	17.5403	33.5285	388.14001	397.48001	-9.34	1.825	-2.53692388
13	5	2016	242.20959	31.1893	17.5424	33.5279	389.10999	397.51001	-8.40002	2.75	-2.281226764
13	5	2016	242.2099	31.1898	17.5242	33.5268	388.42001	397.73999	-9.31998	4.1	-2.534800867
13	5	2016	242.21001	31.1898	17.524	33.5264	387.73001	397.75	-10.01999	2.5	-2.725235244
13	5	2016	242.2101	31.1899	17.5239	33.5263	387.59	397.76001	-10.17001	3.55	-2.766061319
13	5	2016	242.2103	31.1899	17.5233	33.5265	387.53	397.73999	-10.20999	3.2	-2.777067135
6	6	2007	242.21001	31.19000	NaN	NaN	NaN	NaN	NaN	NaN	-6.81
6	6	2007	242.21001	31.19000	NaN	NaN	NaN	NaN	NaN	NaN	-6.26
6	6	2007	242.21001	31.19000	NaN	NaN	NaN	NaN	NaN	NaN	-10.06
6	6	2007	242.21001	31.19000	NaN	NaN	NaN	NaN	NaN	NaN	-8.91
6	6	2007	242.21001	31.19000	NaN	NaN	NaN	NaN	NaN	NaN	-7.08
13	5	2016	242.21049	31.19	17.527	33.5265	387.54999	397.76001	-10.21002	1.325	-2.776245338
6	6	2007	242.21001	31.19	15.8	33.615	366.1	386.1	-19.99926147	7	-6.261242104
6	6	2007	242.21001	31.19	15.8	33.615	364.3	386.1	-21.75359497	7.08	-6.810477723
6	6	2007	242.21001	31.19	15.8	33.615	363.5	386.1	-22.59972534	5.45	-7.07537886
6	6	2007	242.21001	31.19	15.7	33.605	357.9	386.1	-28.22371826	7.5	-8.910211466
6	6	2007	242.21001	31.19	15.7	33.615	354.2	386.1	-31.87746582	6.71001	-10.06321322
13	5	2016	242.21001	31.1901	17.5175	33.5266	388.70001	397.57999	-8.87998	1.15	-2.416441848
13	5	2016	242.21069	31.1901	17.5269	33.5261	388.64999	397.60999	-8.96	4.325	-2.436371959
13	5	2016	242.20889	31.1901	17.5335	33.5275	388.51001	397.48999	-8.97998	2.525	-2.440487146
13	5	2016	242.21069	31.1901	17.5258	33.5266	388.47	397.69	-9.22	3.575	-2.507287092
13	5	2016	242.2106	31.1901	17.5269	33.5267	387.70999	397.76001	-10.05002	1.5	-2.73275861
13	5	2016	242.21049	31.19020	NaN	NaN	NaN	NaN	NaN	NaN	-3.17
13	5	2016	242.21049	31.19020	NaN	NaN	NaN	NaN	NaN	NaN	-2.23
13	5	2016	242.21049	31.19020	NaN	NaN	NaN	NaN	NaN	NaN	-5.09
13	5	2016	242.21049	31.1902	17.5208	33.536	395.317627	403.53	-8.212373047	2.3	-2.234075529
13	5	2016	242.21049	31.1902	17.5152	33.5362	391.8651733	403.53	-11.66482666	4.00999	-3.174706295
13	5	2016	242.21049	31.1902	17.5251	33.5267	389.56	397.60999	-8.04999	1	-2.189237292
13	5	2016	242.21091	31.1902	17.5261	33.5267	389.35001	397.60001	-8.25	3.7	-2.243449825
13	5	2016	242.21069	31.1902	17.5259	33.5267	389.29999	397.64999	-8.35	6.75	-2.270679843
13	5	2016	242.2104	31.1902	17.5268	33.5264	389.14001	397.60999	-8.46998	2.275	-2.303142754
13	5	2016	242.21091	31.1902	17.5241	33.5263	388.98001	397.63	-8.64999	3.65	-2.352604979
13	5	2016	242.2108	31.1902	17.5269	33.5266	388.57001	397.62	-9.04999	2.55	-2.460835883
13	5	2016	242.2108	31.1902	17.5261	33.5261	388.5	397.63	-9.13	7.7	-2.482758214
13	5	2016	242.2108	31.1902	17.5249	33.5265	388.48001	397.64999	-9.16998	4.625	-2.49386715
13	5	2016	242.2103	31.1902	17.5254	33.5268	388.42999	397.59	-9.16001	3.375	-2.491051538
13	5	2016	242.2106	31.1902	17.525	33.5266	388.16	397.62	-9.46	1.55	-2.572718964
13	5	2016	242.21021	31.1902	17.5301	33.5261	387.97	397.57001	-9.60001	2.3	-2.609726547
13	5	2016	242.21049	31.1902	17.5279	33.5359	384.8154602	403.53	-18.71453979	1.58	-5.088144525
13	5	2016	242.21111	31.1903	17.5262	33.5263	389.81	397.62	-7.81	4	-2.123786045
13	5	2016	242.211	31.1903	17.5269	33.526	389.32001	397.63	-8.30999	4.525	-2.25962458
13	5	2016	242.2112	31.1903	17.528	33.526	389.29001	397.60999	-8.31998	5.125	-2.262140003
13	5	2016	242.21111	31.1903	17.5278	33.5259	388.92001	397.64001	-8.72	3.95	-2.370941865
13	5	2016	242.211	31.1903	17.5251	33.5266	388.32001	397.60999	-9.28998	4.125	-2.526460321
13	5	2016	242.2083	31.1908	17.5321	33.5278	388.29001	397.54001	-9.25	4.475	-2.514151138
2	4	1993	241.625	31.191	16.561	33.043	349.62	359.27	-9.65	7.18001	-2.845141771
23	5	2018	237.00272	31.19160	NaN	NaN	NaN	NaN	NaN	NaN	-4.01
23	5	2018	237.00272	31.1916	16.69	33.611	397.45001	411.24	-13.78999	0.05	-4.012105144
6	5	2016	242.9303	31.1916	17.4754	33.5207	389.88	397.41	-7.53	5.35	-2.056123545
13	5	2016	242.2075	31.1917	17.5339	33.5273	387.92001	397.53	-9.60999	4.4	-2.61162292
13	5	2016	242.20779	31.1918	17.5114	33.5271	388.70001	397.60999	-8.90998	0.8	-2.425795067
13	5	2016	242.2068	31.1926	17.5303	33.5271	387.76001	397.54001	-9.78	5.55	-2.658600572
13	5	2016	242.2061	31.1935	17.5291	33.5275	388.54001	397.57999	-9.03998	4.2	-2.457666684
13	5	2016	242.2059	31.1939	17.5181	33.5268	388.57001	397.56	-8.98999	4.575	-2.446257126
13	5	2016	242.2054	31.1943	17.529	33.5275	387.82999	397.48001	-9.65002	3.05	-2.623537247
13	5	2016	242.2056	31.1944	17.5205	33.527	388.48001	397.51999	-9.03998	3.675	-2.459380595
13	5	2016	242.2054	31.1946	17.5271	33.5268	388.19	397.42999	-9.23999	0.725	-2.512456918
6	5	2016	242.92799	31.1997	17.4557	33.5213	389.60001	397.37	-7.76999	2.35	-2.125030847
6	5	2016	242.9256	31.2077	17.4517	33.52	389.70999	397.35999	-7.65	1.2	-2.092904376
6	5	2016	242.9231	31.2158	17.4463	33.5202	390.20999	397.37	-7.16001	1.1	-1.959705634
23	5	2018	236.95522	31.21749	NaN	NaN	NaN	NaN	NaN	NaN	-3.91
23	5	2018	236.95522	31.21749	16.56	33.573	397.95001	411.24	-13.28999	5.6	-3.908732951
6	5	2016	242.92059	31.2238	17.4247	33.5217	389.95999	397.37	-7.41001	1.65	-2.03166342
2	4	1993	242.13901	31.225	16.818	32.9	318.82001	359.27	-40.44999	5.81	-11.68576222
6	5	2016	242.91811	31.2319	17.3931	33.524	390.20001	397.35999	-7.15998	2.625	-1.968115782
6	5	2016	242.9156	31.2401	17.4298	33.5249	391.60999	397.37	-5.76001	4.35	-1.578593842
13	5	2016	242.3172	31.2404	17.685	33.5122	389.07999	397.89001	-8.81002	7.025	-2.365380216
23	5	2018	236.90779	31.24320	NaN	NaN	NaN	NaN	NaN	NaN	-3.83
23	5	2018	236.90779	31.2432	16.6	33.59	398.16	411.24	-13.08	4.825	-3.834069512
13	5	2016	242.32381	31.2435	17.685	33.5105	389.12	397.85999	-8.73999	6.8	-2.34659696
13	5	2016	242.3304	31.2465	17.6924	33.5092	388.88	397.88	-9	7.8	-2.414981248
6	5	2016	242.9131	31.2483	17.5358	33.5202	392.45001	397.26999	-4.81998	1.75	-1.30972695
13	5	2016	242.3369	31.2494	17.6774	33.5079	388.69	397.92001	-9.23001	5.675	-2.479711284
13	5	2016	242.3434	31.2523	17.6825	33.5066	388.17999	397.92999	-9.75	4.6	-2.61835014
13	5	2016	242.3508	31.2557	17.6764	33.5072	388.45001	397.98001	-9.53	7	-2.560520721
6	5	2016	242.91051	31.2565	17.5077	33.5222	391.20999	397.28	-6.07001	2.425	-1.653128971
13	5	2016	242.35719	31.2587	17.6537	33.5076	387.92999	397.92001	-9.99002	7.45	-2.689030239
13	5	2016	242.3636	31.2618	17.6548	33.5078	388.69	397.97	-9.28	7.5	-2.497689072
6	5	2016	242.9079	31.2646	17.5111	33.525	391.51999	397.25	-5.73001	3.775	-1.560082692
13	5	2016	242.3701	31.2648	17.655	33.5092	388.35001	397.92001	-9.57	5.95	-2.575683211
13	5	2016	242.3765	31.2678	17.643	33.5107	388.17001	398	-9.82999	5.5	-2.648199696
23	5	2018	236.86026	31.26851	NaN	NaN	NaN	NaN	NaN	NaN	-3.79
23	5	2018	236.86026	31.26851	16.54	33.566	398.39001	411.24	-12.84999	4.3	-3.785653962
13	5	2016	242.3829	31.2709	17.6327	33.5133	387.48001	398.01001	-10.53	7.05	-2.839104849
6	5	2016	242.9053	31.2727	17.4442	33.5299	390.51001	397.29999	-6.78998	4.475	-1.858657869
13	5	2016	242.3893	31.274	17.6302	33.5134	387.73001	398.04999	-10.31998	6.375	-2.783038934
13	5	2016	242.3956	31.277	17.6263	33.5167	386.89001	398.01999	-11.12998	5.625	-3.002372877
13	5	2016	242.4021	31.28	17.6194	33.5211	387.35999	398.04999	-10.69	4.65	-2.885231137
6	5	2016	242.9026	31.2809	17.4328	33.5304	389.97	397.26999	-7.29999	3.175	-2.000104458
13	5	2016	242.40829	31.283	17.6107	33.5291	387.25	398.09	-10.84	4.625	-2.927659212
13	5	2016	242.4146	31.2862	17.6296	33.5412	387.88	398.01001	-10.13001	4.275	-2.731580622
13	5	2016	242.42081	31.2893	17.6571	33.5441	388.48999	398.04001	-9.55002	7.325	-2.569445104
6	5	2016	242.8996	31.2902	17.3105	33.5272	388.10001	397.32999	-9.22998	1.575	-2.554103863
13	5	2016	242.42709	31.2924	17.6608	33.5399	389.29999	398.04999	-8.75	7.375	-2.353543435
23	5	2018	236.81313	31.29375	NaN	NaN	NaN	NaN	NaN	NaN	-4.48
23	5	2018	236.81313	31.29375	16.56	33.619	396.01001	411.24	-15.22999	2.75	-4.478323033
13	5	2016	242.4334	31.2954	17.6526	33.5368	389.42001	398.04001	-8.62	6.3	-2.320144017
6	5	2016	242.8968	31.2984	17.2527	33.5262	387.35001	397.35999	-10.00998	2.1	-2.782969375
13	5	2016	242.4399	31.2985	17.6437	33.5336	389.67001	398.10001	-8.43	7.175	-2.270667389
13	5	2016	242.4464	31.3015	17.6402	33.5325	391.07999	398.10001	-7.02002	3.625	-1.891425088
13	5	2016	242.4529	31.3046	17.6409	33.5315	391.54999	398.13	-6.58001	5.55	-1.772780204
6	5	2016	242.8941	31.3065	17.2099	33.5251	386.5	397.37	-10.87	2.3	-3.03260145
13	5	2016	242.4594	31.3076	17.6438	33.5317	391.04001	398.10001	-7.06	5.425	-1.901652078
13	5	2016	242.46581	31.3106	17.6394	33.5328	391.39001	398.12	-6.72999	5.325	-1.813395843
13	5	2016	242.47231	31.3136	17.6344	33.534	391.22	398.19	-6.97	5.375	-1.87881332
6	5	2016	242.89149	31.3146	17.057	33.5295	385.51001	397.44	-11.92999	3.575	-3.369869781
13	5	2016	242.4791	31.3167	17.6377	33.5326	391.97	398.17001	-6.20001	7.225	-1.67082337
23	5	2018	236.76617	31.31922	NaN	NaN	NaN	NaN	NaN	NaN	-4.51
23	5	2018	236.76617	31.31922	16.48	33.578	395.98999	411.24	-15.25001	2.9	-4.514621666
13	5	2016	242.4857	31.3198	17.6417	33.5327	391.51999	398.20001	-6.68002	7.9	-1.799598452
6	5	2016	242.88879	31.3227	17.1534	33.5349	387.42001	397.32999	-9.90998	3.875	-2.777351905
13	5	2016	242.49249	31.3229	17.6299	33.5386	391.19	398.17001	-6.98001	6.25	-1.882153517
13	5	2016	242.4991	31.326	17.642	33.5445	390.85999	398.25	-7.39001	6.325	-1.990710238
13	5	2016	242.50681	31.3296	17.6873	33.5588	390.14999	398.23999	-8.09	5.9	-2.171181284
6	5	2016	242.88609	31.3309	17.1126	33.5327	385.85001	397.35001	-11.5	1.9	-3.233705725
13	5	2016	242.5136	31.3328	17.6908	33.5609	389.14001	398.17001	-9.03	6.25	-2.422749407
13	5	2016	242.5204	31.336	17.6707	33.5575	388.95001	398.17999	-9.22998	5.75	-2.480459031
13	5	2016	242.52699	31.3392	17.6532	33.5536	389.63	398.20999	-8.57999	6.1	-2.309079208
13	5	2016	242.5338	31.3423	17.6539	33.5519	389.72	398.23001	-8.51001	4.9	-2.290135141
23	5	2018	236.71902	31.34487	NaN	NaN	NaN	NaN	NaN	NaN	-4.46
23	5	2018	236.71902	31.34487	16.18	33.494	396.54999	411.24	-14.69001	4.125	-4.459320159
13	5	2016	242.5405	31.3455	17.6318	33.5478	390.04001	398.20001	-8.16	6.1	-2.199903558
13	5	2016	242.5473	31.3484	17.6487	33.5508	390.32999	398.14999	-7.82	6.8	-2.10533957
13	5	2016	242.5504	31.3498	17.6324	33.5425	390.73001	398.26001	-7.53	5.5	-2.030010881
13	5	2016	242.5508	31.3499	17.6357	33.5428	391.04999	398.35001	-7.30002	3.925	-1.967484103
7	6	2007	242.55	31.35000	NaN	NaN	NaN	NaN	NaN	NaN	-27.59
13	5	2016	242.5506	31.35	17.6378	33.5426	390.44	398.31	-7.87	2.7	-2.120746567
7	6	2007	242.55	31.35	13.7	33.765	312.2	386.1	-73.86553345	5.15001	-27.58929761
13	5	2016	242.5507	31.3502	17.6358	33.5421	392.03	398.28	-6.25	2.45	-1.684477209
13	5	2016	242.5506	31.3506	17.6239	33.5449	392.07001	398.19	-6.11999	8.5	-1.650999386
13	5	2016	242.55051	31.3507	17.5896	33.5411	390.72	398.23999	-7.51999	6.65	-2.034338482
13	5	2016	242.5506	31.3507	17.5833	33.5406	390.54999	398.25	-7.70001	7.025	-2.084102619
13	5	2016	242.5507	31.3507	17.5774	33.5399	390.34	398.23001	-7.89001	4.5	-2.136552816
13	5	2016	242.5509	31.3508	17.577	33.5394	391.28	398.23999	-6.95999	1.15	-1.884776025
13	5	2016	242.55119	31.3509	17.5809	33.5407	390.64999	398.25	-7.60001	3.45	-2.057433932
13	5	2016	242.5511	31.3509	17.5798	33.5405	390.54999	398.23999	-7.69	2.425	-2.081982369
13	5	2016	242.5513	31.351	17.5875	33.541	391.41	398.20001	-6.79001	6.475	-1.837173526
13	5	2016	242.55141	31.351	17.588	33.5412	391.04001	398.23999	-7.19998	6.775	-1.948018678
13	5	2016	242.55161	31.3511	17.5992	33.5399	392.17999	398.20001	-6.02002	0.95	-1.627308525
13	5	2016	242.5515	31.3511	17.5948	33.5418	390.48999	398.20999	-7.72	6.325	-2.087562822
13	5	2016	242.55161	31.3512	17.5931	33.5421	391.48001	398.22	-6.73999	4.95	-1.822806081
13	5	2016	242.5517	31.3512	17.6059	33.5431	391.32001	398.17999	-6.85998	4.8	-1.853332862
13	5	2016	242.5517	31.3512	17.6042	33.5395	391.07999	398.14001	-7.06002	2.575	-1.907671103
13	5	2016	242.55161	31.3512	17.602	33.5418	390.78	398.22	-7.44	3.65	-2.010679543
13	5	2016	242.5517	31.3512	17.5967	33.5421	390.45999	398.25	-7.79001	3.875	-2.106168245
13	5	2016	242.5517	31.3513	17.6046	33.5424	390.76999	398.20999	-7.44	2.375	-2.010252034
13	5	2016	242.55589	31.3527	17.6425	33.5417	391.70999	398.28	-6.57001	2.925	-1.769771974
2	4	1993	241.774	31.356	16.711	33.078	350.53	359.27	-8.74	6.00999	-2.544952023
13	5	2016	242.5632	31.3563	17.6347	33.5394	393.35001	398.32999	-4.97998	4.275	-1.342322327
13	5	2016	242.57069	31.3601	17.6386	33.5365	394.04001	398.29999	-4.25998	2.775	-1.147905539
21	6	2018	236.56349	31.36157	NaN	NaN	NaN	NaN	NaN	NaN	22.05
21	6	2018	236.56349	31.36157	16.79	33.568	487.1743156	410.79	76.3843156	3.725	22.04708054
13	5	2016	242.5782	31.3638	17.639	33.5339	393.63	398.29001	-4.66001	2.725	-1.255673672
13	5	2016	242.5856	31.3676	17.6325	33.5334	392.66	398.26001	-5.60001	2.05	-1.509758362
23	5	2018	236.67123	31.37035	NaN	NaN	NaN	NaN	NaN	NaN	-4.6
23	5	2018	236.67123	31.37035	16.14	33.493	396.14999	411.24	-15.09001	2.95	-4.595909116
13	5	2016	242.593	31.3714	17.6302	33.5327	392.22	398.29001	-6.07001	2.375	-1.636779045
13	5	2016	242.6003	31.3753	17.6216	33.532	391.67001	398.31	-6.63999	3.125	-1.79172267
13	5	2016	242.6075	31.3791	17.6109	33.5321	391.89001	398.29999	-6.40998	5.375	-1.73115009
13	5	2016	242.61481	31.3828	17.6081	33.5326	391.95001	398.29001	-6.34	3.6	-1.712633315
13	5	2016	242.62219	31.3864	17.6164	33.5343	391.54001	398.23999	-6.69998	5.7	-1.808649079
13	5	2016	242.6297	31.39	17.629	33.5346	391.29001	398.29999	-7.00998	2.9	-1.890408007
21	6	2018	236.5186	31.39097	NaN	NaN	NaN	NaN	NaN	NaN	22.06
21	6	2018	236.5186	31.39097	16.81	33.569	487.3435918	410.79	76.5535918	6.925	22.05976679
13	5	2016	242.63721	31.3936	17.6356	33.5346	391.89001	398.26999	-6.37998	2.2	-1.71959788
23	5	2018	236.6226	31.39539	NaN	NaN	NaN	NaN	NaN	NaN	-4.37
23	5	2018	236.6226	31.39539	16.19	33.511	396.84	411.24	-14.4	2.525	-4.367324656
13	5	2016	242.64461	31.3972	17.6407	33.5346	391.28	398.35001	-7.07001	1.35	-1.904798253
13	5	2016	242.65199	31.4009	17.6438	33.5339	392.44	398.39001	-5.95001	3.3	-1.602653083
13	5	2016	242.6595	31.4046	17.6412	33.5335	391.67999	398.34	-6.66001	3.1	-1.794273291
13	5	2016	242.66701	31.4084	17.6355	33.5338	391.91	398.32001	-6.41001	2.475	-1.727712368
13	5	2016	242.6745	31.4122	17.6322	33.5326	392.17001	398.26001	-6.09	2.925	-1.641905248
13	5	2016	242.6821	31.4159	17.6265	33.5314	392.95001	398.35999	-5.40998	3.675	-1.459246299
2	4	1993	242.064	31.416	16.184	32.9	320.20999	359.27	-39.06001	5.75999	-11.88701294
13	5	2016	242.6897	31.4197	17.6279	33.5304	392.56	398.32999	-5.76999	3.15	-1.556184263
21	6	2018	236.47357	31.42043	NaN	NaN	NaN	NaN	NaN	NaN	21.67
21	6	2018	236.47357	31.42043	16.81	33.57	485.9890175	410.79	75.1990175	7.925	21.66932772
23	5	2018	236.57431	31.42046	NaN	NaN	NaN	NaN	NaN	NaN	-4.26
23	5	2018	236.57431	31.42046	16.46	33.581	396.85999	411.24	-14.38001	0.725	-4.264001119
13	5	2016	242.69839	31.424	17.6301	33.5301	391.64001	398.37	-6.72999	5.025	-1.814779773
13	5	2016	242.70599	31.4279	17.6309	33.5295	393.37	398.35001	-4.98001	6.025	-1.342804968
13	5	2016	242.71359	31.4318	17.6198	33.5279	392.07001	398.32001	-6.25	4.875	-1.686766211
6	5	2016	242.8374	31.4331	16.8248	33.5262	385.28	397.28	-12	3.7	-3.454462234
13	5	2016	242.72121	31.4357	17.6051	33.527	392.10001	398.39001	-6.29	4.75	-1.699583256
13	5	2016	242.7289	31.4397	17.5881	33.5253	392.41	398.41	-6	5.6	-1.623462836
6	5	2016	242.8324	31.4404	16.781	33.5213	385.32001	397.29999	-11.97998	4.225	-3.461140061
13	5	2016	242.7366	31.4436	17.5722	33.5251	391.78	398.44	-6.66	4.925	-1.804359733
23	5	2018	236.52585	31.44579	NaN	NaN	NaN	NaN	NaN	NaN	-4.38
23	5	2018	236.52585	31.44579	16.5	33.588	396.42999	411.24	-14.81001	0.15	-4.376963278
13	5	2016	242.74451	31.4474	17.5636	33.5231	391.82999	398.35001	-6.52002	3.65	-1.767679327
6	5	2016	242.82761	31.4479	16.8151	33.5143	384.64001	397.29001	-12.65	4.775	-3.644671561
13	5	2016	242.5508	31.44920	NaN	NaN	NaN	NaN	NaN	NaN	-3.52
13	5	2016	242.5508	31.44920	NaN	NaN	NaN	NaN	NaN	NaN	-7.43
13	5	2016	242.5508	31.44920	NaN	NaN	NaN	NaN	NaN	NaN	-0.51
13	5	2016	242.5508	31.4492	17.4572	33.5359	401.6604919	403.53	-1.869508057	6.38	-0.511198193
13	5	2016	242.5508	31.4492	17.6063	33.552	390.4931335	403.53	-13.03686646	3.65001	-3.521854674
13	5	2016	242.5508	31.4492	17.5814	33.5459	376.0997009	403.53	-27.43029907	6.18001	-7.425300409
21	6	2018	236.42799	31.44933	NaN	NaN	NaN	NaN	NaN	NaN	21.73
21	6	2018	236.42799	31.44933	16.77	33.558	485.9606977	410.79	75.1706977	5.55	21.73331207
13	5	2016	242.7523	31.4513	17.5321	33.5214	390.75	398.42999	-7.67999	4.025	-2.087485672
13	5	2016	242.7599	31.4551	17.4969	33.5194	391.62	398.45001	-6.83001	5.6	-1.86175912
6	5	2016	242.823	31.4553	16.6966	33.5069	383.45001	397.29999	-13.84998	3	-4.029387225
13	5	2016	242.7677	31.4591	17.4556	33.517	391.32001	398.44	-7.11999	5.625	-1.94731652
13	5	2016	242.7756	31.463	17.4679	33.5172	390.64999	398.51001	-7.86002	6.325	-2.147575544
6	5	2016	242.8196	31.4632	16.5624	33.5019	384.75	397.35001	-12.60001	1.175	-3.706333218
13	5	2016	242.7834	31.467	17.469	33.5155	391.14001	398.53	-7.38999	4.05	-2.01898704
23	5	2018	236.47717	31.47080	NaN	NaN	NaN	NaN	NaN	NaN	-4.23
23	5	2018	236.47717	31.4708	16.44	33.563	396.98999	411.24	-14.25001	6.625	-4.232764029
13	5	2016	242.7912	31.4709	17.4578	33.5138	390.75	398.51001	-7.76001	4	-2.12201663
6	5	2016	242.8165	31.4712	16.4103	33.4988	386.19	397.39001	-11.20001	1.15	-3.335957672
13	5	2016	242.7989	31.4748	17.4393	33.5121	390.87	398.45001	-7.58001	4.7	-2.075915183
2	4	1993	241.806	31.477	16.536	32.995	350.32999	359.27	-8.94001	6.75999	-2.641829796
13	5	2016	242.8067	31.4787	17.4325	33.5119	390.70001	398.5	-7.79999	5.05	-2.137337877
21	6	2018	236.3829	31.47871	NaN	NaN	NaN	NaN	NaN	NaN	21.82
21	6	2018	236.3829	31.47871	16.66	33.544	485.5945024	410.79	74.8045024	6.825	21.8243552
6	5	2016	242.81281	31.4804	16.3583	33.4956	384.98001	397.39001	-12.41	2.175	-3.712250141
13	5	2016	242.8145	31.4826	17.4189	33.5114	390.34	398.56	-8.22	3.6	-2.254913328
13	5	2016	242.8223	31.4866	17.4133	33.5115	390.97	398.45999	-7.48999	3.4	-2.055587012
6	5	2016	242.8096	31.4886	16.4635	33.5027	387.04001	397.34	-10.29999	2.575	-3.054448884
13	5	2016	242.83	31.4904	17.4195	33.5118	391.04999	398.44	-7.39001	2.8	-2.027127904
13	5	2016	242.83771	31.4943	17.4005	33.51	390.79001	398.44	-7.64999	2.2	-2.101689122
23	5	2018	236.42905	31.49594	NaN	NaN	NaN	NaN	NaN	NaN	-4.29
23	5	2018	236.42905	31.49594	16.4	33.544	396.84	411.24	-14.4	6.05	-4.291788038
6	5	2016	242.80659	31.4968	16.573	33.512	386.89001	397.23001	-10.34	3.825	-3.038755388
13	5	2016	242.8455	31.4982	17.3636	33.5093	391.57001	398.45999	-6.88998	5.4	-1.898560489
15	1	1996	239	31.50000	NaN	NaN	NaN	NaN	NaN	NaN	-1.18
13	5	2016	242.8533	31.502	17.3564	33.5089	390.57999	398.42999	-7.85	5.15	-2.164363495
6	5	2016	242.8036	31.505	16.7427	33.5168	384.79001	397.23001	-12.44	4.375	-3.605390224
13	5	2016	242.8613	31.5057	17.3916	33.5096	390.67999	398.42999	-7.75	3.725	-2.130703404
21	6	2018	236.33658	31.50701	16.63	33.541	485.9744025	410.79	75.1844025	6.5	21.98945433
13	5	2016	242.8692	31.5094	17.4145	33.5099	392.60001	398.41	-5.80999	5.525	-1.594377447
13	5	2016	242.87711	31.5131	17.428	33.51	392.92001	398.42999	-5.50998	4.275	-1.510397255
6	5	2016	242.8006	31.5133	16.8363	33.5163	383.98999	397.13	-13.14001	4.35	-3.779267705
13	5	2016	242.88609	31.5174	17.4055	33.5087	392.31	398.39001	-6.08001	4.775	-1.669701508
7	6	2007	242.89	31.52	16.1	33.635	359.1	386.1	-27.00234375	7.28	-8.245587751
7	6	2007	242.89	31.52	16.1	33.635	357.0	386.1	-29.11101685	3.10001	-8.889504042
7	6	2007	242.89	31.52	16.1	33.635	356.5	386.1	-29.61776123	4.73	-9.044246361
7	6	2007	242.89	31.52	16.1	33.635	352.3	386.1	-33.80452881	4.88	-10.32274129
7	6	2007	242.89	31.52	15.9	33.625	347.5	386.1	-38.60952148	6.53	-11.98724773
13	5	2016	242.89	31.5202	17.4696	33.5136	394.10999	398.39999	-4.29	6.8	-1.172005972
13	5	2016	242.89011	31.5203	17.4626	33.5134	393.01001	398.41	-5.39999	7.55	-1.476086173
13	5	2016	242.89101	31.5203	17.4116	33.5098	392.45001	398.44	-5.98999	4.15	-1.644159625
13	5	2016	242.89011	31.5204	17.5026	33.5139	392.76999	398.42001	-5.65002	5.575	-1.539442325
13	5	2016	242.89011	31.5204	17.4576	33.5135	392.39001	398.45001	-6.06	3.45	-1.657168882
13	5	2016	242.8902	31.5205	17.523	33.514	392.66	398.39001	-5.73001	4.3	-1.558664881
13	5	2016	242.8902	31.5205	17.451	33.5133	391.72	398.39999	-6.67999	4.875	-1.827688489
13	5	2016	242.8903	31.5206	17.5236	33.5146	392.54999	398.31	-5.76001	1.2	-1.566745005
13	5	2016	242.8902	31.5206	17.5206	33.5134	392.54999	398.37	-5.82001	2.9	-1.583457992
13	5	2016	242.8903	31.5206	17.4511	33.5133	392.51001	398.38	-5.86999	3.825	-1.606054258
13	5	2016	242.8904	31.5207	17.4511	33.5134	393.5	398.44	-4.94	4.475	-1.351604392
13	5	2016	242.8904	31.5209	17.44	33.5128	392.66	398.45999	-5.79999	5.4	-1.588331086
13	5	2016	242.89101	31.521	17.5304	33.5144	392.81	398.38	-5.57	1.25	-1.514230954
13	5	2016	242.8905	31.521	17.4277	33.5123	392.28	398.47	-6.19	4.975	-1.696827163
13	5	2016	242.8907	31.5211	17.4276	33.5125	392.45001	398.47	-6.01999	5.725	-1.650235135
13	5	2016	242.89059	31.5211	17.4354	33.5125	391.70999	398.48999	-6.78	4.325	-1.857401134
13	5	2016	242.89079	31.52120	NaN	NaN	NaN	NaN	NaN	NaN	-2.23
13	5	2016	242.89079	31.52120	NaN	NaN	NaN	NaN	NaN	NaN	-2.16
13	5	2016	242.89079	31.52120	NaN	NaN	NaN	NaN	NaN	NaN	-1.92
13	5	2016	242.89079	31.5212	17.5368	33.5239	396.4464111	403.53	-7.083588867	5.06	-1.924625187
13	5	2016	242.89079	31.5212	17.4463	33.5266	395.6455994	403.53	-7.884400635	3.98	-2.157906824
13	5	2016	242.89079	31.5212	17.4935	33.53	395.3474731	403.53	-8.182526855	7.50999	-2.23093575
13	5	2016	242.8907	31.5212	17.4355	33.5124	392.44	398.47	-6.03	5.5	-1.651923829
13	5	2016	242.89059	31.5213	17.4279	33.5125	393.48999	398.45999	-4.97	3.55	-1.362372621
13	5	2016	242.8907	31.5213	17.4279	33.5121	393.12	398.48999	-5.36999	4.175	-1.472020375
6	5	2016	242.79761	31.5215	16.7739	33.4902	383.32001	397.20999	-13.88998	3.975	-4.015883987
13	5	2016	242.8936	31.5225	17.5208	33.5147	392.84	398.32999	-5.48999	3.05	-1.493635648
13	5	2016	242.8989	31.5253	17.5366	33.5147	392.94	398.29001	-5.35001	5.325	-1.453695352
13	5	2016	242.90559	31.5286	17.5519	33.5154	393.95001	398.25	-4.29999	5.8	-1.166939036
6	5	2016	242.7944	31.5297	16.7058	33.4844	383.39001	397.20999	-13.81998	2.925	-4.018066232
25	8	2004	239.24001	31.53000	NaN	NaN	NaN	NaN	NaN	NaN	2.93
30	5	2013	239.24001	31.53000	NaN	NaN	NaN	NaN	NaN	NaN	-5.3
25	8	2004	239.24001	31.53	19.641	33.196	388.8	376.01	12.75077271	5.05	2.934929026
30	5	2013	239.24001	31.53	15.511	33.38	383.2741699	399.78	-16.50583008	7.61	-5.299241706
13	5	2016	242.9138	31.5325	17.5322	33.5147	391.92999	398.28	-6.35001	4.4	-1.726026934
21	6	2018	236.29041	31.53552	NaN	NaN	NaN	NaN	NaN	NaN	22.04
21	6	2018	236.29041	31.53552	16.62	33.537	486.0701856	410.79	75.2801856	0.65	22.03593045
13	5	2016	242.92101	31.5358	17.5217	33.5137	392.69	398.22	-5.53	3.025	-1.504418733
6	5	2016	242.791	31.538	16.6126	33.4915	381.89001	397.23001	-15.34	3.775	-4.494007612
13	5	2016	242.92821	31.5392	17.5408	33.516	392.48999	398.17999	-5.69	2.25	-1.545542911
13	5	2016	242.9352	31.5428	17.5485	33.5178	392.01999	398.20999	-6.19	3.7	-1.680295503
13	5	2016	242.9422	31.5463	17.5832	33.5208	393.5	398.16	-4.66	4.825	-1.261415182
6	5	2016	242.7876	31.5464	16.7647	33.4955	383.35999	397.10001	-13.74002	3.625	-3.975414671
13	5	2016	242.9492	31.5498	17.5999	33.5219	392.81	398.14999	-5.33999	2.8	-1.443527239
13	5	2016	242.9563	31.5534	17.6261	33.523	393.85001	398.12	-4.26999	3.675	-1.151837262
6	5	2016	242.7843	31.5551	16.8928	33.5012	383.54001	397.04999	-13.50998	3.325	-3.868081634
13	5	2016	242.9633	31.5569	17.6438	33.5234	394.13	398.10999	-3.97999	3.975	-1.072075686
13	5	2016	242.9704	31.5604	17.6487	33.523	393.91	398.13	-4.22	3.5	-1.136279412
6	5	2016	242.7811	31.5638	16.9072	33.5101	384.26001	397.04001	-12.78	3.025	-3.654628924
13	5	2016	242.9776	31.5639	17.6416	33.5221	393.66	398.16	-4.5	2.95	-1.212371472
21	6	2018	236.24463	31.56429	NaN	NaN	NaN	NaN	NaN	NaN	22.02
21	6	2018	236.24463	31.56429	16.61	33.531	485.9428231	410.79	75.1528231	0.775	22.01730875
13	5	2016	242.9847	31.5673	17.6363	33.5207	393.94	398.16	-4.22	0.55	-1.137428648
13	5	2016	242.9919	31.5708	17.6201	33.5204	393.95001	398.12	-4.16999	0.3	-1.12542054
6	5	2016	242.778	31.5726	16.974	33.4999	383.70999	396.97	-13.26001	4.175	-3.7714888
13	5	2016	242.9989	31.5744	17.6143	33.5211	394.60999	398.17001	-3.56002	3.5	-0.961244856
13	5	2016	243.00591	31.5778	17.6001	33.5203	394.01999	398.17001	-4.15002	4.675	-1.121840252
13	5	2016	243.013	31.5813	17.5851	33.5178	393.56	398.14001	-4.58001	4.75	-1.239590235
6	5	2016	242.7749	31.5815	17.04	33.4942	382.60999	396.95001	-14.34002	5.275	-4.056921742
13	5	2016	243.0201	31.5849	17.5737	33.5149	394.12	398.17001	-4.05001	3.55	-1.097168763
13	5	2016	243.02721	31.5883	17.5618	33.5135	393.89999	398.12	-4.22001	2.225	-1.144329113
6	5	2016	242.7717	31.5902	17.1125	33.4826	382.64001	396.95999	-14.31998	4.6	-4.027654842
13	5	2016	243.0343	31.5918	17.5656	33.5128	394.41	398.13	-3.72	3.3	-1.008436614
13	5	2016	243.0412	31.5954	17.5493	33.5119	394.26001	398.14001	-3.88	0.05	-1.053200001
13	5	2016	243.0482	31.5989	17.5415	33.5102	393.79001	398.09	-4.29999	0.5	-1.167948397
6	5	2016	242.7686	31.5989	17.2	33.4846	382.53	396.85999	-14.32999	4.625	-4.001883475
2	4	1993	241.832	31.602	16.315	32.953	351.57001	359.27	-7.69999	7.75999	-2.317564406
13	5	2016	243.0553	31.6025	17.5641	33.5101	394.76999	398.09	-3.32001	1.675	-0.900125822
13	5	2016	243.06261	31.6056	17.5688	33.5084	395.69	398.07999	-2.38999	1.875	-0.647736875
2	4	1993	241.989	31.606	16.252	32.9	322.89001	359.27	-36.37999	7.31	-11.0095116
6	5	2016	242.7655	31.6076	17.1964	33.4711	381.98001	396.82001	-14.84	4.85	-4.145789979
13	5	2016	243.0697	31.6088	17.6267	33.5154	394.67001	398	-3.32999	2.475	-0.898259544
13	5	2016	243.07671	31.6123	17.7198	33.5211	394.92999	397.95001	-3.02002	3.825	-0.808533166
13	5	2016	243.08459	31.6162	17.8291	33.5243	396.34	397.82001	-1.48001	4.275	-0.392758498
6	5	2016	242.7623	31.6162	17.1386	33.4467	380.48999	396.85001	-16.36002	4.675	-4.592473281
13	5	2016	243.0898	31.6192	17.8309	33.5248	396.56	397.87	-1.31	2.025	-0.347590855
13	5	2016	243.0898	31.6197	17.853	33.5239	396.06	397.70001	-1.64001	0.825	-0.43438386
13	5	2016	243.08971	31.6197	17.8329	33.5239	395.85001	397.89999	-2.04998	2	-0.543849424
13	5	2016	243.09	31.6197	17.8446	33.5241	395.60999	397.69	-2.08001	3.075	-0.551296819
14	5	2016	243.0899	31.6197	17.8314	33.5246	393.98999	397.73001	-3.74002	3.9	-0.99232497
13	5	2016	243.0898	31.61980	NaN	NaN	NaN	NaN	NaN	NaN	-3.13
13	5	2016	243.0898	31.61980	NaN	NaN	NaN	NaN	NaN	NaN	-3.35
13	5	2016	243.0898	31.61980	NaN	NaN	NaN	NaN	NaN	NaN	-4.69
13	5	2016	243.0898	31.6198	17.8467	33.5238	396.06	397.85001	-1.79001	2.175	-0.474354268
13	5	2016	243.0898	31.6198	17.8461	33.5238	395.98999	397.82999	-1.84	2.875	-0.487625185
13	5	2016	243.0898	31.6198	17.8275	33.5237	395.92999	397.88	-1.95001	1.775	-0.517553078
13	5	2016	243.0898	31.6198	17.8474	33.524	395.66	397.75	-2.09	1.1	-0.553820195
14	5	2016	243.0899	31.6198	17.8359	33.5246	394.19	397.73001	-3.54001	3.95	-0.938917272
13	5	2016	243.0898	31.6198	17.7695	33.5332	391.7944946	403.53	-11.73550537	3.03	-3.129153818
13	5	2016	243.0898	31.6198	17.529	33.5258	391.1933899	403.53	-12.33661011	3.58	-3.353963766
13	5	2016	243.0898	31.6198	17.8306	33.537	385.863739	403.53	-17.66626099	6.08	-4.687346504
13	5	2016	243.0898	31.6199	17.8363	33.524	396.67999	397.82999	-1.15	3.25	-0.305005693
13	5	2016	243.0898	31.6199	17.8471	33.5238	396.38	397.82999	-1.44999	2.7	-0.384236303
13	5	2016	243.0903	31.6199	17.8505	33.5241	395.89999	397.63	-1.73001	1.325	-0.458313523
13	5	2016	243.0898	31.6199	17.8471	33.524	395.59	397.78	-2.19	3.175	-0.580332766
14	5	2016	243.09	31.6199	17.8354	33.5247	394.01999	397.70999	-3.69	2.625	-0.978738024
7	6	2007	243.09	31.62000	NaN	NaN	NaN	NaN	NaN	NaN	-10.16
7	6	2007	243.09	31.62000	NaN	NaN	NaN	NaN	NaN	NaN	-9.21
7	6	2007	243.09	31.62000	NaN	NaN	NaN	NaN	NaN	NaN	-6.08
7	6	2007	243.09	31.62000	NaN	NaN	NaN	NaN	NaN	NaN	-3.62
7	6	2007	243.09	31.62000	NaN	NaN	NaN	NaN	NaN	NaN	-12.05
14	5	2016	243.0909	31.62	17.8572	33.5244	394.98999	397.72	-2.73001	0.075	-0.722842637
14	5	2016	243.0901	31.62	17.8419	33.5248	394.34	397.73999	-3.39999	3.875	-0.90134394
14	5	2016	243.09	31.62	17.84	33.5244	394.01999	397.73999	-3.72	2.375	-0.986331752
7	6	2007	243.09	31.62	13.9	33.555	376.2	386.1	-9.857415771	5.11	-3.622947576
7	6	2007	243.09	31.62	15.5	33.605	367.2	386.1	-18.94939575	5.18001	-6.082738962
7	6	2007	243.09	31.62	15.9	33.625	356.4	386.1	-29.67281494	3.71001	-9.212633828
7	6	2007	243.09	31.62	15.9	33.635	353.4	386.1	-32.74105225	2.93001	-10.16475292
7	6	2007	243.09	31.62	16.1	33.645	346.6	386.1	-39.46532593	5.08	-12.05077592
13	5	2016	243.0907	31.6201	17.8454	33.5243	395.67001	397.62	-1.94999	2.05	-0.516801901
14	5	2016	243.0905	31.6201	17.8504	33.5243	394.73999	397.67999	-2.94	1.7	-0.778869089
14	5	2016	243.0901	31.6201	17.8413	33.5246	394.47	397.70999	-3.23999	4.35	-0.858969882
14	5	2016	243.09109	31.6202	17.8598	33.5237	395.04001	397.72	-2.67999	1.2	-0.709452576
14	5	2016	243.0901	31.6202	17.8451	33.5247	394.66	397.72	-3.06	2.1	-0.811003628
14	5	2016	243.09019	31.6202	17.8463	33.5246	394.17999	397.70001	-3.52002	1.825	-0.932834945
13	5	2016	243.091	31.6203	17.8545	33.5242	395.37	397.64999	-2.27999	3.625	-0.603819508
14	5	2016	243.09081	31.6203	17.8284	33.5247	393.81	397.78	-3.97	3.45	-1.053598327
13	5	2016	243.0912	31.6204	17.8475	33.5237	395.29001	397.69	-2.39999	2.6	-0.635958915
14	5	2016	243.0914	31.6204	17.8564	33.5242	395.01999	397.73001	-2.71002	1.45	-0.71759658
13	5	2016	243.0919	31.6206	17.8477	33.5241	395.23999	397.66	-2.42001	2.225	-0.641252368
13	5	2016	243.0921	31.6208	17.8436	33.5238	395.19	397.67999	-2.48999	3.4	-0.660014083
14	5	2016	243.0948	31.6222	17.8271	33.5246	393.98001	397.76001	-3.78	2.275	-1.003279586
6	5	2016	242.759	31.6246	17.0681	33.4529	381.09	396.88	-15.79	5.65	-4.457809586
14	5	2016	243.1004	31.6251	17.8327	33.5243	394.12	397.73001	-3.61001	1.85	-0.957731156
14	5	2016	243.1068	31.6284	17.8247	33.5232	394.10001	397.70999	-3.60998	3.1	-0.958344553
14	5	2016	243.11369	31.6319	17.8352	33.5244	393.95001	397.75	-3.79999	1.2	-1.007929487
6	5	2016	242.75549	31.633	17.0957	33.4538	381.89999	396.76001	-14.86002	3.9	-4.185834203
14	5	2016	243.1208	31.6353	17.8734	33.5262	394.32001	397.72	-3.39999	0.175	-0.899058529
14	5	2016	243.12781	31.6388	17.8825	33.5279	393.98001	397.78	-3.79999	1.125	-1.004087793
6	5	2016	242.7522	31.6413	17.0945	33.4463	382.14001	396.79001	-14.65	4.3	-4.127225037
14	5	2016	243.1349	31.6423	17.8764	33.5299	392.85999	397.72	-4.86001	2.325	-1.284798943
14	5	2016	243.142	31.6457	17.8686	33.532	392.31	397.78	-5.47	1.875	-1.446949118
14	5	2016	243.149	31.6493	17.893	33.5346	391.82001	397.81	-5.98999	0.95	-1.581376014
6	5	2016	242.74899	31.6497	17.1403	33.4416	382.95001	396.70999	-13.75998	3.775	-3.862168029
14	5	2016	243.1559	31.6528	17.9108	33.5368	391.25	397.73999	-6.48999	3.1	-1.710911499
14	5	2016	243.1631	31.6566	17.9063	33.538	390.84	397.72	-6.88	3.7	-1.814372558
6	5	2016	242.7459	31.658	17.1172	33.4432	382.76001	396.70999	-13.94998	3.9	-3.922825592
14	5	2016	243.17	31.6601	17.9218	33.5352	390.17001	397.73999	-7.56998	4.5	-1.993874657
14	5	2016	243.17709	31.6636	17.9378	33.5341	388.89001	397.70001	-8.81	2.275	-2.317519048
6	5	2016	242.74271	31.6662	17.1194	33.4461	382.72	396.67001	-13.95001	4.6	-3.922078381
14	5	2016	243.1841	31.6671	17.9855	33.5376	388.91	397.69	-8.78	3.075	-2.300763769
14	5	2016	243.1911	31.6706	18.0392	33.5404	390.42001	397.60001	-7.18	4.5	-1.873379497
1	11	2005	240.28	31.67100	NaN	NaN	NaN	NaN	NaN	NaN	-3.01
1	11	2005	240.28	31.671	17.666	33.352	367.175415	378.35	-11.17458496	6.25999	-3.007119296
14	5	2016	243.198	31.674	18.0607	33.5374	391.64001	397.64001	-6	2.575	-1.562824722
6	5	2016	242.73959	31.6743	17.1106	33.4529	381.94	396.70999	-14.76999	3.7	-4.155454791
14	5	2016	243.20599	31.6779	18.0256	33.5438	390.26999	397.67999	-7.41	2.825	-1.935468493
14	5	2016	243.213	31.6813	17.9507	33.5486	390.23999	397.72	-7.48001	2.825	-1.965486182
6	5	2016	242.73621	31.6835	17.0747	33.4462	381.42001	396.66	-15.23999	3.775	-4.300359536
14	5	2016	243.21989	31.6844	17.8232	33.5349	390.20999	397.78	-7.57001	1.675	-2.009748208
14	5	2016	243.22659	31.6875	17.7812	33.5368	386.63	397.82001	-11.19001	2.675	-2.980843824
14	5	2016	243.2291	31.6896	17.7343	33.5244	388.85001	397.84	-8.98999	3.55	-2.403993227
14	5	2016	243.22929	31.6897	17.6478	33.5118	389.67999	397.88	-8.20001	3.55	-2.208216582
14	5	2016	243.22971	31.6898	17.6025	33.5085	391.28	397.89001	-6.61001	2.15	-1.786582858
14	5	2016	243.2296	31.6898	17.6379	33.5093	391.07999	397.85999	-6.78	1.625	-1.827295808
14	5	2016	243.22951	31.6898	17.6625	33.511	390.72	397.88	-7.16	3	-1.925871086
14	5	2016	243.2299	31.6899	17.586	33.5081	390.94	397.84	-6.9	4.2	-1.867451197
14	5	2016	243.23019	31.69000	NaN	NaN	NaN	NaN	NaN	NaN	-4.76
14	5	2016	243.23	31.69	17.5328	33.506	390.70001	397.92001	-7.22	2.75	-1.962489092
14	5	2016	243.2301	31.69	17.5133	33.5052	390.60999	397.92999	-7.32	2.95	-1.992814898
14	5	2016	243.23019	31.69	17.3298	33.5122	386.2959595	403.53	-17.23404053	7.31	-4.761860389
14	5	2016	243.23019	31.6901	17.4783	33.5048	390.5	397.91	-7.41	5.15	-2.023035133
14	5	2016	243.2303	31.6901	17.4323	33.5038	389.98001	397.95999	-7.97998	4.425	-2.186777941
14	5	2016	243.2303	31.6901	17.3352	33.5016	388.47	398.04999	-9.57999	1.725	-2.645979586
14	5	2016	243.23039	31.6901	17.3424	33.502	388.37	398.03	-9.66	1.775	-2.666517335
14	5	2016	243.2303	31.6902	17.3996	33.5033	388.82999	397.95001	-9.12002	4.2	-2.50581421
14	5	2016	243.23039	31.6902	17.3841	33.5027	387.91	397.94	-10.03	4.975	-2.759307857
6	5	2016	242.7332	31.6915	17.0207	33.4343	380.79001	396.75	-15.95999	3	-4.523616081
6	5	2016	242.73039	31.6996	17.0142	33.4407	380.79001	396.73999	-15.94998	3.75	-4.523033872
14	5	2016	243.2572	31.7023	16.5869	33.4914	371.98001	398.47	-26.48999	2.225	-7.776872732
14	5	2016	243.2596	31.7037	16.4776	33.4915	377.14001	398.51001	-21.37	5.175	-6.33025338
14	5	2016	243.2621	31.705	16.2951	33.4908	381.76001	398.57999	-16.81998	2.25	-5.057775285
14	5	2016	243.265	31.7065	16.2175	33.4912	384.26001	398.57001	-14.31	1.7	-4.330610923
14	5	2016	243.2662	31.7068	16.1158	33.495	396.62	398.69	-2.07	0.975	-0.631706933
14	5	2016	243.2654	31.707	16.1142	33.4951	395.59	398.67001	-3.08001	1.525	-0.940057865
14	5	2016	243.2664	31.7072	16.1129	33.4953	396.79001	398.67001	-1.88	0.225	-0.573860733
14	5	2016	243.26421	31.7074	16.1335	33.4949	394.78	398.60001	-3.82001	1.975	-1.164060187
6	5	2016	242.72729	31.7075	16.9878	33.4497	380.17999	396.62	-16.44001	3.925	-4.671827578
14	5	2016	243.26669	31.7076	16.1115	33.4952	397.67001	398.73001	-1.06	1.075	-0.323597334
14	5	2016	243.2674	31.7077	16.2358	33.4936	386.25	398.63	-12.38	2.15	-3.740848784
14	5	2016	243.26711	31.7078	16.1056	33.495	397.81	398.73999	-0.92999	0.25	-0.284046434
14	5	2016	243.2628	31.7078	16.149	33.4947	392.54999	398.63	-6.08001	0.675	-1.850376458
14	5	2016	243.26759	31.7081	16.0976	33.4945	398.19	398.70999	-0.51999	1.6	-0.158925656
14	5	2016	243.26151	31.7083	16.3457	33.4952	386.79001	398.60001	-11.81	3.7	-3.53644001
14	5	2016	243.26781	31.7084	16.0637	33.4942	398.39001	398.66	-0.26999	0.325	-0.082749149
14	5	2016	243.26871	31.7084	16.2296	33.4953	392.37	398.60999	-6.23999	0.5	-1.886478081
14	5	2016	243.2681	31.7086	16.1221	33.4953	397.22	398.67999	-1.45999	1.625	-0.44531638
14	5	2016	243.26801	31.7086	16.1173	33.4954	397.19	398.67999	-1.48999	0.325	-0.454646691
14	5	2016	243.2603	31.7086	16.3795	33.496	383.95001	398.56	-14.60999	1.7	-4.36272062
14	5	2016	243.2681	31.7087	16.1416	33.4956	396.04999	398.69	-2.64001	0.175	-0.803941989
14	5	2016	243.26801	31.7087	16.1778	33.495	394.59	398.72	-4.13	2.95	-1.253930128
14	5	2016	243.2681	31.7088	16.1919	33.4954	394.16	398.69	-4.53	1.8	-1.373775064
14	5	2016	243.2682	31.7089	16.2111	33.4955	394.91	398.63	-3.72	5.275	-1.126348136
14	5	2016	243.2683	31.7089	16.2119	33.4959	393.89999	398.57999	-4.68	6.225	-1.416922456
14	5	2016	243.25909	31.7089	16.4428	33.4973	384.04999	398.54999	-14.5	2.025	-4.307383977
14	5	2016	243.26849	31.70900	NaN	NaN	NaN	NaN	NaN	NaN	8.13
14	5	2016	243.26849	31.709	15.8453	33.502	429.5868835	403.53	26.05688354	5.98	8.131546029
14	5	2016	243.26849	31.709	16.1982	33.4956	394.23999	398.63	-4.39001	2.85	-1.330628762
14	5	2016	243.2684	31.709	16.2117	33.4958	393.75	398.59	-4.84	1.55	-1.465389112
14	5	2016	243.2686	31.7091	16.2165	33.4953	393.97	398.62	-4.65	1.95	-1.407309918
14	5	2016	243.26891	31.7091	16.2299	33.4953	393.64999	398.60999	-4.96	0.725	-1.499473547
14	5	2016	243.26871	31.7092	16.2343	33.4955	393.23999	398.63	-5.39001	2.575	-1.628878937
14	5	2016	243.2688	31.7092	16.2244	33.4953	392.38	398.64999	-6.26999	0.2	-1.896360256
14	5	2016	243.258	31.7092	16.4137	33.4982	385.98001	398.57001	-12.59	1.225	-3.748933645
14	5	2016	243.2572	31.7096	16.4064	33.5025	385.66	398.63	-12.97	2.975	-3.864324617
14	5	2016	243.25639	31.7101	16.5286	33.5033	385.81	398.57999	-12.76999	0.6	-3.766734589
14	5	2016	243.2554	31.7108	16.5835	33.5014	385.10999	398.54001	-13.43002	1.475	-3.943665827
14	5	2016	243.25439	31.7117	16.6047	33.5011	384.04001	398.54999	-14.50998	0.85	-4.253401796
14	5	2016	243.2533	31.7124	16.704	33.5015	382.04999	398.51999	-16.47	0.7	-4.788855618
14	5	2016	243.2523	31.713	16.7475	33.5014	380.42001	398.44	-18.01999	0.85	-5.220931116
14	5	2016	243.2513	31.7135	16.7491	33.4893	379.48999	398.45999	-18.97	0.125	-5.49577624
14	5	2016	243.2504	31.7139	16.7899	33.4856	378.17001	398.45001	-20.28	4.6	-5.855840876
14	5	2016	243.2495	31.7144	16.9086	33.4858	379.60999	398.42001	-18.81002	0.425	-5.379011289
14	5	2016	243.2486	31.715	16.9199	33.486	380.82001	398.37	-17.54999	0.35	-5.014059622
6	5	2016	242.7245	31.7155	16.9839	33.4613	380.22	396.70999	-16.48999	3.925	-4.687260167
14	5	2016	243.2476	31.7157	16.9377	33.4862	380.64999	398.32999	-17.68	2	-5.043874381
14	5	2016	243.2444	31.7167	17.0366	33.4881	382.35999	398.32001	-15.96002	0.85	-4.516615337
14	5	2016	243.2464	31.7167	16.9895	33.4866	380.79999	398.34	-17.54001	2.7	-4.982852403
14	5	2016	243.24561	31.717	17.0442	33.4881	382.31	398.35001	-16.04001	1.85	-4.53644545
14	5	2016	243.2458	31.7173	17.0462	33.4881	382.48999	398.32001	-15.83002	0.675	-4.476327351
14	5	2016	243.2455	31.7173	16.9965	33.4869	381.23999	398.29999	-17.06	1.05	-4.843719701
14	5	2016	243.2455	31.7174	17.0324	33.4878	381.51999	398.32001	-16.80002	1.925	-4.75596393
14	5	2016	243.241	31.7175	17.0351	33.4877	382.63	398.32001	-15.69001	2.6	-4.440754269
14	5	2016	243.24519	31.7175	16.9998	33.4873	381.26001	398.29001	-17.03	0.65	-4.833893578
14	5	2016	243.2354	31.7192	16.9959	33.4866	382.39999	398.28	-15.88001	1.9	-4.508920624
14	5	2016	243.2289	31.7213	16.9856	33.4915	383.57001	398.28	-14.70999	2.175	-4.180116361
6	5	2016	242.7216	31.7234	16.9739	33.4697	379.98001	396.76001	-16.78	3.675	-4.773390969
14	5	2016	243.2222	31.7236	17.0268	33.4941	382.98999	398.23001	-15.24002	1.575	-4.316176626
14	5	2016	243.2146	31.7263	17.0188	33.4925	384.09	398.22	-14.13	3.125	-4.004441693
14	5	2016	243.2067	31.729	17.1296	33.4997	384.57001	398.14001	-13.57	5.475	-3.811102842
6	5	2016	242.71899	31.7313	17.0531	33.4792	380.32001	396.70001	-16.38	2.95	-4.629444194
14	5	2016	243.19881	31.7318	17.2385	33.505	385.56	398.14999	-12.58999	2.375	-3.504650631
17	10	2000	243.04601	31.73300	NaN	NaN	NaN	NaN	NaN	NaN	3.17
17	10	2000	243.04601	31.733	19.23	33.67	381.79999	368.45	13.34999	8.44	3.166723716
14	5	2016	243.1909	31.7346	17.3518	33.5083	387.26001	398.09	-10.82999	2.5	-2.987112953
6	5	2016	242.7166	31.7392	17.1577	33.4891	380.63	396.54001	-15.91001	2.35	-4.458323696
6	5	2016	242.7142	31.7471	17.1676	33.5031	379.73999	396.54999	-16.81	2.325	-4.706419691
17	10	2000	243.03999	31.75000	NaN	NaN	NaN	NaN	NaN	NaN	3.09
17	10	2000	243.03999	31.75	19.17	33.67	381.42999	368.45	12.97999	7.12	3.093558532
6	5	2016	242.7114	31.7549	17.1787	33.4852	379.29999	396.57999	-17.28	2.65	-4.834061476
6	5	2016	242.7083	31.7628	17.2165	33.4562	378.22	396.51001	-18.29001	3.525	-5.101636588
17	10	2000	243.036	31.76600	NaN	NaN	NaN	NaN	NaN	NaN	3.04
17	10	2000	243.036	31.766	19.16	33.67	381.20999	368.45	12.75999	2.87	3.043525439
6	5	2016	242.705	31.7706	17.201	33.4201	377.67999	396.51001	-18.83002	4.325	-5.259778175
14	5	2016	243.08591	31.7715	17.8424	33.5315	390.60001	397.82001	-7.22	1.5	-1.913898293
14	5	2016	243.07761	31.7742	17.8439	33.5301	390.34	397.82001	-7.48001	1.975	-1.982596518
14	5	2016	243.0695	31.7768	17.8468	33.5305	390.70999	397.76001	-7.05002	2.6	-1.868187347
30	5	2013	239.75	31.77800	NaN	NaN	NaN	NaN	NaN	NaN	-2.85
30	5	2013	239.75	31.778	13.658	33.397	392.1789856	399.78	-7.601014404	7.83	-2.854409338
6	5	2016	242.70171	31.7784	17.2457	33.4367	378.98001	396.45999	-17.47998	2.8	-4.864606852
14	5	2016	243.0614	31.7794	17.8035	33.5282	390.10001	397.79001	-7.69	0.7	-2.04490682
14	5	2016	243.0531	31.7819	17.7289	33.5212	388.57001	397.87	-9.29999	1.55	-2.488009164
14	5	2016	243.04491	31.7845	17.7305	33.5205	387.10001	397.82001	-10.72	0.325	-2.867541799
6	5	2016	242.6985	31.7862	17.2596	33.4349	380.13	396.48001	-16.35001	3.3	-4.54505196
14	5	2016	243.0367	31.7871	17.7689	33.5206	387.41	397.79001	-10.38001	0.75	-2.76802369
14	5	2016	243.0284	31.7896	17.7757	33.5204	386.82999	397.78	-10.95001	2.05	-2.918429874
14	5	2016	243.0201	31.7921	17.7499	33.5197	386.85001	397.81	-10.95999	2.775	-2.927172525
6	5	2016	242.69521	31.7942	17.3244	33.4834	382.59	396.35001	-13.76001	5.675	-3.804151572
14	5	2016	243.0119	31.7947	17.6703	33.518	386.42999	397.84	-11.41001	1.575	-3.066992474
2	4	1993	241.914	31.796	16.301	32.947	351.48001	359.27	-7.78999	6.13	-2.34742444
14	5	2016	243.0036	31.7974	17.6284	33.517	387.64001	397.87	-10.22999	1.575	-2.759124324
14	5	2016	242.9953	31.8	17.6744	33.5192	388.10001	397.84	-9.73999	3.4	-2.617213752
6	5	2016	242.692	31.8021	17.4057	33.5337	384.42999	396.35999	-11.93	4.05	-3.275792242
14	5	2016	242.98711	31.8028	17.7187	33.5209	386.53	397.81	-11.28	2.3	-3.020202154
14	5	2016	242.9791	31.8056	17.6848	33.5219	387.29999	397.79999	-10.5	2.9	-2.819034441
14	5	2016	242.9709	31.8084	17.6792	33.5235	386.92001	397.79001	-10.87	2.6	-2.919667149
6	5	2016	242.6889	31.8099	17.4478	33.5378	384.72	396.37	-11.65	8.475	-3.187969273
14	5	2016	242.96271	31.811	17.7049	33.5251	387.89999	397.84	-9.94001	4.375	-2.664329301
14	5	2016	242.95461	31.8138	17.6921	33.5262	387.06	397.78	-10.72	1.6	-2.876348589
14	5	2016	242.9464	31.8165	17.7528	33.5272	386.91	397.76999	-10.85999	2.75	-2.899684469
6	5	2016	242.6857	31.8178	17.5825	33.5316	385.67999	396.28	-10.60001	4.475	-2.869331219
14	5	2016	242.9381	31.8191	17.8014	33.5287	387.45999	397.73999	-10.28	2.55	-2.734088965
14	5	2016	242.9299	31.8218	17.832	33.5282	387.47	397.73999	-10.26999	1.525	-2.724718577
14	5	2016	242.92171	31.8245	17.8321	33.5272	387.45001	397.76001	-10.31	0.925	-2.735324547
6	5	2016	242.6826	31.8257	17.8122	33.556	385.70001	396.17001	-10.47	5.925	-2.781843528
17	10	2000	243.017	31.82600	NaN	NaN	NaN	NaN	NaN	NaN	3.08
17	10	2000	243.017	31.826	19.19	33.68	381.39001	368.45	12.94001	5.37	3.079024346
14	5	2016	242.91229	31.8275	17.8428	33.529	387.23999	397.75	-10.51001	1.15	-2.785966972
14	5	2016	242.90401	31.8301	17.8105	33.532	387.01999	397.78	-10.76001	2.675	-2.85961441
14	5	2016	242.8958	31.8327	17.8164	33.5336	387.75	397.79001	-10.04001	2.575	-2.666978687
6	5	2016	242.6796	31.8338	17.8512	33.552	385.16	396.20001	-11.04001	7.8	-2.924163679
14	5	2016	242.8875	31.8354	17.7726	33.5355	387.78	397.73999	-9.95999	1.85	-2.655039091
14	5	2016	242.8792	31.8383	17.7465	33.5367	387.45999	397.75	-10.29001	1.025	-2.748766464
14	5	2016	242.8708	31.8412	17.7134	33.5379	387.01001	397.79999	-10.78998	1.325	-2.890000757
17	10	2000	243.01199	31.84200	NaN	NaN	NaN	NaN	NaN	NaN	3.04
6	5	2016	242.67661	31.842	17.8052	33.5445	385.26999	396.23999	-10.97	4.55	-2.916492511
17	10	2000	243.01199	31.842	19.19	33.69	381.20999	368.45	12.75999	3.79001	3.036046925
14	5	2016	242.8624	31.8441	17.678	33.5413	386.63	397.84	-11.21	1.175	-3.011027657
14	5	2016	242.8542	31.8468	17.6232	33.5494	385.47	397.82999	-12.35999	1.25	-3.334491131
1	11	2005	240.64	31.84800	NaN	NaN	NaN	NaN	NaN	NaN	-7.39
1	11	2005	240.64	31.848	17.88	33.382	350.3950195	378.35	-27.95498047	6.06	-7.393257087
14	5	2016	242.8461	31.8496	17.6312	33.5493	386.23999	397.85999	-11.62	1.975	-3.132835108
6	5	2016	242.6736	31.8502	17.8587	33.5593	386.28	396.14001	-9.86001	5.675	-2.609953126
14	5	2016	242.8381	31.8523	17.6227	33.5491	386.64999	397.84	-11.19001	1.5	-3.018978754
14	5	2016	242.83	31.8549	17.6988	33.5611	386.39001	397.79001	-11.4	0.9	-3.056646564
14	5	2016	242.82201	31.8574	17.7628	33.5689	385.73001	397.76999	-12.03998	2.525	-3.21152715
6	5	2016	242.6705	31.8585	17.8785	33.5589	386.85001	396.17001	-9.32	4.5	-2.463093914
17	10	2000	243.007	31.85900	NaN	NaN	NaN	NaN	NaN	NaN	2.97
17	10	2000	243.007	31.859	19.19	33.69	380.95001	368.45	12.50001	5.12	2.97418861
14	5	2016	242.814	31.8599	17.7802	33.5665	386.29999	397.75	-11.45001	3.875	-3.049919821
14	5	2016	242.80611	31.8625	17.7922	33.5608	388.22	397.75	-9.53	3.6	-2.536108453
14	5	2016	242.7982	31.865	17.8263	33.5617	388.95999	397.69	-8.73001	2.6	-2.316842485
6	5	2016	242.6674	31.8669	17.8428	33.5594	386.06	396.16	-10.1	3.4	-2.676896957
14	5	2016	242.79021	31.8675	17.8224	33.5596	389.41	397.70999	-8.29999	1.2	-2.203433136
14	5	2016	242.78239	31.8701	17.8014	33.5582	389.20999	397.67999	-8.47	2.2	-2.252382875
14	5	2016	242.77451	31.8728	17.7463	33.5571	387.72	397.76001	-10.04001	3.925	-2.681767842
17	10	2000	243.002	31.87400	NaN	NaN	NaN	NaN	NaN	NaN	2.89
17	10	2000	243.002	31.874	19.2	33.69	380.60001	368.45	12.15001	2.44	2.888632566
14	5	2016	242.7666	31.8755	17.727	33.5536	387.53	397.79999	-10.26999	2.675	-2.747509777
6	5	2016	242.6638	31.8766	17.8236	33.5576	386.37	396.17001	-9.80001	2.75	-2.601423313
14	5	2016	242.75861	31.878	17.7586	33.5512	387.44	397.79001	-10.35001	1.65	-2.761912276
14	5	2016	242.75079	31.8806	17.7786	33.5474	388.14999	397.76999	-9.62	3.325	-2.563025168
6	5	2016	242.6606	31.885	17.8172	33.5568	385.97	396.14999	-10.17999	2.575	-2.703691014
14	5	2016	242.74519	31.8857	17.6647	33.5343	387.29001	397.76999	-10.47998	3.875	-2.818055939
14	5	2016	242.73959	31.8911	17.6023	33.5272	387.20999	397.79999	-10.59	2.325	-2.862104372
6	5	2016	242.65739	31.8933	17.8057	33.5573	385.85999	396.19	-10.33001	2.1	-2.746067228
14	5	2016	242.7341	31.8966	17.6102	33.5276	387.5	397.85001	-10.35001	3.525	-2.795455744
6	5	2016	242.65421	31.9017	17.8019	33.5604	385.89999	396.16	-10.26001	1.625	-2.728252692
14	5	2016	242.7278	31.9028	17.5828	33.5244	387.53	397.85001	-10.32001	4.875	-2.793565474
1	11	2005	240.74001	31.90600	NaN	NaN	NaN	NaN	NaN	NaN	-4.23
1	11	2005	240.74001	31.906	18.256	33.415	361.8806458	378.35	-16.46935425	4.95	-4.225699601
14	5	2016	242.7222	31.9081	17.5316	33.5161	385.88	397.89001	-12.01001	2.325	-3.264635429
6	5	2016	242.65109	31.9101	17.8146	33.5619	386.01999	396.17001	-10.15002	1.6	-2.696229967
14	5	2016	242.7166	31.9135	17.4601	33.5097	382.12	397.91	-15.79	3.3	-4.317141839
6	5	2016	242.6481	31.9184	17.8097	33.5597	386.14001	396.12	-9.97999	6.85	-2.652136327
14	5	2016	242.711	31.9189	17.4337	33.5082	378.84	397.97	-19.13	2.875	-5.24154819
14	5	2016	242.70551	31.9243	17.4226	33.5072	377.79001	397.88	-20.08999	2.875	-5.509553544
6	5	2016	242.6449	31.9268	17.8047	33.5564	386.19	396.20999	-10.01999	1.35	-2.663879045
14	5	2016	242.7001	31.9295	17.4071	33.507	376.12	397.85001	-21.73001	4	-5.966803629
17	10	2000	242.979	31.93200	NaN	NaN	NaN	NaN	NaN	NaN	2.81
17	10	2000	242.979	31.932	19.16	33.68	380.23999	368.45	11.78999	0.05	2.812028181
14	5	2016	242.6947	31.9348	17.3431	33.5101	375.10999	397.92001	-22.81002	4.05	-6.295809734
6	5	2016	242.6418	31.9351	17.8023	33.548	385.57001	396.16	-10.58999	1.45	-2.816072982
14	5	2016	242.6893	31.9401	17.3138	33.5144	375.60999	397.94	-22.33001	3.275	-6.177844918
6	5	2016	242.6386	31.9434	17.821	33.5472	386	396.17999	-10.17999	2.5	-2.702987759
14	5	2016	242.68401	31.9454	17.3471	33.5178	377.48999	397.89999	-20.41	4.175	-5.631347271
16	5	2016	239.0941	31.9467	15.8659	32.9958	386.64999	400.26999	-13.62	0.575	-4.253463026
16	5	2016	239.0939	31.9469	15.8679	32.996	386.73999	400.34	-13.60001	3.275	-4.246511982
16	5	2016	239.0941	31.9471	15.8641	32.995	387.09	400.26001	-13.17001	3.475	-4.113562884
16	5	2016	239.09441	31.9472	15.8659	32.9943	386.75	400.29999	-13.54999	4.825	-4.231629734
16	5	2016	239.0947	31.9473	15.8627	32.993	387.17999	400.26999	-13.09	3.475	-4.089086217
16	5	2016	239.0946	31.9473	15.8639	32.9934	386.57999	400.17999	-13.6	5.575	-4.247970435
16	5	2016	239.0945	31.9473	15.864	32.9941	386.42001	400.22	-13.79999	4.575	-4.310387226
16	5	2016	239.0948	31.9474	15.8585	32.9925	386.45999	400.29999	-13.84	3.225	-4.324889272
16	5	2016	239.09489	31.9474	15.8531	32.9918	386.41	400.16	-13.75	4.175	-4.298703846
16	5	2016	239.09509	31.9475	15.855	32.9909	386.29001	400.26001	-13.97	4.3	-4.366813943
16	5	2016	239.0952	31.9476	15.8551	32.9908	386.54001	400.20001	-13.66	4.675	-4.269879205
16	5	2016	239.0954	31.9477	15.8557	32.9903	386.56	400.23999	-13.67999	4.25	-4.275925266
16	5	2016	239.09579	31.9478	15.8521	32.9894	386.69	400.19	-13.5	4.2	-4.220944288
16	5	2016	239.0932	31.9478	15.8708	32.9968	386.53	400.29999	-13.76999	3.575	-4.298537003
16	5	2016	239.0956	31.9478	15.852	32.9896	386.53	400.19	-13.66	4.025	-4.271001606
16	5	2016	239.0959	31.9479	15.8521	32.9882	386.29999	400.09	-13.79001	3.975	-4.311644421
16	5	2016	239.09599	31.948	15.8529	32.9876	386.85001	400.01999	-13.16998	4.45	-4.117521859
16	5	2016	239.09621	31.948	15.8499	32.9868	386.53	400.09	-13.56	4.65	-4.240530593
16	5	2016	239.09641	31.9481	15.8489	32.986	386.60001	400.01001	-13.41	3.225	-4.193985983
16	5	2016	239.0963	31.9481	15.849	32.9863	386.53	400.03	-13.5	4.3	-4.222092438
16	5	2016	239.09641	31.9482	15.847	32.9859	386.60999	399.98001	-13.37002	3.625	-4.182143145
16	5	2016	239.0966	31.9482	15.847	32.9856	386.44	400	-13.56	1.275	-4.241575018
16	5	2016	239.09669	31.9483	15.8468	32.985	386.39001	400.04001	-13.65	3.05	-4.269810199
16	5	2016	239.09689	31.9484	15.845	32.9843	386.69	400.10001	-13.41001	3.9	-4.195380097
16	5	2016	239.097	31.9484	15.8448	32.9836	386.64999	400.04001	-13.39002	4.2	-4.18920972
16	5	2016	239.0972	31.9485	15.8419	32.9831	386.5	400	-13.5	3.35	-4.224644258
16	5	2016	239.09241	31.9486	15.8738	32.9985	386.48999	400.31	-13.82001	4.225	-4.313043585
16	5	2016	239.09731	31.9486	15.8398	32.9831	386.38	400.04001	-13.66001	2.075	-4.275461857
16	5	2016	239.0975	31.9487	15.8369	32.9831	386.45999	400.01999	-13.56	3.95	-4.245180613
16	5	2016	239.0977	31.9488	15.8349	32.9833	386.57999	399.98001	-13.40002	4.425	-4.195788211
16	5	2016	239.09779	31.9488	15.8331	32.9824	386.26001	400.01999	-13.75998	4.35	-4.309160174
17	10	2000	242.972	31.94900	NaN	NaN	NaN	NaN	NaN	NaN	2.35
16	5	2016	239.09801	31.949	15.8336	32.9819	386.12	400.01001	-13.89001	3.05	-4.349711218
16	5	2016	239.09821	31.949	15.8277	32.9821	386	400	-14	4.225	-4.386297051
17	10	2000	242.972	31.949	19.11	33.67	378.25	368.45	9.8	3.47	2.346748225
16	5	2016	239.0984	31.9491	15.8241	32.9819	386.01999	399.95001	-13.93002	4.275	-4.365679671
16	5	2016	239.09151	31.9492	15.8777	33.0002	386.76001	400.23001	-13.47	3.175	-4.202416916
16	5	2016	239.0985	31.9492	15.826	32.9818	385.85001	399.95999	-14.10998	1.9	-4.421384427
16	5	2016	239.0986	31.9493	15.826	32.9813	385.92001	399.98001	-14.06	2.025	-4.405733706
16	5	2016	239.09891	31.9494	15.8257	32.9813	386.01999	399.91	-13.89001	2.55	-4.352575269
16	5	2016	239.0992	31.9495	15.8222	32.9813	386.12	399.95999	-13.83999	3.125	-4.338160481
16	5	2016	239.09081	31.9496	15.8845	33.0024	387.32999	400.26999	-12.94	3.325	-4.03474827
16	5	2016	239.0993	31.9496	15.8238	32.9812	386.17001	399.98001	-13.81	4.225	-4.328187592
16	5	2016	239.0994	31.9497	15.8209	32.9811	385.89999	399.98001	-14.08002	2.85	-4.413878435
16	5	2016	239.09019	31.9498	15.8906	33.0037	386.82999	400.26999	-13.44	3.45	-4.188506203
16	5	2016	239.0995	31.9498	15.8201	32.9813	386.01001	399.94	-13.92999	4.575	-4.367131899
16	5	2016	239.0896	31.9499	15.8947	33.0043	387.09	400.31	-13.22	5.15	-4.118532865
16	5	2016	239.09979	31.9499	15.8187	32.9814	385.95999	400.01999	-14.06	5	-4.408400694
16	5	2016	239.1002	31.95000	NaN	NaN	NaN	NaN	NaN	NaN	-3.46
16	5	2016	239.1002	31.95000	NaN	NaN	NaN	NaN	NaN	NaN	-6.21
16	5	2016	239.1002	31.95000	NaN	NaN	NaN	NaN	NaN	NaN	-5.57
29	11	2016	239.10001	31.95000	NaN	NaN	NaN	NaN	NaN	NaN	-10.41
29	11	2016	239.10001	31.95000	NaN	NaN	NaN	NaN	NaN	NaN	-9.87
29	11	2016	239.10001	31.95000	NaN	NaN	NaN	NaN	NaN	NaN	-9.65
16	5	2016	239.1002	31.95	15.848	33.0035	392.4685364	403.53	-11.06146362	6.00999	-3.459446943
16	5	2016	239.10001	31.95	15.8138	32.9814	386.16	399.91	-13.75	3.325	-4.312955818
16	5	2016	239.0999	31.95	15.8149	32.9809	386.09	400	-13.91	4.8	-4.36275521
16	5	2016	239.1002	31.95	15.8452	33.0018	385.7284851	403.53	-17.80151489	5.65001	-5.56872071
16	5	2016	239.10001	31.95	15.8021	32.9837	385.42999	399.82001	-14.39002	2.775	-4.518045148
16	5	2016	239.10001	31.95	15.8141	32.9846	385.31	399.76001	-14.45001	2.5	-4.532345056
16	5	2016	239.0999	31.95	15.813	32.9849	385.28	399.79001	-14.51001	4.075	-4.551573325
16	5	2016	239.1002	31.95	15.8517	33.005	383.6734314	403.53	-19.8565686	5.18001	-6.20814558
29	11	2016	239.10001	31.95	16.689	33.405	370.3897095	403.53	-33.14029053	3.56999	-9.652230593
29	11	2016	239.10001	31.95	16.947	33.418	368.9306641	403.53	-34.59933594	4.87	-9.866470766
29	11	2016	239.10001	31.95	16.95	33.4215	367.0036621	403.53	-36.52633789	4.74001	-10.41326133
16	5	2016	239.0892	31.9501	15.8969	33.005	387.09	400.31	-13.22	3.675	-4.117768242
16	5	2016	239.1001	31.9501	15.8109	32.9817	385.85999	399.82001	-13.96002	3.55	-4.379880203
16	5	2016	239.10001	31.9501	15.8032	32.9837	385.26999	399.75	-14.48001	2.575	-4.545884363
16	5	2016	239.1002	31.9502	15.7992	32.983	386.34	399.78	-13.44	2.6	-4.220796615
16	5	2016	239.1002	31.9502	15.8089	32.9816	385.92001	399.91	-13.98999	2.975	-4.390013754
16	5	2016	239.1003	31.9502	15.8073	32.9824	385.70999	399.82999	-14.12	3	-4.431381761
16	5	2016	239.1004	31.9503	15.8071	32.9823	385.64999	399.81	-14.16001	2.95	-4.444014282
14	5	2016	242.6785	31.9507	17.3584	33.5197	378.39001	397.89999	-19.50998	1.85	-5.378048535
6	5	2016	242.63541	31.9516	17.8644	33.555	386.67001	396.17001	-9.5	3.8	-2.513557506
16	5	2016	239.1064	31.953	15.7694	32.9663	385.79999	399.47	-13.67001	1.65	-4.304009762
16	5	2016	239.0807	31.9546	15.9111	33.0087	386.82999	400.35001	-13.52002	0.3	-4.206191916
16	5	2016	239.0798	31.9547	15.9095	33.0084	387.07001	400.29001	-13.22	0.475	-4.113404323
16	5	2016	239.0797	31.9549	15.9072	33.0079	387.12	400.14001	-13.02001	2.725	-4.0519592
16	5	2016	239.08009	31.9549	15.9157	33.0093	386.85999	400.29001	-13.43002	0.7	-4.176588189
16	5	2016	239.07919	31.956	15.9154	33.0094	387.23999	400.17001	-12.93002	1.975	-4.021191703
14	5	2016	242.6731	31.9561	17.3852	33.5148	377.85999	397.89999	-20.04	2.45	-5.512305561
16	5	2016	239.0788	31.957	15.916	33.0103	387.06	400.04999	-12.98999	2	-4.039623906
16	5	2016	239.11481	31.9573	15.7338	32.9542	385.25	399.57001	-14.32001	2.9	-4.52227718
16	5	2016	239.0779	31.959	15.9216	33.012	387.70999	400.07001	-12.36002	2.65	-3.84190198
6	5	2016	242.6322	31.9599	17.9075	33.5599	386.17999	396.17001	-9.99002	3.5	-2.63401039
16	5	2016	239.1232	31.9613	15.7178	32.953	385.04999	399.62	-14.57001	3.475	-4.607375461
14	5	2016	242.66769	31.9615	17.4083	33.5124	376.78	397.89999	-21.11999	2.2	-5.798587345
16	5	2016	239.07629	31.9625	15.9248	33.0134	387.56	400.07001	-12.51001	2.175	-3.887467122
17	10	2000	242.966	31.96400	NaN	NaN	NaN	NaN	NaN	NaN	1.9
17	10	2000	242.966	31.964	18.82	33.66	376.22	368.45	7.77	6.10001	1.903906043
16	5	2016	239.1317	31.9656	15.7137	32.9528	384.85001	399.63	-14.77999	0.875	-4.675373312
14	5	2016	242.66209	31.967	17.4288	33.5128	377.32999	397.95001	-20.62002	1.2	-5.651924598
16	5	2016	239.07359	31.9676	15.9259	33.0156	389.26001	400.01999	-10.75998	1.95	-3.34330792
6	5	2016	242.6291	31.9682	17.9152	33.5523	386.76999	396.14001	-9.37002	2.625	-2.469099982
16	5	2016	239.14011	31.97	15.6814	32.9494	384.01999	399.57999	-15.56	2.4	-4.935429884
14	5	2016	242.65669	31.9724	17.4365	33.5116	377.59	397.92999	-20.33999	1.7	-5.571728681
16	5	2016	239.0696	31.9729	15.9483	33.0199	388.73999	400.09	-11.35001	0.675	-3.520031667
16	5	2016	239.1497	31.9754	15.6033	32.9495	382.56	399.60999	-17.04999	3.175	-5.443289914
14	5	2016	242.6512	31.9778	17.4286	33.5123	377.70999	397.91	-20.20001	1.55	-5.53690307
16	5	2016	239.0654	31.9786	15.965	33.0241	388.73001	400.10001	-11.37	1	-3.521288446
16	5	2016	239.15829	31.9796	15.5203	32.9418	380.97	399.67999	-18.70999	4.15	-6.014923144
17	10	2000	242.96001	31.98100	NaN	NaN	NaN	NaN	NaN	NaN	1.89
17	10	2000	242.96001	31.981	18.68	33.64	376.06	368.45	7.61	7.56	1.88570875
14	5	2016	242.64549	31.9833	17.416	33.5171	378.60999	397.88	-19.27001	3.175	-5.287253346
16	5	2016	239.16701	31.984	15.413	32.9389	379.60999	399.70999	-20.1	4.975	-6.519989317
16	5	2016	239.061	31.9843	15.9882	33.0305	388.64999	399.98999	-11.34	1.95	-3.50515301
16	5	2016	239.17551	31.9882	15.2788	32.9293	377.85999	399.72	-21.86001	4.275	-7.171231564
14	5	2016	242.63989	31.9887	17.4243	33.5218	380.10001	397.85999	-17.75998	3.825	-4.869555145
16	5	2016	239.056	31.9908	16.0129	33.0372	389.04001	399.95999	-10.91998	1.7	-3.368327886
16	5	2016	239.1841	31.9924	15.123	32.9217	376.19	399.82999	-23.63999	3.575	-7.857358062
14	5	2016	242.6344	31.9941	17.4324	33.523	380.95001	397.92001	-16.97	3.3	-4.649878252
16	5	2016	239.0515	31.9968	16.0403	33.0443	388.67001	399.92999	-11.25998	7.925	-3.465223877
16	5	2016	239.1927	31.9969	15.0491	32.9327	374.89001	399.82999	-24.93998	3.625	-8.340587702
14	5	2016	242.62891	31.9996	17.4544	33.5237	381.60999	397.82999	-16.22	3.125	-4.436457587
30	5	2013	240.23	32.00000	NaN	NaN	NaN	NaN	NaN	NaN	5.73
30	5	2013	240.23	32.00000	NaN	NaN	NaN	NaN	NaN	NaN	0.96
30	5	2013	240.23	32	13.747	33.632	415.1737976	399.78	15.39379761	8	5.730263923
30	5	2013	240.23	32	13.974	33.658	402.4203491	399.78	2.640349121	4.13	0.963816311
16	5	2016	239.2014	32.0011	15.0518	32.9681	372.67999	399.78	-27.10001	2.475	-9.059353391
16	5	2016	239.047	32.0023	16.0705	33.0514	388.88	399.98001	-11.10001	5.725	-3.407361031
14	5	2016	242.6234	32.0051	17.4876	33.5269	383.59	397.79001	-14.20001	3.725	-3.873484082
16	5	2016	239.2101	32.0052	15.067	33.0086	371.78	399.79999	-28.01999	2.475	-9.353115691
16	5	2016	239.0416	32.0077	16.1065	33.0564	389.32999	399.88	-10.55001	5.225	-3.22883321
16	5	2016	239.2187	32.0091	14.9656	33.0599	368.03	399.79001	-31.76001	4.3	-10.68962074
14	5	2016	242.6179	32.0106	17.5298	33.5292	384.73001	397.81	-13.07999	3.725	-3.555779819
16	5	2016	239.0363	32.013	16.1323	33.0584	389.42001	399.85999	-10.43998	4.375	-3.188328272
16	5	2016	239.22729	32.0132	14.9724	33.0882	368.31	399.81	-31.5	6.85	-10.59459606
16	5	2016	239.23599	32.0174	14.9658	33.1243	367.67999	399.88	-32.20001	4.875	-10.83415671
16	5	2016	239.0311	32.0183	16.1488	33.0587	390.23001	399.85999	-9.62998	4.175	-2.936950438
16	5	2016	239.2446	32.0217	14.9929	33.1643	368.38	399.85001	-31.47001	7	-10.56239253
31	5	2013	240.28	32.02300	NaN	NaN	NaN	NaN	NaN	NaN	-2.74
31	5	2013	240.28	32.023	13.987	33.667	392.2761841	399.78	-7.503815918	3.08	-2.735984381
16	5	2016	239.0258	32.0235	16.1435	33.0573	390.34	399.85001	-9.51001	0.075	-2.901650526
16	5	2016	239.2532	32.026	15.0218	33.215	368.57999	399.88	-31.30001	5.125	-10.4772794
16	5	2016	239.02049	32.0287	16.143	33.0554	390.70999	399.82999	-9.12	0.875	-2.782792675
16	5	2016	239.2618	32.0303	15.2915	33.2886	370.17999	399.70999	-29.53	3.875	-9.660338333
16	5	2016	239.0152	32.0339	16.1125	33.0524	390.39001	399.89001	-9.5	7.1	-2.906092821
16	5	2016	239.27029	32.0348	15.6115	33.3798	372.51999	399.54001	-27.02002	4.15	-8.602541489
17	10	2000	242.937	32.03900	NaN	NaN	NaN	NaN	NaN	NaN	0.22
16	5	2016	239.0101	32.039	16.1277	33.0572	390.60999	399.85001	-9.24002	2.45	-2.822953388
17	10	2000	242.937	32.039	18.56	33.62	369.34	368.45	0.89	5.52	0.222671127
16	5	2016	239.2787	32.0394	15.6996	33.377	377.70001	399.51001	-21.81	3.175	-6.893191465
16	5	2016	239.2872	32.044	15.7094	33.3746	374.07999	399.54999	-25.47	5.375	-8.043497361
16	5	2016	239.0047	32.0443	16.154	33.062	391.07001	399.78	-8.70999	1.825	-2.655190177
16	5	2016	239.29559	32.0482	15.7251	33.3783	374.10999	399.48999	-25.38	6.2	-8.004483597
16	5	2016	238.9994	32.0495	16.1774	33.0644	390.70999	399.76001	-9.05002	0.9	-2.753493068
16	5	2016	239.30409	32.0523	15.6921	33.3812	374.62	399.56	-24.94	4.5	-7.887204175
16	5	2016	238.99409	32.0547	16.1743	33.0539	391.17001	399.73001	-8.56	0.975	-2.605200494
17	10	2000	242.931	32.05600	NaN	NaN	NaN	NaN	NaN	NaN	-0.17
17	10	2000	242.931	32.056	18.4	33.6	367.78	368.45	-0.67	6.45	-0.169794963
16	5	2016	239.31261	32.0566	15.5917	33.3676	378.73001	399.60999	-20.87998	4.05	-6.659053743
31	5	2013	240.35001	32.05800	NaN	NaN	NaN	NaN	NaN	NaN	0.48
31	5	2013	240.35001	32.05800	NaN	NaN	NaN	NaN	NaN	NaN	0.1
31	5	2013	240.35001	32.058	14.179	33.664	401.1113892	399.78	1.33138916	3.90001	0.477561542
31	5	2013	240.35001	32.058	14.173	33.664	400.061615	399.78	0.28161499	3.68001	0.101065297
16	5	2016	238.989	32.0595	16.124	33.0417	390.45999	399.92001	-9.46002	2.975	-2.891264454
16	5	2016	239.32111	32.0607	15.5489	33.3567	379.39001	399.57999	-20.18998	3.45	-6.462331599
16	5	2016	238.98399	32.0643	16.1312	33.0396	393.60001	399.79001	-6.19	4.85	-1.890743519
16	5	2016	239.32961	32.0647	15.4266	33.3335	375.48999	399.60001	-24.11002	3.45	-7.797027176
16	5	2016	239.3381	32.0688	15.4082	33.308	366.12	399.57001	-33.45001	4.625	-10.83548382
16	5	2016	238.97861	32.0695	16.132	33.0303	391.04999	399.79001	-8.74002	5.25	-2.669593217
17	10	2000	242.927	32.07200	NaN	NaN	NaN	NaN	NaN	NaN	-0.08
17	10	2000	242.927	32.072	18.16	33.58	368.14001	368.45	-0.30999	5.37	-0.080087635
16	5	2016	239.3465	32.0731	15.3827	33.3192	363.42999	399.76001	-36.33002	4.35	-11.7928616
16	5	2016	238.9734	32.0746	16.1163	33.0202	390.75	399.88	-9.13	3.875	-2.792463243
16	5	2016	239.3564	32.078	15.3989	33.3467	357.94	399.67999	-41.73999	3.825	-13.52884288
6	5	2016	242.5885	32.0788	17.533	33.5521	386.88	396.42999	-9.54999	2.1	-2.595200258
16	5	2016	238.9688	32.0793	16.0879	33.0013	390.73999	399.82001	-9.08002	9.375	-2.78395123
16	5	2016	239.3651	32.0822	15.4452	33.3754	355.07999	399.67999	-44.6	3.825	-14.39807355
16	5	2016	238.9637	32.0845	15.992	32.9674	390.39001	399.87	-9.47999	9.175	-2.930197187
16	5	2016	239.3737	32.0864	15.5092	33.4074	348.98999	399.64999	-50.66	6.25	-16.26482446
6	5	2016	242.5854	32.0871	17.6428	33.5365	386.64001	396.41	-9.76999	2.25	-2.631755936
17	10	2000	242.925	32.08900	NaN	NaN	NaN	NaN	NaN	NaN	0.16
17	10	2000	242.925	32.089	16.83	33.5	369	368.45	0.55	4.94	0.158282105
16	5	2016	238.9586	32.0896	15.9217	32.9397	389.07999	399.85999	-10.78	10.275	-3.351915979
16	5	2016	239.3824	32.0907	15.7055	33.4465	344.26001	399.59	-55.32999	5.65	-17.47298412
16	5	2016	238.9536	32.0947	15.8809	32.929	388.39999	400.01999	-11.62	8.525	-3.625526423
16	5	2016	239.3909	32.0949	15.6903	33.4539	342.73999	399.51001	-56.77002	5.8	-17.94976348
6	5	2016	242.5842	32.0955	17.5038	33.4821	384.23999	396.48999	-12.25	4.325	-3.337897614
16	5	2016	239.3994	32.099	15.7552	33.4626	340.29999	399.51999	-59.22	6.125	-18.62293917
16	5	2016	238.9487	32.0994	15.8939	32.9369	388.76999	399.91	-11.14001	9.35	-3.471891225
16	5	2016	239.4077	32.1032	15.7751	33.4707	340.32999	399.57001	-59.24002	3.925	-18.59775691
6	5	2016	242.584	32.1041	17.4814	33.434	384.54999	396.48001	-11.93002	5.55	-3.257344025
16	5	2016	238.9437	32.1046	15.9588	32.9592	389	399.82999	-10.82999	8.45	-3.356815453
16	5	2016	239.41589	32.1073	15.684	33.4811	340.95999	399.51999	-58.56	3.45	-18.52300088
16	5	2016	238.9388	32.1097	16.0173	32.9725	388.73999	399.85999	-11.12	9.7	-3.429842375
16	5	2016	239.4239	32.1115	15.7072	33.4828	340.20001	399.51001	-59.31	4.775	-18.72393855
6	5	2016	242.584	32.1127	17.4173	33.5303	384.04001	396.53	-12.48999	5.725	-3.426394301
16	5	2016	238.93311	32.1154	15.9949	32.961	389.06	399.82999	-10.76999	5.975	-3.328230585
16	5	2016	239.4319	32.1158	15.8465	33.4702	342.54001	399.42999	-56.88998	4.075	-17.75454745
16	5	2016	239.44	32.1201	15.8591	33.4332	347.51001	399.48999	-51.97998	3.825	-16.20815141
16	5	2016	238.92799	32.1204	15.9641	32.9489	388.63	399.84	-11.21	2.225	-3.47324934
6	5	2016	242.584	32.1213	17.5014	33.4728	386.56	396.45999	-9.89999	4.225	-2.698205956
15	5	2016	239.4482	32.1244	15.7325	33.4139	351.85999	399.51999	-47.66	3.675	-15.01946202
16	5	2016	238.9231	32.1252	15.9611	32.944	388.12	399.82001	-11.70001	2.75	-3.626057258
15	5	2016	239.45641	32.1287	15.6655	33.4143	355.04001	399.51999	-44.47998	2.75	-14.09556538
16	5	2016	238.9184	32.1296	15.9889	32.9482	388.51999	399.72	-11.20001	0.1	-3.463050461
6	5	2016	242.584	32.1299	17.5915	33.535	387.56	396.42999	-8.86999	0.675	-2.399247563
15	5	2016	239.4649	32.1326	15.5654	33.4191	357.41	399.48001	-42.07001	4.15	-13.44307127
16	5	2016	238.9136	32.1342	16.0539	32.9527	389.48999	399.72	-10.23001	4.225	-3.146099229
15	5	2016	239.4735	32.1363	15.4941	33.4201	357.66	399.53	-41.87	2.25	-13.45883129
6	5	2016	242.584	32.1383	17.7376	33.523	385.95001	396.35999	-10.40998	3.75	-2.782988391
16	5	2016	238.90849	32.1391	16.0364	32.9409	389.34	399.67999	-10.33999	5.275	-3.184706436
15	5	2016	239.48219	32.1403	15.4621	33.4017	363.95001	399.5	-35.54999	2.6	-11.45886321
16	5	2016	238.90359	32.1438	15.998	32.9329	389.06	399.73001	-10.67001	1.925	-3.296933168
15	5	2016	239.4906	32.1443	15.5072	33.3538	372.64001	399.45001	-26.81	2.725	-8.611237733
6	5	2016	242.5838	32.1468	17.8073	33.5112	385.88	396.17999	-10.29999	8.375	-2.738332698
16	5	2016	238.8989	32.1483	15.9747	32.9271	388.35999	399.72	-11.36001	3.075	-3.517009062
15	5	2016	239.4991	32.1486	15.5801	33.3278	372.98999	399.41	-26.42001	4.375	-8.435641883
17	10	2000	242.91299	32.15000	NaN	NaN	NaN	NaN	NaN	NaN	0.95
17	10	2000	242.91299	32.15	16.32	33.55	371.63	368.45	3.18	5.09	0.95399888
14	5	2016	242.47321	32.1528	17.8055	33.5451	389.59	397.70001	-8.11001	1.625	-2.156075236
15	5	2016	239.50751	32.1531	15.8219	33.3522	363.20999	399.39999	-36.19	3.3	-11.32386832
16	5	2016	238.894	32.1533	15.9553	32.9168	389.07001	399.70001	-10.63	4.3	-3.296453561
6	5	2016	242.5836	32.1555	17.8264	33.5455	385.82999	396.39999	-10.57	7.225	-2.805347084
15	5	2016	239.51601	32.1575	15.9972	33.3731	356.91	399.35001	-42.44001	5.45	-13.08674228
16	5	2016	238.88921	32.158	15.9391	32.9126	388.48001	399.64001	-11.16	2.675	-3.465526448
14	5	2016	242.46741	32.1584	17.7948	33.5465	389.76001	397.70999	-7.94998	1.825	-2.11533687
15	5	2016	239.52451	32.1618	16.0233	33.3741	354.73999	399.35001	-44.61002	5.05	-13.72615636
16	5	2016	238.8844	32.1628	15.9528	32.9136	388.56	399.67999	-11.11999	3.9	-3.449170487
6	5	2016	242.5834	32.1642	17.8213	33.53	386.34	396.29999	-9.95999	7.15	-2.644725174
14	5	2016	242.46091	32.1647	17.789	33.55	390.14999	397.70999	-7.56	0.125	-2.012476294
17	10	2000	242.908	32.16500	NaN	NaN	NaN	NaN	NaN	NaN	0.89
17	10	2000	242.908	32.165	16.53	33.48	371.45999	368.45	3.00999	6.89	0.88784683
15	5	2016	239.533	32.1663	15.9746	33.3724	354.07001	399.34	-45.26999	6.25	-13.98556429
16	5	2016	238.8797	32.1672	15.9493	32.9155	388.14001	399.70001	-11.56	5.575	-3.58665819
14	5	2016	242.45509	32.1703	17.789	33.5529	389.89999	397.70001	-7.80002	1.525	-2.076341213
15	5	2016	239.5414	32.1705	15.9291	33.3741	355.64001	399.38	-43.73999	3.625	-13.56377313
16	5	2016	238.87511	32.1718	15.9564	32.9219	389.34	399.63	-10.29	5.8	-3.190647911
6	5	2016	242.5833	32.1729	17.86	33.5222	386.28	396.29001	-10.01001	5.775	-2.649847079
15	5	2016	239.5498	32.1747	15.9299	33.3689	360.53	399.38	-38.85	2.75	-12.04688983
14	5	2016	242.4494	32.1759	17.7843	33.5501	388.48001	397.73001	-9.25	3.1	-2.46328554
16	5	2016	238.87019	32.1767	15.9478	32.925	389.20999	399.67001	-10.46002	7.075	-3.245628385
31	5	2013	240.58	32.17700	NaN	NaN	NaN	NaN	NaN	NaN	3.08
31	5	2013	240.58	32.177	14.412	33.65	408.5247192	399.78	8.744719238	3.96001	3.075368537
15	5	2016	239.5594	32.1795	15.9232	33.3538	366.64999	399.31	-32.66001	2.675	-10.13380881
14	5	2016	242.4436	32.1814	17.7747	33.5422	388.06	397.70001	-9.64001	3.05	-2.569225974
6	5	2016	242.5833	32.1816	17.7323	33.5459	385.88	396.34	-10.46	6.05	-2.79725069
16	5	2016	238.8652	32.1817	15.9145	32.928	388.29999	399.57001	-11.27002	7.475	-3.506569872
17	10	2000	242.903	32.18200	NaN	NaN	NaN	NaN	NaN	NaN	0.67
17	10	2000	242.903	32.182	16.98	33.51	370.79999	368.45	2.34999	6.65001	0.668038973
15	5	2016	239.5679	32.1838	15.8958	33.3357	371.26999	399.42999	-28.16	1.9	-8.758153527
16	5	2016	238.8606	32.1864	15.8982	32.9365	387.79999	399.64001	-11.84002	8.375	-3.688748492
14	5	2016	242.4377	32.1869	17.7928	33.5405	388.75	397.73001	-8.98001	2.9	-2.389860558
15	5	2016	239.5764	32.1881	15.8535	33.3072	378.28	399.48999	-21.20999	3.55	-6.620678405
6	5	2016	242.58321	32.1902	17.6714	33.559	385.35999	396.39001	-11.03002	6.4	-2.964012307
16	5	2016	238.8559	32.1911	15.8784	32.9417	388.17999	399.59	-11.41001	3.6	-3.560528471
15	5	2016	239.58501	32.1922	15.8654	33.3028	377.23999	399.5	-22.26001	3.975	-6.941736225
14	5	2016	242.4341	32.1933	17.7884	33.5391	388.87	397.70999	-8.83999	3.75	-2.353445564
15	5	2016	239.59309	32.1964	15.908	33.3096	376.62	399.42999	-22.80999	5.425	-7.087947622
17	10	2000	242.89799	32.19800	NaN	NaN	NaN	NaN	NaN	NaN	0.99
17	10	2000	242.89799	32.198	16.46	33.51	371.79999	368.45	3.34999	5.97	0.993686094
6	5	2016	242.5834	32.1989	17.5763	33.5586	384.48999	396.47	-11.98001	6.975	-3.244092787
15	5	2016	239.60139	32.2004	15.9752	33.3169	374.14001	399.34	-25.19999	4.525	-7.786892122
14	5	2016	242.4343	32.2005	17.7918	33.5369	388.07001	397.73001	-9.66	3.275	-2.571077827
15	5	2016	239.6097	32.2045	16.0966	33.328	372.73001	399.34	-26.60999	4.75	-8.140040689
14	5	2016	242.43761	32.2073	17.7818	33.5404	387.44	397.81	-10.37	3.55	-2.762225455
6	5	2016	242.5835	32.2076	17.5833	33.5588	385.10001	396.45999	-11.35998	3	-3.074452972
15	5	2016	239.6179	32.2086	16.1353	33.3359	370.92999	399.26999	-28.34	6.375	-8.641268815
15	5	2016	239.6261	32.2127	16.2186	33.3514	367.76999	399.25	-31.48001	1.45	-9.532264856
14	5	2016	242.44119	32.2142	17.7605	33.5498	387.12	397.75	-10.63	4.35	-2.836212922
6	5	2016	242.5835	32.2161	17.4676	33.5603	384.20999	396.53	-12.32001	0.55	-3.365560941
15	5	2016	239.6344	32.2167	16.2083	33.3504	367.57999	399.26999	-31.69	1.575	-9.6040483
15	5	2016	239.64259	32.2209	16.1348	33.3426	367.31	399.35999	-32.04999	1.775	-9.772586726
14	5	2016	242.4447	32.221	17.7534	33.5444	388.44	397.76999	-9.32999	4.2	-2.490841542
6	5	2016	242.5835	32.2248	17.4818	33.5628	385.23001	396.59	-11.35999	3.55	-3.099706817
15	5	2016	239.65089	32.2251	16.0832	33.332	368.39001	399.32999	-30.93998	2.4	-9.474891871
14	5	2016	242.4483	32.2279	17.7428	33.5417	388.76001	397.79001	-9.03	5.275	-2.412842022
15	5	2016	239.6591	32.2292	16.0199	33.3187	369.32999	399.37	-30.04001	4.25	-9.248136025
6	5	2016	242.5833	32.2334	17.5636	33.5642	385.94	396.59	-10.65	5.675	-2.886818071
14	5	2016	242.4519	32.2349	17.7748	33.5476	387.89001	397.76999	-9.87998	2.45	-2.633093448
14	5	2016	242.4556	32.2418	17.8407	33.5524	386.98999	397.75	-10.76001	2.45	-2.852401713
6	5	2016	242.58321	32.2421	17.6248	33.565	386.17001	396.54999	-10.37998	7.525	-2.799753267
14	5	2016	242.4594	32.2487	17.8794	33.5544	387.14999	397.75	-10.60001	2.4	-2.801232661
6	5	2016	242.58321	32.2507	17.7262	33.561	385.70999	396.51999	-10.81	6.975	-2.892062421
14	5	2016	242.4633	32.2556	17.9118	33.5546	388.48999	397.76999	-9.28	1.175	-2.446019994
17	10	2000	242.879	32.25800	NaN	NaN	NaN	NaN	NaN	NaN	2.41
17	10	2000	242.879	32.258	16.66	33.5	376.70999	368.45	8.25999	5.74001	2.410374542
6	5	2016	242.58321	32.2594	17.7018	33.5598	385.62	396.54001	-10.92001	5.975	-2.927258736
14	5	2016	242.4671	32.2625	17.9177	33.5528	389.32001	397.76999	-8.44998	2.5	-2.226207341
6	5	2016	242.58321	32.2682	17.6703	33.5586	385.79999	396.47	-10.67001	6.225	-2.867529283
14	5	2016	242.47099	32.2694	17.8389	33.5488	388.64001	397.82001	-9.18	2.7	-2.433946111
17	10	2000	242.873	32.27400	NaN	NaN	NaN	NaN	NaN	NaN	3.58
17	10	2000	242.873	32.274	16.43	33.49	380.48999	368.45	12.03999	7.2	3.580498895
14	5	2016	242.47501	32.2762	17.7753	33.5427	388.41	397.82001	-9.41001	1.325	-2.507800029
6	5	2016	242.5835	32.2783	17.5538	33.5556	385.04001	396.51999	-11.47998	5.525	-3.114385171
14	5	2016	242.47881	32.2831	17.624	33.5354	387.04001	397.88	-10.83999	0.875	-2.924429511
15	5	2016	239.76801	32.2841	15.9128	33.2149	387.48001	399.44	-11.95999	5.025	-3.716645504
6	5	2016	242.5836	32.2871	17.4603	33.5593	384.89999	396.54001	-11.64002	2.375	-3.181694943
15	5	2016	239.77631	32.288	15.9118	33.219	387.54001	399.51001	-11.97	4.45	-3.719991048
17	10	2000	242.868	32.29000	NaN	NaN	NaN	NaN	NaN	NaN	3.57
14	5	2016	242.4826	32.29	17.5677	33.5284	386.48999	397.97	-11.48001	0.375	-3.111301754
17	10	2000	242.868	32.29	16.2	33.47	380.23001	368.45	11.78001	7.44	3.570474283
15	5	2016	239.78481	32.292	15.9205	33.2238	387.26999	399.51999	-12.25	0.975	-3.804178125
15	5	2016	239.79289	32.2957	15.8881	33.2232	387.67001	399.45001	-11.78	2.2	-3.668065422
6	5	2016	242.5836	32.2958	17.4587	33.5723	384.48001	396.60001	-12.12	5.525	-3.313117163
14	5	2016	242.4865	32.297	17.4822	33.5233	384.26999	397.98001	-13.71002	2	-3.741521218
15	5	2016	239.79919	32.2993	15.8612	33.2241	388.5	399.56	-11.06	0.025	-3.451543634
15	5	2016	239.8038	32.3025	15.8008	33.2254	387.70001	399.56	-11.85999	0.875	-3.71976597
14	5	2016	242.4902	32.3038	17.4521	33.5215	383.53	397.98999	-14.45999	1.65	-3.955840739
6	5	2016	242.5835	32.3045	17.744	33.5743	383.78	396.47	-12.69	3.825	-3.389952908
15	5	2016	239.80859	32.3048	15.67	33.1867	385.14999	399.57001	-14.42002	0.75	-4.572955608
17	10	2000	242.862	32.30600	NaN	NaN	NaN	NaN	NaN	NaN	2.82
17	10	2000	242.862	32.306	16.37	33.48	377.89999	368.45	9.44999	4.02	2.82430349
15	5	2016	239.81351	32.3067	15.5565	33.1664	382.60999	399.64999	-17.04	2.85	-5.455644101
31	5	2013	240.85001	32.30900	NaN	NaN	NaN	NaN	NaN	NaN	-2.55
31	5	2013	240.85001	32.309	15.163	33.567	392.0566406	399.78	-7.723359375	3.63	-2.550497947
15	5	2016	239.8181	32.3095	15.5173	33.1686	381.85001	399.70999	-17.85998	4.05	-5.736824582
14	5	2016	242.494	32.3107	17.4454	33.5203	383.07001	398.04999	-14.97998	0.725	-4.100339844
15	5	2016	239.8228	32.3123	15.4518	33.1787	379.72	399.73999	-20.01999	3.375	-6.465556975
6	5	2016	242.5835	32.3134	17.8254	33.5703	383.69	396.45001	-12.76001	1.775	-3.386464426
15	5	2016	239.82761	32.3146	15.5064	33.2021	376.16	399.66	-23.5	2.675	-7.554105169
15	5	2016	239.83299	32.3164	15.396	33.2068	376.04999	399.81	-23.76001	1.675	-7.708201911
14	5	2016	242.4977	32.3176	17.4394	33.5194	382.98999	398.07001	-15.08002	3.3	-4.129744323
15	5	2016	239.8401	32.32	15.3147	33.1963	377.5	399.79001	-22.29001	3.625	-7.280978553
6	5	2016	242.5835	32.3222	17.9309	33.5639	384.13	396.39999	-12.26999	4.25	-3.229021572
15	5	2016	239.8479	32.324	15.1454	33.1732	377.70001	399.79999	-22.09998	3.55	-7.322805608
14	5	2016	242.5022	32.3257	17.4387	33.5175	383.76999	398.04001	-14.27002	4.075	-3.908178053
15	5	2016	239.8559	32.3278	15.1984	33.1611	378.57001	399.82999	-21.25998	3.25	-7.013654044
6	5	2016	242.5834	32.331	17.8643	33.5572	384.39999	396.37	-11.97001	7.1	-3.167077553
15	5	2016	239.86369	32.3316	15.1452	33.165	380.31	399.89001	-19.58001	0.15	-6.488181933
14	5	2016	242.5061	32.3327	17.4184	33.5173	383.56	398.04999	-14.48999	3.725	-3.974948566
15	5	2016	239.87151	32.3356	15.1313	33.1621	381.39001	399.91	-18.51999	1.75	-6.144170505
15	5	2016	239.8793	32.3397	15.098	33.1824	383.26999	399.92999	-16.66	2.1	-5.542023359
6	5	2016	242.5833	32.3398	17.7763	33.5542	384.97	396.42001	-11.45001	8.2	-3.051055134
14	5	2016	242.5101	32.3398	17.4479	33.519	383.48999	398.03	-14.54001	2.2	-3.979130593
29	11	2016	239.91	32.34000	NaN	NaN	NaN	NaN	NaN	NaN	-10.78
29	11	2016	239.91	32.34000	NaN	NaN	NaN	NaN	NaN	NaN	-10.5
29	11	2016	239.91	32.34000	NaN	NaN	NaN	NaN	NaN	NaN	-14.91
29	11	2016	239.91	32.34	16.73	33.253	367.3905945	403.53	-36.13940552	3.81999	-10.49811067
29	11	2016	239.91	32.34	16.734	33.2582	366.3908081	403.53	-37.13919189	3.77	-10.78474152
29	11	2016	239.91	32.34	16.726	33.255	352.2050781	403.53	-51.32492188	2.24001	-14.91407638
15	5	2016	239.8869	32.3443	15.14	33.2028	380.73999	399.89999	-19.16	3.825	-6.350614056
14	5	2016	242.51401	32.3469	17.5268	33.5197	384.23999	398.03	-13.79001	2.25	-3.749875705
6	5	2016	242.58321	32.3485	17.6906	33.5514	384.89999	396.47	-11.57001	4.45	-3.104424125
15	5	2016	239.89439	32.3485	15.1579	33.1987	380.42999	399.94	-19.51001	3.95	-6.457053862
15	5	2016	239.9012	32.3494	15.1336	33.2986	393.45999	400.20001	-6.74002	4.5	-2.234156309
15	5	2016	239.8997	32.34970	NaN	NaN	NaN	NaN	NaN	NaN	-3.71
15	5	2016	239.8997	32.34970	NaN	NaN	NaN	NaN	NaN	NaN	-3.18
15	5	2016	239.8997	32.34970	NaN	NaN	NaN	NaN	NaN	NaN	10.63
15	5	2016	239.8997	32.3497	14.9701	33.2431	435.1585083	403.53	31.6285083	7.48	10.63190905
15	5	2016	239.89931	32.3497	15.162	33.2973	394.35999	400.14001	-5.78002	3.175	-1.911393743
15	5	2016	239.8997	32.3497	15.0229	33.2489	394.0162048	403.53	-9.513795166	7.50999	-3.183805534
15	5	2016	239.8997	32.3497	15.0323	33.2494	392.4368286	403.53	-11.09317139	6.71001	-3.709406311
15	5	2016	239.8999	32.3497	15.1644	33.219	381.79001	400.22	-18.42999	5.75	-6.095688461
15	5	2016	239.8996	32.3498	15.1644	33.2977	394.56	400.14999	-5.58999	6.4	-1.848177288
15	5	2016	239.89951	32.3498	15.1612	33.2978	394.54999	400.13	-5.58001	7.075	-1.845371782
15	5	2016	239.89951	32.3498	15.1687	33.2982	394.45001	400.17001	-5.72	5.9	-1.890475385
15	5	2016	239.8994	32.3498	15.1536	33.2971	394.32999	400.17999	-5.85	5.1	-1.935900215
15	5	2016	239.89999	32.3498	15.123	33.2343	385.51999	400.20001	-14.68002	5.3	-4.871919141
15	5	2016	239.9001	32.3498	15.1494	33.2107	381.07999	400.19	-19.11001	4.625	-6.32881204
15	5	2016	239.8996	32.3499	15.1687	33.2982	394.72	400.19	-5.47	4.05	-1.807849713
15	5	2016	239.8996	32.3499	15.1681	33.2975	394.41	400.17001	-5.76001	4.9	-1.903800986
15	5	2016	239.8999	32.3499	15.1493	33.2949	394.28	400.29999	-6.01999	6.15	-1.992893432
15	5	2016	239.8999	32.3499	15.1235	33.2936	394.14999	400.25	-6.10001	3.025	-2.023770888
15	5	2016	239.8997	32.3499	15.1351	33.2951	394.10001	400.20001	-6.1	4.1	-2.021784708
15	5	2016	239.9001	32.3499	15.0254	33.245	387.97	400.32999	-12.35999	4.8	-4.135497991
15	5	2016	239.89999	32.3499	15.0157	33.2401	387	400.29999	-13.29999	4.075	-4.453744384
15	5	2016	239.9001	32.3499	15.038	33.2348	385.63	400.20001	-14.57001	4.9	-4.870025284
15	5	2016	239.9001	32.3499	15.1073	33.24	385.31	400.26999	-14.95999	5.675	-4.971241363
15	5	2016	239.8997	32.35	15.1559	33.2955	394.59	400.22	-5.63	2.35	-1.862752266
15	5	2016	239.89999	32.35	15.1527	33.2959	394.47	400.23999	-5.76999	5.6	-1.909578223
15	5	2016	239.8998	32.35	15.1327	33.295	394.31	400.19	-5.88	5.75	-1.94926117
15	5	2016	239.89999	32.35	15.17	33.2959	394.29001	400.19	-5.89999	3.65	-1.949771736
15	5	2016	239.8997	32.35	15.1523	33.2965	394.14999	400.22	-6.07001	3.5	-2.0089314
15	5	2016	239.8999	32.35	15.1403	33.2945	394.07999	400.25	-6.17001	4.025	-2.044103083
15	5	2016	239.90021	32.35	15.0813	33.2706	391.82999	400.26001	-8.43002	3.05	-2.80702091
15	5	2016	239.9001	32.35	15.0462	33.2541	390.48001	400.26001	-9.78	5	-3.266408986
15	5	2016	239.90021	32.35	15.0381	33.2346	385.92001	400.26999	-14.34998	4.1	-4.796444609
15	5	2016	239.9001	32.35	15.0601	33.2363	385.78	400.23001	-14.45001	4.375	-4.82092326
15	5	2016	239.90021	32.35	15.0638	33.2382	385.76999	400.13	-14.36001	3.925	-4.789364466
15	5	2016	239.9001	32.35	15.0385	33.2352	385.73001	400.28	-14.54999	5.15	-4.863119926
15	5	2016	239.9003	32.35	15.1518	33.2069	380.84	400.10001	-19.26001	3.5	-6.377322206
15	5	2016	239.8999	32.3501	15.1338	33.2956	393.85999	400.19	-6.33001	3.975	-2.098242955
15	5	2016	239.89999	32.3501	15.1691	33.2968	393.69	400.20001	-6.51001	4.575	-2.151518218
15	5	2016	239.90021	32.3501	15.0799	33.2404	385.88	400.20999	-14.32999	5.275	-4.772845204
15	5	2016	239.9001	32.3502	15.1474	33.2954	394.44	400.16	-5.72	4.15	-1.893880097
15	5	2016	239.89999	32.3502	15.1624	33.296	394.12	400.16	-6.04	4.375	-1.997312041
15	5	2016	239.90021	32.3502	15.1562	33.2952	393.95001	400.14001	-6.19	4.525	-2.04798636
15	5	2016	239.9001	32.3502	15.173	33.2959	393.91	400.14001	-6.23001	4.175	-2.058315885
15	5	2016	239.9006	32.3502	15.1492	33.2041	380.84	400.17001	-19.33001	2.175	-6.401982609
15	5	2016	239.9003	32.3504	15.1341	33.2951	394.10999	400.12	-6.01001	2.925	-1.992125493
15	5	2016	239.90089	32.3504	15.1237	33.1973	380.78	400.22	-19.44	3.275	-6.45240779
15	5	2016	239.90109	32.3506	15.0989	33.1964	381.25	400.17999	-18.92999	2.5	-6.296244127
15	5	2016	239.9014	32.3508	15.0988	33.201	381.20999	400.17001	-18.96002	3.1	-6.306145079
15	5	2016	239.9016	32.351	15.0953	33.2007	381.23999	400.17999	-18.94	2.625	-6.301346248
15	5	2016	239.9003	32.3511	15.076	33.1915	382.39999	399.92999	-17.53	2.775	-5.84195486
15	5	2016	239.90179	32.3511	15.0727	33.2004	380.79999	400.20001	-19.40002	2.675	-6.466661195
15	5	2016	239.90199	32.3513	15.0915	33.2047	381.17999	400.16	-18.98001	4.3	-6.316549859
15	5	2016	239.90221	32.3514	15.0912	33.2071	381.69	400.14999	-18.45999	4.35	-6.143570589
15	5	2016	239.9025	32.3516	15.0498	33.2024	381.92001	400.22	-18.29999	2.8	-6.111668077
15	5	2016	239.9026	32.3517	15.0433	33.1986	381.51999	400.20001	-18.68002	2.925	-6.242108821
15	5	2016	239.90359	32.3519	14.9758	33.1861	382.89999	400.07999	-17.18	3.9	-5.773873054
15	5	2016	239.9028	32.3519	15.0504	33.1983	381.64001	400.19	-18.54999	1.275	-6.194971418
15	5	2016	239.90311	32.352	15.0566	33.1995	381.42999	400.12	-18.69001	1.25	-6.238447094
15	5	2016	239.90331	32.3522	15.0625	33.1996	381.60999	400.14999	-18.54	4.575	-6.185307572
15	5	2016	239.90359	32.3524	15.0649	33.2009	381.41	400.13	-18.72	2.3	-6.244061337
15	5	2016	239.9037	32.3525	15.1086	33.1946	381.28	400.07999	-18.79999	3.375	-6.247971607
15	5	2016	239.90379	32.3525	15.0911	33.2055	380.98999	400.13	-19.14001	3.525	-6.369987122
15	5	2016	239.9039	32.3526	15.0133	33.1837	383.23001	400.09	-16.85999	1.75	-5.648554125
15	5	2016	239.90401	32.3527	14.8702	33.1803	382.62	400.14999	-17.52999	2.75	-5.944260922
15	5	2016	239.90421	32.3527	15.0024	33.1962	381.64001	400.06	-18.41999	4.175	-6.176479446
15	5	2016	239.9093	32.3532	15.1206	33.2991	393.31	400.04999	-6.73999	4.125	-2.236578611
14	5	2016	242.51801	32.3539	17.5125	33.5191	384.03	397.98999	-13.95999	0.125	-3.800496947
15	5	2016	239.9175	32.357	15.194	33.3329	397.01999	400.06	-3.04001	1.575	-1.002435327
6	5	2016	242.5831	32.3573	17.6672	33.5498	385.54001	396.44	-10.89999	6	-2.930190075
14	5	2016	242.5219	32.361	17.5008	33.5194	383.51999	398.04999	-14.53	1.325	-3.959413692
15	5	2016	239.9258	32.3611	15.1559	33.3094	398.62	400.04999	-1.42999	1.9	-0.473097388
15	5	2016	239.9342	32.3651	15.0665	33.2512	396.67999	400.01999	-3.34	0.275	-1.113637547
6	5	2016	242.5833	32.3658	17.6307	33.5458	386.78	396.42999	-9.64999	8.475	-2.601854461
1	11	2005	241.66	32.36600	NaN	NaN	NaN	NaN	NaN	NaN	-10.1
1	11	2005	241.66	32.366	18.089	33.365	339.5187073	378.35	-38.83129272	3.78	-10.0997387
14	5	2016	242.52589	32.368	17.5084	33.5207	384.37	398.01999	-13.64999	2.575	-3.717304969
15	5	2016	239.9424	32.369	15.0638	33.2598	396.17999	400.06	-3.88001	2.15	-1.293929623
15	5	2016	239.9507	32.3729	15.1291	33.2669	400.82001	399.98001	0.84	3.575	0.278587794
6	5	2016	242.58611	32.3742	17.6079	33.5414	388.34	396.47	-8.13	6.4	-2.196112299
14	5	2016	242.52901	32.3752	17.4904	33.521	384.29999	398.03	-13.73001	0.7	-3.744534715
15	5	2016	239.9588	32.3769	15.3372	33.318	401.66	399.87	1.79	3.925	0.583257688
15	5	2016	239.9669	32.3809	15.3467	33.3163	400.64001	399.81	0.83001	2.725	0.270239879
6	5	2016	242.589	32.3827	17.5625	33.5382	388.56	396.48999	-7.92999	6.85	-2.149981038
14	5	2016	242.5305	32.3829	17.4741	33.5209	384.34	398.07001	-13.73001	0.7	-3.749473734
15	5	2016	239.97479	32.3847	15.4345	33.2708	393.67999	399.73999	-6.06	2	-1.959065574
15	5	2016	239.9839	32.3891	15.5225	33.2146	388.87	399.67001	-10.80001	2.2	-3.466811756
14	5	2016	242.5323	32.3906	17.4083	33.5244	384.48001	398.04001	-13.56	3.2	-3.722746059
6	5	2016	242.5918	32.3911	17.5716	33.5386	388.23001	396.45999	-8.22998	6.7	-2.229671477
15	5	2016	239.99181	32.3933	15.6297	33.1844	382.13	399.62	-17.49	2.125	-5.565211492
15	5	2016	239.99969	32.3974	15.7223	33.1622	375.10999	399.64001	-24.53002	3.3	-7.74626144
14	5	2016	242.53419	32.3983	17.3779	33.5293	385.07999	398.10999	-13.03	2.225	-3.585970524
6	5	2016	242.5947	32.3996	17.6043	33.5382	388.10999	396.45001	-8.34002	6.025	-2.25353256
15	5	2016	240.00751	32.4015	15.692	33.1373	370.53	399.60001	-29.07001	3.925	-9.20418067
15	5	2016	240.0153	32.4056	15.5741	33.0952	373.53	399.63	-26.1	5.375	-8.346975881
14	5	2016	242.53709	32.4057	17.3975	33.5341	385.57999	398.14001	-12.56002	4.35	-3.451068977
6	5	2016	242.5975	32.4082	17.5767	33.5356	388.38	396.45999	-8.07999	3.55	-2.188166215
15	5	2016	240.02299	32.4095	15.4817	32.9997	375.92001	399.64999	-23.72998	1	-7.651220175
14	5	2016	242.5412	32.4126	17.4212	33.5405	385.17001	398.14999	-12.97998	3.75	-3.559517804
15	5	2016	240.0307	32.4134	15.4644	32.9726	375.66	399.72	-24.06	1.025	-7.769847492
6	5	2016	242.6006	32.4167	17.5256	33.5326	388.70999	396.48001	-7.77002	6.6	-2.112953414
15	5	2016	240.03841	32.4172	15.4547	32.9637	376.01999	399.62	-23.60001	1.875	-7.627798688
14	5	2016	242.54559	32.4195	17.4462	33.545	385.06	398.16	-13.1	2.95	-3.585096409
15	5	2016	240.04601	32.4211	15.4507	32.9546	376.31	399.64999	-23.33999	1.525	-7.54660692
15	5	2016	240.0538	32.4248	15.4511	32.9478	376.94	399.60999	-22.66999	1.3	-7.32996884
6	5	2016	242.60361	32.4253	17.4817	33.5287	390.22	396.5	-6.28	7.275	-1.713863304
14	5	2016	242.55	32.4263	17.4656	33.5505	384.38	398.14001	-13.76001	4.1	-3.759720842
15	5	2016	240.0616	32.4286	15.5077	32.9426	377.88	399.63	-21.75	4.3	-6.999553765
15	5	2016	240.0694	32.4324	15.5328	32.9358	377.64999	399.51999	-21.87	4.275	-7.023690003
14	5	2016	242.5544	32.4331	17.5905	33.552	384.42999	398.03	-13.60001	4.05	-3.678672814
6	5	2016	242.6067	32.4339	17.4619	33.5244	390.5	396.48001	-5.98001	6.95	-1.634641612
15	5	2016	240.07719	32.4362	15.543	32.9341	377.54999	399.57001	-22.02002	2.975	-7.065918462
14	5	2016	242.5589	32.4399	17.6306	33.5499	381.19	398.04001	-16.85001	6	-4.543090127
15	5	2016	240.08501	32.4401	15.5448	32.9305	377.44	399.57999	-22.13999	2.55	-7.103472734
6	5	2016	242.6098	32.4426	17.4591	33.5202	391.10999	396.51001	-5.40002	6.525	-1.476464495
15	5	2016	240.0927	32.4437	15.5683	32.933	377.69	399.5	-21.81	1.025	-6.983825619
14	5	2016	242.56351	32.4469	17.7247	33.5488	378.34	397.98999	-19.64999	3.75	-5.258015921
15	5	2016	240.1004	32.4474	15.556	32.9334	377.63	399.53	-21.9	2.3	-7.019820939
6	5	2016	242.61279	32.4512	17.4337	33.5188	391.73001	396.53	-4.79999	5.825	-1.31511299
15	5	2016	240.1082	32.4512	15.5119	32.9265	377.81	399.54999	-21.73999	0.325	-6.994425208
14	5	2016	242.56799	32.4538	17.731	33.5493	376.87	397.98999	-21.11999	1.025	-5.648483705
15	5	2016	240.11571	32.4551	15.5354	32.9379	380.45999	399.45001	-18.99002	1.25	-6.097382872
15	5	2016	240.1234	32.459	15.9399	33.0327	388.66	399.34	-10.68	1.975	-3.314339154
6	5	2016	242.61591	32.4598	17.4479	33.5208	391.75	396.54001	-4.79001	5.2	-1.310859642
14	5	2016	242.57249	32.4607	17.6799	33.5468	378.39999	398.06	-19.66001	3.05	-5.279770298
15	5	2016	240.1311	32.4627	16.3717	33.1721	392.73001	399.10999	-6.37998	2.8	-1.909321304
15	5	2016	240.1386	32.4666	16.4438	33.2012	393.01001	398.98001	-5.97	3.375	-1.775823448
14	5	2016	242.5771	32.4675	17.6991	33.544	376.10999	398.01999	-21.91	3.65	-5.874994678
6	5	2016	242.6189	32.4684	17.5182	33.5258	392.14001	396.47	-4.32999	4.175	-1.178225295
15	5	2016	240.1463	32.4705	16.3804	33.1919	392.78	399.01999	-6.23999	2.375	-1.865914319
15	5	2016	240.1537	32.4744	16.3538	33.1929	392.53	399.06	-6.53	0.95	-1.956901839
14	5	2016	242.5817	32.4745	17.5671	33.5442	375.79999	398.12	-22.32001	3.375	-6.048987836
6	5	2016	242.6217	32.4769	17.5934	33.5245	390.78	396.42001	-5.64001	4.475	-1.525410948
15	5	2016	240.1613	32.4782	16.272	33.1696	392.48999	399.07999	-6.59	1.175	-1.988447381
14	5	2016	242.5864	32.4814	17.5383	33.5443	378.97	398.25	-19.28	4.05	-5.237272345
15	5	2016	240.1701	32.4824	16.1355	33.1374	390.23001	399.10999	-8.87998	2.325	-2.710166899
15	5	2016	240.1778	32.4862	16.1571	33.1059	392.67999	399.04001	-6.36002	2.1	-1.937911352
6	5	2016	242.625	32.4867	17.6055	33.5153	390.29999	396.41	-6.11001	4.075	-1.650987633
14	5	2016	242.5909	32.4882	17.3372	33.5314	374.92999	398.29999	-23.37	3.325	-6.452800314
6	5	2016	242.6284	32.4951	17.6001	33.511	390.41	396.41	-6	2.8	-1.622001496
14	5	2016	242.5957	32.4961	17.4312	33.5311	368.60999	398.28	-29.67001	5.55	-8.1302308
6	5	2016	242.6328	32.503	17.6063	33.5182	390.06	396.44	-6.38	3.2	-1.723806707
14	5	2016	242.59959	32.503	17.5082	33.5343	366.64001	398.29001	-31.65	6.05	-8.618834425
14	5	2016	242.6035	32.51	17.3485	33.5282	367.73001	398.32001	-30.59	6.175	-8.438748689
6	5	2016	242.63879	32.5104	17.6751	33.5337	389.98999	396.42001	-6.43002	2.6	-1.727581831
14	5	2016	242.60741	32.5172	17.5489	33.533	367.64999	398.28	-30.63001	6.15	-8.313746544
6	5	2016	242.6449	32.5178	17.731	33.5381	388.42001	396.39001	-7.97	0.8	-2.131667966
14	5	2016	242.6113	32.5243	17.656	33.5363	367.01001	398.20999	-31.19998	7.4	-8.395449764
6	5	2016	242.65089	32.5253	17.7486	33.5323	387.28	396.45001	-9.17001	4.125	-2.449218233
14	5	2016	242.6151	32.5313	17.6546	33.5343	367.63	398.23001	-30.60001	4.275	-8.235014414
6	5	2016	242.65691	32.5328	17.7957	33.5318	385.17001	396.32001	-11.15	5.925	-2.966792556
15	5	2016	240.2814	32.5355	15.8552	33.0429	388.70999	399.14999	-10.44	5.475	-3.262518856
14	5	2016	242.6189	32.5384	17.6959	33.539	367.17001	398.26999	-31.09998	4.85	-8.341564071
15	5	2016	240.2894	32.5392	15.8302	33.0375	388.79001	399.14999	-10.35998	5.275	-3.244316291
6	5	2016	242.6629	32.5403	17.9973	33.5474	384.48001	396.29999	-11.81998	1.575	-3.09430399
15	5	2016	240.29739	32.5432	15.8214	33.0335	388.51001	399.13	-10.61999	4.175	-3.328233436
14	5	2016	242.6228	32.5454	17.6943	33.5379	367.66	398.26999	-30.60999	4.7	-8.211241517
15	5	2016	240.3055	32.547	15.8278	33.0336	388.29001	399.14001	-10.85	2.775	-3.39851049
6	5	2016	242.66901	32.5479	18.0769	33.5629	382.54001	396.20999	-13.66998	4.3	-3.555582187
15	5	2016	240.31371	32.5507	15.8409	33.0379	388.78	399.04999	-10.26999	3.025	-3.213275869
14	5	2016	242.6265	32.5524	17.5433	33.5356	365.94	398.32999	-32.38999	4.075	-8.795317157
15	5	2016	240.3217	32.5544	15.8534	33.0365	388.97	399.04999	-10.07999	2.7	-3.150582195
6	5	2016	242.675	32.5555	18.1977	33.5685	382.89999	396.20001	-13.30002	8.975	-3.425971578
15	5	2016	240.3297	32.558	15.8722	33.0399	389.53	399.06	-9.53	2.65	-2.973990539
14	5	2016	242.63029	32.5594	17.5087	33.5301	364.69	398.39001	-33.70001	5.5	-9.176899387
15	5	2016	240.3376	32.5616	15.875	33.0409	389.56	399.06	-9.5	3.075	-2.963926279
6	5	2016	242.68111	32.563	18.226	33.5712	382.89999	396.17001	-13.27002	7.35	-3.410473316
15	5	2016	240.3456	32.5653	15.875	33.0421	389.76999	398.98001	-9.21002	2.625	-2.873438198
14	5	2016	242.6342	32.5663	17.4682	33.522	366.81	398.45001	-31.64001	5.6	-8.644521758
15	5	2016	240.3548	32.5695	15.8712	33.0464	389.29999	399.01999	-9.72	3.95	-3.033439809
6	5	2016	242.68719	32.5706	18.2703	33.5702	383.44	396.14999	-12.70999	11.5	-3.25501232
15	5	2016	240.3627	32.5732	15.9045	33.063	389.78	398.97	-9.19	4.025	-2.859903845
14	5	2016	242.63831	32.5733	17.1185	33.5176	369.81	398.56	-28.75	6.025	-8.080969274
15	5	2016	240.3707	32.5769	15.97	33.0936	389.92001	398.87	-8.94999	3.4	-2.769739896
6	5	2016	242.69321	32.5781	18.2773	33.5709	383.38	396.14999	-12.76999	8.275	-3.268538929
14	5	2016	242.64211	32.5802	17.4294	33.5214	369.62	398.42001	-28.80001	4.275	-7.893344972
15	5	2016	240.37869	32.5806	16.0652	33.1259	392.29001	398.84	-6.54999	3.45	-2.010806818
15	5	2016	240.3867	32.5845	16.3903	33.2047	395.28	398.69	-3.41	3.65	-1.018783828
6	5	2016	242.6992	32.5856	18.3092	33.5673	381.92001	396.12	-14.19999	10.225	-3.625366892
14	5	2016	242.6461	32.587	17.2836	33.5279	380.42999	398.54001	-18.11002	3.475	-5.022296012
15	5	2016	240.39481	32.5884	16.5818	33.2794	395.41	398.67999	-3.26999	4.725	-0.961371912
15	5	2016	240.4028	32.5924	16.603	33.2892	394.53	398.63	-4.1	5.9	-1.203244673
6	5	2016	242.70509	32.5931	18.3516	33.5678	381.14001	396.10001	-14.96	10.925	-3.806488246
14	5	2016	242.6499	32.5939	17.2757	33.5336	381.07999	398.53	-17.45001	4.325	-4.842230682
15	5	2016	240.4109	32.5964	16.5761	33.2816	393.62	398.62	-5	5.05	-1.470663658
15	5	2016	240.41879	32.6003	16.3808	33.2499	389.14001	398.60001	-9.46	4.45	-2.827899879
6	5	2016	242.71111	32.6006	18.2985	33.5671	378.76001	396.12	-17.35999	10.325	-4.435932371
14	5	2016	242.6537	32.6007	17.3393	33.5364	383.45999	398.51999	-15.06	4.25	-4.157480998
15	5	2016	240.4268	32.6042	16.0532	33.1549	385.20001	398.75	-13.54999	2.325	-4.16331203
6	5	2016	242.717	32.608	17.7597	33.5896	379.64999	396.37	-16.72001	7.3	-4.460547015
15	5	2016	240.4346	32.6082	15.813	33.1008	381.76001	398.79999	-17.03998	3.05	-5.342209368
9	10	2000	242.756	32.61200	NaN	NaN	NaN	NaN	NaN	NaN	1.83
9	10	2000	242.756	32.612	16.18	33.45	374.48001	368.45	6.03001	4.85001	1.830864628
15	5	2016	240.4425	32.6121	15.6766	33.0537	379.76001	398.85001	-19.09	3.675	-6.0544776
9	10	2000	242.702	32.61500	NaN	NaN	NaN	NaN	NaN	NaN	1.94
9	10	2000	242.702	32.615	18.8	33.62	376.34	368.45	7.89	4.49001	1.936742346
9	10	2000	242.688	32.61600	NaN	NaN	NaN	NaN	NaN	NaN	2.07
9	10	2000	242.688	32.616	19.24	33.61	377.17999	368.45	8.72999	5.52	2.069773544
15	5	2016	240.45039	32.6161	15.4502	33.0104	375.12	399.07001	-23.95001	3.225	-7.742087566
6	5	2016	242.7206	32.6162	18.3496	33.5768	385.13	396.04001	-10.91001	5.975	-2.776316148
9	10	2000	242.673	32.61700	NaN	NaN	NaN	NaN	NaN	NaN	2.11
9	10	2000	242.673	32.617	19.31	33.63	377.38	368.45	8.93	4.59	2.105353579
9	10	2000	242.659	32.61900	NaN	NaN	NaN	NaN	NaN	NaN	2.18
9	10	2000	242.659	32.619	19.52	33.65	377.85001	368.45	9.40001	3.12	2.179669127
15	5	2016	240.4585	32.6201	15.2712	32.9614	373.67001	399.06	-25.38999	3.325	-8.333259263
9	10	2000	242.60201	32.62100	NaN	NaN	NaN	NaN	NaN	NaN	2.43
9	10	2000	242.60201	32.621	19.85	33.64	379.20001	368.45	10.75001	3.15001	2.429203835
9	10	2000	242.58501	32.62200	NaN	NaN	NaN	NaN	NaN	NaN	2.26
9	10	2000	242.58501	32.622	19.87	33.64	378.45999	368.45	10.00999	3.14	2.258446748
15	5	2016	240.46629	32.6241	15.161	32.954	372.60001	399.16	-26.55999	2.95	-8.79843015
6	5	2016	242.7188	32.625	18.305	33.5678	384.37	396.07999	-11.70999	5.4	-2.990646538
15	5	2016	240.4744	32.6282	15.0927	32.9926	376.72	399.14001	-22.42001	1.5	-7.468280579
15	5	2016	240.48241	32.6323	15.2596	33.0622	387.60001	399	-11.39999	2.35	-3.743408826
15	5	2016	240.49049	32.6364	15.399	33.1308	387.22	398.95001	-11.73001	4.225	-3.80588072
15	5	2016	240.4986	32.6406	15.3712	33.1265	385.23999	398.84	-13.60001	3.2	-4.422966561
15	5	2016	240.50681	32.6447	15.3392	33.1285	385.57999	398.92999	-13.35	4.4	-4.353244687
15	5	2016	240.515	32.649	15.4093	33.1514	385.57999	398.87	-13.29001	1.7	-4.307897652
15	5	2016	240.5235	32.653	15.1796	33.1374	381.54001	398.97	-17.42999	3.475	-5.75986857
15	5	2016	240.5316	32.6569	15.3422	33.1968	385.16	398.94	-13.78	1.9	-4.490854955
6	5	2016	242.68401	32.6585	18.2286	33.5754	380.32001	396.35001	-16.03	5.325	-4.11886642
6	5	2016	242.68381	32.6585	18.1908	33.5736	380.01999	396.48001	-16.46002	0.975	-4.242199105
6	5	2016	242.68381	32.6585	18.1969	33.5746	379.91	396.44	-16.53	7.775	-4.258136569
6	5	2016	242.6833	32.6586	18.1747	33.5739	382.76001	396.26999	-13.50998	8.375	-3.486375487
6	5	2016	242.68381	32.6586	18.1879	33.5734	380.73999	396.45001	-15.71002	6.125	-4.049846718
6	5	2016	242.6839	32.6586	18.195	33.5743	380.32999	396.48999	-16.16	5.8	-4.163462964
6	5	2016	242.68401	32.6586	18.2396	33.5733	380.12	396.38	-16.26	4.8	-4.174333425
6	5	2016	242.6839	32.6586	18.1989	33.5742	379.97	396.45001	-16.48001	5.825	-4.244588094
6	5	2016	242.6833	32.6587	18.1701	33.5741	382.67001	396.26001	-13.59	7.475	-3.50831311
6	5	2016	242.6834	32.6587	18.1714	33.5739	382.47	396.26001	-13.79001	7.075	-3.559579574
6	5	2016	242.68359	32.6587	18.1744	33.5717	382.42001	396.41	-13.98999	4.375	-3.610370712
6	5	2016	242.6837	32.6587	18.1711	33.5658	382.42001	396.44	-14.01999	6.2	-3.619169139
6	5	2016	242.6835	32.6587	18.1822	33.5745	382.31	396.29001	-13.98001	5.8	-3.605496739
6	5	2016	242.6839	32.6587	18.1934	33.5736	380.34	396.44	-16.1	7.325	-4.148549183
6	5	2016	242.6841	32.6587	18.2225	33.5737	380.10999	396.37	-16.26001	5.6	-4.180038563
6	5	2016	242.68401	32.6587	18.2419	33.5754	379.87	396.39999	-16.52999	6.8	-4.242824156
6	5	2016	242.6848	32.6588	18.3324	33.5797	396.64999	395.84	0.80999	7.925	0.206401909
6	5	2016	242.6835	32.6588	18.1722	33.5735	382.92999	396.42999	-13.5	7.475	-3.484503578
6	5	2016	242.68401	32.6588	18.2003	33.5755	382.60999	396.28	-13.67001	3.075	-3.520429207
6	5	2016	242.68381	32.6588	18.1981	33.5747	382.57001	396.23001	-13.66	4.3	-3.518483695
6	5	2016	242.6839	32.6588	18.1896	33.5743	382.32001	396.26001	-13.94	2.675	-3.593053757
6	5	2016	242.68381	32.6588	18.1881	33.5742	382.26001	396.26999	-14.00998	3.9	-3.611526228
6	5	2016	242.6837	32.6588	18.1852	33.5744	382.25	396.26999	-14.01999	5.575	-3.614941748
6	5	2016	242.6837	32.6588	18.1918	33.5736	381.98999	396.45001	-14.46002	7.925	-3.726446095
6	5	2016	242.68381	32.6588	18.1871	33.5738	380.56	396.47	-15.91	3.7	-4.101653792
6	5	2016	242.6839	32.6588	18.2429	33.5757	380.39999	396.39001	-15.99002	9.1	-4.103893856
6	5	2016	242.6839	32.6588	18.1939	33.574	380.31	396.42999	-16.11999	7.6	-4.153526111
6	5	2016	242.6842	32.6589	18.2043	33.5746	382.79999	396.25	-13.45001	1.925	-3.462679538
6	5	2016	242.6835	32.6589	18.172	33.5727	382.67999	396.45001	-13.77002	5.525	-3.554269128
6	5	2016	242.6837	32.6589	18.1881	33.5738	382.28	396.45001	-14.17001	7.875	-3.65278605
6	5	2016	242.6837	32.6589	18.1929	33.5746	381.41	396.45001	-15.04001	5.525	-3.87555415
6	5	2016	242.68381	32.6589	18.1884	33.5738	381.04999	396.47	-15.42001	2.125	-3.974919262
6	5	2016	242.68381	32.6589	18.2458	33.5766	380.51999	396.39001	-15.87002	5.475	-4.072134113
6	5	2016	242.68401	32.6589	18.1972	33.5744	380.26001	396.39999	-16.13998	5.625	-4.15757138
6	5	2016	242.6841	32.6589	18.2116	33.5737	380.25	396.39999	-16.14999	5.95	-4.155375351
6	5	2016	242.6839	32.6589	18.1996	33.5743	380.17001	396.39999	-16.22998	6.1	-4.179954411
6	5	2016	242.6844	32.659	18.2077	33.5751	382.78	396.25	-13.47	5.275	-3.46687492
6	5	2016	242.68359	32.659	18.1757	33.5728	382.17001	396.42999	-14.25998	2.825	-3.679644646
6	5	2016	242.68401	32.659	18.2026	33.575	380.78	396.37	-15.59	3.45	-4.014154046
6	5	2016	242.6841	32.659	18.2069	33.5747	380.22	396.39999	-16.17999	6.075	-4.164639678
6	5	2016	242.68381	32.659	18.246	33.577	380.16	396.38	-16.22	1.6	-4.161862095
6	5	2016	242.6846	32.6591	18.2908	33.5782	393.59	395.92999	-2.33999	5.725	-0.598265253
6	5	2016	242.68469	32.6591	18.2829	33.577	391.35999	395.92001	-4.56002	5.225	-1.166602895
6	5	2016	242.6848	32.6591	18.2811	33.578	390.37	395.85999	-5.48999	4.375	-1.40471511
6	5	2016	242.6848	32.6591	18.2745	33.5777	388.07001	395.87	-7.79999	0.075	-1.996826611
6	5	2016	242.68491	32.6591	18.2741	33.5776	387.09	395.89999	-8.80999	0.875	-2.255463533
6	5	2016	242.6848	32.6591	18.21	33.5756	382.82001	396.29001	-13.47	0.1	-3.466229118
6	5	2016	242.6846	32.6591	18.2044	33.5753	382.57999	396.23999	-13.66	4.225	-3.516701308
6	5	2016	242.6841	32.6591	18.2058	33.5748	380.81	396.37	-15.56	4.125	-4.005408143
6	5	2016	242.6837	32.6591	18.2488	33.5766	380.14001	396.42001	-16.28	3.2	-4.176330549
6	5	2016	242.6848	32.6592	18.281	33.5771	389.26999	395.85999	-6.59	4.175	-1.686193576
6	5	2016	242.68491	32.6592	18.27	33.5769	386.44	395.92001	-9.48001	7.1	-2.427799911
6	5	2016	242.685	32.6592	18.2658	33.5765	385.72	395.98001	-10.26001	2.45	-2.628442281
6	5	2016	242.6851	32.6592	18.2446	33.5764	384.63	396.01001	-11.38001	1.825	-2.920312368
6	5	2016	242.6852	32.6592	18.24	33.5759	384.25	396.06	-11.81	0.9	-3.031777124
6	5	2016	242.6851	32.6592	18.2136	33.5758	383.16	396.25	-13.09	2.225	-3.367471129
6	5	2016	242.68491	32.6592	18.2102	33.5752	382.76999	396.28	-13.51001	2.75	-3.476475841
6	5	2016	242.6852	32.6593	18.2456	33.576	384.47	396.04999	-11.57999	0.975	-2.971398887
6	5	2016	242.68539	32.6593	18.2414	33.5758	384.26001	396.10001	-11.84	4.85	-3.03913982
6	5	2016	242.6853	32.6593	18.2516	33.5756	384.26001	396.06	-11.79999	2.975	-3.026404451
6	5	2016	242.6855	32.6593	18.2341	33.5755	383.82001	396.14999	-12.32998	5.25	-3.166761781
6	5	2016	242.6853	32.6593	18.2215	33.5755	383.17999	396.20999	-13.03	9.7	-3.349923787
6	5	2016	242.68539	32.6593	18.2326	33.5759	383.14001	396.23001	-13.09	8.525	-3.3623578
6	5	2016	242.68539	32.6593	18.2289	33.5755	383.04999	396.20999	-13.16	8.45	-3.381344757
6	5	2016	242.6855	32.6593	18.2273	33.575	382.95999	396.19	-13.23001	10.275	-3.399776095
6	5	2016	242.6852	32.6593	18.2191	33.5753	382.66	396.23001	-13.57001	5.975	-3.489429507
6	5	2016	242.68359	32.6593	18.2518	33.5773	380.01999	396.41	-16.39001	5.225	-4.20352967
6	5	2016	242.6855	32.6594	18.2422	33.576	383.76001	396.10999	-12.34998	3.875	-3.169837881
6	5	2016	242.6855	32.6594	18.2283	33.5752	383.03	396.25	-13.22	9.35	-3.396928978
6	5	2016	242.68559	32.6594	18.2302	33.5752	383.01999	396.16	-13.14001	9.375	-3.375862415
6	5	2016	242.6855	32.6594	18.2314	33.5754	382.97	396.17999	-13.20999	9.175	-3.393512533
6	5	2016	242.68359	32.6595	18.2511	33.5772	379.94	396.39001	-16.45001	6.4	-4.219155837
6	5	2016	242.6835	32.6597	18.2529	33.5777	380.10999	396.42001	-16.31002	5.3	-4.18263909
6	5	2016	242.6835	32.6599	18.2567	33.5777	379.97	396.41	-16.44	3.75	-4.214691802
6	5	2016	242.6833	32.66	18.2561	33.578	379.94	396.38	-16.44	1.975	-4.214887926
6	5	2016	242.6834	32.6601	18.2555	33.5586	380.67999	396.48001	-15.80002	9.425	-4.051375283
6	5	2016	242.6833	32.6601	18.2611	33.5751	380.64999	396.45999	-15.81	2.175	-4.051804737
6	5	2016	242.6832	32.6601	18.2588	33.5773	379.69	396.42001	-16.73001	4.425	-4.288329498
6	5	2016	242.6832	32.6602	18.2619	33.5777	380.48999	396.45999	-15.97	0.05	-4.092497827
6	5	2016	242.68311	32.6603	18.2611	33.5764	380.22	396.47	-16.25	4.675	-4.164542865
6	5	2016	242.68291	32.6603	18.2168	33.5329	379.56	396.51001	-16.95001	6.15	-4.360246994
6	5	2016	242.683	32.6603	18.2506	33.5487	379.23999	396.47	-17.23001	5.75	-4.419984526
6	5	2016	242.68291	32.6604	18.2561	33.5755	380.13	396.42001	-16.29001	2.9	-4.1764828
6	5	2016	242.6828	32.6604	18.2527	33.576	380.12	396.45001	-16.33001	7.575	-4.18786601
6	5	2016	242.683	32.6604	18.2571	33.5773	380.10999	396.42001	-16.31002	7.525	-4.181243315
6	5	2016	242.68291	32.6604	18.2528	33.5672	380.09	396.48001	-16.39001	5.175	-4.20339426
6	5	2016	242.68311	32.6604	18.2581	33.5772	379.95001	396.41	-16.45999	7.375	-4.219354478
15	5	2016	240.5401	32.6609	15.4509	33.3044	382.63	399.01001	-16.38001	3.575	-5.287200005
15	5	2016	240.5498	32.6653	15.4841	33.321	381.41	398.88	-17.47	5.8	-5.622984196
15	5	2016	240.5582	32.6693	15.5638	33.3435	381.31	398.85999	-17.54999	3.325	-5.610722213
15	5	2016	240.5666	32.6732	15.6286	33.3501	382.17999	398.84	-16.66001	5.625	-5.297371593
15	5	2016	240.57491	32.6772	15.6473	33.3571	383.01001	398.76001	-15.75	4.85	-5.000062575
15	5	2016	240.58321	32.6811	15.6336	33.3564	384.28	398.76999	-14.48999	4.5	-4.605315795
14	5	2016	242.67619	32.6812	16.3601	33.5238	403.76999	399.07999	4.69	5.55	1.402540274
15	5	2016	240.59129	32.685	15.5936	33.3531	385.10999	398.79999	-13.69	2.225	-4.365635909
14	5	2016	242.6734	32.6876	16.6649	33.5198	414.95001	398.95001	16	6.275	4.666698021
15	5	2016	240.5995	32.6893	15.6536	33.3645	385.89001	398.72	-12.82999	3.65	-4.070784814
15	5	2016	240.60789	32.6935	15.6913	33.3767	386.14001	398.67999	-12.53998	3.55	-3.966082673
14	5	2016	242.67039	32.6946	15.9793	33.5254	412.42999	399.25	13.17999	5.975	4.067210655
15	5	2016	240.6163	32.6977	15.6818	33.3831	386.01001	398.66	-12.64999	2.175	-4.003913698
14	5	2016	242.6676	32.7015	16.736	33.5291	408.95999	398.89001	10.06998	4.525	2.919933038
15	5	2016	240.6248	32.7018	15.6921	33.3813	386.19	398.60001	-12.41001	1.4	-3.924628532
15	5	2016	240.6331	32.7059	15.6784	33.3789	386.51001	398.62	-12.10999	0.3	-3.834156648
14	5	2016	242.6649	32.7086	17.0191	33.5297	410.23999	398.75	11.48999	4.225	3.255606025
15	5	2016	240.64149	32.71	15.6714	33.3782	386.87	398.62	-11.75	2.65	-3.72235825
15	5	2016	240.6497	32.7138	15.6918	33.3789	386.76001	398.57999	-11.81998	4.05	-3.738169698
14	5	2016	242.6622	32.7156	17.4677	33.5358	401.97	398.51999	3.45001	4.3	0.942570396
15	5	2016	240.6579	32.7177	15.7437	33.3801	386.13	398.48999	-12.35999	1.15	-3.892109491
15	5	2016	240.66611	32.7216	15.7679	33.3814	386.45999	398.56	-12.10001	0.625	-3.8025699
14	5	2016	242.6599	32.7227	17.5851	33.5394	399.29999	398.45999	0.84	2.775	0.22732462
15	5	2016	240.67419	32.7255	15.7779	33.3819	386.32999	398.64001	-12.31002	1.125	-3.865348484
15	5	2016	240.68201	32.7297	15.7525	33.3792	385.76001	398.57999	-12.81998	1.25	-4.034026617
14	5	2016	242.65739	32.7298	17.7066	33.5354	385.20999	398.39999	-13.19	4.025	-3.534802688
15	5	2016	240.69009	32.7338	15.7566	33.3775	386.07001	398.53	-12.45999	1.7	-3.919446973
14	5	2016	242.65511	32.7369	17.8241	33.5332	373.34	398.31	-24.97	3.8	-6.628813528
15	5	2016	240.6985	32.7378	15.7275	33.3765	386.09	398.53	-12.44	2.025	-3.922647194
15	5	2016	240.70689	32.7417	15.7641	33.3742	385.98999	398.60999	-12.62	0.575	-3.967371691
14	5	2016	242.6524	32.744	18.0289	33.5403	372.22	398.19	-25.97	4.4	-6.781599243
15	5	2016	240.7894	32.7449	15.7887	33.3644	385.06	398.23001	-13.17001	1.075	-4.13202778
15	5	2016	240.7148	32.7455	15.7659	33.3725	386.63	398.5	-11.87	0.975	-3.73106573
15	5	2016	240.78909	32.7456	15.7995	33.3644	385.35999	398.37	-13.01001	1	-4.078171706
15	5	2016	240.7899	32.7457	15.7985	33.3649	385.32999	398.41	-13.08001	2.6	-4.100444591
15	5	2016	240.78979	32.7468	15.8392	33.3646	385.45999	398.44	-12.98001	0.575	-4.055386053
15	5	2016	240.7892	32.7468	15.7924	33.3646	385.29001	398.45999	-13.16998	2.15	-4.13074574
15	5	2016	240.7885	32.7475	15.7948	33.3639	385.29001	398.42001	-13.13	1.625	-4.117399763
15	5	2016	240.78799	32.7481	15.7904	33.3634	385.29001	398.44	-13.14999	2.325	-4.125184369
15	5	2016	240.7224	32.749	15.7775	33.3702	386.47	398.47	-12	0.225	-3.768339291
15	5	2016	240.78709	32.749	15.7834	33.3625	385.70999	398.44	-12.73001	2.65	-3.995773725
15	5	2016	240.78619	32.7498	15.783	33.3623	385.82001	398.47	-12.64999	3.275	-3.970792208
15	5	2016	240.7852	32.7504	15.7848	33.3618	385.70999	398.38	-12.67001	2.025	-3.976491834
14	5	2016	242.64909	32.7509	18.2363	33.542	378	398.07999	-20.07999	4.225	-5.15713933
15	5	2016	240.78439	32.7511	15.7831	33.3617	385.5	398.48001	-12.98001	1.4	-4.074362389
15	5	2016	240.7834	32.7517	15.7802	33.3612	385.73001	398.42999	-12.69998	1.35	-3.987431638
15	5	2016	240.7294	32.7523	15.7716	33.3664	386.48001	398.44	-11.95999	0.6	-3.757683677
15	5	2016	240.7827	32.7523	15.7606	33.3611	385.84	398.47	-12.63	3.1	-3.971919693
15	5	2016	240.7818	32.7529	15.7804	33.3615	385.78	398.42999	-12.64999	1.475	-3.971664537
15	5	2016	240.7907	32.7531	15.8281	33.3646	385.48999	398.54001	-13.05002	0.775	-4.081014757
15	5	2016	240.78101	32.7535	15.7829	33.3618	385.89001	398.41	-12.51999	0.65	-3.930027686
15	5	2016	240.7802	32.7542	15.7877	33.3615	385.92001	398.42999	-12.50998	0.05	-3.92532703
15	5	2016	240.77969	32.7547	15.7871	33.3613	385.92999	398.41	-12.48001	0.425	-3.916121954
15	5	2016	240.77921	32.7551	15.7851	33.3612	385.88	398.35001	-12.47001	0.375	-3.913635529
15	5	2016	240.7357	32.7555	15.7795	33.365	386.57001	398.47	-11.89999	2.125	-3.736406408
15	5	2016	240.7784	32.7558	15.7915	33.3614	386.41	398.38	-11.97	0.75	-3.754711909
15	5	2016	240.7773	32.7567	15.7901	33.3611	386.28	398.41	-12.13	1.325	-3.805347816
15	5	2016	240.7771	32.7576	15.7918	33.3607	386.45001	398.37	-11.91999	2.5	-3.738944423
14	5	2016	242.6456	32.7577	18.1837	33.5363	381.64999	398.10999	-16.46	3.425	-4.245352362
15	5	2016	240.7422	32.759	15.7977	33.364	386.56	398.53	-11.97	4.15	-3.752733578
15	5	2016	240.7769	32.7595	15.7929	33.3611	386.12	398.28	-12.16	3.6	-3.813872859
15	5	2016	240.7915	32.7615	15.8302	33.363	385.73001	398.5	-12.76999	2.675	-3.992778701
15	5	2016	240.7478	32.7619	15.7811	33.3638	386.70999	398.53	-11.82001	4.175	-3.710822511
15	5	2016	240.776	32.7626	15.7902	33.3609	386.14999	398.19	-12.04001	1.6	-3.777089
15	5	2016	240.7532	32.7644	15.797	33.3634	386.87	398.56	-11.69	2.65	-3.665173812
14	5	2016	242.64191	32.7645	18.2563	33.5401	380.44	398.06	-17.62	3.725	-4.518152906
15	5	2016	240.7581	32.7663	15.8098	33.3635	386.64001	398.57001	-11.93	2.25	-3.736448769
15	5	2016	240.7749	32.7663	15.7872	33.361	386.48001	398.25	-11.76999	1.825	-3.693298337
15	5	2016	240.7626	32.7683	15.8062	33.3632	386.82999	398.54001	-11.71002	0.45	-3.668652471
15	5	2016	240.7924	32.7697	15.8322	33.3622	385.82001	398.54001	-12.72	2.125	-3.976503999
15	5	2016	240.7666	32.77	15.7969	33.3627	386.64001	398.56	-11.91999	2.075	-3.73732633
15	5	2016	240.7737	32.7705	15.787	33.3608	386.23001	398.25	-12.01999	1.825	-3.77181193
14	5	2016	242.63811	32.7712	18.3767	33.5464	381.88	397.98001	-16.10001	4.65	-4.088774068
15	5	2016	240.7699	32.7715	15.7951	33.3627	386.60999	398.60001	-11.99002	1.2	-3.75984473
15	5	2016	240.7715	32.7728	15.796	33.3622	386.42001	398.45999	-12.03998	1.225	-3.775238345
15	5	2016	240.7718	32.7728	15.796	33.3619	386.39001	398.54999	-12.15998	0.525	-3.812870868
15	5	2016	240.7724	32.7734	15.7959	33.3616	386.06	398.45001	-12.39001	0.75	-3.885036684
15	5	2016	240.77251	32.7735	15.794	33.3616	386.10001	398.45999	-12.35998	1.575	-3.876231563
15	5	2016	240.77271	32.7736	15.7898	33.3609	386.45999	398.39999	-11.94	1.875	-3.74583907
15	5	2016	240.77271	32.7736	15.794	33.3617	386.17001	398.48999	-12.31998	1.5	-3.863685246
15	5	2016	240.77271	32.7737	15.7835	33.3613	386.10001	398.48999	-12.38998	3.25	-3.889033182
14	5	2016	242.6342	32.7778	18.4988	33.5545	384.17001	397.88	-13.70999	4.925	-3.447948997
15	5	2016	240.7914	32.778	15.8226	33.3621	385.94	398.53	-12.59	2.525	-3.9390008
14	5	2016	242.6301	32.7844	18.5898	33.5623	385	397.82001	-12.82001	5.2	-3.200743
15	5	2016	240.7903	32.7864	15.8337	33.3615	385.70999	398.54999	-12.84	0.975	-4.013532353
14	5	2016	242.62601	32.791	18.6286	33.5687	387.01999	397.79001	-10.77002	5.9	-2.680563092
15	5	2016	240.7908	32.7948	15.8567	33.3629	386.07999	398.56	-12.48001	1.75	-3.893547412
14	5	2016	242.6221	32.7976	18.4831	33.5569	388.69	397.84	-9.15	4.75	-2.304002459
15	5	2016	240.7933	32.8028	15.8797	33.3637	386.81	398.41	-11.6	0.425	-3.612092549
14	5	2016	242.6183	32.8043	18.2566	33.542	387.70001	398	-10.29999	4.6	-2.641055416
15	5	2016	240.7986	32.8096	15.8884	33.3655	386.69	398.35999	-11.66999	1.05	-3.631236141
14	5	2016	242.6142	32.8119	18.3544	33.5397	386.67999	397.95001	-11.27002	5.65	-2.86733305
15	5	2016	240.80389	32.8164	15.8747	33.3673	386.95001	398.39999	-11.44998	3.9	-3.566794309
14	5	2016	242.6106	32.8188	18.569	33.5464	389.10001	397.88	-8.77999	5.8	-2.195874731
15	5	2016	240.8091	32.8234	15.8039	33.3671	386.16	398.37	-12.21	2	-3.825950423
14	5	2016	242.6071	32.8256	18.6184	33.5463	390.48999	397.84	-7.35001	6.075	-1.831029853
15	5	2016	240.81419	32.8303	15.7987	33.3701	386.20001	398.35999	-12.15998	2.475	-3.811866352
14	5	2016	242.6035	32.8324	18.5714	33.5339	391.04999	397.85001	-6.80002	2.725	-1.700459868
15	5	2016	240.8195	32.8372	15.7338	33.3714	385.98999	398.38	-12.39001	2.525	-3.904935717
14	5	2016	242.5999	32.8392	17.9527	33.5224	382.76999	398.14001	-15.37002	1.875	-4.038558626
15	5	2016	240.82471	32.8441	15.7036	33.3739	385.88	398.39999	-12.51999	2.1	-3.95576749
14	5	2016	242.59641	32.846	18.4364	33.5259	389.51999	397.91	-8.39001	2.575	-2.120820448
15	5	2016	240.83	32.851	15.7023	33.3759	385.84	398.45001	-12.61001	0.225	-3.984602002
14	5	2016	242.5928	32.8529	17.8834	33.5158	382.95001	398.16	-15.20999	1.875	-4.018941129
15	5	2016	240.8351	32.8581	15.7468	33.3812	385.69	398.39001	-12.70001	2.75	-3.998129704
14	5	2016	242.58929	32.8598	17.9482	33.5158	381.89999	398.10001	-16.20002	4.15	-4.258316769
15	5	2016	240.84039	32.865	15.7538	33.3828	386.04999	398.41	-12.36001	4.425	-3.88880198
14	5	2016	242.5858	32.8667	18.2558	33.5236	384.25	397.98001	-13.73001	4.625	-3.52108958
15	5	2016	240.8454	32.8722	15.6872	33.3823	385.5	398.41	-12.91	2.15	-4.084392552
14	5	2016	242.58231	32.8736	18.5193	33.538	387.35001	397.78	-10.42999	5.25	-2.618981634
15	5	2016	240.8504	32.8792	15.5521	33.3752	388.19	398.45999	-10.26999	0.425	-3.286010057
14	5	2016	242.5788	32.8805	18.5176	33.5394	389.26001	397.78	-8.51999	3.75	-2.13965405
15	5	2016	240.85561	32.8863	15.4977	33.367	388.12	398.57001	-10.45001	1.7	-3.358936903
14	5	2016	242.5751	32.8872	18.4457	33.5365	388.31	397.79999	-9.48999	2.775	-2.396975219
15	5	2016	240.8607	32.8935	15.395	33.366	389.98999	398.53	-8.54001	2.6	-2.768647943
14	5	2016	242.57091	32.8938	18.3154	33.5322	386.35999	397.91	-11.55001	2.525	-2.9478355
14	5	2016	242.5667	32.9004	18.3041	33.531	386.54999	397.85999	-11.31	4.525	-2.889201571
15	5	2016	240.8658	32.9007	15.2518	33.3627	393.14999	398.57001	-5.42002	0.55	-1.778350571
14	5	2016	242.5625	32.907	18.1856	33.529	387.29999	397.89999	-10.6	1.9	-2.733623795
15	5	2016	240.8717	32.9089	15.1739	33.3688	396.47	398.64001	-2.17001	0.475	-0.716637225
14	5	2016	242.5583	32.9135	18.1096	33.5309	387.48001	397.94	-10.45999	1.4	-2.713952264
15	5	2016	240.8768	32.9161	15.172	33.3932	398.39999	398.59	-0.19001	0.875	-0.062752651
14	5	2016	242.554	32.9201	18.1097	33.5335	388.51999	397.95001	-9.43002	3.675	-2.446666252
15	5	2016	240.8821	32.9231	15.1549	33.4101	399.91	398.59	1.32	2.575	0.436532591
14	5	2016	242.5499	32.9267	18.11	33.5349	389.23999	397.97	-8.73001	4.275	-2.264975712
15	5	2016	240.8873	32.9303	15.1153	33.4117	401.54999	398.64999	2.9	3.7	0.962231957
14	5	2016	242.54559	32.9332	18.061	33.5345	389.20999	397.98001	-8.77002	4.1	-2.284310424
15	5	2016	240.8924	32.9373	15.1307	33.4115	401.42001	398.64999	2.77002	2.9	0.917918373
14	5	2016	242.54179	32.9398	18.0245	33.5335	388.32999	397.97	-9.64001	2.775	-2.518284863
15	5	2016	240.89771	32.9444	15.1285	33.4119	398.92001	398.64001	0.28	1.425	0.092802247
14	5	2016	242.53799	32.9464	18.035	33.5332	388.09	397.97	-9.88	1.825	-2.578809702
15	5	2016	240.903	32.9513	15.1466	33.4105	397.94	398.62	-0.68	0.8	-0.225036549
14	5	2016	242.5341	32.953	18.0924	33.5319	388.26001	397.92999	-9.66998	1.425	-2.512423112
15	5	2016	240.9084	32.9584	15.1311	33.4094	396.82001	398.67001	-1.85	1.15	-0.613031402
14	5	2016	242.5305	32.9598	18.0764	33.5257	387.87	397.92999	-10.05999	3.8	-2.617183675
15	5	2016	240.9137	32.9655	15.1482	33.4095	395.82999	398.64999	-2.82	0.625	-0.933119113
14	5	2016	242.52699	32.9666	18.0322	33.5203	386.32999	397.91	-11.58001	2.825	-3.023397777
15	5	2016	240.9192	32.9726	15.1795	33.4152	393.89001	398.67999	-4.78998	0.375	-1.580775433
14	5	2016	242.5229	32.9744	18.0424	33.5171	385.45999	397.92999	-12.47	1.125	-3.253151066
15	5	2016	240.9243	32.98	15.2133	33.4297	390.67001	398.67999	-8.00998	0.55	-2.635770499
14	5	2016	242.5193	32.9812	18.0337	33.5193	386.54001	397.92999	-11.38998	2	-2.973439727
15	5	2016	240.92931	32.9874	15.3384	33.455	389.35999	398.57999	-9.22	1.2	-3.001979973
14	5	2016	242.51579	32.988	17.8275	33.5198	384.04001	398.07001	-14.03	3.95	-3.723777763
15	5	2016	240.9344	32.9947	15.3128	33.4588	389.89001	398.56	-8.66999	1.05	-2.828896678
14	5	2016	242.5123	32.9949	17.944	33.5167	384.70001	397.98999	-13.28998	3.925	-3.494550545
14	5	2016	242.5089	33.0017	17.9363	33.5164	384.35999	397.98001	-13.62002	4.525	-3.583553148
15	5	2016	240.9399	33.0019	15.2852	33.4608	390.10999	398.62	-8.51001	1.05	-2.783088399
14	5	2016	242.5054	33.0085	17.9173	33.5164	384.62	397.98999	-13.36999	3.95	-3.523139359
15	5	2016	240.94521	33.0091	15.3032	33.4655	388.34	398.62	-10.28	1.875	-3.356806101
14	5	2016	242.502	33.0152	17.9234	33.5158	384.81	397.97	-13.16	4.35	-3.46611607
14	5	2016	242.4985	33.0219	17.9379	33.5136	385.53	397.95999	-12.42999	3.975	-3.270068491
14	5	2016	242.4948	33.0286	17.9493	33.5124	385.53	397.94	-12.41	3.575	-3.261841361
14	5	2016	242.491	33.0352	17.9361	33.5114	385.35999	397.95001	-12.59002	6.05	-3.312682246
14	5	2016	242.4874	33.0419	17.9452	33.5132	384.98999	397.95001	-12.96002	3.975	-3.407516972
14	5	2016	242.4838	33.0486	17.9654	33.5181	383.75	397.89999	-14.14999	1.925	-3.714276448
14	5	2016	242.48	33.0552	18.0475	33.5198	384.57001	397.82001	-13.25	2.525	-3.455179006
14	5	2016	242.47591	33.0618	18.0895	33.5255	384.09	397.81	-13.72	3.75	-3.565622447
14	5	2016	242.472	33.0683	18.1562	33.526	384.95001	397.76001	-12.81	3.825	-3.311386254
14	5	2016	242.468	33.0748	18.1628	33.527	384.87	397.76001	-12.89001	2.625	-3.330293579
14	5	2016	242.464	33.0813	18.1769	33.5297	384.32999	397.76999	-13.44	3.575	-3.468430518
15	5	2016	241.02811	33.0872	16.103	33.5176	362.20001	397.98999	-35.78998	1.825	-10.93247941
14	5	2016	242.4599	33.0878	18.1808	33.5305	384.5	397.76001	-13.26001	2.925	-3.420900382
15	5	2016	241.0374	33.0884	16.127	33.5169	360.39001	398	-37.60999	0.625	-11.46571997
15	5	2016	241.04691	33.0895	16.1295	33.5181	355.79999	398.01999	-42.22	0.175	-12.86839013
15	5	2016	241.0564	33.0906	16.1735	33.5189	348.78	398	-49.22	0.175	-14.94752033
15	5	2016	241.06599	33.0916	16.2737	33.5167	348.59	397.98001	-49.39001	2.55	-14.87594473
15	5	2016	241.0755	33.0929	16.2709	33.516	348.60001	398.01999	-49.41998	0.925	-14.88845437
15	5	2016	241.08501	33.0942	16.2877	33.5171	347.31	397.98999	-50.67999	0.725	-15.2468612
14	5	2016	242.4558	33.0944	18.1763	33.5315	385.06	397.73001	-12.67001	4.85	-3.269850087
15	5	2016	241.0946	33.0956	16.3483	33.5186	347.95999	397.98001	-50.02002	1	-14.97334024
15	5	2016	241.1042	33.0969	16.38	33.5118	349.98001	397.95001	-47.97	0.6	-14.32275252
15	5	2016	241.1138	33.0982	16.3591	33.5147	346.41	397.98001	-51.57001	0.15	-15.4239057
15	5	2016	241.1236	33.0995	16.4476	33.5252	346.07001	397.92999	-51.85998	0.05	-15.39744676
15	5	2016	241.1331	33.1007	16.5521	33.5194	345.81	397.89999	-52.08999	1.4	-15.33409911
14	5	2016	242.4518	33.1009	18.1378	33.5319	385	397.70999	-12.70999	6.375	-3.290284451
15	5	2016	241.1427	33.1019	16.5919	33.5232	343.84	397.85999	-54.01999	0.15	-15.85016195
15	5	2016	241.15221	33.1031	16.5767	33.5264	343.20001	397.79999	-54.59998	0.55	-16.04006279
15	5	2016	241.1619	33.1045	16.5496	33.5234	344.01001	397.84	-53.82999	1.13249E-06	-15.84926082
15	5	2016	241.17149	33.1058	16.4489	33.5192	345.98999	397.82001	-51.83002	0.025	-15.38735046
15	5	2016	241.18089	33.1071	16.4128	33.515	348.35999	397.87	-49.51001	1.95	-14.74253697
14	5	2016	242.44769	33.1074	18.1091	33.5324	384.64999	397.73001	-13.08002	7.45	-3.393857894
15	5	2016	241.1906	33.1083	16.4377	33.5158	349.01001	397.85999	-48.84998	1.225	-14.51621706
15	5	2016	241.2002	33.1095	16.4054	33.5184	344.84	397.88	-53.04	1.025	-15.80300842
15	5	2016	241.20979	33.1109	16.2133	33.5233	340.54999	397.98999	-57.44	0.425	-17.38631268
15	5	2016	241.2209	33.1124	16.0143	33.5185	344.28	398.09	-53.81	0.55	-16.55776218
15	5	2016	241.23061	33.1136	15.8835	33.5139	343.66	398.14999	-54.48999	0.85	-16.94990877
14	5	2016	242.4437	33.1139	18.081	33.5348	383.67999	397.73001	-14.05002	6.375	-3.653716408
15	5	2016	241.2404	33.1148	15.8926	33.5132	343.54999	398.13	-54.58001	2.35	-16.96517086
15	5	2016	241.25	33.116	15.8957	33.5118	345.98001	398.10999	-52.12998	0.525	-16.1995728
15	5	2016	241.2596	33.1175	15.8353	33.5034	359.41	398.04001	-38.63001	0.075	-12.06514882
15	5	2016	241.2692	33.119	15.8722	33.4884	361.60001	398.01999	-36.41998	1.6	-11.34097176
14	5	2016	242.43961	33.1204	18.0669	33.5348	383.39001	397.76999	-14.37998	7.05	-3.743750122
15	5	2016	241.2789	33.1205	15.9592	33.4875	358.14001	398.04001	-39.9	0.625	-12.33547616
15	5	2016	241.28841	33.1217	15.9207	33.4867	359.17001	398.09	-38.91999	1.85	-12.07095797
15	5	2016	241.298	33.1228	15.8414	33.4868	361.14999	398.12	-36.97001	5.2	-11.54176954
15	5	2016	241.3076	33.1238	15.6286	33.4849	364.25	398.14001	-33.89001	2.975	-10.76899177
15	5	2016	241.31709	33.125	15.76	33.4834	362.07999	398.14999	-36.07	0.1	-11.33729434
15	5	2016	241.3268	33.1262	16.2924	33.4882	377.70001	397.95999	-20.25998	0.5	-6.09361511
15	5	2016	241.3364	33.1275	16.6379	33.507	379.09	397.82999	-18.73999	0.875	-5.478298184
15	5	2016	241.34599	33.129	16.8285	33.51535	383.63	397.72	-14.09	1.1	-4.055099243
15	5	2016	241.3557	33.1305	17.5051	33.5237	390.98999	397.39999	-6.41	0.5	-1.74607748
15	5	2016	241.36549	33.1319	17.5333	33.5235	391.04999	397.37	-6.32001	1.45	-1.717648072
15	5	2016	241.37531	33.1332	17.5485	33.521	392.95001	397.39001	-4.44	1.65	-1.205234035
15	5	2016	241.38519	33.1345	17.6903	33.5231	394.44	397.32999	-2.88999	0.775	-0.775554735
15	5	2016	241.3951	33.1356	17.6494	33.5217	390.73001	397.35999	-6.62998	0.25	-1.78510214
15	5	2016	241.40491	33.1368	17.0507	33.5092	376.38	397.64999	-21.26999	0.775	-6.011806031
15	5	2016	241.4146	33.1379	17.1592	33.49	381.82999	397.62	-15.79001	0.775	-4.424139044
15	5	2016	241.4243	33.1392	17.5137	33.4905	384.10999	397.41	-13.30001	0.775	-3.620963388
15	5	2016	241.4341	33.1406	17.5536	33.4901	383.26999	397.42999	-14.16	0.35	-3.842700426
15	5	2016	241.4442	33.1419	17.5634	33.4923	383.73001	397.42999	-13.69998	1.775	-3.714881888
15	5	2016	241.45551	33.1435	17.5893	33.493	383.95999	397.39001	-13.43002	2.575	-3.634061632
15	5	2016	241.46561	33.1448	17.6224	33.4947	384.26999	397.37	-13.10001	0.125	-3.535280209
15	5	2016	241.4758	33.1462	17.6074	33.4976	383.64999	397.41	-13.76001	1.2	-3.717838788
15	5	2016	241.48579	33.1476	17.5298	33.4985	382.98001	397.45001	-14.47	0.325	-3.934225951
15	5	2016	241.4959	33.1485	17.4904	33.4986	384.20001	397.45001	-13.25	1.45	-3.614007915
15	5	2016	241.5063	33.1491	17.5422	33.4994	384.04999	397.42999	-13.38	0.475	-3.634210195
15	5	2016	241.5166	33.1496	17.5719	33.5	383.84	397.41	-13.57	0.325	-3.676977867
15	5	2016	241.52679	33.1502	17.5726	33.5014	383.94	397.42001	-13.48001	0.175	-3.652363161
15	5	2016	241.537	33.1508	17.5961	33.5039	383.85999	397.41	-13.55001	3.2	-3.664328817
15	5	2016	241.5462	33.1512	17.6303	33.5043	384.09	397.41	-13.32	1.7	-3.592194991
15	5	2016	241.5528	33.1516	17.6186	33.5043	383.54999	397.42001	-13.87002	0.275	-3.74405869
15	5	2016	241.5558	33.1519	17.6004	33.5047	383.34	397.45001	-14.11001	1.25	-3.814431279
15	5	2016	241.5573	33.1522	17.5904	33.5047	382.82999	397.45999	-14.63	0.1	-3.958195846
15	5	2016	241.55881	33.1527	17.5797	33.5041	383.13	397.47	-14.34	1.275	-3.883098541
15	5	2016	241.5603	33.1531	17.5766	33.5038	382.57999	397.44	-14.86001	4	-4.024923749
15	5	2016	241.5616	33.1535	17.5857	33.5036	382.82001	397.44	-14.61999	3.5	-3.957009011
15	5	2016	241.56281	33.1538	17.5945	33.5035	382.94	397.42001	-14.48001	0.425	-3.916341776
15	5	2016	241.564	33.1542	17.6025	33.5032	382.95999	397.39999	-14.44	1.75	-3.903005514
15	5	2016	241.56531	33.1544	17.6085	33.503	382.88	397.38	-14.5	0.125	-3.917329745
15	5	2016	241.5666	33.1548	17.6159	33.5035	382.76001	397.38	-14.61999	0.3	-3.947379519
15	5	2016	241.56779	33.1551	17.6265	33.5032	383.04999	397.38	-14.33001	1.125	-3.86578374
15	5	2016	241.569	33.1554	17.6342	33.5029	383.45001	397.37	-13.91999	0.975	-3.75284714
15	5	2016	241.5818	33.1575	17.5745	33.5009	382.73001	397.32999	-14.59998	1.425	-3.955217933
15	5	2016	241.58189	33.1576	17.5933	33.5005	382.66	397.32001	-14.66001	2.2	-3.965466024
15	5	2016	241.5818	33.1576	17.5954	33.5002	382.04001	397.32999	-15.28998	2.6	-4.135175066
15	5	2016	241.5817	33.1577	17.5759	33.5003	381.76001	397.34	-15.57999	0.8	-4.22024328
15	5	2016	241.5817	33.1578	17.5755	33.5001	381.97	397.32999	-15.35999	1.975	-4.160788889
15	5	2016	241.5817	33.158	17.5806	33.5001	381.70999	397.34	-15.63001	2.8	-4.232190547
15	5	2016	241.5817	33.1581	17.5606	33.5001	381.10999	397.35999	-16.25	4.15	-4.407177502
15	5	2016	241.5817	33.1582	17.5113	33.5001	379.98999	397.39001	-17.40002	2.625	-4.737904811
15	5	2016	241.5818	33.1583	17.4586	33.4993	379.48999	397.42001	-17.93002	2.275	-4.903081386
15	5	2016	241.58189	33.1584	17.6173	33.5006	382.07001	397.31	-15.23999	5.325	-4.114370674
15	5	2016	241.58189	33.1584	17.4815	33.5001	380.67001	397.42999	-16.75998	2.7	-4.574630935
15	5	2016	241.582	33.1585	17.6094	33.5003	382.94	397.32001	-14.38001	5.25	-3.884680851
15	5	2016	241.5818	33.1585	17.5366	33.5003	381.56	397.37	-15.81	3.75	-4.296159299
15	5	2016	241.5817	33.1585	17.5274	33.4996	381.12	397.38	-16.26	3.6	-4.421740379
15	5	2016	241.5818	33.1585	17.5382	33.4993	381.09	397.39999	-16.30999	2.875	-4.431473311
15	5	2016	241.58211	33.1586	17.5377	33.5001	380.72	397.34	-16.62	4.4	-4.515869175
15	5	2016	241.58211	33.1588	17.5693	33.5002	381.14001	397.29999	-16.15998	4.65	-4.379683561
15	5	2016	241.582	33.159	17.5434	33.4995	380.45999	397.31	-16.85001	3.425	-4.576271633
15	5	2016	241.58189	33.1591	17.5065	33.4997	380.25	397.29999	-17.04999	2.925	-4.644403954
15	5	2016	241.58189	33.1592	17.4813	33.4993	380.13	397.29999	-17.16999	6.125	-4.686636611
15	5	2016	241.5818	33.1593	17.6744	33.5001	384.04999	397.19	-13.14001	5.9	-3.53114645
15	5	2016	241.5816	33.1593	17.6807	33.5006	383.41	397.19	-13.78	4.45	-3.701243777
15	5	2016	241.5817	33.1593	17.5076	33.4997	381.12	397.26999	-16.14999	3.875	-4.398853631
15	5	2016	241.5818	33.1593	17.5553	33.4995	380.73001	397.26999	-16.53998	6	-4.487756173
15	5	2016	241.5818	33.1594	17.6033	33.5001	383.39999	397.23001	-13.83002	6.25	-3.737946961
15	5	2016	241.5817	33.1594	17.5814	33.5001	382.88	397.25	-14.37	4.825	-3.890762135
15	5	2016	241.5815	33.1595	17.6892	33.5005	384.07001	397.17999	-13.10998	4.85	-3.518869804
15	5	2016	241.5813	33.1596	17.6919	33.5008	384.01001	397.19	-13.17999	4.6	-3.536886611
15	5	2016	241.5813	33.1597	17.6932	33.5003	383.85999	397.20001	-13.34002	4.95	-3.579464591
15	5	2016	241.5817	33.16	17.7187	33.4993	383.53	397.17999	-13.64999	3.9	-3.655137626
15	5	2016	241.5833	33.1609	17.7016	33.4978	384.38	397.19	-12.81	4.525	-3.434961824
15	5	2016	241.58521	33.1616	17.6998	33.4973	382.73001	397.19	-14.45999	0.7	-3.877973123
15	5	2016	241.58859	33.1627	17.5799	33.4969	382.91	397.23999	-14.32999	0.05	-3.880457944
15	5	2016	241.5946	33.1661	17.6287	33.4956	385.82999	397.20001	-11.37002	3.45	-3.06683835
15	5	2016	241.60201	33.1703	17.5428	33.4945	384.07999	397.22	-13.14001	4.9	-3.568935379
15	5	2016	241.60941	33.1744	17.5912	33.496	387.14001	397.17999	-10.03998	4.9	-2.716287253
15	5	2016	241.61681	33.1785	17.5727	33.4967	388.06	397.14001	-9.08001	3.85	-2.460233064
15	5	2016	241.6245	33.1821	17.6275	33.4997	389.34	397.12	-7.78	2.775	-2.098663652
15	5	2016	241.63229	33.1857	17.5943	33.5002	389.94	397.13	-7.19	1.725	-1.944708116
15	5	2016	241.64011	33.1894	17.598	33.5026	390.37	397.12	-6.75	4.65	-1.825133706
15	5	2016	241.6478	33.1931	17.5951	33.5035	389.97	397.14001	-7.17001	3.375	-1.939145765
15	5	2016	241.6555	33.1968	17.5571	33.5032	389.45001	397.12	-7.66999	3.95	-2.080742402
15	5	2016	241.66319	33.2006	17.5659	33.5063	389.32999	397.09	-7.76001	4	-2.103637142
15	5	2016	241.6707	33.2045	17.4998	33.5059	389.39001	397.10001	-7.71	2.7	-2.101273541
15	5	2016	241.6783	33.2084	17.5218	33.5061	389.07999	397.10001	-8.02002	2.975	-2.181881801
14	5	2016	242.3886	33.2092	18.5366	33.5466	389.26999	397.41	-8.14001	4.675	-2.041069534
15	5	2016	241.68581	33.2123	17.5002	33.5051	387.81	397.10999	-9.29999	2.55	-2.534535081
14	5	2016	242.38499	33.216	18.5304	33.5479	389.47	397.42001	-7.95001	6.25	-1.994399719
15	5	2016	241.69341	33.2161	17.3933	33.5045	386.92001	397.16	-10.23999	2.6	-2.814955901
15	5	2016	241.702	33.2205	17.4026	33.504	386.64001	397.14001	-10.5	2.425	-2.884267122
14	5	2016	242.3812	33.2228	18.5347	33.5487	389.41	397.44	-8.03	4.05	-2.013769634
15	5	2016	241.70959	33.2243	17.4057	33.5036	386.91	397.09	-10.18	2.85	-2.795669463
15	5	2016	241.7171	33.2282	17.3433	33.5036	385.70999	397.10999	-11.4	3.775	-3.146568339
14	5	2016	242.3774	33.2297	18.5247	33.5483	389.37	397.42001	-8.05001	5.025	-2.020399215
15	5	2016	241.72459	33.2321	17.3859	33.5026	386.60001	397.09	-10.48999	4.05	-2.885434491
15	5	2016	241.73219	33.236	17.3728	33.5025	386.39999	397.09	-10.69001	4.05	-2.943574863
14	5	2016	242.3736	33.2364	18.5156	33.5479	388.91	397.39999	-8.48999	5.525	-2.132374143
15	5	2016	241.7397	33.2399	17.401	33.501	385.72	397.04999	-11.32999	4.45	-3.11270627
14	5	2016	242.3698	33.2432	18.5058	33.5471	388.92999	397.44	-8.51001	5.55	-2.139079004
15	5	2016	241.7473	33.2438	17.3215	33.5004	384.14001	397.09	-12.94999	4.55	-3.580761848
15	5	2016	241.7549	33.2476	17.3185	33.5026	384.07999	397.07001	-12.99002	1.55	-3.592666138
14	5	2016	242.366	33.25	18.5041	33.5459	388.48001	397.42001	-8.94	5.5	-2.247478375
15	5	2016	241.7625	33.2513	17.3582	33.5052	383.42999	397.07001	-13.64002	0.7	-3.760277352
15	5	2016	241.77	33.255	17.4437	33.516	380.91	396.98001	-16.07001	0.35	-4.399399058
14	5	2016	242.3622	33.2567	18.4677	33.5447	387.89001	397.45999	-9.56998	4.375	-2.412851894
15	5	2016	241.77699	33.2589	17.4877	33.5195	379.88	396.98001	-17.10001	3.15	-4.664673452
15	5	2016	241.78439	33.2627	17.4803	33.5204	378.14001	396.98999	-18.84998	3.775	-5.145098648
14	5	2016	242.35831	33.2636	18.4511	33.543	387.60999	397.47	-9.86001	3.825	-2.489286761
15	5	2016	241.79201	33.2664	17.6371	33.5254	380.32999	396.88	-16.55001	4.75	-4.460384164
15	5	2016	241.7995	33.2702	17.7225	33.5307	380.82999	396.85001	-16.02002	2.8	-4.287823018
14	5	2016	242.3544	33.2704	18.377	33.5407	385.57001	397.51001	-11.94	3.225	-3.032302906
15	5	2016	241.80701	33.2739	17.7726	33.5344	382.51001	396.82001	-14.31	2.875	-3.814643139
14	5	2016	242.35049	33.2772	18.3479	33.5403	384.48001	397.54001	-13.06	5.325	-3.324456771
15	5	2016	241.8145	33.2777	17.8092	33.5341	383.44	396.75	-13.31	3.95	-3.537642572
15	5	2016	241.82201	33.2813	17.8261	33.5344	384.16	396.72	-12.56	0.15	-3.333761864
14	5	2016	242.3466	33.2841	18.3067	33.5393	383.76999	397.54001	-13.77002	5.15	-3.516759049
14	5	2016	242.3427	33.2909	18.2677	33.5378	381.73999	397.57999	-15.84	6.525	-4.05806765
14	5	2016	242.3381	33.2987	18.2896	33.5382	381.23001	397.57001	-16.34	6.875	-4.178837554
15	5	2016	241.8656	33.3038	18.0337	33.5386	385.42001	396.67999	-11.25998	3.375	-2.93923385
15	5	2016	241.86659	33.3043	18.0558	33.5388	385.29999	396.67999	-11.38	2.7	-2.965302247
15	5	2016	241.86771	33.3048	18.0539	33.5391	385.67001	396.72	-11.04999	2.85	-2.879745521
15	5	2016	241.8688	33.3053	18.0679	33.5399	386.09	396.67001	-10.58001	4.425	-2.754161292
14	5	2016	242.3342	33.3055	18.3853	33.5391	383.59	397.56	-13.97	4.75	-3.545523659
15	5	2016	241.8699	33.3057	18.0942	33.5404	386.73999	396.67001	-9.93002	3.925	-2.579510189
15	5	2016	241.871	33.3061	18.1086	33.5412	386.82999	396.64001	-9.81002	3.325	-2.54539073
15	5	2016	241.8721	33.3065	18.1038	33.5425	387.64999	396.64999	-9	2.45	-2.336099655
15	5	2016	241.87331	33.307	18.1167	33.5429	388.16	396.67001	-8.51001	2.775	-2.20662953
15	5	2016	241.8744	33.3074	18.1395	33.5444	389.14001	396.64999	-7.50998	1.25	-1.943758246
15	5	2016	241.8755	33.3078	18.1611	33.5447	389.39999	396.60999	-7.21	2.025	-1.862890296
15	5	2016	241.8765	33.3082	18.1648	33.5456	389.57001	396.59	-7.01999	1.35	-1.813251603
15	5	2016	241.87781	33.3086	18.1888	33.5462	390.35999	396.59	-6.23001	5.375	-1.60610949
15	5	2016	241.879	33.3091	18.2119	33.5475	390.76999	396.59	-5.82001	4.975	-1.497631877
15	5	2016	241.8804	33.3097	18.1856	33.5452	388.76001	396.57001	-7.81	1.85	-2.01395919
15	5	2016	241.883	33.3112	18.0605	33.5438	387.51001	396.62	-9.10999	3.1	-2.372852464
14	5	2016	242.33031	33.3122	18.3576	33.5373	384.20001	397.53	-13.32999	4	-3.390605739
15	5	2016	241.8895	33.3145	18.0877	33.5411	390.60999	396.57999	-5.97	1.825	-1.551622828
15	5	2016	241.8967	33.3182	18.0113	33.5424	384.53	396.63	-12.1	1.7	-3.164129046
14	5	2016	242.32651	33.3189	18.3097	33.5394	384.16	397.54001	-13.38001	3.575	-3.416333278
15	5	2016	241.90401	33.3219	18.0324	33.5401	385.67999	396.60999	-10.93	3.225	-2.853375108
14	5	2016	242.3226	33.3256	18.2521	33.5394	383.51999	397.57999	-14.06	3.55	-3.606513423
15	5	2016	241.91229	33.3261	17.8498	33.5381	378.85001	396.73001	-17.88	3.925	-4.736714476
15	5	2016	241.9193	33.3297	18.026	33.5366	380.60001	396.67001	-16.07	3.425	-4.197441385
14	5	2016	242.3188	33.3323	18.1694	33.5401	380.88	397.60999	-16.72999	6.025	-4.319850192
15	5	2016	241.92619	33.3331	17.8812	33.5355	377.29999	396.67999	-19.38	4.725	-5.121211834
15	5	2016	241.9328	33.3363	17.9062	33.535	378.23999	396.66	-18.42001	4.8	-4.857776736
14	5	2016	242.31509	33.339	18.1016	33.5408	378.73001	397.67999	-18.94998	5.475	-4.919688784
15	5	2016	241.939	33.3393	17.8501	33.534	377.95001	396.67999	-18.72998	3.125	-4.961865269
15	5	2016	241.9449	33.3422	17.9587	33.5311	381.98001	396.60999	-14.62998	2.675	-3.8420998
15	5	2016	241.9501	33.3448	17.9725	33.5322	381.54999	396.63	-15.08001	2.55	-3.955881497
14	5	2016	242.3114	33.3457	18.0347	33.5423	376.73999	397.67999	-20.94	6.4	-5.465511043
15	5	2016	241.9548	33.3473	18.0351	33.529	383.70999	396.60999	-12.9	3.75	-3.36710926
15	5	2016	241.9584	33.3492	17.9971	33.5264	383.60001	396.64001	-13.04	3.225	-3.414082068
15	5	2016	241.96001	33.3495	17.9765	33.5252	384.29001	396.79001	-12.5	3.775	-3.278133554
15	5	2016	241.96001	33.3496	17.9633	33.5249	384.20999	396.81	-12.60001	3.725	-3.30786822
15	5	2016	241.96001	33.3496	17.9833	33.526	383.32999	396.76001	-13.43002	6.05	-3.520097379
15	5	2016	241.9599	33.3497	18.0043	33.5258	384.10999	396.73999	-12.63	5.525	-3.304837569
15	5	2016	241.9603	33.3498	18.0044	33.5255	384.62	396.81	-12.19	4.9	-3.189683612
15	5	2016	241.9599	33.3498	17.9936	33.5265	383.85999	396.75	-12.89001	3.95	-3.375758381
15	5	2016	241.9599	33.3499	18.0152	33.5263	384.10999	396.72	-12.61001	4.875	-3.296715683
15	5	2016	241.9599	33.35	17.9993	33.5267	383.66	396.69	-13.03	5.325	-3.410857055
15	5	2016	241.961	33.3501	18.01	33.5254	384.85001	396.75	-11.89999	5.825	-3.112401617
15	5	2016	241.96111	33.3502	18.01	33.5255	384.97	396.76001	-11.79001	5.075	-3.083635265
15	5	2016	241.961	33.3503	18.0055	33.5255	384.70001	396.79999	-12.09998	3.95	-3.16584928
15	5	2016	241.96091	33.3504	17.9866	33.5249	384.23001	396.82999	-12.59998	3.3	-3.301681262
15	5	2016	241.96091	33.3505	17.9811	33.5249	384.51001	396.85001	-12.34	3.1	-3.234983743
15	5	2016	241.96091	33.3506	17.9953	33.5252	384.70001	396.82999	-12.12998	3.625	-3.176300828
15	5	2016	241.9608	33.3507	17.9987	33.5253	384.94	396.84	-11.9	3.45	-3.115228053
15	5	2016	241.96069	33.3508	17.9821	33.5252	384.37	396.85001	-12.48001	4.275	-3.271420812
15	5	2016	241.96069	33.3509	17.9833	33.5252	384.39999	396.82999	-12.43	4.075	-3.257997836
15	5	2016	241.9606	33.3509	17.9608	33.5244	383.70001	396.85999	-13.15998	4.875	-3.455578079
15	5	2016	241.96049	33.351	17.9132	33.5243	383.60001	396.89001	-13.29	6.75	-3.503083485
14	5	2016	241.96049	33.3511	17.9701	33.5245	384.89001	396.87	-11.97999	4.375	-3.143384985
14	5	2016	241.96049	33.3512	17.9847	33.5249	384.75	396.88	-12.13	5.075	-3.179012941
14	5	2016	241.9603	33.3512	17.9401	33.5249	384.14999	396.91	-12.76001	4.275	-3.356117342
14	5	2016	241.9604	33.3512	17.9384	33.5245	383.82999	396.92999	-13.1	4.05	-3.44601781
14	5	2016	241.9604	33.3513	17.9803	33.525	384.54001	396.89999	-12.35998	3.8	-3.240428054
14	5	2016	241.9603	33.3513	17.9834	33.5254	384.51999	396.91	-12.39001	2.55	-3.247487021
14	5	2016	241.9603	33.3513	17.9409	33.5244	383.98999	396.92999	-12.94	4.45	-3.403247483
14	5	2016	241.9603	33.3514	17.953	33.5242	384.42999	396.92999	-12.5	3.15	-3.284337755
14	5	2016	241.9603	33.3514	17.9731	33.5248	384.26999	396.92999	-12.66	3.325	-3.321005926
14	5	2016	241.96021	33.3515	17.9438	33.5251	384.29001	396.92001	-12.63	4.625	-3.320932523
14	5	2016	242.30769	33.3524	17.9745	33.544	374.85001	397.73999	-22.88998	5.275	-6.003342173
14	5	2016	241.9707	33.3547	18.0064	33.5268	386.23001	396.94	-10.70999	4.05	-2.801951573
14	5	2016	241.9785	33.3589	18.042	33.5277	384.95999	396.94	-11.98001	4	-3.125266852
14	5	2016	242.304	33.3591	17.784	33.5395	372.04999	397.85001	-25.80002	6.025	-6.871085823
14	5	2016	241.9864	33.3628	18.0857	33.53	384.54001	396.89001	-12.35	4.4	-3.210488898
14	5	2016	242.3002	33.3658	17.7191	33.534	370.17001	397.85999	-27.68998	5.225	-7.413248892
14	5	2016	241.99451	33.3666	17.998	33.5295	382.60999	396.97	-14.36001	4.7	-3.759355366
14	5	2016	242.0025	33.3705	18.0413	33.5297	378.45999	396.98999	-18.53	4	-4.83421105
14	5	2016	242.2964	33.3725	17.7159	33.529	370.92001	397.88	-26.95999	4.475	-7.21984563
14	5	2016	242.0105	33.3743	17.9319	33.5259	370.54001	396.98001	-26.44	3.475	-6.958753556
14	5	2016	242.01849	33.3782	17.9347	33.527	370.25	396.95999	-26.70999	2.475	-7.028195397
14	5	2016	242.2925	33.3792	17.6145	33.5308	367.42999	397.92001	-30.49002	5.8	-8.232131492
14	5	2016	242.0265	33.3821	17.9968	33.5294	371.62	397	-25.38	2.825	-6.644958434
14	5	2016	242.0345	33.3859	18.0494	33.529	372.13	397.01001	-24.88001	2.775	-6.486645709
14	5	2016	242.2886	33.3859	17.5913	33.5288	368.22	397.92001	-29.70001	6.275	-8.033935102
14	5	2016	242.04269	33.3898	18.0692	33.5249	370.26001	396.98999	-26.72998	3.425	-6.958049203
14	5	2016	242.2847	33.3925	17.4942	33.5242	364.70999	398.01001	-33.30002	5.65	-9.07886405
14	5	2016	242.0508	33.3935	17.9917	33.5239	370.10999	397.03	-26.92001	3.85	-7.051229663
14	5	2016	242.05881	33.3974	18.0022	33.5262	370.67999	397.03	-26.35001	3.65	-6.896041823
14	5	2016	242.28081	33.3992	17.5037	33.528	365.10999	398.03	-32.92001	7.1	-8.968208642
14	5	2016	242.0681	33.4018	18.0137	33.5286	370.87	397.06	-26.19	4.375	-6.847768668
14	5	2016	242.0761	33.4056	18.1108	33.5318	371.53	396.98999	-25.45999	3.6	-6.605194002
14	5	2016	242.2769	33.4058	17.2849	33.5202	363.51999	398.10999	-34.59	5.7	-9.591887407
14	5	2016	242.084	33.4096	18.1387	33.5331	371.45001	397.01001	-25.56	4.35	-6.61630217
14	5	2016	242.27299	33.4125	17.3877	33.5261	365.06	398.07999	-33.01999	5.85	-9.080322594
14	5	2016	242.0919	33.4136	17.9914	33.5326	369.17001	397.09	-27.91999	1.45	-7.313031975
14	5	2016	242.0997	33.4176	18.0279	33.5325	369.54999	397.07999	-27.53	3.425	-7.189807028
14	5	2016	242.2691	33.419	17.4416	33.527	367.75	398.07001	-30.32001	5.15	-8.301519984
14	5	2016	242.1075	33.4215	17.9015	33.5319	368.62	397.13	-28.51	4.3	-7.521686904
14	5	2016	242.1154	33.4253	17.7027	33.5288	367.79999	397.20999	-29.41	5.025	-7.884342149
14	5	2016	242.26511	33.4256	17.3762	33.5231	368.17999	398.07001	-29.89002	4.7	-8.227371051
14	5	2016	242.12331	33.429	17.6097	33.5264	367.92999	397.23999	-29.31	4.775	-7.91676336
14	5	2016	242.2612	33.4322	17.3477	33.5214	365.19	398.12	-32.93	2.875	-9.085158193
14	5	2016	242.1312	33.4327	17.4012	33.5245	366.42999	397.38	-30.95001	4.85	-8.501858306
14	5	2016	242.1391	33.4363	17.5355	33.5251	366.59	397.34	-30.75	5.1	-8.355665888
14	5	2016	242.2574	33.4388	17.3693	33.521	364.48999	398.09	-33.60001	2.025	-9.253824566
14	5	2016	242.1469	33.4399	17.3545	33.5227	364.98001	397.38	-32.39999	3.575	-8.933954828
14	5	2016	242.15469	33.4437	17.3298	33.5222	365.38	397.35999	-31.97999	2.5	-8.835827255
14	5	2016	242.2547	33.4457	17.3812	33.5192	364.04999	398.10001	-34.05002	2.55	-9.368811307
14	5	2016	242.16251	33.4473	17.2971	33.5206	365	397.42001	-32.42001	3.55	-8.981239549
14	5	2016	242.1701	33.451	17.2409	33.5175	364.20999	397.5	-33.29001	3.875	-9.264518811
14	5	2016	242.2534	33.453	17.3755	33.5156	362.48999	398.07999	-35.59	3.425	-9.797222417
14	5	2016	242.1778	33.4548	17.1345	33.5153	363.16	397.59	-34.43	3.025	-9.665017215
14	5	2016	242.1855	33.4584	17.1608	33.5156	363.16	397.60001	-34.44001	2.1	-9.647176867
14	5	2016	242.25169	33.4613	17.3395	33.5125	361.39001	398.07999	-36.68998	5.25	-10.12966546
14	5	2016	242.1931	33.4619	17.0771	33.5144	361.89999	397.64999	-35.75	3.125	-10.08254615
14	5	2016	242.20081	33.4655	16.9744	33.5132	360.70999	397.73001	-37.02002	1.875	-10.52843753
14	5	2016	242.2083	33.4693	16.9559	33.5126	360.94	397.64999	-36.70999	3.075	-10.45604393
14	5	2016	242.2159	33.4731	16.9912	33.5129	360.38	397.70001	-37.32001	2.75	-10.59925519
14	5	2016	242.2231	33.4764	17.0009	33.5123	360.04001	397.73001	-37.69	5.25	-10.69591416
14	5	2016	242.2276	33.4786	17.1004	33.5121	362.04999	397.76001	-35.71002	3.75	-10.05231582
14	5	2016	242.23	33.4796	17.0224	33.5125	361.39999	398.01999	-36.62	3.3	-10.3740771
14	5	2016	242.23	33.4797	17.0106	33.5127	361.51999	398.04999	-36.53	2.175	-10.35851737
14	5	2016	242.23	33.4797	17.036	33.5125	361.32999	398	-36.67001	2.85	-10.37675116
14	5	2016	242.22971	33.4797	17.093	33.5129	361.28	397.78	-36.5	3.275	-10.28083902
14	5	2016	242.23	33.4798	16.9418	33.5115	361.67999	398.14001	-36.46002	3	-10.39684004
14	5	2016	242.23	33.4798	17.0518	33.513	361.29999	397.95001	-36.65002	3.75	-10.35774353
14	5	2016	242.2301	33.4798	17.0473	33.5126	361.29999	397.94	-36.64001	2.7	-10.35872666
14	5	2016	242.23	33.4799	16.9493	33.5124	361.57001	398.14999	-36.57998	5.175	-10.42462868
14	5	2016	242.2301	33.4799	17.0693	33.5127	361.14001	397.91	-36.76999	3.325	-10.37687882
14	5	2016	242.2301	33.48	17.0776	33.5124	361.26999	397.85001	-36.58002	4.775	-10.31631484
14	5	2016	242.23	33.48	16.9274	33.5117	361.04999	398.16	-37.11001	4	-10.59460805
14	5	2016	242.23	33.4801	16.9438	33.5107	360.67999	398.13	-37.45001	1.875	-10.67744298
14	5	2016	242.23	33.4802	16.9552	33.511	361.10001	398.13	-37.02999	2.675	-10.54787112
14	5	2016	242.2299	33.4803	16.9569	33.5116	361.12	398.12	-37	2.775	-10.53783852
14	5	2016	242.229	33.4804	16.9598	33.5118	361.47	398.23999	-36.76999	1.5	-10.46984582
14	5	2016	242.22929	33.4804	16.947	33.5119	361.22	398.23001	-37.01001	1.625	-10.54918175
14	5	2016	242.22881	33.4804	16.9576	33.5116	361.04999	398.26001	-37.21002	5.575	-10.59704909
14	5	2016	242.2289	33.4804	16.9652	33.5106	360.88	398.26001	-37.38001	4.1	-10.63892111
14	5	2016	242.2299	33.4804	16.9532	33.5114	360.79001	398.20001	-37.41	3.075	-10.65783226
14	5	2016	242.2296	33.4805	16.946	33.5115	361.14999	398.22	-37.07001	3.525	-10.56716524
14	5	2016	242.2298	33.4805	16.9479	33.5108	360.98999	398.20999	-37.22	2.95	-10.60831397