2	11	2018	259.27472	16.61928	NaN	NaN	NaN	NaN	NaN	NaN	-2.04
2	11	2018	259.22787	16.63977	NaN	NaN	NaN	NaN	NaN	NaN	-1.42
2	11	2018	259.18149	16.66120	NaN	NaN	NaN	NaN	NaN	NaN	-1.29
2	11	2018	259.13458	16.68164	NaN	NaN	NaN	NaN	NaN	NaN	-1.55
2	11	2018	259.0874	16.70063	NaN	NaN	NaN	NaN	NaN	NaN	-1.25
2	11	2018	259.03989	16.71961	NaN	NaN	NaN	NaN	NaN	NaN	-1.3
2	11	2018	258.99243	16.73859	NaN	NaN	NaN	NaN	NaN	NaN	-1.16
20	12	2007	250	16.75100	NaN	NaN	NaN	NaN	NaN	NaN	-1.86
20	12	2007	250	16.75100	NaN	NaN	NaN	NaN	NaN	NaN	-0.26
2	11	2018	258.94504	16.75817	NaN	NaN	NaN	NaN	NaN	NaN	-1.28
20	10	2002	247.457	16.76200	NaN	NaN	NaN	NaN	NaN	NaN	-1.85
20	10	2002	247.44901	16.77700	NaN	NaN	NaN	NaN	NaN	NaN	-1.8
2	11	2018	258.89795	16.77862	NaN	NaN	NaN	NaN	NaN	NaN	-2.25
20	10	2002	247.44101	16.79200	NaN	NaN	NaN	NaN	NaN	NaN	-1.81
2	11	2018	258.85098	16.79910	NaN	NaN	NaN	NaN	NaN	NaN	-2.32
2	11	2018	258.80399	16.81918	NaN	NaN	NaN	NaN	NaN	NaN	-2.35
2	11	2018	258.75674	16.83897	NaN	NaN	NaN	NaN	NaN	NaN	-2.9
20	10	2002	247.425	16.85300	NaN	NaN	NaN	NaN	NaN	NaN	-1.77
2	11	2018	258.70914	16.85908	NaN	NaN	NaN	NaN	NaN	NaN	-3.78
20	10	2002	247.429	16.86800	NaN	NaN	NaN	NaN	NaN	NaN	-1.78
1	11	2018	258.66153	16.87929	NaN	NaN	NaN	NaN	NaN	NaN	-3.82
20	10	2002	247.422	16.88300	NaN	NaN	NaN	NaN	NaN	NaN	-1.75
20	10	2002	247.416	16.89800	NaN	NaN	NaN	NaN	NaN	NaN	-1.76
1	11	2018	258.56653	16.91793	NaN	NaN	NaN	NaN	NaN	NaN	-3.8
1	11	2018	258.51892	16.93646	NaN	NaN	NaN	NaN	NaN	NaN	-2.31
12	1	2014	257.15338	16.93945	NaN	NaN	NaN	NaN	NaN	NaN	-0.37
1	11	2018	258.47174	16.95675	NaN	NaN	NaN	NaN	NaN	NaN	-3.94
20	10	2002	247.40201	16.95800	NaN	NaN	NaN	NaN	NaN	NaN	-1.83
12	1	2014	257.10757	16.95892	NaN	NaN	NaN	NaN	NaN	NaN	-0.24
1	11	2018	258.42459	16.97721	NaN	NaN	NaN	NaN	NaN	NaN	-4.95
12	1	2014	257.06116	16.97753	NaN	NaN	NaN	NaN	NaN	NaN	0.08
20	10	2002	247.399	16.99000	NaN	NaN	NaN	NaN	NaN	NaN	-1.94
20	10	2002	247.397	16.99400	NaN	NaN	NaN	NaN	NaN	NaN	-1.84
20	7	1998	258.539	16.99500	NaN	NaN	NaN	NaN	NaN	NaN	1.03
12	1	2014	257.01434	16.99732	NaN	NaN	NaN	NaN	NaN	NaN	-0.43
1	11	2018	258.37744	16.99756	NaN	NaN	NaN	NaN	NaN	NaN	-4.49
8	10	2002	251.909	17.00000	NaN	NaN	NaN	NaN	NaN	NaN	0.74
27	11	2016	250	17.00000	NaN	NaN	NaN	NaN	NaN	NaN	-1.52
27	11	2016	250	17.00000	NaN	NaN	NaN	NaN	NaN	NaN	-1.55
8	10	2002	251.90601	17.00500	NaN	NaN	NaN	NaN	NaN	NaN	0.79
18	6	2018	255.55525	17.01175	NaN	NaN	NaN	NaN	NaN	NaN	4.8
12	1	2014	256.96667	17.01603	NaN	NaN	NaN	NaN	NaN	NaN	-1.16
1	11	2018	258.33047	17.01788	NaN	NaN	NaN	NaN	NaN	NaN	-5.52
20	7	1998	258.479	17.03300	NaN	NaN	NaN	NaN	NaN	NaN	0.97
12	1	2014	256.91937	17.03521	NaN	NaN	NaN	NaN	NaN	NaN	-0.83
8	10	2002	251.886	17.03600	NaN	NaN	NaN	NaN	NaN	NaN	1
8	10	2002	251.884	17.03800	NaN	NaN	NaN	NaN	NaN	NaN	0.93
1	11	2018	258.28271	17.03896	NaN	NaN	NaN	NaN	NaN	NaN	-5.35
20	7	1998	258.465	17.04100	NaN	NaN	NaN	NaN	NaN	NaN	0.91
8	10	2002	251.88	17.04400	NaN	NaN	NaN	NaN	NaN	NaN	0.82
18	6	2018	255.51431	17.04578	NaN	NaN	NaN	NaN	NaN	NaN	4.27
8	10	2002	251.877	17.05000	NaN	NaN	NaN	NaN	NaN	NaN	0.8
20	10	2002	247.37601	17.05100	NaN	NaN	NaN	NaN	NaN	NaN	-2.01
20	7	1998	258.44699	17.05200	NaN	NaN	NaN	NaN	NaN	NaN	0.91
8	10	2002	251.873	17.05500	NaN	NaN	NaN	NaN	NaN	NaN	0.78
1	11	2018	258.23572	17.05938	NaN	NaN	NaN	NaN	NaN	NaN	-3.04
20	7	1998	258.43201	17.06100	NaN	NaN	NaN	NaN	NaN	NaN	0.89
8	10	2002	251.87	17.06100	NaN	NaN	NaN	NaN	NaN	NaN	0.71
8	10	2002	251.866	17.06600	NaN	NaN	NaN	NaN	NaN	NaN	0.78
20	10	2002	247.38	17.06700	NaN	NaN	NaN	NaN	NaN	NaN	-2.06
8	10	2002	251.862	17.07200	NaN	NaN	NaN	NaN	NaN	NaN	0.79
8	10	2002	251.86099	17.07500	NaN	NaN	NaN	NaN	NaN	NaN	0.76
1	11	2018	258.18835	17.07968	NaN	NaN	NaN	NaN	NaN	NaN	-3.52
18	6	2018	255.47328	17.07993	NaN	NaN	NaN	NaN	NaN	NaN	3.82
8	10	2002	251.85699	17.08100	NaN	NaN	NaN	NaN	NaN	NaN	0.88
20	10	2002	247.373	17.08200	NaN	NaN	NaN	NaN	NaN	NaN	-2.1
8	10	2002	251.854	17.08600	NaN	NaN	NaN	NaN	NaN	NaN	0.78
8	10	2002	251.85001	17.09200	NaN	NaN	NaN	NaN	NaN	NaN	2.34
20	7	1998	258.371	17.09800	NaN	NaN	NaN	NaN	NaN	NaN	0.98
8	10	2002	251.84601	17.09800	NaN	NaN	NaN	NaN	NaN	NaN	3.21
20	10	2002	247.367	17.09900	NaN	NaN	NaN	NaN	NaN	NaN	-2.02
1	11	2018	258.1413	17.09968	NaN	NaN	NaN	NaN	NaN	NaN	-3.74
8	10	2002	251.843	17.10300	NaN	NaN	NaN	NaN	NaN	NaN	3.11
20	7	1998	258.35699	17.10700	NaN	NaN	NaN	NaN	NaN	NaN	0.91
8	10	2002	251.83899	17.10900	NaN	NaN	NaN	NaN	NaN	NaN	2.84
8	10	2002	251.83701	17.11200	NaN	NaN	NaN	NaN	NaN	NaN	2.42
18	6	2018	255.43187	17.11457	NaN	NaN	NaN	NaN	NaN	NaN	3.79
8	10	2002	251.834	17.11700	NaN	NaN	NaN	NaN	NaN	NaN	2
20	7	1998	258.33899	17.11800	NaN	NaN	NaN	NaN	NaN	NaN	1.03
1	11	2018	258.09433	17.11934	NaN	NaN	NaN	NaN	NaN	NaN	-4.22
8	10	2002	251.83	17.12300	NaN	NaN	NaN	NaN	NaN	NaN	1.66
20	7	1998	258.32501	17.12600	NaN	NaN	NaN	NaN	NaN	NaN	1.15
8	10	2002	251.827	17.12800	NaN	NaN	NaN	NaN	NaN	NaN	1.49
8	10	2002	251.823	17.13400	NaN	NaN	NaN	NaN	NaN	NaN	1.34
1	11	2018	258.04749	17.13895	NaN	NaN	NaN	NaN	NaN	NaN	-4.83
8	10	2002	251.819	17.13900	NaN	NaN	NaN	NaN	NaN	NaN	1.24
8	10	2002	251.81601	17.14500	NaN	NaN	NaN	NaN	NaN	NaN	1.17
8	10	2002	251.814	17.14800	NaN	NaN	NaN	NaN	NaN	NaN	1.04
18	6	2018	255.39024	17.14953	NaN	NaN	NaN	NaN	NaN	NaN	3.46
8	10	2002	251.811	17.15400	NaN	NaN	NaN	NaN	NaN	NaN	1.06
20	10	2002	247.354	17.15400	NaN	NaN	NaN	NaN	NaN	NaN	-1.59
1	11	2018	258.00073	17.15859	NaN	NaN	NaN	NaN	NaN	NaN	-4.17
8	10	2002	251.80701	17.15900	NaN	NaN	NaN	NaN	NaN	NaN	1.03
20	7	1998	258.263	17.16300	NaN	NaN	NaN	NaN	NaN	NaN	1.31
8	10	2002	251.804	17.16500	NaN	NaN	NaN	NaN	NaN	NaN	0.93
8	10	2002	251.8	17.17000	NaN	NaN	NaN	NaN	NaN	NaN	0.88
20	10	2002	247.347	17.17000	NaN	NaN	NaN	NaN	NaN	NaN	-1.5
20	7	1998	258.24799	17.17100	NaN	NaN	NaN	NaN	NaN	NaN	1.29
8	10	2002	251.79599	17.17600	NaN	NaN	NaN	NaN	NaN	NaN	0.93
1	11	2018	257.95377	17.17796	NaN	NaN	NaN	NaN	NaN	NaN	-5.48
20	7	1998	258.23001	17.18200	NaN	NaN	NaN	NaN	NaN	NaN	1.18
8	10	2002	251.793	17.18200	NaN	NaN	NaN	NaN	NaN	NaN	0.87
18	6	2018	255.34808	17.18439	NaN	NaN	NaN	NaN	NaN	NaN	3.01
20	10	2002	247.34	17.18700	NaN	NaN	NaN	NaN	NaN	NaN	-1.21
20	7	1998	258.215	17.19000	NaN	NaN	NaN	NaN	NaN	NaN	1.14
12	9	2015	257.76395	17.19043	NaN	NaN	NaN	NaN	NaN	NaN	1.59
1	11	2018	257.90659	17.19721	NaN	NaN	NaN	NaN	NaN	NaN	-5.65
20	10	2002	247.34201	17.20300	NaN	NaN	NaN	NaN	NaN	NaN	-0.92
12	9	2015	257.71973	17.21155	NaN	NaN	NaN	NaN	NaN	NaN	1.69
1	11	2018	257.85886	17.21688	NaN	NaN	NaN	NaN	NaN	NaN	-6.31
18	6	2018	255.30537	17.21944	NaN	NaN	NaN	NaN	NaN	NaN	4.01
20	7	1998	258.15302	17.22600	NaN	NaN	NaN	NaN	NaN	NaN	1.28
12	9	2015	257.6756	17.23252	NaN	NaN	NaN	NaN	NaN	NaN	1.64
20	7	1998	258.138	17.23400	NaN	NaN	NaN	NaN	NaN	NaN	1.25
1	11	2018	257.81158	17.23662	NaN	NaN	NaN	NaN	NaN	NaN	-5.38
20	7	1998	258.12	17.24500	NaN	NaN	NaN	NaN	NaN	NaN	1.31
30	11	2014	256.40836	17.24622	NaN	NaN	NaN	NaN	NaN	NaN	0.41
20	7	1998	258.10599	17.25300	NaN	NaN	NaN	NaN	NaN	NaN	1.45
12	9	2015	257.63132	17.25343	NaN	NaN	NaN	NaN	NaN	NaN	1.43
18	6	2018	255.26254	17.25432	NaN	NaN	NaN	NaN	NaN	NaN	5.04
1	11	2018	257.76492	17.25649	NaN	NaN	NaN	NaN	NaN	NaN	-4.48
30	11	2014	256.36243	17.26550	NaN	NaN	NaN	NaN	NaN	NaN	0.75
20	10	2002	247.32199	17.26600	NaN	NaN	NaN	NaN	NaN	NaN	0.65
12	9	2015	257.58713	17.27427	NaN	NaN	NaN	NaN	NaN	NaN	1.07
1	11	2018	257.71869	17.27632	NaN	NaN	NaN	NaN	NaN	NaN	-4.89
20	10	2002	247.312	17.28200	NaN	NaN	NaN	NaN	NaN	NaN	0.76
30	11	2014	256.31671	17.28527	NaN	NaN	NaN	NaN	NaN	NaN	0.64
20	7	1998	258.04401	17.28900	NaN	NaN	NaN	NaN	NaN	NaN	1.55
12	9	2015	257.54288	17.29454	NaN	NaN	NaN	NaN	NaN	NaN	0.91
20	10	2002	247.314	17.29600	NaN	NaN	NaN	NaN	NaN	NaN	1.06
1	11	2018	257.67236	17.29644	NaN	NaN	NaN	NaN	NaN	NaN	-6.47
20	7	1998	258.02899	17.29700	NaN	NaN	NaN	NaN	NaN	NaN	1.4
30	11	2014	256.27103	17.30537	NaN	NaN	NaN	NaN	NaN	NaN	0.78
20	7	1998	258.01001	17.30700	NaN	NaN	NaN	NaN	NaN	NaN	1.3
20	10	2002	247.304	17.31200	NaN	NaN	NaN	NaN	NaN	NaN	1.17
12	9	2015	257.49857	17.31449	NaN	NaN	NaN	NaN	NaN	NaN	0.89
20	7	1998	257.995	17.31600	NaN	NaN	NaN	NaN	NaN	NaN	1.22
1	11	2018	257.62646	17.31655	NaN	NaN	NaN	NaN	NaN	NaN	-11.68
18	6	2018	255.17648	17.32346	NaN	NaN	NaN	NaN	NaN	NaN	3.78
30	11	2014	256.22546	17.32544	NaN	NaN	NaN	NaN	NaN	NaN	0.79
20	12	2007	250	17.33300	NaN	NaN	NaN	NaN	NaN	NaN	1.59
12	9	2015	257.45425	17.33442	NaN	NaN	NaN	NaN	NaN	NaN	1.18
1	11	2018	257.58087	17.33653	NaN	NaN	NaN	NaN	NaN	NaN	-15.99
30	11	2014	256.18024	17.34515	NaN	NaN	NaN	NaN	NaN	NaN	0.71
20	7	1998	257.92999	17.35000	NaN	NaN	NaN	NaN	NaN	NaN	1.21
12	9	2015	257.40964	17.35442	NaN	NaN	NaN	NaN	NaN	NaN	1.32
1	11	2018	257.53491	17.35529	NaN	NaN	NaN	NaN	NaN	NaN	-15.7
18	6	2018	255.13405	17.35747	NaN	NaN	NaN	NaN	NaN	NaN	3.52
20	7	1998	257.91501	17.35800	NaN	NaN	NaN	NaN	NaN	NaN	1.22
30	11	2014	256.13449	17.36367	NaN	NaN	NaN	NaN	NaN	NaN	0.68
20	7	1998	257.896	17.36800	NaN	NaN	NaN	NaN	NaN	NaN	1.31
20	10	2002	247.28299	17.37200	NaN	NaN	NaN	NaN	NaN	NaN	1.15
1	11	2018	257.48871	17.37391	NaN	NaN	NaN	NaN	NaN	NaN	-12.33
20	7	1998	257.88101	17.37600	NaN	NaN	NaN	NaN	NaN	NaN	1.32
30	11	2014	256.08875	17.38213	NaN	NaN	NaN	NaN	NaN	NaN	0.5
20	10	2002	247.28299	17.38900	NaN	NaN	NaN	NaN	NaN	NaN	1.13
18	6	2018	255.09167	17.39141	NaN	NaN	NaN	NaN	NaN	NaN	3.22
1	11	2018	257.44254	17.39256	NaN	NaN	NaN	NaN	NaN	NaN	-10.4
30	11	2014	256.04288	17.40067	NaN	NaN	NaN	NaN	NaN	NaN	0.86
20	10	2002	247.27499	17.40400	NaN	NaN	NaN	NaN	NaN	NaN	1.17
1	11	2018	257.39664	17.41093	NaN	NaN	NaN	NaN	NaN	NaN	-5.49
21	7	1998	257.81601	17.41100	NaN	NaN	NaN	NaN	NaN	NaN	2.06
21	7	1998	257.80099	17.41900	NaN	NaN	NaN	NaN	NaN	NaN	2.14
30	11	2014	255.99707	17.41930	NaN	NaN	NaN	NaN	NaN	NaN	1.07
20	10	2002	247.26599	17.42000	NaN	NaN	NaN	NaN	NaN	NaN	1.06
18	6	2018	255.04971	17.42487	NaN	NaN	NaN	NaN	NaN	NaN	3.15
1	11	2018	257.35107	17.42962	NaN	NaN	NaN	NaN	NaN	NaN	-5.12
21	7	1998	257.78299	17.43000	NaN	NaN	NaN	NaN	NaN	NaN	2.14
21	7	1998	257.76801	17.43800	NaN	NaN	NaN	NaN	NaN	NaN	2.15
30	11	2014	255.95139	17.43802	NaN	NaN	NaN	NaN	NaN	NaN	0.92
1	11	2018	257.30624	17.44859	NaN	NaN	NaN	NaN	NaN	NaN	-3.32
30	11	2014	255.90556	17.45675	NaN	NaN	NaN	NaN	NaN	NaN	0.71
18	6	2018	255.00693	17.45902	NaN	NaN	NaN	NaN	NaN	NaN	2.94
1	11	2018	257.26184	17.46938	NaN	NaN	NaN	NaN	NaN	NaN	-1.72
20	10	2002	247.245	17.47200	NaN	NaN	NaN	NaN	NaN	NaN	1.15
21	7	1998	257.70599	17.47500	NaN	NaN	NaN	NaN	NaN	NaN	2.28
30	11	2014	255.85988	17.47595	NaN	NaN	NaN	NaN	NaN	NaN	0.82
21	7	1998	257.69199	17.48400	NaN	NaN	NaN	NaN	NaN	NaN	2.23
20	10	2002	247.248	17.48700	NaN	NaN	NaN	NaN	NaN	NaN	1.12
1	11	2018	257.21753	17.49084	NaN	NaN	NaN	NaN	NaN	NaN	-0.85
18	6	2018	254.96445	17.49313	NaN	NaN	NaN	NaN	NaN	NaN	2.81
30	11	2014	255.81398	17.49538	NaN	NaN	NaN	NaN	NaN	NaN	0.09
20	10	2002	247.239	17.50300	NaN	NaN	NaN	NaN	NaN	NaN	1.1
1	11	2018	257.172	17.50951	NaN	NaN	NaN	NaN	NaN	NaN	-1.23
30	11	2014	255.76791	17.51459	NaN	NaN	NaN	NaN	NaN	NaN	-1.16
20	10	2002	247.23001	17.51800	NaN	NaN	NaN	NaN	NaN	NaN	1.11
1	11	2018	257.12589	17.52605	NaN	NaN	NaN	NaN	NaN	NaN	-1.07
18	6	2018	254.92215	17.52735	NaN	NaN	NaN	NaN	NaN	NaN	3.12
30	11	2014	255.72186	17.53416	NaN	NaN	NaN	NaN	NaN	NaN	-0.99
1	11	2018	257.08005	17.54301	NaN	NaN	NaN	NaN	NaN	NaN	-0.75
30	11	2014	255.67581	17.55324	NaN	NaN	NaN	NaN	NaN	NaN	-0.94
1	11	2018	257.03427	17.56055	NaN	NaN	NaN	NaN	NaN	NaN	-0.79
18	6	2018	254.87975	17.56167	NaN	NaN	NaN	NaN	NaN	NaN	4.14
30	11	2014	255.63048	17.57089	NaN	NaN	NaN	NaN	NaN	NaN	-0.77
12	9	2015	256.92273	17.57855	NaN	NaN	NaN	NaN	NaN	NaN	1.44
1	11	2018	256.98895	17.57883	NaN	NaN	NaN	NaN	NaN	NaN	-0.49
30	11	2014	255.5856	17.58907	NaN	NaN	NaN	NaN	NaN	NaN	-0.95
18	6	2018	254.83714	17.59646	NaN	NaN	NaN	NaN	NaN	NaN	3.94
1	11	2018	256.94424	17.59803	NaN	NaN	NaN	NaN	NaN	NaN	-1.03
30	11	2014	255.54095	17.60878	NaN	NaN	NaN	NaN	NaN	NaN	-0.68
1	11	2018	256.89966	17.61720	NaN	NaN	NaN	NaN	NaN	NaN	-1.42
30	11	2014	255.4953	17.62887	NaN	NaN	NaN	NaN	NaN	NaN	-0.75
18	6	2018	254.79439	17.63182	NaN	NaN	NaN	NaN	NaN	NaN	3.91
1	11	2018	256.85526	17.63678	NaN	NaN	NaN	NaN	NaN	NaN	-1.41
30	11	2014	255.44901	17.64788	NaN	NaN	NaN	NaN	NaN	NaN	-1.01
30	11	2014	255.40208	17.66568	NaN	NaN	NaN	NaN	NaN	NaN	-1.16
18	6	2018	254.75139	17.66761	NaN	NaN	NaN	NaN	NaN	NaN	4.13
30	11	2014	255.35513	17.68434	NaN	NaN	NaN	NaN	NaN	NaN	-1.21
12	9	2015	256.65402	17.69893	NaN	NaN	NaN	NaN	NaN	NaN	0.71
18	6	2018	254.70876	17.70289	NaN	NaN	NaN	NaN	NaN	NaN	3.73
12	9	2015	256.60965	17.71967	NaN	NaN	NaN	NaN	NaN	NaN	0.86
18	6	2018	254.6658	17.73830	NaN	NaN	NaN	NaN	NaN	NaN	3.41
12	9	2015	256.56519	17.74065	NaN	NaN	NaN	NaN	NaN	NaN	0.76
12	9	2015	256.52084	17.76202	NaN	NaN	NaN	NaN	NaN	NaN	0.95
18	6	2018	254.62294	17.77396	NaN	NaN	NaN	NaN	NaN	NaN	3.42
18	6	2018	254.57999	17.81039	NaN	NaN	NaN	NaN	NaN	NaN	3.72
18	6	2018	254.5368	17.84713	NaN	NaN	NaN	NaN	NaN	NaN	3.18
18	6	2018	254.49292	17.88269	NaN	NaN	NaN	NaN	NaN	NaN	2.17
18	6	2018	254.44946	17.91698	NaN	NaN	NaN	NaN	NaN	NaN	2.06
18	6	2018	254.40526	17.95142	NaN	NaN	NaN	NaN	NaN	NaN	2.33
19	6	2018	254.36101	17.98591	NaN	NaN	NaN	NaN	NaN	NaN	2.52
27	11	2016	250	18.00000	NaN	NaN	NaN	NaN	NaN	NaN	0.49
19	6	2018	254.317	18.02034	NaN	NaN	NaN	NaN	NaN	NaN	2.71
12	9	2015	255.7729	18.14872	NaN	NaN	NaN	NaN	NaN	NaN	1.6
12	9	2015	255.73163	18.17604	NaN	NaN	NaN	NaN	NaN	NaN	1.57
12	9	2015	255.69096	18.20433	NaN	NaN	NaN	NaN	NaN	NaN	1.56
12	9	2015	255.65051	18.23259	NaN	NaN	NaN	NaN	NaN	NaN	1.58
12	9	2015	255.60985	18.26073	NaN	NaN	NaN	NaN	NaN	NaN	1.84
12	9	2015	255.56859	18.28820	NaN	NaN	NaN	NaN	NaN	NaN	1.77
12	9	2015	255.52682	18.31504	NaN	NaN	NaN	NaN	NaN	NaN	2.02
12	9	2015	255.48529	18.34184	NaN	NaN	NaN	NaN	NaN	NaN	1.49
12	9	2015	255.44379	18.36868	NaN	NaN	NaN	NaN	NaN	NaN	1.44
12	9	2015	255.4021	18.39521	NaN	NaN	NaN	NaN	NaN	NaN	1.58
12	9	2015	255.36031	18.42133	NaN	NaN	NaN	NaN	NaN	NaN	1.87
15	12	1995	243	18.50000	NaN	NaN	NaN	NaN	NaN	NaN	-1.06
15	12	1995	247	19.50000	NaN	NaN	NaN	NaN	NaN	NaN	-1.29
17	4	1996	250	20.50000	NaN	NaN	NaN	NaN	NaN	NaN	-3.46
29	11	2014	248.09161	20.50114	NaN	NaN	NaN	NaN	NaN	NaN	2.69
22	7	1998	252.54601	20.50700	NaN	NaN	NaN	NaN	NaN	NaN	6.19
31	10	2018	251.2588	20.50756	NaN	NaN	NaN	NaN	NaN	NaN	1.82
19	10	2000	246.468	20.51100	NaN	NaN	NaN	NaN	NaN	NaN	6.48
22	7	1998	252.53101	20.51500	NaN	NaN	NaN	NaN	NaN	NaN	6.17
29	11	2014	248.04288	20.51824	NaN	NaN	NaN	NaN	NaN	NaN	1.65
19	10	2000	246.463	20.52800	NaN	NaN	NaN	NaN	NaN	NaN	6.49
21	10	2002	246.39099	20.53000	NaN	NaN	NaN	NaN	NaN	NaN	8.02
31	10	2018	251.21556	20.53150	NaN	NaN	NaN	NaN	NaN	NaN	1.58
29	11	2014	247.99408	20.53580	NaN	NaN	NaN	NaN	NaN	NaN	1.43
19	10	2000	246.45799	20.54400	NaN	NaN	NaN	NaN	NaN	NaN	6.53
21	10	2002	246.384	20.54600	NaN	NaN	NaN	NaN	NaN	NaN	7.89
22	7	1998	252.46899	20.55100	NaN	NaN	NaN	NaN	NaN	NaN	5.78
29	11	2014	247.94525	20.55297	NaN	NaN	NaN	NaN	NaN	NaN	1.45
31	10	2018	251.17242	20.55554	NaN	NaN	NaN	NaN	NaN	NaN	1.7
21	10	2002	246.377	20.55800	NaN	NaN	NaN	NaN	NaN	NaN	7.55
22	7	1998	252.45399	20.55900	NaN	NaN	NaN	NaN	NaN	NaN	5.79
19	10	2000	246.453	20.56100	NaN	NaN	NaN	NaN	NaN	NaN	6.6
22	7	1998	252.436	20.57000	NaN	NaN	NaN	NaN	NaN	NaN	5.6
29	11	2014	247.89586	20.57047	NaN	NaN	NaN	NaN	NaN	NaN	1.53
21	10	2002	246.379	20.57600	NaN	NaN	NaN	NaN	NaN	NaN	7.18
22	7	1998	252.42101	20.57800	NaN	NaN	NaN	NaN	NaN	NaN	5.37
31	10	2018	251.12967	20.58005	NaN	NaN	NaN	NaN	NaN	NaN	2.32
29	11	2014	247.84636	20.58809	NaN	NaN	NaN	NaN	NaN	NaN	1.94
31	10	2018	251.08733	20.60526	NaN	NaN	NaN	NaN	NaN	NaN	2.61
29	11	2014	247.79657	20.60534	NaN	NaN	NaN	NaN	NaN	NaN	2.14
22	7	1998	252.36099	20.61900	NaN	NaN	NaN	NaN	NaN	NaN	4.96
19	10	2000	246.435	20.62100	NaN	NaN	NaN	NaN	NaN	NaN	7.34
29	11	2014	247.74651	20.62263	NaN	NaN	NaN	NaN	NaN	NaN	1.61
22	7	1998	252.347	20.62900	NaN	NaN	NaN	NaN	NaN	NaN	4.65
31	10	2018	251.04449	20.63037	NaN	NaN	NaN	NaN	NaN	NaN	3.02
19	10	2000	246.42999	20.63800	NaN	NaN	NaN	NaN	NaN	NaN	7.74
21	10	2002	246.364	20.63900	NaN	NaN	NaN	NaN	NaN	NaN	5.5
29	11	2014	247.69635	20.64004	NaN	NaN	NaN	NaN	NaN	NaN	1.55
22	7	1998	252.33	20.64100	NaN	NaN	NaN	NaN	NaN	NaN	4.43
22	7	1998	252.31599	20.65000	NaN	NaN	NaN	NaN	NaN	NaN	4.37
19	10	2000	246.42599	20.65400	NaN	NaN	NaN	NaN	NaN	NaN	8.11
31	10	2018	251.00061	20.65483	NaN	NaN	NaN	NaN	NaN	NaN	2.37
21	10	2002	246.35501	20.65600	NaN	NaN	NaN	NaN	NaN	NaN	4.84
29	11	2014	247.64638	20.65744	NaN	NaN	NaN	NaN	NaN	NaN	1.62
21	10	2002	246.35001	20.67100	NaN	NaN	NaN	NaN	NaN	NaN	4.59
29	11	2014	247.59636	20.67446	NaN	NaN	NaN	NaN	NaN	NaN	1.52
31	10	2018	250.95628	20.67839	NaN	NaN	NaN	NaN	NaN	NaN	2.06
21	10	2002	246.341	20.68600	NaN	NaN	NaN	NaN	NaN	NaN	4.76
22	7	1998	252.256	20.69100	NaN	NaN	NaN	NaN	NaN	NaN	4.25
29	11	2014	247.54663	20.69145	NaN	NaN	NaN	NaN	NaN	NaN	1.52
22	7	1998	252.242	20.70100	NaN	NaN	NaN	NaN	NaN	NaN	4.62
31	10	2018	250.91191	20.70193	NaN	NaN	NaN	NaN	NaN	NaN	1.91
29	11	2014	247.49731	20.70887	NaN	NaN	NaN	NaN	NaN	NaN	1.32
22	7	1998	252.22501	20.71300	NaN	NaN	NaN	NaN	NaN	NaN	4.66
22	7	1998	252.211	20.72200	NaN	NaN	NaN	NaN	NaN	NaN	4.56
31	10	2018	250.86714	20.72479	NaN	NaN	NaN	NaN	NaN	NaN	2.01
29	11	2014	247.44829	20.72659	NaN	NaN	NaN	NaN	NaN	NaN	1.49
19	10	2000	246.40401	20.73100	NaN	NaN	NaN	NaN	NaN	NaN	6.03
6	6	2002	246.05701	20.73100	NaN	NaN	NaN	NaN	NaN	NaN	-2.83
6	6	2002	246.056	20.73300	NaN	NaN	NaN	NaN	NaN	NaN	-2.73
6	6	2002	246.05499	20.73600	NaN	NaN	NaN	NaN	NaN	NaN	-2.53
6	6	2002	246.054	20.73900	NaN	NaN	NaN	NaN	NaN	NaN	-2.32
21	10	2002	246.32599	20.74100	NaN	NaN	NaN	NaN	NaN	NaN	6.31
6	6	2002	246.054	20.74200	NaN	NaN	NaN	NaN	NaN	NaN	-2.25
6	6	2002	246.05301	20.74400	NaN	NaN	NaN	NaN	NaN	NaN	-2.24
29	11	2014	247.39951	20.74431	NaN	NaN	NaN	NaN	NaN	NaN	1.69
6	6	2002	246.052	20.74700	NaN	NaN	NaN	NaN	NaN	NaN	-1.91
31	10	2018	250.82211	20.74759	NaN	NaN	NaN	NaN	NaN	NaN	2.06
19	10	2000	246.399	20.74900	NaN	NaN	NaN	NaN	NaN	NaN	5.67
6	6	2002	246.05099	20.74900	NaN	NaN	NaN	NaN	NaN	NaN	-1.96
6	6	2002	246.05	20.75200	NaN	NaN	NaN	NaN	NaN	NaN	-2.05
6	6	2002	246.05	20.75500	NaN	NaN	NaN	NaN	NaN	NaN	-2.2
6	6	2002	246.04901	20.75700	NaN	NaN	NaN	NaN	NaN	NaN	-2.31
21	10	2002	246.33	20.75700	NaN	NaN	NaN	NaN	NaN	NaN	6.65
29	11	2014	247.35048	20.76181	NaN	NaN	NaN	NaN	NaN	NaN	1.81
22	7	1998	252.15199	20.76200	NaN	NaN	NaN	NaN	NaN	NaN	4.68
19	10	2000	246.394	20.76500	NaN	NaN	NaN	NaN	NaN	NaN	5.49
31	10	2018	250.77695	20.77078	NaN	NaN	NaN	NaN	NaN	NaN	1.96
22	7	1998	252.138	20.77100	NaN	NaN	NaN	NaN	NaN	NaN	4.84
21	10	2002	246.321	20.77300	NaN	NaN	NaN	NaN	NaN	NaN	7.15
29	11	2014	247.30148	20.77905	NaN	NaN	NaN	NaN	NaN	NaN	1.83
22	7	1998	252.121	20.78300	NaN	NaN	NaN	NaN	NaN	NaN	4.91
19	10	2000	246.38901	20.78300	NaN	NaN	NaN	NaN	NaN	NaN	5.5
22	7	1998	252.10699	20.79300	NaN	NaN	NaN	NaN	NaN	NaN	4.97
31	10	2018	250.73184	20.79407	NaN	NaN	NaN	NaN	NaN	NaN	1.82
29	11	2014	247.25313	20.79587	NaN	NaN	NaN	NaN	NaN	NaN	1.97
29	11	2014	247.20538	20.81271	NaN	NaN	NaN	NaN	NaN	NaN	1.38
31	10	2018	250.68658	20.81787	NaN	NaN	NaN	NaN	NaN	NaN	1.65
29	11	2014	247.15773	20.83027	NaN	NaN	NaN	NaN	NaN	NaN	1.37
22	7	1998	252.047	20.83100	NaN	NaN	NaN	NaN	NaN	NaN	5.04
19	12	2007	250	20.83400	NaN	NaN	NaN	NaN	NaN	NaN	0.93
22	7	1998	252.033	20.84000	NaN	NaN	NaN	NaN	NaN	NaN	5.04
31	10	2018	250.64091	20.84198	NaN	NaN	NaN	NaN	NaN	NaN	1.8
19	10	2000	246.371	20.84500	NaN	NaN	NaN	NaN	NaN	NaN	5.74
22	7	1998	252.015	20.85100	NaN	NaN	NaN	NaN	NaN	NaN	4.89
22	7	1998	252.00101	20.86000	NaN	NaN	NaN	NaN	NaN	NaN	4.85
19	10	2000	246.366	20.86300	NaN	NaN	NaN	NaN	NaN	NaN	5.83
31	10	2018	250.59482	20.86612	NaN	NaN	NaN	NaN	NaN	NaN	2.13
19	10	2000	246.36099	20.87900	NaN	NaN	NaN	NaN	NaN	NaN	5.89
31	10	2018	250.5486	20.89062	NaN	NaN	NaN	NaN	NaN	NaN	2.18
19	10	2000	246.355	20.89600	NaN	NaN	NaN	NaN	NaN	NaN	5.94
22	7	1998	251.94099	20.89800	NaN	NaN	NaN	NaN	NaN	NaN	4.68
22	7	1998	251.92799	20.90700	NaN	NaN	NaN	NaN	NaN	NaN	4.91
31	10	2018	250.50287	20.91502	NaN	NaN	NaN	NaN	NaN	NaN	1.92
22	7	1998	251.91	20.91900	NaN	NaN	NaN	NaN	NaN	NaN	5
22	7	1998	251.896	20.92800	NaN	NaN	NaN	NaN	NaN	NaN	5.08
31	10	2018	250.45702	20.93916	NaN	NaN	NaN	NaN	NaN	NaN	1.94
19	10	2000	246.33701	20.95700	NaN	NaN	NaN	NaN	NaN	NaN	5.39
31	10	2018	250.41095	20.96328	NaN	NaN	NaN	NaN	NaN	NaN	1.98
19	10	2000	246.332	20.97500	NaN	NaN	NaN	NaN	NaN	NaN	5.33
31	10	2018	250.36479	20.98743	NaN	NaN	NaN	NaN	NaN	NaN	2.12
25	11	2016	250	21.00000	NaN	NaN	NaN	NaN	NaN	NaN	1.78
31	10	2018	250.31873	21.01170	NaN	NaN	NaN	NaN	NaN	NaN	3.14
31	10	2018	250.27275	21.03594	NaN	NaN	NaN	NaN	NaN	NaN	2.48
31	10	2018	250.22699	21.05978	NaN	NaN	NaN	NaN	NaN	NaN	3.35
31	10	2018	250.18129	21.08302	NaN	NaN	NaN	NaN	NaN	NaN	4.86
31	10	2018	250.13589	21.10665	NaN	NaN	NaN	NaN	NaN	NaN	4.83
31	10	2018	250.09012	21.13061	NaN	NaN	NaN	NaN	NaN	NaN	4.97
31	10	2018	250.04326	21.15387	NaN	NaN	NaN	NaN	NaN	NaN	5.7
18	12	2007	250	21.41500	NaN	NaN	NaN	NaN	NaN	NaN	3.39
18	12	2007	250	21.41500	NaN	NaN	NaN	NaN	NaN	NaN	0.71
19	10	1998	243.989	21.47800	NaN	NaN	NaN	NaN	NaN	NaN	4.03
19	10	1998	243.989	21.49500	NaN	NaN	NaN	NaN	NaN	NaN	3.77
25	11	2016	250	21.49900	NaN	NaN	NaN	NaN	NaN	NaN	3.82
25	11	2016	250	21.49900	NaN	NaN	NaN	NaN	NaN	NaN	2.94
19	10	1998	243.989	21.51300	NaN	NaN	NaN	NaN	NaN	NaN	3.61
19	10	1998	243.991	21.55000	NaN	NaN	NaN	NaN	NaN	NaN	3.75
19	10	1998	243.991	21.56400	NaN	NaN	NaN	NaN	NaN	NaN	3.87
19	10	1998	243.991	21.58200	NaN	NaN	NaN	NaN	NaN	NaN	3.82
19	10	1998	243.991	21.60000	NaN	NaN	NaN	NaN	NaN	NaN	3.87
19	10	1998	243.99001	21.66600	NaN	NaN	NaN	NaN	NaN	NaN	3.92
19	10	1998	243.99001	21.68300	NaN	NaN	NaN	NaN	NaN	NaN	4
19	10	1998	243.99001	21.70100	NaN	NaN	NaN	NaN	NaN	NaN	4.07
19	10	1998	243.989	21.71900	NaN	NaN	NaN	NaN	NaN	NaN	4.2
19	10	1998	243.989	21.78400	NaN	NaN	NaN	NaN	NaN	NaN	4.36
19	10	1998	243.98801	21.80200	NaN	NaN	NaN	NaN	NaN	NaN	4.58
19	10	1998	243.98801	21.81900	NaN	NaN	NaN	NaN	NaN	NaN	4.64
19	10	1998	243.98801	21.83700	NaN	NaN	NaN	NaN	NaN	NaN	4.65
22	7	1998	250.315	21.85000	NaN	NaN	NaN	NaN	NaN	NaN	8.83
29	11	2014	244.07703	21.85975	NaN	NaN	NaN	NaN	NaN	NaN	0.8
29	11	2014	244.02827	21.87402	NaN	NaN	NaN	NaN	NaN	NaN	0.97
22	7	1998	250.255	21.88300	NaN	NaN	NaN	NaN	NaN	NaN	8.97
29	11	2014	243.97943	21.88831	NaN	NaN	NaN	NaN	NaN	NaN	1.36
22	7	1998	250.241	21.89100	NaN	NaN	NaN	NaN	NaN	NaN	8.52
22	7	1998	250.22301	21.90100	NaN	NaN	NaN	NaN	NaN	NaN	8.49
19	10	1998	243.987	21.90200	NaN	NaN	NaN	NaN	NaN	NaN	4.66
29	11	2014	243.93047	21.90330	NaN	NaN	NaN	NaN	NaN	NaN	1.2
22	7	1998	250.20799	21.90900	NaN	NaN	NaN	NaN	NaN	NaN	8.66
29	11	2014	243.88176	21.91869	NaN	NaN	NaN	NaN	NaN	NaN	0.67
19	10	1998	243.987	21.92000	NaN	NaN	NaN	NaN	NaN	NaN	4.81
29	11	2014	243.83333	21.93364	NaN	NaN	NaN	NaN	NaN	NaN	0.31
19	10	1998	243.987	21.93800	NaN	NaN	NaN	NaN	NaN	NaN	5.07
22	7	1998	250.14799	21.94300	NaN	NaN	NaN	NaN	NaN	NaN	8.4
29	11	2014	243.78502	21.94769	NaN	NaN	NaN	NaN	NaN	NaN	0.46
22	7	1998	250.133	21.95100	NaN	NaN	NaN	NaN	NaN	NaN	8.5
19	10	1998	243.987	21.95500	NaN	NaN	NaN	NaN	NaN	NaN	5.16
22	7	1998	250.11501	21.96100	NaN	NaN	NaN	NaN	NaN	NaN	8.66
29	11	2014	243.73674	21.96202	NaN	NaN	NaN	NaN	NaN	NaN	0.49
22	7	1998	250.101	21.96900	NaN	NaN	NaN	NaN	NaN	NaN	8.47
29	11	2014	243.68761	21.97660	NaN	NaN	NaN	NaN	NaN	NaN	0.3
18	12	2007	250	22.00100	NaN	NaN	NaN	NaN	NaN	NaN	1.61
18	12	2007	250	22.00100	NaN	NaN	NaN	NaN	NaN	NaN	1.22
25	11	2016	250	22.00200	NaN	NaN	NaN	NaN	NaN	NaN	0.51
25	11	2016	250	22.00200	NaN	NaN	NaN	NaN	NaN	NaN	0.93
22	7	1998	250.039	22.00300	NaN	NaN	NaN	NaN	NaN	NaN	8.61
22	7	1998	250.02499	22.01100	NaN	NaN	NaN	NaN	NaN	NaN	8.68
19	10	1998	243.97501	22.01800	NaN	NaN	NaN	NaN	NaN	NaN	5.19
31	10	2018	248.17261	22.01877	NaN	NaN	NaN	NaN	NaN	NaN	5.31
22	7	1998	250.007	22.02100	NaN	NaN	NaN	NaN	NaN	NaN	8.72
22	7	1998	249.992	22.02900	NaN	NaN	NaN	NaN	NaN	NaN	8.71
19	10	1998	243.968	22.03400	NaN	NaN	NaN	NaN	NaN	NaN	5.26
31	10	2018	248.12613	22.04031	NaN	NaN	NaN	NaN	NaN	NaN	5.42
19	10	1998	243.961	22.05100	NaN	NaN	NaN	NaN	NaN	NaN	5.1
31	10	2018	248.07945	22.06123	NaN	NaN	NaN	NaN	NaN	NaN	5.22
22	7	1998	249.931	22.06200	NaN	NaN	NaN	NaN	NaN	NaN	8.97
19	10	1998	243.95399	22.06700	NaN	NaN	NaN	NaN	NaN	NaN	5.1
22	7	1998	249.91701	22.07000	NaN	NaN	NaN	NaN	NaN	NaN	9.06
22	7	1998	249.899	22.08000	NaN	NaN	NaN	NaN	NaN	NaN	9.08
31	10	2018	248.03236	22.08197	NaN	NaN	NaN	NaN	NaN	NaN	3.92
22	7	1998	249.88499	22.08800	NaN	NaN	NaN	NaN	NaN	NaN	9.1
31	10	2018	247.98595	22.10378	NaN	NaN	NaN	NaN	NaN	NaN	5.23
19	10	2000	245.99899	22.10700	NaN	NaN	NaN	NaN	NaN	NaN	9.4
22	7	1998	249.823	22.12100	NaN	NaN	NaN	NaN	NaN	NaN	8.72
31	10	2018	247.93954	22.12538	NaN	NaN	NaN	NaN	NaN	NaN	4.64
19	10	1998	243.929	22.12700	NaN	NaN	NaN	NaN	NaN	NaN	5.09
22	7	1998	249.808	22.12800	NaN	NaN	NaN	NaN	NaN	NaN	8.79
22	7	1998	249.78999	22.13800	NaN	NaN	NaN	NaN	NaN	NaN	8.82
19	10	1998	243.922	22.14200	NaN	NaN	NaN	NaN	NaN	NaN	5.05
29	11	2014	243.15169	22.14479	NaN	NaN	NaN	NaN	NaN	NaN	-1.04
22	7	1998	249.77499	22.14500	NaN	NaN	NaN	NaN	NaN	NaN	8.76
31	10	2018	247.89279	22.14699	NaN	NaN	NaN	NaN	NaN	NaN	2.28
28	11	2014	243.10423	22.15687	NaN	NaN	NaN	NaN	NaN	NaN	-1
19	10	1998	243.916	22.15700	NaN	NaN	NaN	NaN	NaN	NaN	4.33
19	10	2000	245.98199	22.16500	NaN	NaN	NaN	NaN	NaN	NaN	9.03
31	10	2018	247.84604	22.16843	NaN	NaN	NaN	NaN	NaN	NaN	0.74
28	11	2014	243.05754	22.16909	NaN	NaN	NaN	NaN	NaN	NaN	-0.98
19	10	1998	243.909	22.17200	NaN	NaN	NaN	NaN	NaN	NaN	4.27
22	7	1998	249.714	22.17900	NaN	NaN	NaN	NaN	NaN	NaN	8.53
19	10	2000	245.97701	22.18200	NaN	NaN	NaN	NaN	NaN	NaN	8.96
28	11	2014	243.01068	22.18224	NaN	NaN	NaN	NaN	NaN	NaN	-0.9
22	7	1998	249.7	22.18700	NaN	NaN	NaN	NaN	NaN	NaN	8.38
31	10	2018	247.79959	22.18957	NaN	NaN	NaN	NaN	NaN	NaN	-0.27
19	6	2018	249.123	22.19032	NaN	NaN	NaN	NaN	NaN	NaN	-1.08
28	11	2014	242.96327	22.19603	NaN	NaN	NaN	NaN	NaN	NaN	-0.74
22	7	1998	249.68201	22.19700	NaN	NaN	NaN	NaN	NaN	NaN	8.29
19	10	2000	245.97301	22.19700	NaN	NaN	NaN	NaN	NaN	NaN	9.1
22	7	1998	249.668	22.20500	NaN	NaN	NaN	NaN	NaN	NaN	8.19
28	11	2014	242.91548	22.21000	NaN	NaN	NaN	NaN	NaN	NaN	-0.48
31	10	2018	247.75195	22.21124	NaN	NaN	NaN	NaN	NaN	NaN	-0.1
19	10	2000	245.968	22.21400	NaN	NaN	NaN	NaN	NaN	NaN	9.28
19	6	2018	249.08263	22.22167	NaN	NaN	NaN	NaN	NaN	NaN	-1.17
28	11	2014	242.86769	22.22382	NaN	NaN	NaN	NaN	NaN	NaN	-0.37
31	10	2018	247.70477	22.23266	NaN	NaN	NaN	NaN	NaN	NaN	0.94
19	10	1998	243.87801	22.23900	NaN	NaN	NaN	NaN	NaN	NaN	4.41
28	11	2014	242.81995	22.23903	NaN	NaN	NaN	NaN	NaN	NaN	-0.63
22	7	1998	249.60699	22.24000	NaN	NaN	NaN	NaN	NaN	NaN	8.29
22	7	1998	249.593	22.24800	NaN	NaN	NaN	NaN	NaN	NaN	8.33
19	6	2018	249.04266	22.25340	NaN	NaN	NaN	NaN	NaN	NaN	-0.19
31	10	2018	247.65767	22.25371	NaN	NaN	NaN	NaN	NaN	NaN	2.62
28	11	2014	242.77196	22.25425	NaN	NaN	NaN	NaN	NaN	NaN	-0.94
22	7	1998	249.575	22.25800	NaN	NaN	NaN	NaN	NaN	NaN	8.43
22	7	1998	249.56	22.26600	NaN	NaN	NaN	NaN	NaN	NaN	8.48
28	11	2014	242.7234	22.26931	NaN	NaN	NaN	NaN	NaN	NaN	-1.09
19	10	2000	245.951	22.27400	NaN	NaN	NaN	NaN	NaN	NaN	9.41
31	10	2018	247.61113	22.27526	NaN	NaN	NaN	NaN	NaN	NaN	3.28
28	11	2014	242.67397	22.28310	NaN	NaN	NaN	NaN	NaN	NaN	-1.07
19	6	2018	249.00282	22.28563	NaN	NaN	NaN	NaN	NaN	NaN	-1.14
19	10	2000	245.946	22.29100	NaN	NaN	NaN	NaN	NaN	NaN	9.34
28	11	2014	242.62482	22.29734	NaN	NaN	NaN	NaN	NaN	NaN	-1.04
31	10	2018	247.56523	22.29789	NaN	NaN	NaN	NaN	NaN	NaN	4.45
22	7	1998	249.498	22.30100	NaN	NaN	NaN	NaN	NaN	NaN	8.5
19	10	2000	245.94099	22.30600	NaN	NaN	NaN	NaN	NaN	NaN	9.39
22	7	1998	249.483	22.31000	NaN	NaN	NaN	NaN	NaN	NaN	8.53
28	11	2014	242.57607	22.31234	NaN	NaN	NaN	NaN	NaN	NaN	-1.09
19	6	2018	248.963	22.31830	NaN	NaN	NaN	NaN	NaN	NaN	-1.15
31	10	2018	247.5195	22.32042	NaN	NaN	NaN	NaN	NaN	NaN	4.6
19	10	2000	245.936	22.32300	NaN	NaN	NaN	NaN	NaN	NaN	9.49
28	11	2014	242.52722	22.32735	NaN	NaN	NaN	NaN	NaN	NaN	-1.19
28	11	2014	242.47858	22.34171	NaN	NaN	NaN	NaN	NaN	NaN	-1.13
31	10	2018	247.47377	22.34276	NaN	NaN	NaN	NaN	NaN	NaN	4.6
19	6	2018	248.92282	22.35131	NaN	NaN	NaN	NaN	NaN	NaN	-2.03
28	11	2014	242.43022	22.35582	NaN	NaN	NaN	NaN	NaN	NaN	-0.88
31	10	2018	247.42818	22.36469	NaN	NaN	NaN	NaN	NaN	NaN	4.55
28	11	2014	242.38214	22.36994	NaN	NaN	NaN	NaN	NaN	NaN	-0.72
19	10	2000	245.918	22.38200	NaN	NaN	NaN	NaN	NaN	NaN	9.41
28	11	2014	242.33392	22.38434	NaN	NaN	NaN	NaN	NaN	NaN	-1.06
19	6	2018	248.88225	22.38491	NaN	NaN	NaN	NaN	NaN	NaN	-1.76
31	10	2018	247.38214	22.38611	NaN	NaN	NaN	NaN	NaN	NaN	4.72
28	11	2014	242.28604	22.39963	NaN	NaN	NaN	NaN	NaN	NaN	-1.11
19	10	2000	245.91299	22.40000	NaN	NaN	NaN	NaN	NaN	NaN	9.25
31	10	2018	247.33571	22.40708	NaN	NaN	NaN	NaN	NaN	NaN	4.51
28	11	2014	242.23782	22.41405	NaN	NaN	NaN	NaN	NaN	NaN	-0.85
19	10	2000	245.909	22.41600	NaN	NaN	NaN	NaN	NaN	NaN	9.19
19	6	2018	248.84157	22.41910	NaN	NaN	NaN	NaN	NaN	NaN	-0.5
31	10	2018	247.28922	22.42757	NaN	NaN	NaN	NaN	NaN	NaN	4.19
28	11	2014	242.18961	22.42766	NaN	NaN	NaN	NaN	NaN	NaN	1.59
19	10	2000	245.903	22.43300	NaN	NaN	NaN	NaN	NaN	NaN	9.22
31	10	2018	247.24286	22.44759	NaN	NaN	NaN	NaN	NaN	NaN	4.21
19	6	2018	248.80104	22.45337	NaN	NaN	NaN	NaN	NaN	NaN	-0.49
31	10	2018	247.19705	22.46772	NaN	NaN	NaN	NaN	NaN	NaN	4.61
19	6	2018	248.75998	22.48698	NaN	NaN	NaN	NaN	NaN	NaN	-0.61
31	10	2018	247.15144	22.48805	NaN	NaN	NaN	NaN	NaN	NaN	5.04
19	10	2000	245.886	22.49300	NaN	NaN	NaN	NaN	NaN	NaN	9.57
13	1	2005	250	22.50000	NaN	NaN	NaN	NaN	NaN	NaN	-3.19
13	1	2005	251	22.50000	NaN	NaN	NaN	NaN	NaN	NaN	-1.39
6	6	2008	255.86201	17.38332	28.3	34.892	390.69	389.37	1.32	8.1	0.157613215
6	6	2008	256.76749	17.00794	28.69	34.882	372.78	389.25	-16.47	8.5	-1.912057279
8	6	2008	250.55098	19.71934	23.33	34.876	389.33	389.14999	0.18001	13.5	0.030988931
8	6	2008	252.8176	18.71138	26.37	34.873	493.8	387.76	106.04	11.7	14.5722024
22	11	2005	246.93188	21.16974	25.96	34.871	340.05	378.35	-38.3	10.5	-5.424020148
6	6	2008	256.19034	17.2439	28.21	34.843	372.32	387.76	-15.44	9.5	-1.856029189
6	6	2008	256.8157	16.9886	28.66	34.805	371.9	389.23999	-17.33999	8.3	-2.018084629
6	6	2008	255.95625	17.34176	28.42	34.802	378.57	389.47	-10.9	9.8	-1.290764207
22	11	2005	246.82979	21.21132	25.83	34.797	340.44	378.35	-37.91	10.8	-5.422111799
6	6	2008	255.90881	17.36192	28.31	34.795	381.65	389.41	-7.76	9.6	-0.926292253
24	4	1994	250	20.498	24.07	34.792	369.2	361.23	7.937053223	1.15001	1.293252865
24	4	1994	250	20.4983	24.07	34.791	373.4752808	361.23	12.24528076	4.98	1.995238688
6	6	2008	257.73737	16.61898	28.86	34.79	368.27	389.17999	-20.90999	8.5	-2.398897352
24	4	1994	250	20.498	24.07	34.79	369.2	361.23	7.97	1.15	1.29
24	4	1994	250	20.4983	24.07	34.79	373.48	361.23	12.25	4.98	2
6	6	2008	257.44543	16.73666	28.85	34.788	371.13	389.23001	-18.10001	8.6	-2.078036643
18	12	2007	250	22.001	23.371	34.781	395.488739	386.1	9.388739014	0.86	1.612007933
22	11	2005	246.88091	21.19048	25.8	34.778	340.39	378.35	-37.96	10.8	-5.441713742
6	6	2008	256.86356	16.96934	28.69	34.777	372.88	389.25	-16.37	8.5	-1.901304909
6	6	2008	257.63968	16.65824	28.83	34.775	367.69	389.16	-21.47	8	-2.468631973
18	12	2007	250	22.001	23.367	34.774	393.178009	386.1	7.078009033	2.36	1.215668563
6	6	2008	257.68845	16.6387	28.85	34.772	367.71	389.16	-21.45	7.7	-2.462813163
6	6	2008	256.00342	17.32217	28.44	34.771	378.24	389.39001	-11.15001	10	-1.318639659
31	10	2018	250.5486	20.89062	28.65	34.769	424.67999	406	18.67999	5.1	2.175943378
6	6	2008	256.95908	16.93114	28.71	34.762	373.78	389.20999	-15.42999	7.8	-1.789659302
6	6	2008	257.39777	16.75622	28.82	34.759	371.28	389.28	-18	9.4	-2.071283265
6	6	2008	257.5907	16.6776	28.82	34.757	367.21	389.17001	-21.96001	8	-2.526988403
6	6	2008	256.91135	16.95004	28.69	34.757	373.4	389.22	-15.82	8.2	-1.837582571
19	12	2007	250	20.834	24.579	34.757	392.0451355	386.1	5.945135498	1.93001	0.932829024
6	6	2008	256.14432	17.26396	28.27	34.754	371.12	387.76	-16.64	9.9	-1.992382134
6	6	2008	257.00729	16.91226	28.74	34.753	373.01	389.20999	-16.19999	7.8	-1.87498107
6	6	2008	257.20303	16.83581	28.74	34.752	369.84	389.35999	-19.51999	8.3	-2.259246382
31	10	2018	250.68658	20.81787	28.68	34.752	420.23001	406	14.23001	5.175	1.654124213
19	10	1998	243.991	21.55	24.98	34.75	389.01001	364.4	24.61001	1.95999	3.748463841
6	6	2008	257.05612	16.89333	28.78	34.747	374.35	389.28	-14.93	7.9	-1.723062221
8	6	2008	245.40205	21.67077	22.33	34.747	294.7	388.92999	-94.22999	12.1	-17.50363479
8	6	2008	245.44809	21.65071	22.38	34.743	294.54	388.95001	-94.41001	12	-17.47102308
6	6	2008	257.54169	16.69711	28.8	34.742	367.33	389.17001	-21.84001	8.4	-2.516965978
6	6	2008	257.15387	16.85518	28.76	34.742	382.51	389.26999	-6.75999	7.3	-0.781308526
31	10	2018	250.41095	20.96328	28.63	34.742	423.01001	406	17.01001	4.575	1.984506388
6	6	2008	257.25226	16.81605	28.77	34.741	370.07	389.28	-19.21	9	-2.218669971
31	10	2018	250.36479	20.98743	28.6	34.739	424.14999	406	18.14999	5.025	2.12212033
26	11	2016	250	19.5	28.455	34.737	434.8597107	403.53	31.32971069	1.33	3.701691681
8	6	2008	245.49356	21.63101	22.54	34.734	298.31	388.98999	-90.67999	11.3	-16.57928571
6	6	2008	257.34985	16.77596	28.78	34.732	370	389.29999	-19.29999	9.5	-2.227543427
6	6	2008	257.49323	16.71691	28.76	34.73	370.86	389.22	-18.36	8.3	-2.122127856
19	10	1998	243.989	21.513	24.95	34.73	388.04001	364.4	23.64001	2.41	3.60904668
19	10	1998	243.991	21.564	24.95	34.73	389.76999	364.4	25.36999	1.03999	3.873157337
22	7	1998	250.315	21.85	28.1	34.73	440.69	367.82	72.87	2.14	8.833970744
6	6	2008	257.3013	16.79595	28.78	34.729	369.12	389.32999	-20.20999	9.7	-2.332602748
8	6	2008	249.91078	20.02025	23.54	34.729	364.47	389.20001	-24.73001	12	-4.193543629
31	10	2018	250.82211	20.74759	28.67	34.728	423.75	406	17.75	2.675	2.06499622
31	10	2018	250.73184	20.79407	28.68	34.727	421.69	406	15.69	2.35	1.824032109
31	10	2018	250.45702	20.93916	28.64	34.723	422.60999	406	16.60999	4.325	1.936597798
20	12	2007	250	18.5	25.027	34.722	389.8468933	386.1	3.746893311	2.2	0.568795784
8	6	2008	247.63597	20.85657	22.95	34.722	323.37	387.76	-64.39	13.4	-11.41425133
8	6	2008	249.08774	20.36269	23.31	34.72	358.15	389.14001	-30.99001	11.8	-5.346761483
19	10	1998	243.989	21.478	24.98	34.72	390.84	364.4	26.44	0.17	4.027736789
19	10	1998	243.989	21.495	24.94	34.72	389.07001	364.4	24.67001	1.56	3.769251519
19	10	1998	243.991	21.582	24.85	34.72	389.26001	364.4	24.86001	0.77	3.823688114
19	10	1998	243.989	21.719	24.58	34.72	391.17001	364.4	26.77001	0.44	4.20076607
22	7	1998	250.11501	21.961	27.68	34.72	437.14001	367.82	69.32001	4.12	8.663852984
8	6	2008	245.35568	21.69114	22.22	34.719	292.86	388.92001	-96.06001	11.1	-17.99547167
31	10	2018	250.77695	20.77078	28.68	34.718	422.88	406	16.88	2.85	1.962450729
31	10	2018	250.04326	21.15387	28.61	34.718	454.81	406	48.81	2.65	5.703326466
8	6	2008	245.58382	21.59155	22.86	34.718	300.76	388.97	-88.21	12.8	-15.74353305
8	6	2008	245.263	21.73189	22.12	34.718	286.69	388.95001	-102.26001	10.5	-19.30316194
6	6	2008	256.0499	17.3023	28.37	34.717	374.37	387.76	-13.39	10	-1.591949052
6	6	2008	256.09741	17.28326	28.28	34.716	372.17	387.76	-15.59	10.4	-1.865617085
8	6	2008	247.5885	20.8727	22.97	34.716	317.2	387.76	-70.56	12.6	-12.48949216
8	6	2008	245.71869	21.53363	22.35	34.716	297.9	388.98001	-91.08001	12.1	-16.89525945
18	12	2007	250	22.5	24.258	34.716	396.5215149	386.1	10.42151489	4.50999	1.675013492
8	6	2008	246.97775	21.07898	22.78	34.715	310.13	389.39001	-79.26001	11.7	-14.23202321
31	10	2018	250.09012	21.13061	28.61	34.715	448.57001	406	42.57001	2.175	4.974263363
8	6	2008	245.30934	21.7114	22.13	34.715	291.39	388.94	-97.55	12.4	-18.40033359
20	12	2007	250	18.5	25.012	34.714	393.0610046	386.1	6.961004639	1.08	1.057924159
8	6	2008	247.0248	21.06267	22.78	34.714	310.45	389.32999	-78.87999	11.5	-14.16385081
8	6	2008	245.53883	21.61129	22.79	34.713	299.59	388.95999	-89.36999	11.2	-16.03541814
31	10	2018	247.89279	22.14699	28.56	34.713	425.45001	406	19.45001	3.65	2.280949904
6	6	2008	257.10516	16.87431	28.74	34.712	375.46	389.23999	-13.77999	7.4	-1.595171764
8	6	2008	245.67369	21.55297	22.54	34.711	300.33	388.95999	-88.62999	12.3	-16.20617794
31	10	2018	250.31873	21.0117	28.61	34.71	432.84	406	26.84	1.875	3.136294714
8	6	2008	247.11755	21.02999	22.83	34.71	312.14	389.39001	-77.25001	12.4	-13.81916519
8	6	2008	245.76373	21.51434	22.26	34.71	296.09	388.98001	-92.89001	12.9	-17.34955996
19	10	1998	243.991	21.6	24.81	34.71	389.45999	364.4	25.05999	0.53999	3.866063258
19	10	1998	243.99001	21.666	24.78	34.71	389.76999	364.4	25.36999	1.59	3.922602181
19	10	1998	243.99001	21.683	24.77	34.71	390.22	364.4	25.82	1.06	3.995142078
19	10	1998	243.99001	21.701	24.63	34.71	390.45001	364.4	26.05001	1.09	4.072817452
19	10	1998	243.989	21.784	24.53	34.71	392.04999	364.4	27.64999	1.17	4.355192975
22	7	1998	250.22301	21.901	27.79	34.71	436.26999	367.82	68.44999	1.47	8.487445204
22	7	1998	250.101	21.969	27.87	34.71	436.51001	367.82	68.69001	3.72	8.467921191
19	10	1998	243.87801	22.239	24.36	34.71	392.06	364.4	27.66	1.12	4.412187211
8	6	2008	247.07127	21.04633	22.8	34.709	311.22	389.39001	-78.17001	12.8	-14.0155063
31	10	2018	247.84604	22.16843	28.54	34.709	412.32001	406	6.32001	5.6	0.742246522
31	10	2018	250.13589	21.10665	28.6	34.708	447.32001	406	41.32001	2.3	4.831832772
8	6	2008	247.68303	20.84013	23.03	34.707	332.9	387.76	-54.86	14.1	-9.667109133
8	6	2008	246.88411	21.11148	22.5	34.707	329.31	389.35001	-60.04001	11.1	-11.01193713
8	6	2008	246.93085	21.09529	22.8	34.706	318.05	389.35001	-71.30001	11.7	-12.78392287
8	6	2008	245.94724	21.43546	22.22	34.706	358.58	387.76	-29.18	11.2	-5.466781457
18	12	2007	250	21.415	23.607	34.705	390.3323975	386.1	4.232397461	3.25	0.714184212
8	6	2008	245.21663	21.75241	22.11	34.705	283.6	388.94	-105.34	10.7	-19.90086617
8	6	2008	245.80884	21.49484	22.23	34.703	296.52	388.95001	-92.43001	13.1	-17.30356435
22	11	2005	246.98267	21.1491	25.59	34.702	340.15	378.35	-38.2	10.8	-5.56331048
8	6	2008	247.5419	20.88818	22.97	34.701	319.24	389.38	-70.14	12	-12.41599597
21	10	2002	246.444	20.321	27.84	34.7	394.67999	370.55	24.12999	1.22	2.981289603
8	6	2008	245.12549	21.79246	22.07	34.7	287.84	388.95001	-101.11001	11.8	-19.16037144
19	10	1998	243.98801	21.802	24.49	34.7	393.37	364.4	28.97	0.47	4.576898451
22	7	1998	250.20799	21.909	27.68	34.7	437.10999	367.82	69.28999	2.42	8.660852709
22	7	1998	250.14799	21.943	27.83	34.7	435.73001	367.82	67.91001	2.49001	8.396452882
22	7	1998	250.133	21.951	27.88	34.7	436.85001	367.82	69.03001	1.87	8.504034674
19	10	1998	243.916	22.157	24.37	34.7	391.57999	364.4	27.17999	1.77	4.332588132
19	10	1998	243.909	22.172	24.37	34.7	391.20999	364.4	26.80999	0.12	4.273608802
31	10	2018	250.27275	21.03594	28.59	34.699	427.17999	406	21.17999	0.775	2.478605676
8	6	2008	249.18124	20.33067	23.48	34.698	356.86	389.17999	-32.31999	11.8	-5.506079769
8	6	2008	245.99345	21.41519	22.2	34.697	374.97	387.76	-12.79	11.4	-2.399907889
8	6	2008	245.17084	21.77252	22.08	34.696	286.42	388.95001	-102.53001	11.1	-19.41504399
31	10	2018	248.07945	22.06123	28.59	34.696	450.57001	406	44.57001	0.975	5.215909179
8	6	2008	249.13446	20.34654	23.4	34.693	357.01	389.14001	-32.13001	11	-5.506788892
8	6	2008	247.35448	20.95181	22.73	34.693	308.17	389.53	-81.36	11.8	-14.66583922
31	10	2018	250.22699	21.05978	28.6	34.693	434.66	406	28.66	1.475	3.351626847
25	11	2016	250	21	28.585	34.692	418.7302246	403.53	15.20022461	4.56	1.779514278
31	10	2018	250.18129	21.08302	28.6	34.692	447.59	406	41.59	1.65	4.863738997
8	6	2008	244.98924	21.85165	22.16	34.692	305.82	389.09	-83.27	12	-15.67264921
8	6	2008	245.62903	21.57199	22.79	34.691	299.5	388.94	-89.44	11.7	-16.04958636
22	7	1998	252.703	20.449	28.85	34.69	423.29999	367.82	55.47999	3.77	6.37225552
22	7	1998	252.653	20.471	28.84	34.69	420.54001	367.82	52.72001	4.52	6.05961676
8	6	2008	245.07997	21.81239	22.1	34.69	288.9	389.01001	-100.11001	11.3	-18.92850126
19	10	1998	243.987	21.902	24.41	34.69	393.73001	364.4	29.33001	1.94	4.661627648
8	6	2008	247.49541	20.9039	22.95	34.689	316.07	389.45999	-73.38999	12.6	-13.01160743
8	6	2008	249.86682	20.04451	23.34	34.688	356.87	389.17999	-32.30999	11.8	-5.562760541
8	6	2008	247.16373	21.01429	22.37	34.685	310.34	389.42999	-79.08999	12.8	-14.65096165
8	6	2008	245.03456	21.83223	22.14	34.685	299.31	389.10999	-89.79999	11.5	-16.92794369
8	6	2008	244.94453	21.87076	22.13	34.685	306.2	389.13	-82.93	10.8	-15.6447892
8	6	2008	249.22722	20.3153	23.46	34.684	356.29	389.20999	-32.91999	12.6	-5.617070899
8	6	2008	244.89964	21.89004	22	34.682	301.94	389.20001	-87.26001	11.3	-16.62548297
22	7	1998	252.688	20.457	28.8	34.68	422.42001	367.82	54.60001	1.87	6.294086496
22	7	1998	252.66901	20.466	28.81	34.68	420.94	367.82	53.12	1.97	6.119065391
19	10	1998	243.98801	21.837	24.4	34.68	393.64001	364.4	29.24001	1.02	4.650989647
22	7	1998	250.255	21.883	27.57	34.68	439	367.82	71.18	5.62	8.969250769
22	7	1998	250.241	21.891	27.63	34.68	435.70999	367.82	67.88999	3.44	8.517471761
8	6	2008	244.85384	21.90958	21.95	34.68	299.58	389.16	-89.58	10.7	-17.13277051
19	10	1998	243.987	21.92	24.36	34.68	394.57001	364.4	30.17001	3.45999	4.81321928
8	6	2008	249.04047	20.37891	23.08	34.677	357.69	389.13	-31.44	11.5	-5.520105972
8	6	2008	244.80824	21.9288	21.73	34.677	295.61	389.17999	-93.56999	11	-18.19891897
8	6	2008	247.72997	20.82431	22.89	34.675	335.93	387.76	-51.83	12.4	-9.231402673
31	10	2018	250.59482	20.86612	28.66	34.675	424.29999	406	18.29999	5.65	2.131002068
31	10	2018	250.50287	20.91502	28.65	34.675	422.48999	406	16.48999	3.225	1.921616409
24	4	1994	250.00169	20.0017	23.3042	34.671	383.1734619	361.23	21.94346191	1.71001	3.788434873
24	4	1994	250.00169	20.0017	23.3	34.67	383.17	361.23	21.94	1.71	3.79
24	4	1994	250	20.002	23.3	34.67	375.4	361.23	14.17	5.93	2.45
19	10	1998	243.98801	21.819	24.38	34.67	393.53	364.4	29.13	1.09	4.640597804
22	7	1998	250.039	22.003	27.74	34.67	437.01001	367.82	69.19001	3.74001	8.611885548
22	7	1998	249.823	22.121	27.96	34.67	439.01001	367.82	71.19001	5.39	8.720545623
22	7	1998	249.808	22.128	28	34.67	439.79001	367.82	71.97001	7.03999	8.790573746
22	7	1998	249.78999	22.138	27.89	34.67	439.48999	367.82	71.66999	5.31	8.824008519
22	7	1998	249.77499	22.145	27.76	34.67	438.32999	367.82	70.50999	1.56999	8.763449002
8	6	2008	247.30629	20.96762	22.48	34.669	308.15	389.59	-81.44	11.8	-14.96214317
24	4	1994	250	20.002	23.304	34.667	375.4	361.23	14.21021606	5.93001	2.453407872
31	10	2018	247.61113	22.27526	28.5	34.666	433.82001	406	27.82001	2.175	3.277346281
8	6	2008	245.85454	21.47517	22.03	34.664	293.6	388.87	-95.27	11.8	-18.11170315
8	6	2008	249.27365	20.2995	23.29	34.663	355.98	387.76	-31.78	12.4	-5.492721661
21	10	2002	246.44699	20.336	27.81	34.66	393.89001	370.55	23.34001	1.53	2.890470405
21	10	2002	246.439	20.35	27.76	34.66	393.91	370.55	23.36	1.45	2.903461566
22	7	1998	252.46899	20.551	29	34.66	418.70001	367.82	50.88001	0.2	5.781884794
22	7	1998	249.992	22.029	27.76	34.66	437.88	367.82	70.06	1.42	8.707898858
22	7	1998	249.91701	22.07	28.09	34.66	442.5	367.82	74.68	3.62	9.062694628
8	6	2008	246.83755	21.12751	22.19	34.658	328	389.29999	-61.29999	11.2	-11.51308804
8	6	2008	247.21068	20.99883	22.17	34.653	307.59	389.47	-81.88	12.1	-15.40207189
8	6	2008	247.40211	20.93607	22.61	34.651	312.83	389.56	-76.73	12.5	-13.95994383
8	6	2008	245.90074	21.45547	21.85	34.651	290.91	387.76	-96.85	11.8	-18.66739747
31	10	2018	248.12613	22.04031	28.62	34.651	452.42999	406	46.42999	2.45	5.422876028
22	7	1998	250.02499	22.011	27.75	34.65	437.60001	367.82	69.78001	1.34	8.679772036
22	7	1998	250.007	22.021	27.75	34.65	437.92999	367.82	70.10999	6.72	8.720817476
22	7	1998	249.931	22.062	28.11	34.65	441.85999	367.82	74.03999	1.60001	8.972411508
22	7	1998	249.899	22.08	28.01	34.65	442.20001	367.82	74.38001	0.78999	9.079141265
22	7	1998	249.88499	22.088	27.94	34.65	441.97	367.82	74.15	1.19	9.097099685
22	7	1998	249.714	22.179	27.7	34.65	436.10999	367.82	68.28999	2.14	8.52532096
22	7	1998	249.68201	22.197	27.7	34.65	434.19	367.82	66.37	0.65001	8.285629447
31	10	2018	250.86714	20.72479	28.7	34.649	423.29999	406	17.29999	2.825	2.008974461
31	10	2018	247.79959	22.18957	28.52	34.649	403.73001	406	-2.26999	1.025	-0.26705059
31	10	2018	250.64091	20.84198	28.69	34.647	421.48001	406	15.48001	4.15	1.798940235
22	11	2005	247.23384	21.04451	25.46	34.642	340.84	378.35	-37.51	11.1	-5.516892033
8	6	2008	248.7104	20.48997	22.97	34.64	359.18	389.20999	-30.02999	12.2	-5.317302109
22	7	1998	249.7	22.187	27.66	34.64	434.75	367.82	66.93	0.25	8.380209277
22	7	1998	249.668	22.205	27.7	34.64	433.45001	367.82	65.63001	3.2	8.19360463
8	6	2008	248.75826	20.47516	23	34.635	358.83	389.17001	-30.34001	12	-5.360187432
8	6	2008	249.64404	20.15837	23.19	34.634	351.54	389.20999	-37.66999	10.6	-6.560707098
31	10	2018	248.03236	22.08197	28.59	34.633	439.47	406	33.47	1.6	3.917965462
19	10	1998	243.987	21.938	24.22	34.63	395.85999	364.4	31.45999	1.77	5.072744097
8	6	2008	249.41187	20.24671	23.12	34.628	355.13	387.76	-32.63	12.2	-5.713089051
31	10	2018	248.17261	22.01877	28.62	34.627	451.48001	406	45.48001	5.05	5.312469182
8	6	2008	247.44911	20.92006	22.52	34.625	315.46	389.47	-74.01	11.5	-13.55870333
19	12	2007	250	20.249	24.206	34.622	383.5741577	386.1	-2.525842285	5.93001	-0.407717345
8	6	2008	249.68951	20.13743	23.1	34.621	351.24	389.20001	-37.96001	10.8	-6.656527581
8	6	2008	249.31963	20.28179	23.16	34.621	355.17	387.76	-32.59	12.4	-5.689119309
18	12	2007	250	21.415	23.506	34.621	406.0103149	386.1	19.91031494	2.46001	3.38652209
31	10	2018	247.98595	22.10378	28.59	34.621	450.64999	406	44.64999	1.15	5.226953749
21	10	2002	246.45801	20.256	27.93	34.62	403.82001	370.55	33.27001	1.39999	4.085224822
22	7	1998	251.92799	20.907	29.16	34.62	411.5	367.82	43.68	5.95999	4.907740291
22	7	1998	249.593	22.248	27.82	34.62	435.14001	367.82	67.32001	2	8.3324335
8	6	2008	249.59766	20.176	23.14	34.619	353.36	389.22	-35.86	11.5	-6.269434332
19	12	2007	250	20.249	24.208	34.614	389.9060059	386.1	3.806005859	1.15001	0.614289796
24	4	1994	250	19.5	24.075	34.613	364.6	361.23	3.380534668	1.17	0.551057855
8	6	2008	248.99333	20.39501	22.8	34.613	359.24	389.12	-29.88	11.7	-5.35968052
8	6	2008	248.94656	20.41108	22.78	34.613	359.72	389.17999	-29.45999	11.9	-5.292327281
31	10	2018	247.56523	22.29789	28.5	34.611	443.79999	406	37.79999	1.175	4.454095268
24	4	1994	250	20.4983	21.3585	34.6107	437.9029541	361.23	76.6729541	3.81	15.34720375
23	4	1994	250	19	24.167	34.61	359.1	361.23	-2.117084961	1.77	-0.342749496
23	4	1994	250	19	24.17	34.61	359.1	361.23	-2.13	1.77	-0.34
24	4	1994	250	19.5	24.08	34.61	364.6	361.23	3.37	1.17	0.55
24	4	1994	250	20.4983	21.36	34.61	437.9	361.23	76.67	3.81	15.35
22	7	1998	249.60699	22.24	27.79	34.61	434.67001	367.82	66.85001	4.32001	8.29265002
22	7	1998	249.575	22.258	27.85	34.61	436.07001	367.82	68.25001	0.22	8.429543562
25	11	2016	250	22.002	28.144	34.608	411.1913147	403.53	7.661314697	3.25	0.926308935
22	11	2005	253.2961	18.427	27.77	34.603	342.86	378.35	-35.49	11.2	-4.409013043
31	10	2018	247.93954	22.12538	28.56	34.603	445.57001	406	39.57001	3.9	4.642666426
24	4	1994	250	19.5	23.933	34.601	374.6	361.23	13.39734985	2.64999	2.207278377
24	4	1994	250	19.5	23.93	34.6	374.6	361.23	13.37	2.65	2.21
22	7	1998	252.53101	20.515	28.52	34.6	420.29001	367.82	52.47001	0.57001	6.174080413
22	7	1998	252.45399	20.559	28.92	34.6	418.42999	367.82	50.60999	5.19	5.785901322
22	7	1998	249.56	22.266	27.8	34.6	436.20001	367.82	68.38001	2.86	8.476658859
8	6	2008	249.36577	20.26403	23.08	34.599	354.94	387.76	-32.82	11.8	-5.764440878
31	10	2018	251.04449	20.63037	28.72	34.596	432.06	406	26.06	3.35	3.022563451
8	6	2008	249.82268	20.06854	23.01	34.594	353.37	389.19	-35.82	10.5	-6.324752141
31	10	2018	247.65767	22.25371	28.49	34.593	428.17999	406	22.17999	2.55	2.615630831
8	6	2008	249.73383	20.11454	23.02	34.592	353.1	389.20999	-36.10999	12.1	-6.371212332
21	10	2002	246.466	20.24	27.93	34.59	406.48001	370.55	35.93001	1.74001	4.412419196
22	7	1998	249.498	22.301	27.85	34.59	436.62	367.82	68.8	0.25	8.498209
22	11	2005	247.03319	21.12836	25.43	34.589	340.45	378.35	-37.9	11.2	-5.587915854
31	10	2018	251.00061	20.65483	28.73	34.587	426.42001	406	20.42001	5.225	2.366794712
8	6	2008	249.77831	20.09167	22.9	34.585	353.62	389.20001	-35.58001	11.5	-6.334942641
8	6	2008	249.505	20.21089	22.93	34.583	352.82	389.22	-36.4	11.4	-6.466354157
8	6	2008	247.25824	20.9834	22.06	34.583	308.84	389.51999	-80.67999	11.5	-15.30871284
8	6	2008	249.45819	20.22879	23.06	34.58	354.27	387.76	-33.49	11	-5.89149054
21	10	2002	246.43201	20.367	27.69	34.58	397.22	370.55	26.67	1.60001	3.33291296
22	7	1998	252.582	20.494	28.42	34.58	421.32001	367.82	53.50001	1.27	6.341462718
22	7	1998	252.54601	20.507	28.47	34.58	420.20999	367.82	52.38999	0.92	6.18749818
22	7	1998	252.436	20.57	28.87	34.58	416.60001	367.82	48.78001	4.49001	5.597289141
22	7	1998	249.483	22.31	27.63	34.58	435.78	367.82	67.96	0.72	8.529958334
8	6	2008	248.90019	20.42729	22.67	34.579	360.48	389.17999	-28.69999	12.7	-5.19962851
8	6	2008	250.04364	19.9502	22.84	34.578	378.24	389.26001	-11.02001	11.4	-1.971052762
31	10	2018	251.08733	20.60526	28.71	34.577	428.48001	406	22.48001	5.075	2.609432748
8	6	2008	249.99884	19.97255	22.91	34.576	377.89	389.23999	-11.34999	10.5	-2.019399966
23	4	1994	250	17.998	25.513	34.574	358.6	361.23	-2.651386719	2.24001	-0.388556524
23	4	1994	250	17.998	25.509	34.573	370.0	361.23	8.745769043	4.12	1.282062328
31	10	2018	250.95628	20.67839	28.73	34.573	423.73001	406	17.73001	1.175	2.055131967
8	6	2008	246.79109	21.1428	21.89	34.571	334.43	389.20999	-54.77999	11	-10.5303073
24	4	1994	250	17.9983	25.5089	34.5707	341.6357422	361.23	-19.59425781	0.59999	-2.872417646
22	4	1994	250	17.9983	25.5128	34.5706	341.6380005	361.23	-19.59199951	5.48	-2.871262138
23	4	1994	250	17.998	25.51	34.57	358.6	361.23	-2.63	2.24	-0.39
23	4	1994	250	17.998	25.51	34.57	370	361.23	8.77	4.12	1.28
22	4	1994	250	17.9983	25.51	34.57	341.64	361.23	-19.59	5.48	-2.87
24	4	1994	250	17.9983	25.51	34.57	341.64	361.23	-19.59	0.6	-2.87
21	10	2002	246.47501	20.226	27.9	34.57	409.20999	370.55	38.65999	0.72	4.75842736
22	7	1998	252.56599	20.499	28.41	34.57	420.76999	367.82	52.94999	0.39	6.281075197
22	7	1998	252.42101	20.578	28.85	34.57	414.51999	367.82	46.69999	0.67	5.366572106
22	7	1998	251.91	20.919	29.09	34.57	412.12	367.82	44.3	7.47	5.003584621
8	6	2008	250.22752	19.86411	22.83	34.569	374.9	389.17001	-14.27001	12.9	-2.554383316
8	6	2008	250.2735	19.84257	22.84	34.567	374.6	389.14999	-14.54999	12.8	-2.602559597
8	6	2008	249.55153	20.19343	22.93	34.567	352.85	389.22	-36.37	11.8	-6.461494545
31	10	2018	247.75195	22.21124	28.5	34.567	405.19	406	-0.81	0.225	-0.095462994
22	11	2005	253.34499	18.40707	27.81	34.566	342.41	378.35	-35.94	11.7	-4.452690355
8	6	2008	250.31944	19.82128	22.79	34.566	375.58	389.17001	-13.59001	13.5	-2.440050639
8	6	2008	246.17773	21.33621	21.67	34.566	367.28	388.89001	-21.61001	11.6	-4.224504865
8	6	2008	249.95436	19.99636	22.95	34.565	370.76	389.16	-18.4	11.7	-3.264048703
31	10	2018	247.5195	22.32042	28.49	34.563	445.01001	406	39.01001	1.075	4.600946938
8	6	2008	250.08966	19.92965	22.81	34.562	376.45	389.20999	-12.75999	11.1	-2.287607761
23	4	1994	250	17.998	25.33	34.56	359.4	361.23	-1.83	2.39	-0.27
19	10	1998	243.922	22.142	24.01	34.56	395.20999	364.4	30.80999	0.87	5.047928566
8	6	2008	250.18169	19.88613	22.74	34.559	374.63	389.20001	-14.57001	13.1	-2.625987647
8	6	2008	248.66258	20.50504	22.62	34.559	360.1	389.17999	-29.07999	12.1	-5.28891182
31	10	2018	247.42818	22.36469	28.48	34.559	444.51999	406	38.51999	3.1	4.546513487
23	4	1994	250	17.998	25.334	34.556	359.4	361.23	-1.800922852	2.39	-0.267452296
8	6	2008	246.69774	21.17299	21.88	34.556	353.79	389.10999	-35.31999	10.9	-6.795174338
22	4	1994	250	17.9983	25.3336	34.5537	341.3384399	361.23	-19.89156006	3.23	-2.954182571
8	6	2008	246.7446	21.15775	21.85	34.552	345.05	389.14001	-44.09001	11.1	-8.502009696
22	4	1994	250	17.9983	25.33	34.55	341.34	361.23	-19.89	3.23	-2.95
8	6	2008	246.64983	21.18611	21.86	34.55	351.72	389.07999	-37.35999	11.2	-7.198814198
8	6	2008	246.22342	21.31662	21.61	34.55	371.2	388.89999	-17.69999	13.4	-3.476302927
8	6	2008	250.13564	19.90838	22.7	34.547	376.31	389.22	-12.91	13	-2.333970425
22	11	2005	253.39308	18.38656	27.9	34.544	340.28	378.35	-38.07	11.1	-4.686336568
31	10	2018	251.12967	20.58005	28.73	34.544	426.01001	406	20.01001	3.45	2.31970144
8	6	2008	250.36526	19.80038	22.7	34.54	378.69	389.14999	-10.45999	13.5	-1.891098801
19	10	2000	246.554	20.216	26.36	34.54	413.23999	368.45	44.78999	2.22	6.168659528
22	7	1998	252.047	20.831	29.22	34.54	412.85999	367.82	45.03999	0.31999	5.040492056
22	7	1998	252.033	20.84	29.13	34.54	412.56	367.82	44.74	0.53999	5.03941352
22	7	1998	252.00101	20.86	29.18	34.54	410.98999	367.82	43.16999	2.95999	4.845124884
22	7	1998	251.94099	20.898	29.02	34.54	409.04001	367.82	41.22001	2.75999	4.679810767
19	10	1998	243.929	22.127	23.95	34.54	395.34	364.4	30.94	1.12	5.092446008
8	6	2008	246.13223	21.35564	21.59	34.539	365.69	388.94	-23.25	12.1	-4.573553427
8	6	2008	246.03984	21.3954	21.65	34.539	376.76	387.76	-11	11.5	-2.153928105
25	11	2016	250	22.002	27.62	34.534	407.5961304	403.53	4.066130371	2.46001	0.51083083
8	6	2008	244.76306	21.94789	21.25	34.533	299.73	389.16	-89.43	11.3	-18.05683396
31	10	2018	247.38214	22.38611	28.5	34.532	446.03	406	40.03	4.275	4.718468052
21	10	2002	246.35501	20.656	27.57	34.53	408.91	370.55	38.36	4.02	4.836818952
21	10	2002	246.35001	20.671	27.5	34.53	406.75	370.55	36.2	2.15001	4.587749898
22	7	1998	252.015	20.851	29.12	34.53	411.17999	367.82	43.35999	2.81999	4.88769409
22	7	1998	251.896	20.928	29	34.53	412.48999	367.82	44.66999	0.12	5.079017317
19	10	1998	243.987	21.955	23.97	34.53	395.79999	364.4	31.39999	2.70999	5.160676119
19	10	1998	243.95399	22.067	23.92	34.53	395.31	364.4	30.91	1.89	5.099149843
31	10	2018	247.47377	22.34276	28.49	34.526	445.03	406	39.03	0.325	4.604037543
22	11	2005	253.00346	18.54786	28.06	34.525	342.39	378.35	-35.96	12.7	-4.375923967
29	11	2014	243.97943	21.88831	25.67	34.523	406.66	397.28	9.38	3.35	1.359120571
20	11	2005	255.44759	17.45764	28.27	34.522	370.75	378.35	-7.6	6.2	-0.910893224
22	11	2005	253.0515	18.52739	28.05	34.522	342.21	378.35	-36.14	12.6	-4.401071979
22	11	2005	252.90869	18.58807	28.03	34.522	342.72	378.35	-35.63	13.2	-4.345256552
22	11	2005	252.86133	18.60811	27.99	34.522	342.32	378.35	-36.03	13.5	-4.406793217
22	4	1994	250	17.9983	24.78	34.52	341.01	361.23	-20.22	1.15	-3.13
19	10	2000	246.57899	20.126	26.3	34.52	433.26999	368.45	64.81999	1.50999	8.967406566
19	10	2000	246.563	20.184	26.31	34.52	426.07001	368.45	57.62001	2.56	7.96549675
19	10	2000	246.558	20.201	26.32	34.52	420.88	368.45	52.43	4.31	7.242709233
19	10	2000	246.549	20.233	26.3	34.52	411.29001	368.45	42.84001	1.42	5.926625212
22	7	1998	252.10699	20.793	28.81	34.52	410.94	367.82	43.12	2.19	4.970541919
19	10	1998	243.961	22.051	23.9	34.52	395.25	364.4	30.85	3.45999	5.097090831
31	10	2018	247.70477	22.23266	28.52	34.52	414	406	8	3.8	0.941673979
8	6	2008	246.08632	21.37536	21.54	34.519	371.91	387.76	-15.85	13.1	-3.130122212
29	11	2014	243.93047	21.9033	25.64	34.519	405.53	397.28	8.25	4.95	1.198053971
8	6	2008	250.50426	19.73945	22.37	34.518	376.82	389.17999	-12.35999	14.2	-2.291363349
22	4	1994	250	17.9983	24.7763	34.5175	341.0075989	361.23	-20.22240112	1.15001	-3.130252269
29	11	2014	244.02827	21.87402	25.68	34.516	403.98001	397.28	6.70001	3.6	0.970117293
20	11	2005	255.49611	17.43663	28.34	34.514	371.74	378.35	-6.61	6.3	-0.788264177
18	6	2018	254.49292	17.88269	27.3	34.514	427.66	410.79	16.87	0.925	2.169483358
22	11	2005	252.95584	18.56799	28.03	34.514	342.9	378.35	-35.45	12.9	-4.323454208
22	4	1994	250.0033	17.5017	24.92	34.51	341.75	361.23	-19.48	2.2	-2.98
21	10	2002	246.49899	20.159	28.05	34.51	420.29001	370.55	49.74001	1.12	6.057573906
19	10	2000	246.51601	20.342	25.97	34.51	421.97	368.45	53.52	1.24001	7.585984096
21	10	2002	246.364	20.639	27.52	34.51	414.01001	370.55	43.46001	3.32001	5.500310806
19	10	1998	243.97501	22.018	23.92	34.51	395.85999	364.4	31.45999	2.28999	5.19034789
20	11	2005	255.39908	17.47842	28.2	34.509	370.6	378.35	-7.75	6.3	-0.93364015
8	6	2008	247.871	20.77941	21.82	34.509	333.93	389.35001	-55.42001	12.2	-10.71340258
31	10	2018	250.91191	20.70193	28.67	34.508	422.37	406	16.37	1.5	1.906250195
20	11	2005	255.8376	17.28792	28.39	34.507	380.17	378.35	1.82	6.7	0.21626442
22	4	1994	250.0033	17.5017	24.9228	34.5068	341.7542419	361.23	-19.47575806	2.2	-2.982266362
22	11	2005	253.44041	18.36609	28.03	34.505	339.82	378.35	-38.53	11.9	-4.699271468
22	11	2005	252.8143	18.62796	27.96	34.503	342.19	378.35	-36.16	13.8	-4.432684978
24	4	1994	250	18.5	24.0234	34.5014	360.5240479	361.23	-0.705952148	0.15001	-0.115578509
20	11	2005	255.78845	17.30922	28.32	34.5	379.04	378.35	0.69	6.4	0.082408816
24	4	1994	250	18.5	24.02	34.5	360.52	361.23	-0.71	0.15	-0.12
22	11	2005	251.69939	19.0818	27.97	34.5	343.89	378.35	-34.46	12.2	-4.221283839
21	10	2002	246.495	20.144	28.06	34.5	421.60001	370.55	51.05001	4.12	6.212878326
19	10	2000	246.521	20.325	26.03	34.5	420.59	368.45	52.14	4.66	7.358201236
19	10	2000	246.42599	20.654	25.8	34.5	424.92999	368.45	56.47999	0.22	8.106589483
22	7	1998	252.242	20.701	28.9	34.5	408.17001	367.82	40.35001	4.61	4.621574306
22	7	1998	252.121	20.783	28.75	34.5	410.26999	367.82	42.44999	0.44	4.914938817
19	10	1998	243.968	22.034	23.89	34.5	396.20999	364.4	31.80999	2.61	5.260104207
31	10	2018	247.33571	22.40708	28.53	34.5	444.34	406	38.34	5.075	4.510102871
8	6	2008	246.60165	21.19795	21.76	34.499	361.12	389.07001	-27.95001	10.9	-5.428142428
22	11	2005	252.76759	18.64779	27.94	34.497	342.36	378.35	-35.99	12.9	-4.418361411
29	11	2014	244.07703	21.85975	25.66	34.497	402.82999	397.28	5.54999	2.825	0.804854185
21	10	2002	246.51001	20.103	28.08	34.49	422.73001	370.55	52.18001	0.56999	6.341482304
19	10	2000	246.42999	20.638	25.87	34.49	422.67999	368.45	54.22999	1.77	7.744015012
22	7	1998	252.256	20.691	28.95	34.49	405.04999	367.82	37.22999	4.99001	4.249072834
22	7	1998	252.15199	20.762	28.92	34.49	408.73999	367.82	40.91999	1.95999	4.680312946
22	7	1998	252.138	20.771	28.82	34.49	409.79999	367.82	41.97999	0.79001	4.836266384
20	11	2005	256.27896	17.09836	28.27	34.489	377.25	378.35	-1.1	7.1	-0.131858575
29	11	2014	247.79657	20.60534	25.78	34.485	412.20001	397.28	14.92001	2.225	2.144769401
29	11	2014	243.88176	21.91869	25.65	34.481	401.91	397.28	4.63	5.85	0.671980466
24	4	1994	250	20.002	22.29	34.48	370.5	361.23	9.27	3.27	1.73
21	10	2002	246.50101	20.119	28.08	34.48	422.45001	370.55	51.90001	1.19	6.307726256
19	10	2000	246.53101	20.292	26.07	34.48	420.38	368.45	51.93	1.61	7.307713137
19	10	2000	246.40401	20.731	25.98	34.48	411.01001	368.45	42.56001	0.64	6.028870562
8	6	2008	247.9174	20.76519	21.78	34.48	333.08	389.31	-56.23	12.2	-10.90466287
20	11	2005	255.73935	17.33053	28.4	34.479	378.41	378.35	0.06	7	0.007125304
22	11	2005	253.48824	18.34526	28.06	34.478	340.53	378.35	-37.82	11.7	-4.603199974
22	11	2005	253.14865	18.48622	27.99	34.477	342.14	378.35	-36.21	12.6	-4.429671048
31	10	2018	247.28922	22.42757	28.54	34.477	441.60999	406	35.60999	7.6	4.186350284
24	4	1994	250	20.002	22.288	34.476	370.5	361.23	9.27289917	3.27	1.730120942
29	11	2014	247.84636	20.58809	25.95	34.476	410.91	397.28	13.63	1.125	1.935063428
22	11	2005	247.18385	21.06572	25.14	34.476	340.13	378.35	-38.22	11.1	-5.75998723
14	3	2016	238.62399	20.6605	21.4408	34.4751	361.31	396.03	-34.72	1.575	-6.910322835
20	11	2005	255.69093	17.35167	28.5	34.475	376.67	378.35	-1.68	6.5	-0.198075707
8	6	2008	246.26907	21.29691	21.52	34.475	371.21	388.89999	-17.68999	12.3	-3.499550878
14	3	2016	238.61951	20.6454	21.424	34.4744	360.85001	396.04001	-35.19	2.925	-7.012911266
14	3	2016	238.62151	20.6529	21.4319	34.4741	361.10999	396.07999	-34.97	1.075	-6.964860236
22	11	2005	253.53668	18.3243	28.12	34.474	340.48	378.35	-37.87	11.4	-4.589378516
22	11	2005	252.1423	18.90074	27.97	34.474	341.86	378.35	-36.49	12.9	-4.470457822
14	3	2016	238.6264	20.668	21.4449	34.474	361.38	395.95999	-34.57999	3.775	-6.880329913
20	11	2005	255.59373	17.39389	28.51	34.473	375.36	378.35	-2.99	6.4	-0.35227612
22	11	2005	253.1976	18.46584	27.99	34.473	342.34	378.35	-36.01	11.9	-4.405280712
29	11	2014	248.09161	20.50114	25.69	34.473	415.85001	397.28	18.57001	4	2.687347562
14	3	2016	238.6154	20.6302	21.4168	34.473	360.82999	396.01999	-35.19	1.825	-7.016827056
14	3	2016	238.61349	20.6228	21.409	34.4724	360.79999	396.14001	-35.34002	0.025	-7.050974068
14	3	2016	238.61749	20.6378	21.4209	34.4724	360.97	396.04999	-35.07999	2.075	-6.992713073
19	12	2007	250	19.666	24.867	34.472	385.3535156	386.1	-0.746484375	2.36	-0.114798336
14	3	2016	238.61099	20.6154	21.406	34.4712	360.63	396.07001	-35.44001	0.85	-7.072589023
20	11	2005	256.22937	17.11886	28.31	34.471	377.52	378.35	-0.83	7.4	-0.09921356
20	11	2005	255.35077	17.49909	28.25	34.471	367.81	378.35	-10.54	6.7	-1.265372469
22	11	2005	253.24663	18.44614	27.95	34.471	342.58	378.35	-35.77	11.9	-4.388664206
14	3	2016	238.62891	20.6756	21.4568	34.4706	361.73999	396.07001	-34.33002	1.625	-6.824476444
24	4	1994	250.00169	20.0017	22.29	34.47	390.88	361.23	29.65	2.68	5.53
19	10	2000	246.526	20.309	26.02	34.47	419.45999	368.45	51.00999	4.75999	7.20497347
19	10	2000	246.498	20.402	26.02	34.47	415.82001	368.45	47.37001	0.62	6.690839683
19	10	2000	246.435	20.621	25.92	34.47	420.06	368.45	51.61	0.64	7.343487653
21	10	2002	246.341	20.686	27.37	34.47	407.70999	370.55	37.15999	3.39	4.755400664
19	10	2000	245.97701	22.182	24.82	34.47	426.48999	368.45	58.03999	3.91	8.956925221
20	11	2005	255.64224	17.37265	28.47	34.469	376.68	378.35	-1.67	6.6	-0.197328907
20	11	2005	255.54492	17.41534	28.46	34.468	372.98	378.35	-5.37	6.5	-0.634985979
24	4	1994	250.00169	20.0017	22.2878	34.468	390.8763428	361.23	29.64634277	2.68001	5.531647825
14	3	2016	238.631	20.6833	21.456	34.4678	361.79001	395.98999	-34.19998	3.25	-6.799130027
14	3	2016	238.6086	20.608	21.406	34.466	360.54001	396.04001	-35.5	3.3	-7.084730588
20	11	2005	255.98332	17.22378	28.41	34.465	379.25	378.35	0.9	7.2	0.106808792
20	11	2005	255.06622	17.62438	28.41	34.464	367.72	378.35	-10.63	8.7	-1.261535941
24	4	1994	250	21	22.249	34.464	354.8	361.23	-6.426258545	1.33	-1.202620948
14	3	2016	238.60609	20.6006	21.4021	34.4637	359.97	395.98001	-36.01001	4.075	-7.188737959
8	6	2008	247.96381	20.75154	21.74	34.463	330.82	389.25	-58.43	13.2	-11.36684877
24	4	1994	250	21	22.2492	34.4627	391.5932922	361.23	30.36329224	4.11	5.682185603
20	11	2005	255.93498	17.24525	28.41	34.462	378.46	378.35	0.11	7.7	0.013054577
22	11	2005	252.72055	18.66776	27.84	34.462	341.82	378.35	-36.53	13.2	-4.517982385
31	10	2018	247.15144	22.48805	28.57	34.462	448.98001	406	42.98001	5.475	5.042171295
22	11	2005	252.62552	18.70716	27.61	34.46	341.43	378.35	-36.92	12.8	-4.643148861
24	4	1994	250.00169	20.0017	21.46	34.46	424.96	361.23	63.73	2.28	12.67
21	10	2002	246.539	20.003	28.06	34.46	426.5	370.55	55.95	1.2	6.810393406
21	10	2002	246.524	20.034	28.07	34.46	425.60999	370.55	55.05999	1.60001	6.697205714
21	10	2002	246.526	20.05	28.11	34.46	424.88	370.55	54.33	0.09999	6.589296283
19	10	2000	246.493	20.419	26.06	34.46	415.19	368.45	46.74	1.28999	6.582776604
8	6	2008	248.85303	20.44376	22.43	34.46	359.76	389.16	-29.4	12.1	-5.42703677
24	4	1994	250	21	22.25	34.46	391.59	361.23	30.36	4.11	5.68
24	4	1994	250	21	22.25	34.46	354.8	361.23	-6.43	1.33	-1.2
20	11	2005	256.17996	17.13957	28.31	34.458	377.45	378.35	-0.9	8.6	-0.107586998
14	3	2016	238.60361	20.5932	21.4047	34.4579	359.97	395.94	-35.97	3.75	-7.179511557
14	3	2016	238.58369	20.5256	21.4091	34.4577	357.39999	396.01001	-38.61002	0.8	-7.70386074
8	6	2008	250.41107	19.78005	22.4	34.457	376.7	389.14999	-12.44999	13.4	-2.303445563
8	6	2008	248.01085	20.73805	21.68	34.457	330.46	389.22	-58.76	12.1	-11.48387056
14	3	2016	238.5858	20.5329	21.3924	34.4562	358.62	395.87	-37.25	0.675	-7.442067619
22	11	2005	253.10001	18.50686	27.91	34.456	342.27	378.35	-36.08	12.4	-4.43984361
22	11	2005	251.94621	18.97944	27.93	34.456	341.45	378.35	-36.9	12.6	-4.534168946
8	6	2008	246.55339	21.21005	21.61	34.456	355.41	389.04999	-33.63999	11	-6.609797039
24	4	1994	250.00169	20.0017	21.4565	34.4559	424.9620056	361.23	63.73200562	2.28	12.67045574
14	3	2016	238.6013	20.5858	21.3841	34.4551	359.51999	395.98999	-36.47	3.15	-7.290908414
22	11	2005	252.6734	18.68775	27.8	34.455	341.29	378.35	-37.06	13.4	-4.596993794
8	6	2008	250.45761	19.75958	22.24	34.455	375.38	389.20001	-13.82001	12.4	-2.588174795
22	11	2005	252.0937	18.92013	27.96	34.454	341.19	378.35	-37.16	12.7	-4.556236268
14	3	2016	238.5815	20.5182	21.4155	34.4531	355.67999	396.01001	-40.33002	1.95	-8.043276682
20	11	2005	256.03214	17.20226	28.38	34.452	379.11	378.35	0.76	8.2	0.090394933
15	3	2016	238.80791	21.2755	21.3662	34.4515	360.25	397.04001	-36.79001	1.1	-7.365106826
15	3	2016	238.8056	21.2679	21.3761	34.4513	359.79001	396.89001	-37.1	1.775	-7.421535555
22	11	2005	251.99561	18.95941	27.96	34.451	341.36	378.35	-36.99	12.8	-4.535451222
8	6	2008	248.56747	20.53512	22.34	34.451	357.55	389.17001	-31.62001	13.4	-5.877043862
15	3	2016	238.81039	21.2831	21.36	34.4508	361.23999	396.85001	-35.61002	2.6	-7.132294204
20	11	2005	255.88647	17.2666	28.36	34.45	378.63	378.35	0.28	6.7	0.033351868
22	11	2005	252.48363	18.76491	27.77	34.45	343	378.35	-35.35	12.5	-4.39453482
21	10	2002	246.53	20.019	28.08	34.45	426.20001	370.55	55.65001	1.72	6.764363692
19	10	2000	246.48801	20.434	26.05	34.45	414	368.45	45.55	1.14	6.420175458
19	10	2000	246.45799	20.544	26.07	34.45	414.85001	368.45	46.40001	0.12	6.530384061
19	10	2000	246.453	20.561	26.06	34.45	415.32001	368.45	46.87001	0.07001	6.60137824
29	11	2014	247.89586	20.57047	26.2	34.45	408.26001	397.28	10.98001	-0.5	1.530662611
22	7	1998	252.36099	20.619	28.96	34.45	411.29001	367.82	43.47001	0.75	4.95852724
8	6	2008	248.15257	20.69554	22.1	34.45	344.37	389.16	-44.79	12	-8.478068701
19	10	2000	246.399	20.749	26.04	34.45	408.67999	368.45	40.22999	2.61	5.674497487
29	11	2014	247.30148	20.77905	26.39	34.45	410.60001	397.28	13.32001	7.35	1.831182648
29	11	2014	247.25313	20.79587	26.36	34.45	411.60999	397.28	14.32999	3.225	1.974366017
19	10	2000	245.98199	22.165	24.79	34.45	426.82999	368.45	58.37999	0.31999	9.030262978
15	3	2016	238.81281	21.2906	21.3511	34.4497	361	396.89999	-35.89999	1.3	-7.195318039
29	11	2014	247.35048	20.76181	26.43	34.449	410.47	397.28	13.19	1.175	1.808011719
15	3	2016	238.8028	21.2592	21.3815	34.4489	359.19	397.03	-37.84	1.575	-7.566516457
15	3	2016	238.8004	21.2515	21.4063	34.4486	358.87	396.95001	-38.08001	1.725	-7.600057083
14	3	2016	238.5793	20.5108	21.4405	34.4482	353.31	395.94	-42.63	0.825	-8.485896286
20	11	2005	256.13074	17.16026	28.34	34.448	377.62	378.35	-0.73	8.6	-0.08707966
22	11	2005	252.28932	18.84265	27.68	34.448	340.35	378.35	-38	13	-4.754980375
29	11	2014	243.73674	21.96202	25.47	34.448	400.63	397.28	3.35	2.65	0.492771794
31	10	2018	247.24286	22.44759	28.56	34.448	441.82001	406	35.82001	2.85	4.205488549
8	6	2008	248.61485	20.52013	22.39	34.447	358.14	389.16	-31.02	12	-5.743806937
8	6	2008	248.05852	20.72462	21.7	34.447	335.9	389.23999	-53.33999	12.2	-10.40916243
31	10	2018	247.19705	22.46772	28.58	34.447	445.29001	406	39.29001	2.75	4.606252293
15	3	2016	238.815	21.2983	21.3461	34.4468	361.20999	396.92999	-35.72	0.1	-7.162084988
15	3	2016	238.82381	21.3293	21.2913	34.4468	361.82999	397.04001	-35.21002	0.975	-7.089576881
15	3	2016	238.7982	21.2439	21.4207	34.4466	358.72	397.04001	-38.32001	3.075	-7.639591048
20	11	2005	256.08151	17.18105	28.36	34.446	378.41	378.35	0.06	8.5	0.007146952
22	11	2005	252.43594	18.78415	27.75	34.446	343.17	378.35	-35.18	12.5	-4.379830977
19	12	2007	250	19.666	23.783	34.446	403.4949341	386.1	17.39493408	1.33	2.900234888
15	3	2016	238.82159	21.3215	21.305	34.4457	361.72	396.88	-35.16	0.725	-7.072101698
22	11	2005	252.24005	18.86211	27.64	34.445	340.97	378.35	-37.38	13.1	-4.691069987
15	3	2016	238.8172	21.306	21.3264	34.4447	361.39999	396.97	-35.57001	3.275	-7.142866143
15	3	2016	238.8194	21.3138	21.3056	34.4447	361.75	397.03	-35.28	0.3	-7.095944547
19	6	2018	254.317	18.02034	27.34	34.444	431.89001	410.79	21.10001	0.55	2.706397959
29	11	2014	248.13988	20.48455	25.81	34.444	416.17001	397.28	18.89001	3.025	2.709965849
15	3	2016	238.826	21.3369	21.2589	34.4437	362.13	397.04999	-34.91999	6.275	-7.048789381
14	3	2016	238.58791	20.5402	21.4028	34.4431	359.23999	395.92001	-36.68002	1.575	-7.322794956
29	11	2014	248.04288	20.51824	26.13	34.443	409.07001	397.28	11.79001	4.85	1.652095603
29	11	2014	247.94525	20.55297	26.3	34.443	407.79001	397.28	10.51001	0.175	1.454481584
15	3	2016	238.8284	21.3446	21.1974	34.4429	362.79999	397.06	-34.26001	2.725	-6.948338535
18	6	2018	254.44946	17.91698	27.3	34.442	426.84	410.79	16.05	2.325	2.064678915
22	11	2005	252.04474	18.93956	27.96	34.442	341.21	378.35	-37.14	12.2	-4.554020511
29	11	2014	247.74651	20.62263	26.07	34.442	408.70999	397.28	11.42999	3.575	1.608725063
22	11	2005	252.53091	18.74553	27.77	34.441	342.98	378.35	-35.37	12.9	-4.397192708
29	11	2014	248.18826	20.46795	25.81	34.441	416.57001	397.28	19.29001	1.2	2.767386677
29	11	2014	247.59636	20.67446	26.46	34.441	408.39001	397.28	11.11001	7.5	1.519609374
15	3	2016	238.7962	21.2365	21.3667	34.4408	361.73001	396.87	-35.13999	1.075	-7.034861209
14	3	2016	238.5992	20.5784	21.3892	34.4407	359.62	395.95999	-36.33999	3.225	-7.262559137
15	3	2016	238.7939	21.2289	21.3457	34.4402	362.42001	396.85001	-34.43	3.325	-6.903853607
22	11	2005	252.38754	18.8035	27.71	34.44	342.28	378.35	-36.07	12.5	-4.503811447
29	11	2014	248.2365	20.45134	25.86	34.44	414.38	397.28	17.1	2.325	2.444207931
19	10	2000	246.468	20.511	26.17	34.44	414.82999	368.45	46.37999	0.74001	6.480111474
19	10	2000	246.463	20.528	26.12	34.44	414.76001	368.45	46.31001	0.62	6.494121479
29	11	2014	247.69635	20.64004	26.33	34.44	408.51999	397.28	11.23999	1.125	1.55210709
22	7	1998	252.22501	20.713	28.95	34.44	408.63	367.82	40.81	5.27	4.658657917
15	3	2016	238.79179	21.2213	21.3243	34.4394	363.42001	396.79999	-33.37998	2.675	-6.704326771
14	3	2016	238.597	20.571	21.4012	34.4392	359.5	395.95999	-36.45999	2.75	-7.2798917
22	11	2005	252.57828	18.72624	27.7	34.439	343.54	378.35	-34.81	12.8	-4.349660182
22	11	2005	252.19098	18.88153	27.7	34.439	342.03	378.35	-36.32	12.9	-4.538341218
8	6	2008	248.80582	20.45991	22.46	34.439	358.95	389.17999	-30.22999	12.5	-5.568109899
29	11	2014	247.64638	20.65744	26.42	34.439	409.12	397.28	11.84	3.2	1.624221865
15	3	2016	238.7897	21.2138	21.2976	34.4388	364.29999	396.85001	-32.55002	1.5	-6.551056325
15	3	2016	238.78751	21.2062	21.275	34.4382	365.66	396.75	-31.09	1.875	-6.26809188
8	6	2008	247.82445	20.79409	21.57	34.438	333.85	389.41	-55.56	12.5	-10.95113544
29	11	2014	243.83333	21.93364	25.55	34.438	399.41	397.28	2.13	6.875	0.311485689
20	11	2005	254.77661	17.75265	28.57	34.437	365.71	378.35	-12.64	8.2	-1.483012579
8	6	2008	247.77737	20.80918	21.87	34.437	338.96	387.76	-48.8	12.8	-9.400869101
14	3	2016	238.5947	20.5635	21.4128	34.4366	359.64999	395.89999	-36.25	3.55	-7.231617519
22	11	2005	252.33867	18.82303	27.71	34.436	340.63	378.35	-37.72	12.4	-4.709917273
22	11	2005	251.65001	19.10203	27.85	34.436	343.69	378.35	-34.66	12.2	-4.284077064
29	11	2014	247.39951	20.74431	26.49	34.436	409.64999	397.28	12.36999	1.425	1.68827192
29	11	2014	243.68761	21.9766	25.21	34.436	399.28	397.28	2	2.75	0.299909919
15	3	2016	238.7852	21.1986	21.2294	34.4352	366.94	396.89001	-29.95001	1.675	-6.059520625
20	11	2005	255.01825	17.6453	28.42	34.435	368.09	378.35	-10.26	8.2	-1.216897803
29	11	2014	248.28418	20.43507	25.83	34.435	416.56	397.28	19.28	0.35	2.761957339
29	11	2014	247.99408	20.5358	26.39	34.435	407.66	397.28	10.38	2.95	1.42709576
22	11	2005	246.77858	21.23235	24.81	34.435	340.05	378.35	-38.3	10.6	-5.915892078
15	3	2016	238.8306	21.3523	21.1647	34.435	363.97	397.13	-33.16	0.225	-6.742410964
14	3	2016	238.59261	20.556	21.4048	34.4347	359.51999	395.92999	-36.41	2.225	-7.268055108
14	3	2016	238.59039	20.5487	21.3981	34.4346	359.62	396.03	-36.41	0.525	-7.271792085
29	11	2014	243.78502	21.94769	25.53	34.434	400.39999	397.28	3.11999	0.825	0.456940561
22	11	2005	247.08347	21.10756	25.06	34.433	339.99	378.35	-38.36	11.3	-5.816510058
29	11	2014	247.54663	20.69145	26.45	34.432	408.42001	397.28	11.14001	5.95	1.524889309
15	3	2016	238.7829	21.191	21.1997	34.4305	368.51999	396.88	-28.36001	1.7	-5.751060806
20	11	2005	254.8734	17.7095	28.49	34.43	366.86	378.35	-11.49	7.5	-1.35593768
20	11	2005	254.82492	17.73103	28.51	34.43	365.47	378.35	-12.88	7.8	-1.51777787
19	10	2000	246.48399	20.452	26.07	34.43	414	368.45	45.55	2.29001	6.411318487
22	7	1998	252.211	20.722	28.97	34.43	407.82001	367.82	40.00001	2.78999	4.559818923
19	10	2000	246.394	20.765	26.08	34.43	407.48001	368.45	39.03001	4.75	5.489575087
19	10	2000	246.332	20.975	26	34.43	406.10999	368.45	37.65999	1.97	5.328097099
15	3	2016	238.84911	21.4135	20.8607	34.43	368.23999	397.13	-28.89001	1.4	-6.013468653
20	11	2005	254.92188	17.68806	28.49	34.429	368.05	378.35	-10.3	7.6	-1.215510722
31	10	2018	251.69994	20.27611	28.61	34.429	408.14999	406	2.14999	0.35	0.251533146
15	3	2016	238.8515	21.4211	20.8785	34.4288	368.41	397.19	-28.78	1.45	-5.982383501
15	3	2016	238.78059	21.1835	21.1413	34.4287	369.67999	396.85999	-27.18	2.15	-5.536611236
18	6	2018	254.5368	17.84713	27.45	34.428	435.79999	410.79	25.00999	1.175	3.182559652
8	6	2008	248.10583	20.71108	21.78	34.428	340.38	389.20001	-48.82001	12.7	-9.469906516
29	11	2014	247.20538	20.81271	26.44	34.427	407.34	397.28	10.06	0.475	1.37809239
15	3	2016	238.8468	21.4058	20.8465	34.4254	368.39001	397.29001	-28.9	1.225	-6.022270316
20	11	2005	254.97017	17.66653	28.46	34.425	368.17	378.35	-10.18	7.7	-1.203976496
29	11	2014	247.15773	20.83027	26.47	34.425	407.28	397.28	10	1.275	1.366878852
19	6	2018	254.36101	17.98591	27.43	34.424	430.54001	410.79	19.75001	2.125	2.516922041
15	3	2016	238.8537	21.4285	20.8839	34.4235	368.45999	396.98001	-28.52002	1.2	-5.926019215
15	3	2016	238.8329	21.3599	21.0456	34.4227	364.39999	397.14999	-32.75	1.6	-6.720712322
15	3	2016	238.76871	21.1461	21.0411	34.4226	372.94	396.92999	-23.98999	1.175	-4.924755874
15	3	2016	238.8398	21.3828	20.7997	34.4219	367.54001	397.20001	-29.66	0.675	-6.203107402
15	3	2016	238.7666	21.1387	21.0441	34.4211	372.38	396.84	-24.46	0.4	-5.020116654
15	3	2016	238.7644	21.131	21.0489	34.4203	371.62	396.87	-25.25	3.5	-5.180359301
15	3	2016	238.7782	21.1759	21.0955	34.4203	371.32999	396.89001	-25.56002	2	-5.225193266
16	1	2005	242.5	20	23.33	34.42	370.10999	378.46	-8.35001	6.97	-1.440435105
22	7	1998	252.31599	20.65	28.91	34.42	406	367.82	38.18	3.81	4.371377018
19	10	2000	246.33701	20.957	26.01	34.42	406.54999	368.45	38.09999	2.49001	5.386626964
15	3	2016	238.84441	21.3981	20.8187	34.42	368.10001	397.26001	-29.16	1.375	-6.089652513
14	3	2016	238.5769	20.5032	21.4667	34.4192	349.85999	396.01999	-46.16	4.275	-9.171375947
15	3	2016	238.75819	21.1086	21.2711	34.4187	364.59	396.64001	-32.05001	1.875	-6.464156612
15	3	2016	238.75591	21.1011	21.3753	34.4184	361.20001	396.57999	-35.37998	1.19209E-06	-7.078967237
15	3	2016	238.856	21.4359	20.8703	34.4183	368.47	397.20001	-28.73001	0.25	-5.976060987
29	11	2014	248.33157	20.41883	25.95	34.418	410.39999	397.28	13.11999	4.45	1.863134103
15	3	2016	238.7623	21.1235	21.0833	34.4179	369.98001	396.87	-26.88999	2.5	-5.502299836
15	3	2016	238.7711	21.1536	21.0272	34.4173	372.69	397	-24.31	1.5	-4.995914176
15	3	2016	238.8582	21.4434	20.8661	34.4163	368.82999	397.23999	-28.41	0.825	-5.911466069
15	3	2016	238.7603	21.1161	21.1682	34.4161	367.01999	396.67001	-29.65002	0.925	-6.027631998
18	6	2018	254.40526	17.95142	27.43	34.415	429.06	410.79	18.27	7.45	2.328402191
8	6	2008	244.71669	21.96741	20.95	34.415	302.98	389.12	-86.14	11.2	-17.80828262
22	11	2005	253.58531	18.30353	28.15	34.414	340.39	378.35	-37.96	10.9	-4.591493433
15	3	2016	238.77589	21.1685	21.0409	34.4134	372.19	396.84	-24.65	2.25	-5.060538189
15	3	2016	238.77341	21.1611	21.0348	34.4131	372.79999	396.82999	-24.03	0.9	-4.935578874
8	6	2008	248.19868	20.67764	22.17	34.412	350.68	389.16	-38.48	12.2	-7.246281767
15	3	2016	238.8421	21.3904	20.8374	34.4116	368.01001	397.19	-29.17999	0.25	-6.085275312
29	11	2014	247.49731	20.70887	26.51	34.411	406.92999	397.28	9.64999	5.2	1.315260287
29	11	2014	247.44829	20.72659	26.52	34.411	408.19	397.28	10.91	3.625	1.48590716
15	3	2016	238.9678	21.809	20.7499	34.4107	372.25	397.06	-24.81	5	-5.209040139
22	7	1998	252.347	20.629	28.99	34.41	408.70999	367.82	40.88999	1.17	4.6549652
22	7	1998	252.33	20.641	28.96	34.41	406.64999	367.82	38.82999	1.97	4.430009021
19	10	2000	246.38901	20.783	26.06	34.41	407.48001	368.45	39.03001	1.06	5.498128461
19	10	2000	246.371	20.845	26.06	34.41	409.20001	368.45	40.75001	0.47	5.740423581
19	10	2000	246.366	20.863	26.05	34.41	409.78	368.45	41.33	0.8	5.826403767
19	10	2000	246.36099	20.879	26.02	34.41	410.10999	368.45	41.65999	2.22	5.885878978
19	10	2000	246.355	20.896	26	34.41	410.39999	368.45	41.94999	1.02	5.935566012
15	3	2016	238.88049	21.5202	20.7768	34.4096	371.38	397.12	-25.74	7.6	-5.393110922
15	3	2016	238.8828	21.5278	20.7711	34.4096	371.34	397.17999	-25.83999	0.975	-5.416444894
15	3	2016	238.9655	21.8012	20.7446	34.4092	372.45001	397.03	-24.57999	5.275	-5.162897203
15	3	2016	238.7536	21.0935	21.564	34.4089	359.54999	396.48999	-36.94	1.775	-7.285364486
15	3	2016	238.9704	21.8179	20.7519	34.4083	371.95001	397.07999	-25.12998	4.825	-5.27546578
15	3	2016	238.8967	21.5732	20.745	34.4081	372	397.06	-25.06	5.775	-5.263584923
14	3	2016	238.57471	20.4957	21.5957	34.4079	346.26001	395.79999	-49.53998	4.35	-9.74673318
15	3	2016	238.8992	21.5807	20.744	34.4069	372.06	397.17001	-25.11001	6.975	-5.274525773
15	3	2016	238.88499	21.5355	20.7612	34.4068	371.82001	397.29001	-25.47	2.9	-5.343042643
15	3	2016	238.9632	21.7936	20.7449	34.4064	372.14001	397.13	-24.98999	6.3	-5.248961944
15	3	2016	238.8943	21.5658	20.7441	34.4062	371.98001	397.13	-25.14999	4.025	-5.28290015
15	3	2016	238.8873	21.543	20.7493	34.4059	371.79001	397.23999	-25.44998	2.15	-5.343775052
15	3	2016	238.9487	21.7445	20.7382	34.4056	371.76001	397.03	-25.26999	7.05	-5.310541757
15	3	2016	238.9726	21.8256	20.7432	34.4056	372.13	397.04001	-24.91001	6.575	-5.232869346
15	3	2016	238.8896	21.5507	20.749	34.4054	372.01001	397.13	-25.11999	3.775	-5.274620951
15	3	2016	238.892	21.5582	20.747	34.4054	372.01999	397.14001	-25.12002	5.975	-5.275442278
15	3	2016	238.8607	21.4521	20.8463	34.4053	369.48999	397.13	-27.64001	0.425	-5.760334321
15	3	2016	238.95	21.7491	20.7341	34.4053	371.78	397.20001	-25.42001	8.45	-5.343768754
8	6	2008	248.42825	20.58565	22.33	34.405	364.21	389.10001	-24.89001	11.8	-4.630658331
15	3	2016	238.8783	21.5125	20.7699	34.405	371.35999	397.10999	-25.75	1	-5.398196882
15	3	2016	238.96091	21.7858	20.7368	34.4041	371.89001	397.06	-25.16999	4.825	-5.290135485
15	3	2016	238.9527	21.758	20.7349	34.4035	371.88	397.14999	-25.26999	7.5	-5.311947628
15	3	2016	238.9514	21.7536	20.732	34.4033	371.91	397.20999	-25.29999	8.45	-5.319450608
15	3	2016	238.95869	21.7779	20.7301	34.4031	371.73001	397.22	-25.48999	6.3	-5.360190913
31	10	2018	251.65459	20.29924	28.62	34.403	406.51999	406	0.51999	0.95	0.060797941
8	6	2008	248.38264	20.60439	22.26	34.403	365.42	389.13	-23.71	12.7	-4.434661816
15	3	2016	238.9541	21.7625	20.733	34.403	372.03	397.10999	-25.07999	8.975	-5.272794389
15	3	2016	238.9751	21.8334	20.7302	34.4011	372.17001	397.06	-24.88999	7.075	-5.234027283
31	10	2018	251.17242	20.55554	28.73	34.399	420.69	406	14.69	4.725	1.704028458
15	3	2016	238.9774	21.8412	20.7183	34.3986	371.85001	397.04999	-25.19998	7.55	-5.30415071
15	3	2016	238.8761	21.5049	20.763	34.3979	371.97	397.14999	-25.17999	0.1	-5.281688258
15	3	2016	238.9798	21.8489	20.716	34.3969	372.13	397.04999	-24.91999	7.25	-5.246191493
15	3	2016	238.8376	21.3752	20.7598	34.3961	366.07999	397.28	-31.20001	0.3	-6.546104119
15	3	2016	238.86279	21.4596	20.8108	34.3955	370.70999	397.19	-26.48001	0.25	-5.533975276
15	3	2016	238.98219	21.8566	20.7072	34.3955	371.85999	397.20999	-25.35	6.825	-5.340383367
15	3	2016	238.9846	21.8643	20.7089	34.3942	371.97	397.17999	-25.20999	6.3	-5.310222213
15	3	2016	238.7509	21.085	21.6274	34.3939	357.63	396.51999	-38.88999	1.875	-7.633369204
15	3	2016	238.86501	21.4672	20.7789	34.3938	371.37	397.17001	-25.80001	0.6	-5.405203143
15	3	2016	238.9868	21.8721	20.711	34.3936	372.04999	397.17999	-25.13	6.925	-5.29252877
15	3	2016	238.989	21.8799	20.7149	34.3931	372.28	397.23001	-24.95001	5.725	-5.253050356
31	10	2018	251.38837	20.43568	28.72	34.393	413.09	406	7.09	2.375	0.823048935
15	3	2016	238.8739	21.4974	20.7633	34.3928	372.42999	397.23999	-24.81	1.575	-5.20408243
18	6	2018	254.57999	17.81039	27.54	34.392	440.23001	410.79	29.44001	1.525	3.722431034
22	11	2005	247.28343	21.02269	24.99	34.392	340.54	378.35	-37.81	11.2	-5.763946579
15	3	2016	238.9912	21.8877	20.7218	34.3916	372.64001	397.10999	-24.46998	5.55	-5.149272629
8	6	2008	248.33698	20.62288	22.16	34.391	366.36	389.10001	-22.74001	12.4	-4.285905661
16	1	2005	242.5	20	24.8	34.39	388.91	378.46	10.45	4.99001	1.61564911
15	3	2016	238.8717	21.4899	20.7341	34.39	373.07001	397.28	-24.20999	2.125	-5.089760209
24	4	1994	250	21.498	21.4	34.39	372.9	361.23	11.67	2.36	2.34
22	11	2005	247.13365	21.08663	24.98	34.386	340.09	378.35	-38.26	11.4	-5.837022828
24	4	1994	250	21.498	21.401	34.386	372.9	361.23	11.69245483	2.36	2.335216424
15	3	2016	238.99339	21.8955	20.7191	34.3858	373.13	397.13	-24	6.025	-5.051563291
15	3	2016	238.83521	21.3676	20.9755	34.3855	365.29999	397.26999	-31.97	1.125	-6.597292113
24	4	1994	249.99831	21.4983	21.4008	34.3843	411.8352356	361.23	50.6052356	5.21001	10.1071089
15	3	2016	238.8672	21.4748	20.7692	34.3842	372.01999	397.07001	-25.05002	0.8	-5.252243663
20	11	2005	255.30312	17.51938	28.45	34.384	367.33	378.35	-11.02	6.3	-1.304494483
18	6	2018	254.62294	17.77396	27.8	34.381	438.39001	410.79	27.60001	1.525	3.424656711
22	11	2005	251.74889	19.06139	27.94	34.381	343.82	378.35	-34.53	13	-4.241251368
24	4	1994	249.99831	21.4983	21.4	34.38	411.84	361.23	50.61	5.21	10.11
24	11	2005	245.62949	21.73417	24.23	34.38	340.2	378.35	-38.15	11.9	-6.153794209
19	10	2000	245.97301	22.197	24.61	34.38	426.45999	368.45	58.00999	0.29001	9.096535229
15	3	2016	238.86951	21.4824	20.7397	34.3795	372.89999	397.19	-24.29001	1.85	-5.10462229
22	11	2005	253.63394	18.28262	28.29	34.379	338.21	378.35	-40.14	11.2	-4.806963112
26	11	2016	250	19	27.458	34.378	444.5720215	403.53	41.04202148	3.41	5.220757506
8	6	2008	246.50516	21.22227	21.41	34.378	357.6	389.03	-31.43	11.6	-6.273100055
24	11	2005	245.67839	21.71234	24.3	34.372	340.22	378.35	-38.13	11.9	-6.118805225
23	4	1994	250	18.5	25.4	34.37	351.3	361.23	-9.93	2.25	-1.46
16	1	2005	242.5	20	25.99	34.37	401.12	378.46	22.66	5.31999	3.209120135
21	10	2002	246.41699	20.418	27.31	34.37	417.72	370.55	47.17	1.67	6.065455003
23	4	1994	250	18.5	25.395	34.368	351.3	361.23	-9.896625977	2.25	-1.46435234
15	3	2016	238.74609	21.0704	21.6472	34.3678	356.89999	396.48999	-39.59	0.075	-7.759945274
24	11	2005	245.72771	21.6903	24.42	34.367	340.1	378.35	-38.25	11.5	-6.083627977
27	11	2016	250	17.5	28.916	34.365	425.54422	403.53	22.01421997	2.2	2.519998526
29	11	2014	248.37854	20.40254	26.09	34.365	407.12	397.28	9.84	5.6	1.383377804
22	11	2005	251.89664	18.99976	27.93	34.364	341.8	378.35	-36.55	13	-4.492950799
22	4	1994	250	17.9983	23.1569	34.3624	391.1394348	361.23	29.90943481	0.65001	5.228528765
28	11	2014	242.62482	22.29734	25.19	34.361	390.38	397.28	-6.9	3.575	-1.036565725
22	4	1994	250	17.9983	23.16	34.36	391.14	361.23	29.91	0.65	5.23
26	11	2016	250	19	27.372	34.36	428.2521667	403.53	24.72216675	2.36	3.164775022
28	11	2014	242.67397	22.2831	25.11	34.36	390.17999	397.28	-7.10001	3.35	-1.072945481
8	6	2008	248.24504	20.65951	22.08	34.358	352.28	389.14001	-36.86001	12.2	-6.990607596
22	11	2005	253.68245	18.26133	28.44	34.357	338.52	378.35	-39.83	10.4	-4.718839896
28	11	2014	242.77196	22.25425	25.28	34.357	390.95999	397.28	-6.32001	3.975	-0.943159228
24	11	2005	245.53174	21.77758	24.01	34.356	340.12	378.35	-38.23	12.1	-6.269380339
14	3	2016	238.6331	20.6909	21.5606	34.3553	357.34	396.01001	-38.67001	1.625	-7.630424754
24	11	2005	245.5807	21.75588	24.12	34.355	340.85	378.35	-37.5	12.2	-6.099430505
28	11	2014	242.7234	22.26931	25.12	34.355	390.03	397.28	-7.25	2.55	-1.094826137
28	11	2014	242.57607	22.31234	25.17	34.355	390.03	397.28	-7.25	3.475	-1.09078576
28	11	2014	242.91548	22.21	25.37	34.354	394.01999	397.28	-3.26001	0.625	-0.483287701
15	3	2016	238.7448	21.0661	21.655	34.3536	356.32999	396.44	-40.11001	0.6	-7.857698096
18	6	2018	255.30537	17.21944	26.93	34.352	441.13	410.79	30.34	1.575	4.011240603
28	11	2014	242.86769	22.22382	25.33	34.352	394.76001	397.28	-2.51999	3.125	-0.374689923
18	6	2018	254.6658	17.7383	27.98	34.351	438.66	410.79	27.87	1.75	3.413747735
31	10	2018	251.74542	20.25343	28.61	34.351	410.16	406	4.16	1.1	0.486852813
28	11	2014	243.10423	22.15687	25.59	34.351	390.42001	397.28	-6.85999	2.15	-1.000619895
28	11	2014	242.52722	22.32735	25.05	34.351	389.42001	397.28	-7.85999	3.175	-1.193124923
21	10	2002	246.32599	20.741	27.31	34.35	419.62	370.55	49.07	3.73	6.310320377
28	11	2014	242.47858	22.34171	24.97	34.35	389.85001	397.28	-7.42999	1.325	-1.134556009
18	6	2018	254.70876	17.70289	28.07	34.349	441.48001	410.79	30.69001	5.05	3.734761725
8	6	2008	246.45654	21.23461	21.35	34.349	355.48	389	-33.52	10.1	-6.721989231
28	11	2014	243.05754	22.16909	25.6	34.349	390.54999	397.28	-6.73001	1.9	-0.98094616
14	3	2016	238.6353	20.6986	21.5805	34.3476	357.16	396.07001	-38.91001	3.3	-7.66637293
15	3	2016	238.7421	21.0574	21.6934	34.3467	354.42001	396.42001	-42	0.525	-8.204105289
15	3	2016	238.7435	21.0618	21.6566	34.3466	355.45999	396.29999	-40.84	0.075	-7.999984781
8	6	2008	248.29144	20.64114	22.08	34.346	365.48	389.12	-23.64	12.7	-4.483640769
14	3	2016	238.6377	20.7062	21.5936	34.346	356.56	396.03	-39.47	4.6	-7.768975169
29	11	2014	243.15169	22.14479	25.59	34.346	390.16	397.28	-7.12	1.375	-1.038568797
28	11	2014	242.81995	22.23903	25.3	34.346	393.07999	397.28	-4.20001	4.15	-0.62588891
28	11	2014	242.43022	22.35582	24.96	34.346	391.51001	397.28	-5.76999	0.45	-0.881743193
31	10	2018	251.21556	20.5315	28.73	34.344	419.63	406	13.63	0.425	1.581442538
24	11	2005	245.48302	21.79935	24.03	34.344	340.69	378.35	-37.66	12.2	-6.167026013
8	6	2008	246.36101	21.25915	21.27	34.342	359.89	389.01999	-29.12999	13.2	-5.877793
20	11	2005	253.73059	18.24021	28.5	34.34	338.87	378.35	-39.48	10.8	-4.657483506
31	10	2018	251.2588	20.50756	28.73	34.34	421.70001	406	15.70001	0.575	1.821650029
14	3	2016	238.64011	20.7138	21.6077	34.339	356.25	396.23999	-39.98999	0.575	-7.863095367
28	11	2014	243.01068	22.18224	25.54	34.339	391.12	397.28	-6.16	2	-0.901882643
28	11	2014	242.96327	22.19603	25.48	34.339	392.26999	397.28	-5.01001	1.125	-0.736765668
28	11	2014	242.38214	22.36994	25.01	34.338	392.54001	397.28	-4.73999	0.175	-0.721692577
28	11	2014	242.28604	22.39963	24.81	34.338	390.07001	397.28	-7.20999	2.925	-1.114151573
19	12	2007	250	19.081	26.22	34.337	379.6965027	386.1	-6.403497314	3.41	-0.891811307
8	6	2008	248.474	20.56661	22.19	34.335	360.08	389.10999	-29.02999	11.9	-5.460343493
8	6	2008	246.31474	21.27712	21.23	34.335	362.28	388.95001	-26.67001	12.2	-5.39815262
28	11	2014	242.33392	22.38434	24.96	34.335	390.32999	397.28	-6.95001	4.125	-1.062120497
15	3	2016	239.0027	21.9265	20.5402	34.3346	381.04999	397.20001	-16.15002	7.5	-3.447480443
18	6	2018	254.75139	17.66761	27.95	34.334	444.42999	410.79	33.63999	4.875	4.129778514
15	3	2016	239.0004	21.9188	20.5491	34.3331	380.70001	397.12	-16.41999	8.35	-3.502718959
20	12	2007	250	17.333	26.252	34.333	397.5112	386.1	11.41119995	2.68001	1.585533166
15	3	2016	238.998	21.9111	20.5561	34.3307	380.51001	397.17999	-16.66998	7.75	-3.554159278
15	3	2016	239.0051	21.9342	20.5128	34.3297	381.01001	397.20999	-16.19998	7.225	-3.465572135
15	3	2016	238.6425	20.7214	21.6276	34.3296	355.91	396.14999	-40.23999	3.275	-7.900562576
15	3	2016	238.9957	21.9034	20.5581	34.3289	380.29999	397.09	-16.79001	6.05	-3.579226035
24	11	2005	246.17125	21.49288	24.12	34.328	340.54	378.35	-37.81	10.4	-6.150598942
28	11	2014	242.23782	22.41405	24.64	34.327	391.82001	397.28	-5.45999	3.15	-0.854477432
26	11	2016	250	18.501	28.101	34.325	413.1635132	403.53	9.633513184	3.58	1.169823694
15	3	2016	238.6452	20.7299	21.6251	34.3244	355.20001	396.22	-41.01999	3.05	-8.055436871
15	3	2016	238.6476	20.7374	21.6289	34.3238	355.07001	396.20001	-41.13	2.7	-8.074716324
26	11	2016	250	18.501	27.985	34.323	415.3057861	403.53	11.77578613	3.15001	1.442047529
31	10	2018	251.30205	20.48359	28.73	34.323	424.34	406	18.34	0.875	2.128119608
15	3	2016	238.74091	21.0529	21.72	34.323	353.38	396.38	-43	3.425	-8.383303643
15	3	2016	238.6499	20.745	21.628	34.3224	354.98001	395.95999	-40.97998	2.1	-8.04586953
22	11	2005	248.73447	20.36647	26.16	34.322	338.67	378.35	-39.68	10.2	-5.550959715
15	3	2016	238.65221	20.7525	21.6152	34.3211	354.28	396.23001	-41.95001	3.225	-8.244436311
21	10	2002	246.41	20.444	27.29	34.32	421.39999	370.55	50.84999	1.03	6.549610478
24	4	1994	250	21.9985	20.71	34.32	411.5	361.23	50.27	1.73	10.59
25	4	1994	250	21.999	20.69	34.32	369.2	361.23	7.97	3.41	1.68
25	4	1994	250	21.999	20.71	34.32	369.6	361.23	8.37	3.15	1.77
22	11	2005	248.78484	20.34394	26.66	34.319	338.01	378.35	-40.34	10.8	-5.440383245
22	11	2005	248.58244	20.43238	25.32	34.319	338.22	378.35	-40.13	9.7	-5.972095509
25	4	1994	250	21.999	20.685	34.318	369.2	361.23	7.959056396	3.41	1.680185747
15	3	2016	238.6544	20.76	21.6276	34.3174	354.34	396.07999	-41.73999	3.9	-8.195526289
20	11	2005	255.11411	17.60343	28.49	34.317	368.42	378.35	-9.93	8.9	-1.172411617
24	11	2005	246.22151	21.47091	24.2	34.317	341.23	378.35	-37.12	10.2	-6.00274762
25	4	1994	250	21.999	20.714	34.316	369.6	361.23	8.417827148	3.15001	1.773071092
15	3	2016	238.65669	20.7677	21.6388	34.3152	354.35999	396.03	-41.67001	2.65	-8.174865646
24	4	1994	250	21.9985	20.7144	34.3152	411.5010986	361.23	50.27109863	1.73	10.58845767
15	3	2016	238.6588	20.7753	21.64	34.3145	354.16	396.03	-41.87	2.85	-8.213372802
22	11	2005	251.60069	19.12224	27.89	34.312	342.39	378.35	-35.96	12	-4.434263952
15	3	2016	239.0074	21.9419	20.466	34.3118	381.57001	397.22	-15.64999	7.875	-3.360360593
31	10	2018	251.34538	20.45958	28.72	34.311	419.92999	406	13.92999	2.075	1.617644482
24	11	2005	245.82536	21.64602	24.32	34.311	341.4	378.35	-36.95	11.5	-5.922246337
21	10	2002	246.379	20.576	27.4	34.31	426.76999	370.55	56.21999	1.75	7.183839882
24	4	1994	250	21.9985	20.68	34.31	412.13	361.23	50.9	3.8	10.75
19	10	2000	245.968	22.214	24.39	34.31	426.64999	368.45	58.19999	0.60001	9.279708611
15	3	2016	238.661	20.783	21.6439	34.3092	354.04001	396.10999	-42.06998	2.8	-8.250342499
18	6	2018	255.26254	17.25432	27.3	34.309	449.91	410.79	39.12	1.175	5.035330811
15	3	2016	239.0099	21.9495	20.4066	34.3089	381.38	397.20001	-15.82001	7.825	-3.412598184
24	4	1994	250	21.9985	20.6848	34.3089	412.1346436	361.23	50.90464355	3.8	10.74677462
8	6	2008	246.40872	21.2464	21.29	34.308	355.32	389.03	-33.71	11.5	-6.792568107
8	6	2008	248.52037	20.54949	22.12	34.307	358.62	389.14999	-30.52999	12.8	-5.773860073
22	11	2005	249.09288	20.21215	26.63	34.306	337.46	378.35	-40.89	8.2	-5.526986888
15	3	2016	238.6633	20.7907	21.68	34.3051	354.07999	396.04001	-41.96002	2.925	-8.206260105
15	3	2016	238.72189	20.9859	21.7545	34.304	352.79999	396.42001	-43.62002	1.95	-8.482547773
16	3	1993	246.714	19.616	24.58	34.302	361.72	358.47	3.25	4.55	0.510947023
15	3	2016	238.6656	20.7983	21.682	34.3001	353.79999	396.23999	-42.44	3.575	-8.299053644
21	10	2002	246.33	20.757	27.21	34.3	421.88	370.55	51.33	1.75	6.650656833
18	6	2018	255.34808	17.18439	27.13	34.299	433.87	410.79	23.08	1.675	3.007898392
31	10	2018	251.83739	20.20858	28.62	34.299	406.84	406	0.84	1.675	0.098257845
22	11	2005	248.68373	20.38878	25.47	34.297	339.18	378.35	-39.17	9.9	-5.765614991
15	3	2016	239.01241	21.9571	20.3864	34.2936	381.78	397.17999	-15.39999	6.025	-3.327441495
22	11	2005	250.61501	19.54055	27.19	34.293	338.74	378.35	-39.61	11.7	-5.139777246
15	3	2016	238.668	20.8059	21.6986	34.2923	353.53	396.16	-42.63	4.875	-8.325939732
22	11	2005	249.85162	19.86812	27.21	34.292	340.15	378.35	-38.2	10.4	-4.949619231
31	10	2018	251.88324	20.18584	28.6	34.292	415.12	406	9.12	2.15	1.068372686
22	11	2005	248.53253	20.45461	25.33	34.292	337.72	378.35	-40.63	9.6	-6.042766568
18	6	2018	255.55525	17.01175	27.89	34.291	449.73001	410.79	38.94001	1.925	4.802168682
8	10	2002	251.877	17.05	28.66	34.29	377.39001	370.55	6.84001	2.28999	0.797825457
8	10	2002	251.87	17.061	28.67	34.29	376.67001	370.55	6.12001	1.02	0.7133291
8	10	2002	251.866	17.066	28.68	34.29	377.25	370.55	6.7	0.28	0.78036771
8	10	2002	251.862	17.072	28.69	34.29	377.37	370.55	6.82	0.87	0.793771613
8	10	2002	251.86099	17.075	28.69	34.29	377.09	370.55	6.54	0.64999	0.761182749
8	10	2002	251.85699	17.081	28.68	34.29	378.13	370.55	7.58	1.05	0.882863768
8	10	2002	251.854	17.086	28.64	34.29	377.20999	370.55	6.65999	0.2	0.777949636
8	10	2002	251.85001	17.092	28.65	34.29	390.60999	370.55	20.05999	0.66	2.341505759
8	10	2002	251.84601	17.098	28.62	34.29	398.03	370.55	27.48	2.2	3.214559531
22	11	2005	249.04111	20.23429	26.79	34.29	337.41	378.35	-40.94	7.8	-5.469774258
29	11	2014	248.42545	20.38596	26.24	34.29	404.04999	397.28	6.76999	5.625	0.941665227
24	11	2005	245.28665	21.8874	23.74	34.29	335.76	378.35	-42.59	11.7	-7.128869492
20	11	2005	257.18988	16.71891	28.78	34.288	365.33	378.35	-13.02	6.9	-1.505591624
6	6	2002	246.13	20.477	22.95	34.287	356.67999	375.52	-18.84001	3.37	-3.346327958
8	6	2008	244.66985	21.98692	20.58	34.287	301.22	389.09	-87.87	10.9	-18.70366711
1	11	2018	252.29291	19.97035	28.48	34.286	432.25	408.02	24.23	4.8	2.863228073
6	6	2002	246.131	20.471	22.92	34.285	357.48001	375.52	-18.03999	3.39	-3.211515633
6	6	2002	246.131	20.474	22.92	34.285	356.88	375.52	-18.64	2.47	-3.318330631
24	11	2005	245.77664	21.66819	24.23	34.284	341.32	378.35	-37.03	11	-5.975707993
15	3	2016	238.6702	20.8134	21.7274	34.2839	353.56	396.19	-42.63	6.075	-8.307963978
18	6	2018	255.51431	17.04578	27.86	34.283	445.32999	410.79	34.53999	0.875	4.268975982
6	6	2002	246.132	20.468	22.9	34.283	357.76999	375.52	-17.75001	3.23	-3.16469174
22	11	2005	250.71474	19.50114	27.22	34.282	338.64	378.35	-39.71	12.7	-5.14174843
31	10	2018	252.11017	20.0659	28.57	34.282	429.87	406	23.87	0.95	2.802461015
31	10	2018	252.06485	20.09042	28.58	34.282	428.5	406	22.5	3.5	2.639709515
15	3	2016	238.7197	20.9785	21.7868	34.2813	352.01001	396.32999	-44.31998	2.125	-8.59833655
8	10	2002	251.886	17.036	28.65	34.28	379.07999	370.55	8.52999	2.72	0.995707309
8	10	2002	251.884	17.038	28.66	34.28	378.51001	370.55	7.96001	1.8	0.928503231
8	10	2002	251.88	17.044	28.67	34.28	377.62	370.55	7.07	1.49001	0.824092334
8	10	2002	251.873	17.055	28.67	34.28	377.23001	370.55	6.68001	2.89	0.778634375
8	10	2002	251.843	17.103	28.59	34.28	397.07001	370.55	26.52001	2.55	3.109120236
8	10	2002	251.83899	17.109	28.59	34.28	394.76999	370.55	24.21999	1.97	2.839473327
8	10	2002	251.83701	17.112	28.58	34.28	391.17001	370.55	20.62001	1.8	2.419169092
22	11	2005	251.7982	19.04065	27.93	34.28	343.7	378.35	-34.65	12.9	-4.260940119
22	11	2005	249.14433	20.18973	26.84	34.28	337.5	378.35	-40.85	8	-5.438087641
6	6	2002	246.133	20.466	22.85	34.28	357.45999	375.52	-18.06001	1.12	-3.232176625
22	11	2005	250.66536	19.52095	27.16	34.279	338.94	378.35	-39.41	12.4	-5.125331525
24	11	2005	246.12115	21.51468	24.22	34.279	340.51	378.35	-37.84	10.3	-6.111110274
15	3	2016	238.6723	20.8209	21.7487	34.2789	353.48001	396.04001	-42.56	3.825	-8.281031777
22	11	2005	251.84753	19.02011	27.93	34.278	343.38	378.35	-34.97	12.9	-4.300328021
6	6	2002	246.175	20.323	22.89	34.278	359.64999	375.52	-15.87001	1.07001	-2.831701627
31	10	2018	252.24739	19.99361	28.47	34.277	430.42999	406	24.42999	3.475	2.889058908
31	10	2018	251.97443	20.13876	28.61	34.276	424.22	406	18.22	3	2.133009048
6	6	2002	246.134	20.463	22.8	34.276	357.67999	375.52	-17.84001	3.8	-3.204935414
20	11	2005	257.14221	16.73889	28.73	34.275	365.06	378.35	-13.29	7.6	-1.542450191
6	6	2002	246.17599	20.32	22.87	34.275	359.45999	375.52	-16.06001	3.22	-2.869969882
6	6	2002	246.177	20.318	22.86	34.274	359.54999	375.52	-15.97001	3	-2.856053887
24	11	2005	246.021	21.55812	24.24	34.274	340.26	378.35	-38.09	10.6	-6.14246332
22	11	2005	248.83525	20.32148	27.05	34.273	338.05	378.35	-40.3	10.7	-5.283421792
18	6	2018	255.39024	17.14953	27.45	34.272	437.95001	410.79	27.16001	2.05	3.458499365
16	3	1993	246.847	19.138	24.437	34.272	359.10001	358.47	0.63001	6.47	0.100118528
1	11	2018	252.60896	19.8029	28.41	34.272	420.45001	408.02	12.43001	6.525	1.476375879
6	6	2002	246.17801	20.312	22.85	34.272	359.76001	375.52	-15.75999	2.32001	-2.820647638
6	6	2002	246.177	20.315	22.85	34.272	359.62	375.52	-15.9	0.68001	-2.845705958
22	11	2005	248.63283	20.41058	25.18	34.272	338.77	378.35	-39.58	9.7	-5.9527357
24	11	2005	246.07101	21.53646	24.28	34.272	340.5	378.35	-37.85	10	-6.085656331
15	3	2016	238.6745	20.8285	21.7647	34.2717	353.09	396.16	-43.07	1.6	-8.370309788
15	3	2016	239.01489	21.9647	20.3053	34.2716	381.45999	397.10999	-15.65	5.2	-3.40316906
8	10	2002	251.90601	17.005	28.63	34.27	377.32999	370.55	6.77999	2.12	0.792606601
8	10	2002	251.834	17.117	28.57	34.27	387.62	370.55	17.07	2.40001	2.004209365
21	10	2002	246.41501	20.45	27.22	34.27	424.79999	370.55	54.24999	0.45	7.024789677
6	6	2002	246.13501	20.46	22.76	34.27	357.75	375.52	-17.77	5.5	-3.202103921
21	10	2002	246.377	20.558	27.35	34.27	429.41	370.55	58.86	1.27	7.549917752
19	10	2000	245.99899	22.107	24.36	34.27	427.28	368.45	58.83	1.44	9.402810681
20	11	2005	257.23758	16.69884	28.89	34.269	365.69	378.35	-12.66	7	-1.452521598
29	11	2014	248.47139	20.36919	26.28	34.268	403.41	397.28	6.13	5.15	0.850231135
6	6	2002	246.136	20.455	22.74	34.268	358.56	375.52	-16.96	2.47	-3.060793081
6	6	2002	246.13501	20.458	22.74	34.268	358.06	375.52	-17.46	4.97	-3.151028726
24	11	2005	245.87407	21.624	24.22	34.268	340.34	378.35	-38.01	11.5	-6.138868319
15	3	2016	238.7175	20.971	21.8244	34.2673	351.91	396.31	-44.4	1.125	-8.589733627
31	10	2018	252.0195	20.11476	28.59	34.267	426.70999	406	20.70999	3.6	2.428107946
22	11	2005	250.56516	19.56132	27.26	34.266	339.05	378.35	-39.3	12.7	-5.074207996
6	6	2002	246.13699	20.452	22.72	34.266	358.67001	375.52	-16.84999	0.25	-3.045566125
24	11	2005	245.4344	21.82116	23.78	34.266	337.27	378.35	-41.08	12.1	-6.856315432
20	11	2005	253.82721	18.19785	28.44	34.265	335.19	378.35	-43.16	10	-5.115385703
31	10	2018	251.92909	20.16288	28.62	34.265	420.29999	406	14.29999	0.15	1.672966061
24	11	2005	245.23752	21.90961	23.67	34.265	336.04	378.35	-42.31	11.5	-7.120010376
15	3	2016	238.67661	20.8359	21.7815	34.2646	353.03	396.09	-43.06	0.025	-8.357913763
22	11	2005	248.48277	20.47723	25.35	34.264	337.69	378.35	-40.66	9	-6.039056103
18	6	2018	255.47328	17.07993	27.54	34.263	441.01999	410.79	30.22999	0.825	3.824460765
22	11	2005	250.05273	19.77639	27.42	34.263	343.89	378.35	-34.46	11.5	-4.397825132
6	6	2002	246.138	20.45	22.68	34.263	358.25	375.52	-17.27	2.40001	-3.130975547
24	11	2005	246.2717	21.44867	24.28	34.263	340.35	378.35	-38	9.7	-6.110020685
15	3	2016	239.0173	21.9723	20.2544	34.2629	381.89001	397.14001	-15.25	6.8	-3.32946504
22	11	2005	250.10397	19.75447	27.44	34.262	342.68	378.35	-35.67	11.3	-4.54564719
22	11	2005	248.98892	20.25536	27.07	34.262	339.31	378.35	-39.04	8.8	-5.111017689
31	10	2018	252.20209	20.01718	28.49	34.261	431.88	406	25.88	5.1	3.05632676
8	10	2002	251.909	17	28.64	34.26	376.87	370.55	6.32	0.48	0.738330746
8	10	2002	251.83	17.123	28.59	34.26	384.69	370.55	14.14	3.55	1.657870399
21	10	2002	246.321	20.773	27.06	34.26	425.13	370.55	54.58	1.87	7.150750994
22	11	2005	249.1956	20.16734	26.91	34.259	338.07	378.35	-40.28	7.8	-5.335355786
6	6	2002	246.13901	20.447	22.65	34.259	358.45001	375.52	-17.06999	0.17	-3.10179889
8	6	2008	244.34923	22.12287	20.5	34.259	336.06	387.76	-51.7	10.6	-11.07450271
15	3	2016	239.1322	22.3533	20.2241	34.2581	382.82001	396.82001	-14	5.525	-3.06383589
31	10	2018	251.79123	20.23111	28.62	34.258	404.73001	406	-1.26999	1.8	-0.148581508
6	6	2002	246.056	20.733	23.07	34.258	360.03	375.52	-15.49	4.62	-2.726899652
15	3	2016	239.13091	22.349	20.2269	34.2577	382.85999	396.89001	-14.03002	6.5	-3.069742846
6	6	2002	246.14	20.444	22.64	34.257	358.81	375.52	-16.71	1.05	-3.038709735
6	6	2002	246.05701	20.731	23.12	34.257	359.39999	375.52	-16.12001	4.92	-2.82715871
6	6	2002	246.05499	20.736	23.03	34.257	361.17999	375.52	-14.34001	5.35001	-2.532081045
15	3	2016	238.6787	20.8433	21.8017	34.257	352.72	396.07999	-43.35999	0.3	-8.40346987
15	3	2016	239.1335	22.3576	20.2162	34.2564	382.25	396.98001	-14.73001	5.375	-3.225601909
31	10	2018	252.15598	20.04142	28.58	34.256	431.84	406	25.84	2.95	3.031898572
6	6	2002	246.14	20.441	22.63	34.256	358.85999	375.52	-16.66001	0.33	-3.031925168
24	11	2005	246.3219	21.42668	24.36	34.256	340.62	378.35	-37.73	9.8	-6.030772138
15	3	2016	239.01981	21.98	20.2325	34.2557	382.13	397.20999	-15.07999	6.9	-3.298068544
15	3	2016	239.1295	22.3445	20.2197	34.2557	382.95001	396.81	-13.85999	6.55	-3.034267309
22	11	2005	249.80289	19.89028	27.32	34.255	340.53	378.35	-37.82	9.6	-4.862060982
22	11	2005	249.75349	19.91211	27.33	34.255	341.37	378.35	-36.98	8.9	-4.750612217
6	6	2002	246.054	20.739	22.97	34.255	362.44	375.52	-13.08	6.8	-2.320082673
6	6	2002	246.054	20.742	22.89	34.255	362.92999	375.52	-12.59001	5.5	-2.246682872
6	6	2002	246.05301	20.744	22.78	34.255	363.09	375.52	-12.43	3.90001	-2.236622685
6	6	2002	246.052	20.747	22.78	34.255	364.89999	375.52	-10.62001	1.15001	-1.910937674
15	3	2016	239.13499	22.363	20.218	34.255	382.72	397.07001	-14.35001	5.75	-3.141969454
16	3	1993	246.783	19.378	24.542	34.254	359.91	358.47	1.44	5.92	0.227077689
15	3	2016	239.1073	22.2779	20.2096	34.254	382.92001	396.94	-14.01999	5.425	-3.071731268
28	11	2014	242.18961	22.42766	24.16	34.254	407.10001	397.28	9.82001	0.9	1.59320557
15	3	2016	238.71519	20.9636	21.8485	34.2534	351.57999	396.29999	-44.72	1.525	-8.636301874
6	6	2002	246.05099	20.749	22.66	34.252	364.70001	375.52	-10.81999	1.48	-1.96468383
6	6	2002	246.04901	20.757	22.38	34.252	363.07999	375.52	-12.44001	3.12	-2.307250767
15	3	2016	238.68089	20.8508	21.8237	34.2511	352.64001	396.14999	-43.50998	3.75	-8.418623504
1	11	2018	252.33844	19.94765	28.44	34.251	423.28	408.02	15.26	4.075	1.808746313
22	11	2005	248.43303	20.50022	25.25	34.251	337.96	378.35	-40.39	9.9	-6.043776062
15	3	2016	239.1048	22.2705	20.1911	34.2504	383.37	396.97	-13.6	4.85	-2.984054201
15	3	2016	239.1394	22.378	20.2082	34.2501	382.54001	396.94	-14.39999	6.125	-3.155388774
8	10	2002	251.827	17.128	28.66	34.25	383.35999	370.55	12.80999	0.8	1.494426483
8	10	2002	251.823	17.134	28.68	34.25	382.04999	370.55	11.49999	1.63	1.339666033
8	10	2002	251.819	17.139	28.7	34.25	381.22	370.55	10.67	1.02	1.241186118
8	10	2002	251.793	17.182	28.78	34.25	378.06	370.55	7.51	2.90001	0.868574213
20	11	2005	254.20721	18.01663	28.58	34.25	332.19	378.35	-46.16	9.5	-5.416255719
21	10	2002	246.384	20.546	27.32	34.25	431.89001	370.55	61.34001	0.39999	7.885916589
22	11	2005	247.98473	20.70517	25.27	34.25	339.6	378.35	-38.75	7.5	-5.789837894
6	6	2002	246.05	20.752	22.55	34.25	364.34	375.52	-11.18	3.87	-2.047038063
19	10	2000	245.946	22.291	24.11	34.25	425.82001	368.45	57.37001	4.00999	9.342687812
18	6	2018	255.43187	17.11457	27.55	34.249	440.73001	410.79	29.94001	0.975	3.785252328
6	6	2002	246.05	20.755	22.45	34.249	363.62	375.52	-11.9	4.64	-2.195444169
1	11	2018	252.51895	19.85006	28.44	34.248	415.29001	408.02	7.27001	0.05	0.861715178
1	11	2018	252.47423	19.87496	28.43	34.248	414.10999	408.02	6.08999	3.65	0.722369107
19	6	2018	248.75998	22.48698	22.8	34.248	407.38	410.79	-3.41	1.775	-0.612680267
15	3	2016	239.1416	22.3857	20.1915	34.2471	382.72	396.82999	-14.10999	6.225	-3.09590522
22	11	2005	248.93698	20.27686	27.12	34.247	339.47	378.35	-38.88	9.8	-5.071878195
22	11	2005	249.24689	20.14484	26.97	34.246	338.3	378.35	-40.05	7.4	-5.282007175
22	11	2005	249.34933	20.09949	27.17	34.245	336.92	378.35	-41.43	7.7	-5.384908737
22	11	2005	249.29816	20.12229	27.08	34.245	337.23	378.35	-41.12	7.2	-5.379800732
15	3	2016	238.68311	20.8582	21.8387	34.2444	352.14999	396.25	-44.10001	4.05	-8.523290261
22	11	2005	249.65358	19.9567	27.45	34.244	341.71	378.35	-36.64	8.9	-4.666230004
22	11	2005	250.15572	19.73273	27.52	34.243	342.1	378.35	-36.25	11.5	-4.59313819
1	11	2018	252.42952	19.89984	28.41	34.243	414.28	408.02	6.26	4.825	0.743625091
22	11	2005	249.40041	20.07587	27.25	34.242	337.04	378.35	-41.31	8.5	-5.338173656
15	3	2016	239.10249	22.2629	20.1588	34.2407	383.69	396.73999	-13.04999	3.625	-2.870709013
15	3	2016	238.6853	20.8657	21.8547	34.2404	351.98999	396.07999	-44.09	2.6	-8.511118823
8	10	2002	251.81601	17.145	28.7	34.24	380.63	370.55	10.08	2.72	1.172604798
8	10	2002	251.814	17.148	28.7	34.24	379.45001	370.55	8.90001	5.12	1.035336749
8	10	2002	251.79599	17.176	28.77	34.24	378.57999	370.55	8.02999	3.95	0.929423693
15	3	2016	238.71291	20.9562	21.8721	34.24	351.69	396.17999	-44.48999	2.825	-8.576960002
19	10	2000	245.951	22.274	24.11	34.24	426.23001	368.45	57.78001	0.34	9.409879217
19	10	2000	245.94099	22.306	24.05	34.24	425.85999	368.45	57.40999	-1.7	9.391563839
24	11	2005	245.97176	21.57995	24.19	34.239	340.94	378.35	-37.41	10.9	-6.056276128
15	3	2016	238.71069	20.9488	21.8771	34.2385	351.51001	396.22	-44.70999	2.125	-8.61614624
20	11	2005	254.15993	18.0386	28.48	34.238	332.32	378.35	-46.03	9.4	-5.440429812
15	3	2016	239.1438	22.3933	20.1744	34.2375	382.57999	396.98001	-14.40002	6.15	-3.163889353
1	11	2018	252.6539	19.77973	28.38	34.237	415.03	408.02	7.01	5.6	0.834546919
22	11	2005	248.88568	20.29906	27.09	34.237	337.83	378.35	-40.52	10.2	-5.297622114
15	3	2016	238.7083	20.9412	21.8832	34.2365	351.57001	396.20001	-44.63	0.95	-8.596810807
1	11	2018	252.56371	19.82614	28.44	34.236	419.47	408.02	11.45	2.85	1.357240022
8	6	2008	244.30402	22.14246	20.39	34.236	330.51	387.76	-57.25	9.8	-12.36973311
15	3	2016	238.68761	20.8733	21.8678	34.2352	352.17001	396.07999	-43.90998	3.8	-8.4681059
22	11	2005	250.5153	19.5823	27.36	34.235	339.2	378.35	-39.15	12	-5.018844989
22	11	2005	249.45114	20.05213	27.31	34.235	337.82	378.35	-40.53	9	-5.21470262
1	11	2018	252.38422	19.92446	28.43	34.234	418.60999	408.02	10.58999	4.7	1.25621598
22	11	2005	249.70378	19.93405	27.39	34.234	341.52	378.35	-36.83	9.3	-4.711154243
29	11	2014	248.5173	20.35293	26.39	34.234	403.57001	397.28	6.29001	2.6	0.865547672
22	11	2005	248.0345	20.6831	25.24	34.234	339.52	378.35	-38.83	7.7	-5.815079406
15	3	2016	239.022	21.9876	20.2104	34.2333	382.51999	397.26999	-14.75	5.925	-3.231783984
22	11	2005	251.15526	19.31256	27.41	34.233	341.01	378.35	-37.34	11.7	-4.769465506
22	11	2005	247.93488	20.72715	25.21	34.233	340.05	378.35	-38.3	7.6	-5.748464478
15	3	2016	238.70599	20.9338	21.891	34.2329	351.41	396.14001	-44.73001	1.075	-8.611095086
15	3	2016	238.7037	20.9265	21.8921	34.2314	351.42001	396.19	-44.76999	1.525	-8.618128286
22	11	2005	246.62534	21.29571	24.26	34.231	339.51	378.35	-38.84	10	-6.255292537
15	3	2016	238.70129	20.919	21.8968	34.2302	351.26001	396.17001	-44.91	1.05	-8.642030494
8	10	2002	251.80701	17.159	28.74	34.23	379.42999	370.55	8.87999	2.53	1.030076114
8	10	2002	251.804	17.165	28.76	34.23	378.54999	370.55	7.99999	3.98	0.926658995
8	10	2002	251.8	17.17	28.77	34.23	378.16	370.55	7.61	4.97	0.88085013
21	10	2002	246.40601	20.475	27.21	34.23	428	370.55	57.45	1.32001	7.445877591
24	11	2005	245.92282	21.60202	24.14	34.23	340.68	378.35	-37.67	11.2	-6.121388656
15	3	2016	238.6991	20.9117	21.888	34.2298	351.19	396.10001	-44.91001	0.225	-8.647847953
18	6	2018	254.79439	17.63182	28.05	34.229	442.88	410.79	32.09	3.575	3.912822511
15	3	2016	238.6898	20.8807	21.8827	34.2288	351.92999	396.01999	-44.09	3	-8.493417536
15	3	2016	238.69209	20.8883	21.8879	34.2282	351.72	396.04999	-44.32999	3.725	-8.536287325
15	3	2016	239.10049	22.2553	20.1215	34.228	383.51999	397.04001	-13.52002	3.65	-2.982930541
15	3	2016	238.6965	20.9032	21.887	34.2278	351.37	396.12	-44.75	0.275	-8.617772545
15	3	2016	238.69431	20.8958	21.887	34.2277	351.59	396.17999	-44.58999	0.175	-8.58696241
15	3	1993	246.925	18.903	24.33	34.227	354.85999	358.47	-3.61001	6.81999	-0.578390031
22	11	2005	249.60298	19.9802	27.47	34.227	339.89	378.35	-38.46	9.1	-4.891254168
20	11	2005	257.28479	16.67917	28.93	34.226	366.05	378.35	-12.3	7.6	-1.407416864
15	3	2016	239.146	22.4011	20.1477	34.226	382.82001	396.92999	-14.10998	6.925	-3.106778828
22	11	2005	250.2079	19.71084	27.59	34.225	341.77	378.35	-36.58	12.2	-4.611785833
15	3	2016	239.04919	22.08	20.1548	34.2244	384.12	397.10999	-12.98999	3.15	-2.858616955
22	11	2005	251.05713	19.35474	27.47	34.223	336.91	378.35	-41.44	12.1	-5.270335394
14	3	2016	238.57021	20.481	21.8359	34.2221	343.20999	395.66	-52.45001	6	-10.14031305
15	3	2016	239.0468	22.0724	20.1486	34.2221	383.85999	397.10001	-13.24002	5.925	-2.915077028
18	6	2018	254.96445	17.49313	28.12	34.222	433.92001	410.79	23.13001	4.925	2.806126034
1	11	2018	252.87183	19.66502	28.34	34.222	413.12	408.02	5.1	1.475	0.608957589
29	11	2014	249.94853	19.85752	26.78	34.222	421.37	397.28	24.09	2.05	3.22184825
1	11	2018	252.91451	19.64171	28.33	34.221	415.16	408.02	7.14	2.35	0.85316106
22	11	2005	246.57466	21.31702	24.27	34.221	340.22	378.35	-38.13	10.4	-6.136648118
19	6	2018	248.80104	22.45337	22.73	34.221	408.09	410.79	-2.7	1.325	-0.487745139
15	3	2016	239.05161	22.0876	20.153	34.2202	383.98999	397.14999	-13.16	4.075	-2.896492276
8	10	2002	251.811	17.154	28.72	34.22	379.70001	370.55	9.15001	3.12	1.06297604
22	11	2005	249.50166	20.02806	27.37	34.22	337.61	378.35	-40.74	9.3	-5.219216144
21	10	2002	246.39099	20.53	27.31	34.22	432.85999	370.55	62.30999	1.43001	8.017500695
15	3	2016	239.0242	21.9952	20.1468	34.22	382.44	397.38	-14.94	5.325	-3.289857519
30	11	2014	249.99168	19.84052	26.78	34.219	421.29001	397.28	24.01001	4.425	3.211192415
19	6	2018	248.92282	22.35131	22.67	34.218	399.60999	410.79	-11.18001	3.475	-2.028835743
15	3	2016	239.04449	22.0648	20.1296	34.2175	383.89999	397.10001	-13.20002	4.575	-2.910634679
15	3	2016	239.0538	22.0952	20.1384	34.2172	383.95001	397.13	-13.17999	4.075	-2.90423153
20	11	2005	255.25584	17.53987	28.53	34.217	368.19	378.35	-10.16	6.5	-1.196621119
22	11	2005	251.10605	19.33368	27.47	34.217	338.35	378.35	-40	12.7	-5.087329088
15	3	2016	239.056	22.1026	20.14	34.216	383.87	397.28	-13.41	6.025	-2.954563035
15	3	2016	239.0582	22.1102	20.1253	34.2134	383.95001	397.32999	-13.37998	7.075	-2.951360589
15	3	2016	239.0986	22.2477	20.0923	34.2131	384.10999	396.91	-12.80001	3.725	-2.83070065
22	11	2005	250.46471	19.60353	27.41	34.213	339.54	378.35	-38.81	12.4	-4.957661199
1	11	2018	252.9566	19.61887	28.34	34.213	414.34	408.02	6.32	2.35	0.754659068
22	11	2005	250.3118	19.66746	27.72	34.213	337.03	378.35	-41.32	12.7	-5.160677342
14	3	2016	238.4695	20.1391	22.2308	34.2111	349.60999	395.42999	-45.82	3.8	-8.596627517
20	11	2005	257.09433	16.75883	28.82	34.211	364.59	378.35	-13.76	7.6	-1.58710562
22	11	2005	251.20488	19.29131	27.47	34.211	340.39	378.35	-37.96	12.4	-4.8280013
22	11	2005	250.26013	19.68903	27.68	34.211	338.5	378.35	-39.85	12.1	-4.991604452
19	10	2000	245.936	22.323	23.93	34.21	425.92999	368.45	57.47999	4.47	9.488922478
22	11	2005	251.0081	19.37588	27.49	34.209	336.78	378.35	-41.57	11.9	-5.27950505
15	3	2016	239.0421	22.0572	20.1168	34.2086	383.87	397.14001	-13.27001	6.725	-2.929106945
19	6	2018	248.84157	22.4191	22.68	34.208	408.01001	410.79	-2.77999	4.175	-0.504126309
22	11	2005	250.36295	19.64598	27.71	34.207	338.53	378.35	-39.82	12.6	-4.977076796
29	11	2014	248.56329	20.3374	26.66	34.207	407.85001	397.28	10.57001	5.225	1.426206229
15	3	2016	239.0397	22.0495	20.1088	34.2064	384.19	397.20999	-13.01999	7.725	-2.87574029
22	11	2005	250.00177	19.79868	27.43	34.206	343.6	378.35	-34.75	10.9	-4.432708976
19	6	2018	248.88225	22.38491	22.64	34.205	401.14001	410.79	-9.64999	2.9	-1.755264314
18	6	2018	255.13405	17.35747	27.74	34.203	439.03	410.79	28.24	0.5	3.522079968
20	11	2005	254.11279	18.06091	28.46	34.202	332.77	378.35	-45.58	9	-5.395869119
19	6	2018	248.963	22.3183	22.57	34.202	404.48999	410.79	-6.30001	2.825	-1.152027727
15	3	2016	239.0266	22.0037	20.1127	34.2019	383.16	397.20001	-14.04001	6.025	-3.100156454
15	3	2016	239.0966	22.24	20.058	34.2019	384.39999	396.88	-12.48001	5.1	-2.7674636
15	3	2016	239.03729	22.0417	20.0958	34.2013	383.79999	397.26001	-13.46002	7.075	-2.976012763
22	11	2005	250.76382	19.48052	27.46	34.201	339.28	378.35	-39.07	12	-4.973010686
20	11	2005	253.87552	18.1763	28.41	34.2	335.68	378.35	-42.67	10.1	-5.069705926
22	11	2005	251.35423	19.22739	28.01	34.2	342.37	378.35	-35.98	11.5	-4.400428147
1	11	2018	252.99918	19.59606	28.35	34.2	411.5	408.02	3.48	1.45	0.415263002
14	3	2016	238.4716	20.1462	21.9751	34.2	351	395.56	-44.56	5.025	-8.524852091
24	4	1994	249.99831	21.4983	19.75	34.2	421.04	361.23	59.81	2.61	13.59
19	10	2000	245.909	22.416	23.99	34.2	424.38	368.45	55.93	2.7	9.192179201
19	10	2000	245.903	22.433	24.02	34.2	424.70001	368.45	56.25001	2.92	9.224091453
19	10	2000	245.886	22.493	24.04	34.2	426.91	368.45	58.46	1.37	9.572194302
15	3	2016	239.06039	22.1178	20.1036	34.1999	384.01999	397.07001	-13.05002	5.625	-2.883627945
15	3	2016	239.0351	22.0342	20.0898	34.1997	383.72	397.32999	-13.60999	6.25	-3.010600418
22	11	2005	249.55241	20.00397	27.42	34.199	338.67	378.35	-39.68	8.5	-5.065418171
15	3	2016	239.033	22.0265	20.0786	34.1979	383.75	397.39001	-13.64001	6.675	-3.019900271
24	4	1994	249.99831	21.4983	19.7463	34.1977	421.0396118	361.23	59.80961182	2.61	13.5899592
22	11	2005	250.81285	19.45962	27.5	34.197	339.84	378.35	-38.51	11.4	-4.887575873
15	3	2016	239.1481	22.409	20.1	34.1962	383.01001	396.92001	-13.91	7	-3.074570389
18	6	2018	255.17648	17.32346	27.72	34.195	441.03	410.79	30.24	0.15	3.7771314
18	6	2018	255.09167	17.39141	27.79	34.193	436.70001	410.79	25.91001	3.1	3.219915764
18	6	2018	254.92215	17.52735	28.12	34.193	436.54001	410.79	25.75001	5.325	3.124375054
15	3	2016	239.02879	22.0113	20.0729	34.1927	383.07999	397.32999	-14.25	6.475	-3.156430111
15	3	2016	239.0309	22.0189	20.0593	34.1927	383.34	397.29999	-13.95999	5.725	-3.095470694
15	3	2016	239.0627	22.1256	20.0805	34.1926	384.14001	397.17001	-13.03	6.9	-2.884488111
20	11	2005	254.72925	17.77368	28.66	34.192	368.4	378.35	-9.95	7.2	-1.161066331
20	11	2005	254.35208	17.94979	28.47	34.192	333.79	378.35	-44.56	10.5	-5.271535849
1	11	2018	252.69829	19.75647	28.37	34.191	415.94	408.02	7.92	0.25	0.943752195
14	3	2016	238.4738	20.1531	21.9946	34.191	350.12	395.5	-45.38	3.45	-8.669201471
19	10	2000	245.918	22.382	23.92	34.19	425.42999	368.45	56.97999	5.12	9.414259223
19	10	2000	245.91299	22.4	23.96	34.19	424.59	368.45	56.14	1.69	9.247802545
14	3	2016	238.02679	18.641	22.3502	34.189	350.29001	395.34	-45.04999	1.175	-8.376746121
14	3	2016	238.02451	18.6333	22.36	34.188	349.89999	395.35999	-45.46	1.9	-8.446741706
22	11	2005	251.40361	19.20602	28.05	34.188	341.88	378.35	-36.47	12.4	-4.447676302
15	3	2016	239.0648	22.1332	20.0643	34.1861	384.07999	397.13	-13.05001	5.975	-2.892654425
20	11	2005	254.01787	18.10679	28.53	34.186	335.46	378.35	-42.89	10.4	-5.052157795
14	3	2016	238.0472	18.7097	22.3568	34.186	350.60001	395.35001	-44.75	3.05	-8.31691395
20	11	2005	254.06543	18.08375	28.46	34.185	333.26	378.35	-45.09	9.9	-5.338252347
22	11	2005	250.9592	19.39694	27.53	34.185	336.97	378.35	-41.38	11.4	-5.240656529
22	11	2005	250.86182	19.43862	27.51	34.185	338.81	378.35	-39.54	12.2	-5.014913929
14	3	2016	238.022	18.6258	22.3627	34.1842	349.10999	395.32001	-46.21002	5.2	-8.584490661
15	3	2016	239.0946	22.2324	20.0225	34.1842	384.60999	396.97	-12.36001	3.925	-2.748675477
18	6	2018	255.00693	17.45902	28.11	34.184	435	410.79	24.21	5.125	2.939760708
1	11	2018	252.82921	19.68841	28.35	34.184	417.92999	408.02	9.90999	1.375	1.182625274
22	11	2005	247.68573	20.83929	24.98	34.184	340.95	378.35	-37.4	9.3	-5.710961123
14	3	2016	238.4758	20.1601	22.0203	34.1827	349.56	395.51001	-45.95001	0.85	-8.761266466
14	3	2016	238.0779	18.8157	22.3395	34.182	351.42001	395.45999	-44.03998	4.775	-8.195853719
22	11	2005	251.55141	19.1426	28	34.182	342.35	378.35	-36	12.2	-4.406409608
15	3	2016	239.067	22.1408	20.0543	34.182	384.23999	397.19	-12.95001	6.025	-2.87278136
24	11	2005	245.38525	21.84314	23.53	34.181	336.68	378.35	-41.67	11.9	-7.088944552
20	10	2002	247.314	17.296	28.7	34.18	379.64001	370.55	9.09001	0.64999	1.057711837
23	4	1994	250	17.502	26.78	34.18	352.9	361.23	-8.33	3.82	-1.12
20	11	2005	255.16176	17.58234	28.61	34.18	368.63	378.35	-9.72	6.7	-1.138386545
16	3	1993	246.63901	19.806	24.543	34.18	357.82999	358.47	-0.64001	4.52	-0.100950938
8	6	2008	244.3943	22.10327	20.4	34.178	330.39	387.76	-57.37	11	-12.38938229
14	3	2016	238.04849	18.7143	22.3687	34.1776	350.63	395.31	-44.68	3.85	-8.296730558
15	3	2016	239.09261	22.2249	20.0004	34.1765	384.82001	397.13	-12.30999	4.95	-2.742372268
23	4	1994	250	17.502	26.78	34.175	352.9	361.23	-8.351124268	3.81999	-1.117127238
24	11	2005	245.3358	21.86529	23.44	34.175	336.75	378.35	-41.6	11.7	-7.125167165
15	3	2016	239.06931	22.1485	20.0333	34.1727	384.45999	397.17001	-12.71002	6.025	-2.824284528
14	3	2016	238.4781	20.1671	22.0503	34.1725	349.28	395.45001	-46.17001	2.9	-8.783544444
22	11	2005	250.91049	19.41779	27.54	34.172	337.55	378.35	-40.8	11.9	-5.163737306
14	3	2016	238.0499	18.7188	22.4032	34.1718	350.76001	395.34	-44.57999	4.175	-8.256748749
20	11	2005	253.9705	18.1301	28.55	34.171	336.36	378.35	-41.99	9.8	-4.939323544
15	3	2016	239.15021	22.4167	20.007	34.171	382.98999	396.98999	-14	7.675	-3.117341063
22	4	1994	250.0033	17.5017	26.78	34.17	319.92	361.23	-41.31	2.68	-5.53
22	11	2005	248.08461	20.66117	25.03	34.17	338.89	378.35	-39.46	7.8	-6.003633271
25	4	1994	250	22.497	18.17	34.17	440.9	361.23	79.67	3.58	20.51
20	11	2005	255.20886	17.56089	28.63	34.169	368.67	378.35	-9.68	6.3	-1.132119951
29	11	2014	249.9048	19.87328	26.82	34.168	415.84	397.28	18.56	2.775	2.475595078
22	4	1994	250.0033	17.5017	26.7798	34.1675	319.9237671	361.23	-41.30623291	2.68001	-5.525783942
20	11	2005	257.33215	16.65921	28.95	34.167	366.71	378.35	-11.64	7.2	-1.330316042
22	11	2005	247.88513	20.74928	25.02	34.167	339.86	378.35	-38.49	8.6	-5.860467609
22	11	2005	247.73602	20.81665	24.95	34.167	340.51	378.35	-37.84	8.8	-5.791439723
20	11	2005	256.95264	16.81881	28.83	34.166	374.11	378.35	-4.24	8.2	-0.488791931
22	11	2005	247.63495	20.86241	24.84	34.166	341.06	378.35	-37.29	10.2	-5.753997201
14	3	2016	238.46741	20.1321	22.3429	34.1657	347.56	395.32001	-47.76001	3.875	-8.886521666
15	3	2016	239.07179	22.156	20.0116	34.1657	384.64001	397.16	-12.51999	4.65	-2.786860254
14	3	2016	238.0193	18.6183	22.4396	34.1656	348.5	395.28	-46.78	4.125	-8.640587214
15	3	2016	239.09061	22.2174	19.973	34.1653	385.39001	397.16	-11.76999	7.225	-2.627820851
20	11	2005	257.04678	16.77887	28.89	34.165	366.7	378.35	-11.65	7.7	-1.337236815
25	4	1994	250	22.497	18.174	34.165	440.9	361.23	79.68436768	3.58	20.50707095
29	11	2014	249.86098	19.88885	26.88	34.164	415.16	397.28	17.88	3.775	2.374506401
22	11	2005	247.78592	20.79412	24.97	34.164	340.71	378.35	-37.64	8.1	-5.752379789
14	3	2016	238.5688	20.4766	21.967	34.1637	342.67999	395.57999	-52.9	4.2	-10.1283231
20	11	2005	254.39972	17.92689	28.54	34.163	335.19	378.35	-43.16	10.6	-5.080794228
18	6	2018	254.83714	17.59646	28.13	34.162	443.31	410.79	32.52	4.225	3.943482571
20	11	2005	254.4928	17.88137	28.59	34.162	338.08	378.35	-40.27	10.9	-4.723519727
14	3	2016	238.05119	18.7233	22.4108	34.162	350.85001	395.31	-44.45999	3.6	-8.230148109
18	6	2018	255.04971	17.42487	27.97	34.161	436.45001	410.79	25.66001	5.15	3.147915859
15	3	2016	239.0743	22.1636	19.9972	34.1604	384.82999	397.23999	-12.41	1.875	-2.765549674
14	3	2016	238.48019	20.1742	22.0628	34.1601	348.54999	395.56	-47.01001	2.475	-8.935352917
20	11	2005	254.30354	17.97218	28.51	34.16	332.74	378.35	-45.61	10.8	-5.380924115
22	11	2005	251.45287	19.18463	28.05	34.159	342.47	378.35	-35.88	12	-4.376271837
22	11	2005	248.38335	20.52362	24.81	34.159	339.34	378.35	-39.01	9.8	-6.032992214
22	11	2005	249.90089	19.84476	27.48	34.158	340.11	378.35	-38.24	10.7	-4.861197537
14	3	2016	238.07561	18.8079	22.36	34.1571	351.07999	395.37	-44.29001	4.375	-8.230512032
22	11	2005	249.95097	19.82152	27.5	34.157	340.74	378.35	-37.61	10.8	-4.774180804
29	11	2014	249.81667	19.90425	26.88	34.156	415.23999	397.28	17.95999	8.15	2.385212763
15	3	2016	239.08859	22.2098	19.9378	34.1552	385.60999	397.04001	-11.43002	6.25	-2.559058015
18	6	2018	254.87975	17.56167	28.14	34.155	444.95999	410.79	34.16999	3.7	4.140691374
20	11	2005	254.25523	17.99436	28.62	34.155	332.48	378.35	-45.87	10.5	-5.368901135
14	3	2016	238.05251	18.7279	22.4374	34.1546	351.04001	395.35001	-44.31	3.5	-8.186137037
20	11	2005	254.44653	17.90408	28.55	34.154	335.76	378.35	-42.59	10.9	-5.010268357
15	3	2016	239.0768	22.171	19.9813	34.1539	384.98001	397.16	-12.17999	3.2	-2.71774328
22	11	2005	247.83545	20.77172	24.99	34.153	340.31	378.35	-38.04	9.4	-5.805191624
20	11	2005	253.92325	18.15351	28.45	34.152	335.99	378.35	-42.36	9.2	-5.019382933
14	3	2016	238.4823	20.1812	22.0834	34.1518	348.20001	395.53	-47.32999	5.45	-8.982424301
24	11	2005	246.52405	21.33874	24.1	34.151	340.36	378.35	-37.99	10.5	-6.194032036
16	1	2005	242.5	20	22.92	34.15	372.10999	378.46	-6.35001	5.53999	-1.131135463
24	11	2005	246.42282	21.38272	24.09	34.148	340.23	378.35	-38.12	9.7	-6.219949792
14	3	2016	238.4848	20.1893	22.0948	34.1472	347.66	395.45001	-47.79001	2	-9.062056726
29	11	2014	249.72624	19.93491	26.88	34.147	413.23001	397.28	15.95001	0.825	2.118356735
22	11	2005	246.6763	21.27449	24.02	34.147	339.82	378.35	-38.53	10.2	-6.319803473
15	3	2016	239.07919	22.1785	19.9518	34.1448	385.06	397.23001	-12.17001	5.25	-2.721889926
15	3	2016	239.1523	22.4244	19.9346	34.1446	383.70999	396.97	-13.26001	6.9	-2.969661427
14	3	2016	238.0732	18.8	22.3606	34.1441	350.94	395.41	-44.47	4.775	-8.264074544
15	3	2016	239.0864	22.2021	19.9282	34.1441	385.60001	397.32001	-11.72	6.95	-2.626084496
20	11	2005	256.99979	16.79893	28.87	34.144	368.78	378.35	-9.57	7.7	-1.100168505
14	3	2016	238.05679	18.7434	22.4595	34.1433	350.97	395.29001	-44.32001	3.825	-8.174705842
14	3	2016	238.0804	18.8235	22.4012	34.1431	351.38	395.44	-44.06	3.4	-8.162747468
15	3	2016	239.0843	22.1947	19.9361	34.143	385.14999	397.23999	-12.09	6.95	-2.707333599
19	6	2018	249.00282	22.28563	22.28	34.143	404.69	410.79	-6.1	2.325	-1.140553012
14	3	2016	238.07091	18.792	22.3906	34.1426	350.95001	395.44	-44.48999	3.5	-8.249055716
15	3	2016	239.08211	22.1871	19.9393	34.1423	385.14999	397.12	-11.97001	5.6	-2.679803307
14	3	2016	238.48669	20.1964	22.1099	34.1415	347.51999	395.47	-47.95001	0.925	-9.082196016
14	3	2016	238.48869	20.2037	22.1178	34.1402	347.16	395.45001	-48.29001	6.1	-9.14115576
20	10	2002	247.304	17.312	28.65	34.14	380.59	370.55	10.04	3.2	1.172676045
22	11	2005	248.13512	20.63915	24.92	34.14	338.42	378.35	-39.93	8.7	-6.125649733
14	3	2016	238.4653	20.1251	22.4278	34.1392	347.10999	395.29999	-48.19	3	-8.910062093
24	11	2005	246.47333	21.36061	24.08	34.136	340.34	378.35	-38.01	10.2	-6.206965003
14	3	2016	238.0685	18.7841	22.4468	34.1343	350.85999	395.39001	-44.53002	3.275	-8.221687903
1	11	2018	252.74225	19.73362	28.33	34.134	416.45999	408.02	8.43999	1.925	1.008875562
20	11	2005	257.4274	16.61897	28.98	34.133	367.57	378.35	-10.78	6.9	-1.229548587
29	11	2014	249.77115	19.91965	26.87	34.133	412.60999	397.28	15.32999	2.725	2.03762286
20	11	2005	256.90451	16.83756	28.83	34.132	376.01	378.35	-2.34	7.8	-0.269797134
20	11	2005	254.53969	17.85844	28.59	34.131	368.43	378.35	-9.92	10.3	-1.163733787
22	11	2005	251.50212	19.16338	28.04	34.131	344.15	378.35	-34.2	12	-4.174891935
14	3	2016	238.0829	18.8313	22.4744	34.1289	351.34	395.41	-44.07	0.5	-8.119953872
14	3	2016	238.05901	18.7512	22.4826	34.1284	350.92001	395.34	-44.41999	2.175	-8.17937567
14	3	2016	238.5675	20.4723	22.0391	34.1259	341.92999	395.48999	-53.56	4.85	-10.20030853
20	11	2005	254.58713	17.83643	28.65	34.125	366.01	378.35	-12.34	10.4	-1.441409841
15	3	2016	239.1544	22.4321	19.8543	34.1231	383.72	397.04001	-13.32001	5.4	-3.002168049
14	3	2016	238.0638	18.7681	22.4931	34.1223	350.60999	395.31	-44.70001	1.7	-8.224622217
20	11	2005	254.68221	17.7943	28.67	34.122	368.25	378.35	-10.1	7.8	-1.178073853
22	11	2005	251.25482	19.26996	27.74	34.122	338.85	378.35	-39.5	12.3	-4.928153097
24	11	2005	246.37239	21.40471	24.01	34.122	340.16	378.35	-38.19	9.3	-6.26941882
14	3	2016	238.06149	18.7601	22.4967	34.1218	350.76001	395.17999	-44.41998	2.775	-8.170887991
20	10	2002	247.239	17.503	29.06	34.12	380.26999	370.55	9.71999	0.7	1.102341597
20	11	2005	257.37976	16.63901	28.98	34.119	367.49	378.35	-10.86	6.9	-1.238747477
16	3	1993	246.189	20.948	22.706	34.118	353.92001	358.47	-4.54999	3.06999	-0.823817477
14	3	2016	238.49071	20.211	22.118	34.1179	346.75	395.39001	-48.64001	3.225	-9.208209497
15	3	2016	239.1638	22.4622	19.8192	34.1168	384.35999	396.95999	-12.6	5.075	-2.847772415
14	3	2016	238.08549	18.8391	22.5173	34.1166	351.17999	395.42999	-44.25	1.825	-8.127123765
14	3	2016	238.49271	20.2182	22.1385	34.1154	346.17001	395.48999	-49.31998	3.45	-9.322499589
14	3	2016	238.5663	20.468	22.111	34.1116	342.09	395.42999	-53.33999	4.45	-10.10364789
14	3	2016	238.0661	18.7761	22.4743	34.1115	350.67999	395.37	-44.69001	2.4	-8.234907662
20	11	2005	254.63474	17.81514	28.65	34.111	367.37	378.35	-10.98	8.8	-1.282628188
14	3	2016	238.0168	18.6109	22.51	34.1106	347.81	395.17001	-47.36001	2.775	-8.70336855
20	10	2002	247.28299	17.389	28.82	34.11	380.37	370.55	9.82	4.27	1.13314882
20	10	2002	247.26599	17.42	28.93	34.11	379.79999	370.55	9.24999	0.78	1.058948018
20	10	2002	247.23001	17.518	29.02	34.11	380.28	370.55	9.73	0.78999	1.10670527
16	3	1993	245.964	21.519	22.692	34.108	350.75	358.47	-7.72	3.37	-1.399320624
20	12	2007	250	16.751	27.098	34.107	371.8755188	386.1	-14.2244812	5.48	-1.859692454
14	3	2016	238.088	18.8469	22.5696	34.1064	351.20001	395.41	-44.20999	2.15	-8.088063274
14	3	2016	238.49471	20.2254	22.137	34.1061	345.59	395.44	-49.85	2.775	-9.424160209
1	11	2018	252.78603	19.71124	28.31	34.106	417.75	408.02	9.73	4.95	1.164901422
15	3	2016	239.1662	22.4697	19.7936	34.105	384.82001	397.10001	-12.28	6.275	-2.781162697
14	3	2016	238.4631	20.118	22.4759	34.1048	346.64001	395.35999	-48.71998	3.6	-8.976685564
20	12	2007	250	16.751	27.126	34.104	384.1320801	386.1	-1.967919922	3.23	-0.256762199
14	3	2016	238.09019	18.8546	22.6287	34.1037	351.26001	395.41	-44.14999	1.25	-8.041145523
30	11	2014	251.28882	19.31803	27.97	34.102	401.20001	397.28	3.92001	4.225	0.481021331
30	11	2014	251.24382	19.33542	27.98	34.101	401.69	397.28	4.41	3.4	0.540757771
16	3	1993	246.114	21.138	22.558	34.101	349.25	358.47	-9.22	3.55	-1.688290114
20	10	2002	247.32199	17.266	28.49	34.1	376.07999	370.55	5.52999	0.12	0.653522763
20	10	2002	247.28299	17.372	28.79	34.1	380.5	370.55	9.95	0.97	1.150684826
20	10	2002	247.248	17.487	29.11	34.1	380.5	370.55	9.95	1.49001	1.124471277
14	3	2016	238.4969	20.2325	22.1506	34.0994	345.20999	395.48001	-50.27002	4.125	-9.494034283
15	3	2016	239.16859	22.4774	19.7685	34.0982	385.01001	397.01001	-12	5.375	-2.723176238
22	11	2005	251.30466	19.24866	27.87	34.097	341.32	378.35	-37.03	12.6	-4.577096192
14	3	2016	238.01421	18.6035	22.5109	34.0968	347.04001	395.10999	-48.06998	3.45	-8.833793944
14	3	2016	238.0923	18.8624	22.6828	34.0966	351.51001	395.29001	-43.78	4.45	-7.941459019
14	3	2016	238.0117	18.5961	22.5103	34.0964	346.16	395.13	-48.97	3.225	-8.999615503
14	3	2016	238.49899	20.2398	22.1471	34.0958	344.47	395.48999	-51.01999	5.2	-9.638397335
15	3	2016	239.15669	22.4396	19.7884	34.0953	384.22	397.10001	-12.88001	5.8	-2.918371122
14	3	2016	238.09441	18.8703	22.7122	34.095	351.69	395.25	-43.56	4.85	-7.884068635
15	3	2016	239.17349	22.4927	19.7283	34.0936	385.20999	397.01999	-11.81	3.5	-2.688561554
8	6	2008	244.25887	22.16205	20.22	34.093	331.84	387.76	-55.92	11.8	-12.25114206
14	3	2016	238.09669	18.8781	22.7384	34.0929	351.75	395.32999	-43.57999	4.2	-7.872160116
24	4	1994	250	21.9985	18.8417	34.0929	466.829895	361.23	105.599895	2.66	25.77846211
14	3	2016	238.56509	20.4636	22.1578	34.0922	341.85999	395.35999	-53.5	1.25	-10.09885432
15	3	2016	239.1711	22.485	19.7426	34.0917	385.26001	396.97	-11.70999	4.675	-2.662835709
14	3	2016	238.0988	18.8859	22.7711	34.0902	352.03	395.34	-43.31	6	-7.804182509
20	10	2002	247.245	17.472	29.1	34.09	380.69	370.55	10.14	0.08	1.146817222
22	11	2005	248.28404	20.57039	24.67	34.09	337.82	378.35	-40.53	10.2	-6.335464195
24	4	1994	250	21.9985	18.84	34.09	466.83	361.23	105.6	2.66	25.78
14	3	2016	238.50121	20.247	22.1519	34.0896	344.06	395.51001	-51.45001	1.9	-9.716363476
14	3	2016	238.461	20.111	22.5197	34.0895	346.17999	395.26999	-49.09	3.6	-9.01553235
14	3	2016	238.5058	20.2615	22.1532	34.0894	343.19	395.44	-52.25	3.05	-9.866475889
15	3	2016	239.159	22.4472	19.7348	34.0881	384.60999	397.07999	-12.47	5.95	-2.837440287
30	11	2014	251.33376	19.30119	27.94	34.088	400.34	397.28	3.06	4.05	0.376330666
14	3	2016	238.50349	20.2543	22.1618	34.0874	343.59	395.48001	-51.89001	1.175	-9.792183839
14	3	2016	238.5081	20.2688	22.154	34.0858	342.92001	395.45001	-52.53	3.85	-9.918908983
30	11	2014	251.19934	19.35366	27.97	34.084	401.81	397.28	4.53	2.2	0.555916016
14	3	2016	238.1012	18.8938	22.7886	34.0832	352.07001	395.35001	-43.28	4.35	-7.788723449
14	3	2016	238.5105	20.2761	22.1629	34.0824	342.82999	395.39001	-52.56002	4.175	-9.918019219
22	4	1994	250	17	27.319	34.082	358.4	361.23	-2.869251709	3.77	-0.369170042
30	11	2014	250.97928	19.44358	27.97	34.081	401.70999	397.28	4.42999	7.6	0.543649969
22	4	1994	250	17	27.32	34.08	358.4	361.23	-2.83	3.77	-0.37
20	10	2002	247.312	17.282	28.64	34.08	377.04001	370.55	6.49001	0.75	0.758778585
20	10	2002	247.27499	17.404	28.91	34.08	380.72	370.55	10.17	1.42	1.166099936
14	3	2016	238.5453	20.3966	22.2224	34.08	341.70001	395.42999	-53.72998	2.15	-10.09316039
14	3	2016	238.5331	20.358	22.1941	34.079	342.26999	395.35999	-53.09	4.375	-9.994453341
14	3	2016	238.5295	20.3427	22.2053	34.0785	341.79001	395.31	-53.51999	3.5	-10.066853
30	11	2014	251.02272	19.42545	27.97	34.078	402.28	397.28	5	2.875	0.613609766
14	3	2016	238.5312	20.3504	22.1962	34.0763	342.16	395.42999	-53.26999	4.775	-10.02686097
14	3	2016	238.5359	20.3666	22.2029	34.0763	342.28	395.39999	-53.11999	4.775	-9.993537723
8	6	2008	244.43893	22.08416	20.25	34.076	330.16	387.76	-57.6	10.9	-12.59079239
14	3	2016	238.45889	20.104	22.5392	34.0759	344.89001	395.38	-50.48999	4	-9.259537261
15	3	2016	239.16141	22.4548	19.7097	34.0754	384.98999	397.22	-12.23001	4.725	-2.788471479
14	3	2016	238.1035	18.9015	22.8146	34.0735	352.38	395.32999	-42.94999	4.275	-7.714514416
14	3	2016	238.51289	20.2834	22.1718	34.0732	342.57001	395.45999	-52.88998	3.6	-9.973952528
16	3	1993	246.26401	20.758	23.664	34.071	346.51001	358.47	-11.95999	3.22	-2.015319381
14	3	2016	238.5278	20.3352	22.2217	34.0661	341.53	395.35999	-53.82999	3.275	-10.11312779
14	3	2016	238.5152	20.2906	22.1973	34.0654	342.29999	395.51001	-53.21002	3.5	-10.01523513
30	11	2014	251.37837	19.28387	27.9	34.064	399.64999	397.28	2.36999	3.3	0.292347742
22	11	2005	248.33369	20.54708	24.47	34.064	338.57	378.35	-39.78	10.1	-6.312055055
14	3	2016	238.5177	20.2979	22.2107	34.0632	342.14999	395.39999	-53.25	3.825	-10.01266107
14	3	2016	238.54311	20.3891	22.2411	34.0627	341.78	395.35999	-53.57999	1.825	-10.05149295
14	3	2016	238.5201	20.3052	22.2306	34.0617	341.91	395.44	-53.53	2.175	-10.05017331
14	3	2016	238.1057	18.9094	22.8228	34.0611	352.16	395.22	-43.06	0.825	-7.72992315
14	3	2016	238.52609	20.3276	22.2471	34.0604	341.76001	395.31	-53.54999	2.4	-10.04139363
14	3	2016	238.5407	20.3816	22.2447	34.0603	342.17999	395.45999	-53.28	0.5	-9.992592487
14	3	2016	238.00929	18.5888	22.6299	34.0595	345.76001	395	-49.23999	6.1	-8.969191829
14	3	2016	238.5383	20.3741	22.2306	34.0593	343.01999	395.42001	-52.40002	3.4	-9.838129306
27	11	2016	250	18	28.767	34.059	407.7578125	403.53	4.2278125	4.98	0.489830267
14	3	2016	238.5224	20.3126	22.2369	34.059	341.67001	395.45999	-53.78998	2.775	-10.09427705
14	3	2016	238.13341	19.0047	22.8719	34.0582	351.69	395.42999	-43.73999	4.075	-7.823048948
14	3	2016	238.1312	18.997	22.8663	34.0581	351.67001	395.48001	-43.81	3.75	-7.838885996
14	3	2016	238.108	18.9172	22.8563	34.0576	352.42999	395.23001	-42.80002	1.95	-7.663970273
14	3	2016	238.52431	20.3201	22.2516	34.0569	341.53	395.35001	-53.82001	1.7	-10.08873919
2	11	2018	258.94504	16.75817	28.23	34.056	397.39001	408.02	-10.62999	6.35	-1.280314747
16	3	1993	246.489	20.187	24.378	34.055	351.47	358.47	-7	5.84999	-1.118391547
16	3	1993	246.039	21.329	22.629	34.055	345.20999	358.47	-13.26001	4.78999	-2.415559173
15	3	1993	247.004	18.669	25.194	34.054	349.67999	358.47	-8.79001	6.3	-1.321910347
14	3	2016	238.1357	19.0123	22.8867	34.0539	351.98001	395.57001	-43.59	3.3	-7.787673477
14	3	2016	238.1102	18.9251	22.857	34.0528	352.13	395.29001	-43.16001	0.8	-7.728192151
14	3	2016	238.1288	18.9893	22.8761	34.0524	351.69	395.39001	-43.70001	3.15	-7.81362774
14	3	2016	238.1125	18.9332	22.8551	34.0523	352.07001	395.20999	-43.13998	0.675	-7.725730941
14	3	2016	238.1149	18.9412	22.8592	34.0522	352.23999	395.28	-43.04001	1.575	-7.70544659
14	3	2016	238.1382	19.0197	22.8929	34.052	351.85001	395.54999	-43.69998	0.85	-7.803738402
14	3	2016	238.4567	20.0969	22.5457	34.0513	344.06	395.38	-51.32	0.55	-9.408180284
14	3	2016	238.1198	18.9582	22.8721	34.0498	351.88	395.29001	-43.41001	2.225	-7.764210236
14	3	2016	238.11749	18.9503	22.8786	34.0495	352.04001	395.29999	-43.25998	0.525	-7.733592676
14	3	2016	238.1221	18.9661	22.8691	34.048	351.95999	395.32999	-43.37	3.55	-7.758873935
14	3	2016	238.1243	18.9739	22.87	34.0473	351.79999	395.31	-43.51001	2.75	-7.783417795
14	3	2016	238.1266	18.9817	22.8817	34.0473	351.78	395.41	-43.63	3.225	-7.797994972
16	3	1993	245.589	22.471	23.316	34.047	343.19	358.47	-15.28	4.25999	-2.643141204
14	3	2016	238.14059	19.0273	22.8959	34.0449	351.92001	395.47	-43.54999	0.025	-7.77544486
30	11	2014	251.06654	19.40767	27.9	34.041	401.39999	397.28	4.11999	0.925	0.508267854
14	3	2016	238.14281	19.035	22.9226	34.0397	351.79001	395.5	-43.70999	1.825	-7.788493439
22	11	2005	247.58421	20.88566	24.31	34.036	340.67	378.35	-37.68	10.4	-6.051209388
30	11	2014	251.15509	19.37191	27.91	34.032	399.79999	397.28	2.51999	-0.125	0.310668486
1	11	2018	258.28271	17.03896	28.21	34.03	363.70001	408.02	-44.31999	2.35	-5.346394189
14	3	2016	238.4547	20.0902	22.5776	34.0288	343.98999	395.20999	-51.22	0.325	-9.368161385
1	11	2018	258.66153	16.87929	28.19	34.028	376.44	408.02	-31.58	1.325	-3.815100575
22	11	2005	246.72745	21.2534	23.69	34.028	340	378.35	-38.35	10.4	-6.450853622
14	3	2016	238.1449	19.0426	22.9298	34.0266	351.85001	395.48999	-43.63998	2.075	-7.772259885
22	11	2005	248.18506	20.61688	24.51	34.025	338.43	378.35	-39.92	9.1	-6.316562573
20	11	2005	256.85599	16.8564	28.84	34.023	379.24	378.35	0.89	7.8	0.102589142
1	11	2018	258.23572	17.05938	28.21	34.023	382.85999	408.02	-25.16001	3.2	-3.035185592
2	11	2018	258.89795	16.77862	28.23	34.022	389.38	408.02	-18.64	3.7	-2.245398937
30	11	2014	251.11073	19.38988	27.87	34.022	398.95001	397.28	1.67001	0.525	0.20648879
14	3	2016	238.0069	18.5814	22.7184	34.0202	345.66	394.98001	-49.32001	0.925	-8.925449173
1	11	2018	258.18835	17.07968	28.2	34.017	378.84	408.02	-29.18	2.225	-3.522778725
14	3	2016	238.147	19.0502	22.9075	34.0169	351.38	395.48999	-44.10999	2.925	-7.869540421
2	11	2018	258.70914	16.85908	28.22	34.016	376.64001	408.02	-31.37999	1.9	-3.782909884
30	11	2014	251.42307	19.26633	27.81	34.015	398.35001	397.28	1.07001	5.55	0.132882988
8	6	2008	244.48344	22.06566	20.15	34.015	328.37	388.94	-60.57	10.9	-13.34720038
8	6	2008	244.215	22.18139	19.97	34.009	329.21	388.60999	-59.39999	11.7	-13.27467902
16	3	1993	246.339	20.567	23.905	34.008	345.51999	358.47	-12.95001	2.97	-2.143762408
22	11	2005	247.48309	20.93176	24.3	34.008	340.04	378.35	-38.31	9.1	-6.157741024
1	11	2018	258.56653	16.91793	28.22	34.002	376.48001	408.02	-31.53999	1.575	-3.802427863
1	11	2018	258.1413	17.09968	28.19	34.002	377.07999	408.02	-30.94001	1.625	-3.738204518
22	11	2005	248.23447	20.59379	24.44	34	338.07	378.35	-40.28	9.8	-6.407505871
14	3	2016	238.14909	19.0577	22.909	33.9994	350.84	395.5	-44.66	1.075	-7.967398379
14	3	2016	238.4527	20.0832	22.6152	33.9994	343.70001	395.20999	-51.50998	2.125	-9.395689456
2	11	2018	258.85098	16.7991	28.19	33.997	388.85001	408.02	-19.16999	2.625	-2.316188325
16	3	1993	245.664	22.28	23.197	33.994	342.16	358.47	-16.31	3.00999	-2.847348205
19	6	2018	249.04266	22.2534	21.69	33.993	409.84	410.79	-0.95	3.65	-0.185919114
1	11	2018	258.33047	17.01788	28.21	33.992	362.29999	408.02	-45.72001	0.075	-5.516185507
14	3	2016	238.0042	18.573	22.8127	33.9902	345.35999	394.87	-49.51001	2	-8.89744719
20	10	2002	247.34201	17.203	28.56	33.99	362.73001	370.55	-7.81999	2.81999	-0.919924472
22	11	2005	247.43279	20.95465	24.31	33.989	340.23	378.35	-38.12	8.8	-6.123162347
1	11	2018	258.04749	17.13895	28.21	33.986	368	408.02	-40.02	3.075	-4.828596068
2	11	2018	258.80399	16.81918	28.19	33.983	388.54001	408.02	-19.47999	2.475	-2.353785903
14	3	2016	238.45061	20.0762	22.6796	33.9824	343.60999	395.32001	-51.71002	3.05	-9.387073279
16	3	1993	245.814	21.9	23.894	33.981	342.20999	358.47	-16.26001	4.02	-2.694245681
2	11	2018	258.75674	16.83897	28.19	33.977	384	408.02	-24.02	1.2	-2.902434844
1	11	2018	258.09433	17.11934	28.2	33.977	373.06	408.02	-34.96	1.6	-4.221302567
16	3	1993	245.739	22.09	23.75	33.975	341.69	358.47	-16.78	3.18001	-2.810587439
24	11	2005	245.18805	21.93166	23.02	33.974	337.21	378.35	-41.14	11.4	-7.279100356
14	3	2016	238.1514	19.0652	23.1908	33.9686	352.54001	395.51001	-42.97	1.575	-7.505930497
16	3	1993	245.88901	21.709	23.828	33.966	342.45001	358.47	-16.01999	3.67	-2.667785238
14	3	2016	238.44839	20.069	22.7189	33.9651	343.35001	395.29001	-51.94	2.05	-9.401592198
1	11	2018	256.89966	17.6172	28.24	33.965	396.19	408.02	-11.83	0.075	-1.424376589
14	3	2016	238.4463	20.0619	22.7515	33.9594	343.22	395.22	-52	0.85	-9.389536961
16	3	1993	246.414	20.377	24.694	33.957	347.57999	358.47	-10.89001	3.81999	-1.700257357
24	11	2005	244.94016	22.04127	22.96	33.957	336.12	378.35	-42.23	11.5	-7.506407899
24	11	2005	244.99008	22.01942	22.97	33.951	335.07	378.35	-43.28	11.7	-7.68745757
14	3	2016	238.4442	20.0548	22.777	33.9477	343.04001	395.17999	-52.13998	0.575	-9.397193602
14	3	2016	238.44209	20.0478	22.822	33.9409	343.06	395.13	-52.07	4.95	-9.353031908
1	11	2018	256.94424	17.59803	28.26	33.938	399.45001	408.02	-8.56999	3.55	-1.030486651
14	3	2016	238.00169	18.5656	23.1012	33.9366	346.10999	394.69	-48.58001	5.45	-8.544535505
1	11	2018	256.85526	17.63678	28.24	33.936	396.32001	408.02	-11.69999	0.2	-1.408899161
8	6	2008	244.62305	22.00644	19.85	33.936	303.87	389.10001	-85.23001	10.6	-19.23304152
1	11	2018	258.37744	16.99756	28.2	33.935	370.88	408.02	-37.14	3.175	-4.48534328
14	3	2016	238.3179	19.629	22.8316	33.9299	341.51999	395.87	-54.35001	1.075	-9.755991653
14	3	2016	238.44	20.0407	22.8527	33.9295	342.59	395.20001	-52.61001	4.925	-9.428643573
30	11	2014	250.93588	19.46143	27.74	33.928	394.57999	397.28	-2.70001	6.8	-0.33714591
22	11	2005	247.5336	20.90881	23.96	33.928	339.96	378.35	-38.39	9.9	-6.33135281
14	3	2016	238.32001	19.6364	22.8094	33.9257	341.20999	395.85001	-54.64002	3.075	-9.824691174
14	3	2016	238.15359	19.0727	23.2164	33.9255	353.12	395.56	-42.44	3.775	-7.400535111
15	3	1993	247.078	18.437	25.668	33.924	348.92999	358.47	-9.54001	3.94	-1.386181851
14	3	2016	238.3266	19.6586	22.8471	33.9231	341.07999	395.79001	-54.71002	1.775	-9.809433464
1	11	2018	258.42459	16.97721	28.2	33.922	367.04999	408.02	-40.97001	3.925	-4.948165603
14	3	2016	238.438	20.0337	22.8985	33.9203	342.72	395.12	-52.4	5.825	-9.358996127
20	11	2005	256.80798	16.87527	28.93	33.92	377.41	378.35	-0.94	7.9	-0.107699726
14	3	2016	238.3158	19.6215	22.8605	33.9196	341.45999	395.76001	-54.30002	3.325	-9.726233567
24	11	2005	245.13878	21.95349	22.91	33.918	336.52	378.35	-41.83	11.3	-7.464721313
14	3	2016	238.3316	19.6744	22.9327	33.9171	342.32001	395.64001	-53.32	2.6	-9.498915669
12	9	2015	254.9942	18.66678	30.45	33.917	398.44	381.06	17.38	2.475	1.785939885
14	3	2016	238.3243	19.6512	22.8517	33.9154	341	395.70999	-54.70999	1.575	-9.806365994
14	3	2016	238.3221	19.6439	22.8382	33.9153	341.12	395.79001	-54.67001	1.725	-9.809195533
1	11	2018	257.76492	17.25649	28.25	33.915	370.79999	408.02	-37.22001	4.825	-4.47915333
14	3	2016	238.3293	19.6671	22.9099	33.9148	341.59	395.67999	-54.08999	1.1	-9.652775995
14	3	2016	238.3136	19.614	22.8798	33.9136	341.75	395.84	-54.09	2.675	-9.674777177
1	11	2018	257.81158	17.23662	28.22	33.912	363.41	408.02	-44.61	1.925	-5.380223609
2	11	2018	258.99243	16.73859	28.17	33.911	398.45001	408.02	-9.56999	2.475	-1.158386847
20	10	2002	247.34	17.187	28.65	33.91	360.19	370.55	-10.36	1.55	-1.211248237
14	3	2016	238.43581	20.0266	22.9235	33.9099	342.60999	395.22	-52.61001	4.75	-9.379244233
14	3	2016	238.33389	19.6819	22.9213	33.9072	342.5	395.69	-53.19	1.3	-9.484334191
14	3	2016	238.3363	19.6893	22.9591	33.9067	342.64999	395.70999	-53.06	0.1	-9.434242651
14	3	2016	238.43381	20.0196	22.9535	33.906	342.64001	395.20999	-52.56998	5	-9.351092971
14	3	2016	238.31149	19.6067	22.8706	33.9051	341.82999	395.78	-53.95001	1.5	-9.65681301
14	3	2016	238.33839	19.6968	22.9747	33.9041	342.81	395.57001	-52.76001	3.275	-9.369987028
1	11	2018	257.85886	17.21688	28.21	33.903	355.78	408.02	-52.24	2.275	-6.305253158
14	3	2016	238.3428	19.7116	23.0087	33.9013	343.25	395.62	-52.37	0.725	-9.277034972
14	3	2016	238.34061	19.7042	22.9955	33.901	343.35001	395.56	-52.20999	0.3	-9.257908682
14	3	2016	238.4315	20.0115	22.9776	33.8994	342.42001	395.16	-52.73999	3.975	-9.364583937
22	11	2005	247.38281	20.97745	24.06	33.898	340.5	378.35	-37.85	9.5	-6.196697765
14	3	2016	238.347	19.7265	23.0394	33.8963	343.23999	395.47	-52.23001	6.275	-9.231067186
14	3	2016	238.34489	19.719	23.0139	33.8953	343.22	395.54001	-52.32001	0.975	-9.264800597
14	3	2016	238.4294	20.0043	23.0072	33.8945	342.72	395.10001	-52.38001	1.3	-9.280143767
1	11	2018	256.98895	17.57883	28.26	33.893	403.91	408.02	-4.11	2.225	-0.494297229
15	3	1993	247.153	18.21	25.808	33.889	348.70999	358.47	-9.76001	3.99001	-1.403821706
14	3	2016	238.42731	19.9972	23.0205	33.8883	342.54999	395.20001	-52.65002	2	-9.318898871
22	11	2005	247.33302	21.00023	23.89	33.886	340.31	378.35	-38.04	10.5	-6.307722731
8	6	2008	244.52968	22.04623	19.88	33.886	316.92	389.01999	-72.09999	10.4	-16.23580391
14	3	2016	238.42509	19.9901	23.0453	33.8855	342.54001	395.12	-52.57999	3.775	-9.2892478
14	3	2016	238.3492	19.7338	23.0283	33.8843	343.41	395.54001	-52.13001	2.725	-9.221604531
14	3	2016	238.15581	19.0802	23.2972	33.884	353.41	395.38	-41.97	1.625	-7.275622016
14	3	2016	238.2984	19.5622	23.0041	33.8836	341.82999	395.64999	-53.82	2.25	-9.537966372
30	11	2014	255.54095	17.60878	28.79	33.881	391.39001	397.28	-5.88999	2.55	-0.681798098
14	3	2016	238.42281	19.983	23.0594	33.8794	342.53	395.16	-52.63	2.15	-9.288469038
1	11	2018	257.71869	17.27632	28.22	33.879	367.48999	408.02	-40.53001	2.55	-4.888849401
14	3	2016	238.35361	19.7483	23.0876	33.8776	343.39999	395.42001	-52.02002	1.6	-9.161411805
14	3	2016	238.3558	19.7556	23.0929	33.8775	343.23001	395.42001	-52.19	1.125	-9.187683982
14	3	2016	237.9993	18.5582	23.2181	33.8774	346.04999	394.56	-48.51001	2.475	-8.45976442
14	3	2016	238.3513	19.741	23.071	33.8771	343.23001	395.53	-52.29999	0.225	-9.222261638
14	3	2016	238.4207	19.9759	23.0833	33.8762	342.41	395.25	-52.84	2.9	-9.308894227
2	11	2018	259.27472	16.61928	28.15	33.876	391.20001	408.02	-16.81999	1.05	-2.039212673
8	6	2008	244.57651	22.02627	19.83	33.874	309.58	389.07999	-79.49999	11	-17.97326961
15	3	1993	247.185	17.982	25.819	33.873	349.25	358.47	-9.22	4.17	-1.325170544
14	3	2016	238.3582	19.7629	23.1018	33.873	343.28	395.39999	-52.11999	0.3	-9.169399417
24	11	2005	244.74031	22.12948	22.89	33.873	337.81	378.35	-40.54	8.6	-7.246922759
14	3	2016	238.4185	19.9687	23.0952	33.8697	342.42999	395.13	-52.70001	0.975	-9.276189301
14	3	2016	238.3606	19.7701	23.1088	33.8683	343.20999	395.39999	-52.19	0.675	-9.17707381
14	3	2016	238.2961	19.5548	23.1443	33.8682	342.51999	395.64999	-53.13	0.9	-9.317434011
12	9	2015	255.03532	18.64032	30.56	33.868	396.64999	381	15.64999	8.9	1.595962371
14	3	2016	238.4164	19.9614	23.1091	33.8678	342.48999	395.14001	-52.65002	7.6	-9.257775476
1	11	2018	257.90659	17.19721	28.2	33.867	361.22	408.02	-46.8	4.875	-5.653626413
19	6	2018	249.123	22.19032	20.75	33.867	405.66	410.79	-5.13	7.15	-1.079787636
14	3	2016	238.3629	19.7773	23.1217	33.8666	343.22	395.44	-52.22	0.25	-9.173506092
14	3	2016	238.3006	19.5697	22.9705	33.8664	340.87	395.73999	-54.86999	2	-9.749467517
30	11	2014	255.4953	17.62887	28.82	33.864	390.76999	397.28	-6.51001	3.925	-0.751995399
14	3	2016	238.3651	19.7846	23.1377	33.863	343.35999	395.29001	-51.93002	1.375	-9.111733086
14	3	2016	238.4142	19.954	23.1162	33.8625	342.59	395.04001	-52.45001	1	-9.217899459
14	3	2016	238.158	19.0877	23.3574	33.8617	352.67001	395.35001	-42.68	3.25	-7.366057151
14	3	2016	238.412	19.9465	23.1273	33.8611	342.34	395.16	-52.82	0.1	-9.27522881
2	11	2018	259.22787	16.63977	28.29	33.861	396.14999	408.02	-11.87001	0.1	-1.424670961
24	11	2005	244.78999	22.10682	22.8	33.861	337.15	378.35	-41.2	9.9	-7.415516465
1	11	2018	257.67236	17.29644	28.21	33.858	354.44	408.02	-53.58	1.425	-6.468244284
14	3	2016	238.4099	19.9389	23.1386	33.8575	342.53	395.25	-52.72	1.575	-9.2499485
14	3	2016	238.4077	19.9312	23.1442	33.8561	342.44	395.20999	-52.76999	2.125	-9.254876445
8	6	2008	244.1709	22.20095	19.61	33.856	323.57	388.60001	-65.03001	10.1	-14.95860259
14	3	2016	238.3708	19.8068	23.1592	33.8536	342.73001	395.32001	-52.59	1.45	-9.213007481
14	3	2016	238.37289	19.8145	23.159	33.8533	342.66	395.31	-52.65	1.2	-9.223669989
14	3	2016	238.3689	19.7994	23.1656	33.8531	342.97	395.25	-52.28	1.4	-9.154310735
14	3	2016	238.40559	19.9237	23.1512	33.8527	342.26001	395.25	-52.98999	1.85	-9.288708622
14	3	2016	238.3028	19.5771	23.0877	33.8525	341.72	395.70999	-53.98999	2.15	-9.509360994
14	3	2016	238.375	19.8221	23.1571	33.8525	342.67001	395.22	-52.54999	0.25	-9.207499265
14	3	2016	238.3671	19.792	23.1468	33.852	343.12	395.28	-52.16	1.225	-9.146275617
24	11	2005	245.08926	21.97536	22.72	33.852	335.14	378.35	-43.21	11	-7.824764168
14	3	2016	238.16029	19.0952	23.4584	33.8511	353.22	395.29001	-42.07001	1.625	-7.206276958
14	3	2016	238.3051	19.5845	23.1164	33.8505	341.72	395.73999	-54.01999	1.7	-9.494191679
14	3	2016	238.3959	19.8912	23.156	33.8503	342.60999	395.14999	-52.54	0.825	-9.206602853
1	11	2018	258.00073	17.15859	28.21	33.849	373.48001	408.02	-34.53999	5.25	-4.169872543
14	3	2016	238.40131	19.9088	23.1613	33.849	342.32999	395.17001	-52.84002	0.8	-9.255537652
1	11	2018	258.51892	16.93646	28.2	33.847	388.88	408.02	-19.14	2	-2.312387845
14	3	2016	238.39729	19.8957	23.1609	33.8468	342.48999	395.22	-52.73001	0.425	-9.236638322
14	3	2016	238.39999	19.9044	23.1729	33.8465	342.47	395.12	-52.65	0.6	-9.214311275
14	3	2016	238.30721	19.5918	23.1386	33.8459	341.91	395.67999	-53.76999	1.675	-9.434670123
14	3	2016	237.9969	18.5508	23.4087	33.8443	347.23999	394.45001	-47.21002	2.9	-8.117195283
14	3	2016	238.39861	19.9001	23.1659	33.8442	342.29999	395.17001	-52.87002	0.25	-9.257788813
19	6	2018	249.08263	22.22167	20.78	33.842	405.22	410.79	-5.57	3.75	-1.169822212
14	3	2016	237.7771	17.7873	23.599	33.8415	347.5	394.04999	-46.54999	3.525	-7.890373741
14	3	2016	238.3093	19.5992	23.1468	33.8405	341.78	395.76999	-53.98999	1.875	-9.467658863
1	11	2018	258.47174	16.95675	28.2	33.84	375.39001	408.02	-32.62999	2.775	-3.942292164
21	7	1998	257.70599	17.475	30.1	33.84	389.42001	367.82	21.60001	3.37	2.27638868
21	7	1998	257.69199	17.484	30.09	33.84	388.94	367.82	21.12	3.64	2.22739081
24	11	2005	244.3927	22.28653	22.61	33.84	395.60001	378.35	17.25001	11	3.150017623
14	3	2016	237.77451	17.7789	23.6	33.8391	347.48999	394	-46.51001	3.25	-7.883091655
24	11	2005	244.88976	22.06291	22.73	33.837	336.45	378.35	-41.9	10.7	-7.582325548
1	11	2018	257.03427	17.56055	28.27	33.836	401.45001	408.02	-6.56999	1.1	-0.789775295
14	3	2016	237.772	17.7707	23.6138	33.8355	347.53	393.98999	-46.45999	2.75	-7.866602192
2	11	2018	259.03989	16.71961	28.17	33.835	397.28	408.02	-10.74	2.075	-1.30043582
30	11	2014	255.63048	17.57089	28.88	33.834	390.54999	397.28	-6.73001	1.075	-0.774153228
14	3	2016	237.76961	17.7624	23.621	33.8314	347.42999	393.95999	-46.53	3.65	-7.87435274
24	11	2005	245.03958	21.99727	22.72	33.831	335.11	378.35	-43.24	11.2	-7.830945465
30	11	2014	255.99707	17.4193	28.68	33.83	406.41	397.28	9.13	0.05	1.065499158
14	3	2016	238.2939	19.5473	23.2271	33.8285	342.23999	395.62	-53.38001	1.5	-9.304817136
30	11	2014	255.5856	17.58907	28.76	33.828	389.04999	397.28	-8.23001	2.575	-0.954948382
30	11	2014	255.44901	17.64788	28.79	33.827	388.57999	397.28	-8.70001	1.075	-1.00730633
14	3	2016	238.16251	19.1027	23.4982	33.8264	353.10999	395.35001	-42.24002	3.3	-7.214630579
30	11	2014	256.13449	17.36367	28.78	33.826	403.13	397.28	5.85	3.35	0.677817401
14	3	2016	238.2916	19.54	23.2785	33.8257	342.37	395.51001	-53.14001	1.175	-9.227369326
30	11	2014	256.04288	17.40067	28.68	33.824	404.67001	397.28	7.39001	0.1	0.862459179
30	11	2014	255.81398	17.49538	28.71	33.824	398.07999	397.28	0.79999	2.7	0.09316182
20	10	2002	247.347	17.17	28.73	33.82	357.67999	370.55	-12.87001	0.64999	-1.496625406
21	7	1998	257.76801	17.438	30.11	33.82	388.20999	367.82	20.38999	0.25999	2.147514828
14	3	2016	238.1647	19.1102	23.499	33.8194	352.35001	395.29001	-42.94	4.6	-7.333979723
24	11	2005	244.83974	22.08466	22.69	33.819	336.79	378.35	-41.56	10.4	-7.54419195
30	11	2014	256.08875	17.38213	28.67	33.816	401.53	397.28	4.25	1.175	0.496376016
24	11	2005	244.69046	22.15249	22.66	33.816	338.1	378.35	-40.25	7.6	-7.323088131
14	3	2016	238.2894	19.5326	23.3129	33.8141	342.57001	395.51001	-52.94	0.4	-9.169384342
30	11	2014	255.95139	17.43802	28.65	33.813	405.13	397.28	7.85	0.95	0.91817193
2	11	2018	259.18149	16.6612	28.23	33.812	397.35999	408.02	-10.66001	0.425	-1.285282927
14	3	2016	237.9946	18.5433	23.4845	33.8116	347.57001	394.44	-46.86999	0.85	-8.014201583
14	3	2016	238.1692	19.1252	23.5296	33.8115	350.23999	395.28	-45.04001	3.275	-7.675291749
21	7	1998	257.81601	17.411	30.1	33.81	387.41	367.82	19.59	1	2.064818938
30	11	2014	255.85988	17.47595	28.56	33.809	404.23999	397.28	6.95999	0.1	0.819393607
14	3	2016	238.2872	19.5251	23.3453	33.8083	342.67001	395.48999	-52.81998	3.5	-9.126592109
24	11	2005	244.44206	22.26474	22.48	33.807	395.35001	378.35	17.00001	11.5	3.135546727
14	3	2016	238.1718	19.1335	23.5105	33.8062	349.60999	395.47	-45.86001	3.05	-7.826418976
14	3	2016	238.16701	19.1177	23.5127	33.806	351.17001	395.28	-44.10999	0.575	-7.526527205
14	3	2016	238.2852	19.5177	23.3595	33.8049	342.64999	395.53	-52.88001	2.5	-9.127363917
1	11	2018	257.95377	17.17796	28.2	33.804	362.70001	408.02	-45.31999	4.475	-5.476324242
14	3	2016	238.283	19.5103	23.3793	33.8034	342.92999	395.45001	-52.52002	0.925	-9.05181824
14	3	2016	238.174	19.1409	23.5315	33.8015	349.12	395.32001	-46.20001	2.7	-7.872202045
14	3	2016	237.9922	18.5359	23.555	33.8013	348.35001	394.29999	-45.94998	3.45	-7.815820855
2	11	2018	259.0874	16.70063	28.17	33.8	397.66	408.02	-10.36	0.425	-1.254613703
21	7	1998	257.78299	17.43	30.08	33.8	388.09	367.82	20.27	1.31999	2.139635415
14	3	2016	238.2809	19.5028	23.3943	33.8	343.04001	395.57001	-52.53	1.875	-9.043485135
24	11	2005	244.34309	22.30793	22.45	33.799	396.17999	378.35	17.82999	11.6	3.296237146
14	3	2016	238.2787	19.4954	23.4073	33.7976	343.32999	395.42999	-52.1	1.19209E-06	-8.960803488
2	11	2018	259.13458	16.68164	28.23	33.797	395.19	408.02	-12.83	0.05	-1.54701987
14	3	2016	237.76711	17.7541	23.7494	33.7967	348.81	393.88	-45.07	2.775	-7.555470135
14	3	2016	237.98981	18.5284	23.6015	33.7948	348.62	394.28	-45.66	5.025	-7.739700066
14	3	2016	238.2765	19.488	23.4194	33.7935	343.59	395.45999	-51.86999	1.775	-8.91330833
30	11	2014	255.90556	17.45675	28.57	33.793	403.28	397.28	6	0.95	0.705913393
12	9	2015	255.0757	18.61267	30.49	33.793	396.89001	381.01999	15.87002	1.85	1.626990978
16	3	1993	246.564	19.996	25.085	33.792	348.95001	358.47	-9.51999	4.52	-1.444964451
24	11	2005	244.49184	22.2427	22.44	33.792	394.72	378.35	16.37	11	3.028719862
14	3	2016	238.27409	19.4798	23.4362	33.7907	343.81	395.5	-51.69	1.875	-8.871296774
14	3	2016	237.7796	17.7955	23.6853	33.7903	349.25	393.76999	-44.51999	3.7	-7.499384845
21	7	1998	257.80099	17.419	30.07	33.79	388.10001	367.82	20.28001	0.53999	2.142311719
1	11	2018	257.08005	17.54301	28.27	33.789	401.78	408.02	-6.24	1.15	-0.750259428
24	11	2005	244.04518	22.43693	22.08	33.789	393.31	378.35	14.96	13.1	2.844608467
14	3	2016	238.1763	19.1482	23.5417	33.7888	348.39001	395.34	-46.94999	2.1	-7.994336162
30	11	2014	256.18024	17.34515	28.76	33.788	403.39001	397.28	6.11001	3.1	0.709081225
14	3	2016	237.9874	18.5209	23.6936	33.7875	349.57001	394.20001	-44.63	3.8	-7.513339744
14	3	2016	237.7867	17.8209	23.7363	33.7851	349.10001	393.63	-44.52999	1.275	-7.472657636
14	3	2016	238.2719	19.4724	23.4516	33.785	344.07999	395.35001	-51.27002	0.075	-8.789279695
30	11	2014	256.36243	17.2655	28.83	33.784	403.75	397.28	6.47	0.5	0.7470913
30	11	2014	256.27103	17.30537	28.83	33.784	404.01001	397.28	6.73001	1.525	0.77711467
14	3	2016	238.1785	19.1555	23.586	33.784	348.14001	395.42999	-47.28998	3.225	-8.025702766
14	3	2016	238.26579	19.4501	23.5081	33.784	344.70999	395.37	-50.66001	0.525	-8.648006093
14	3	2016	238.2636	19.4428	23.5107	33.7834	344.81	395.20001	-50.39001	3.425	-8.600261189
14	3	2016	238.2699	19.465	23.4746	33.7832	344.26001	395.29001	-51.03	0.6	-8.733118071
14	3	2016	238.26151	19.4354	23.5057	33.7827	344.56	395.34	-50.78	1.95	-8.670100839
14	3	2016	237.7822	17.804	23.7232	33.7822	349.04001	393.69	-44.64999	2.7	-7.500244392
14	3	2016	238.2679	19.4576	23.5031	33.7821	344.45001	395.34	-50.88999	0.075	-8.690598716
14	3	2016	238.25929	19.4281	23.4939	33.7816	344.38	395.37	-50.99	2.125	-8.713709042
15	3	1993	247.519	16.79	25.603	33.781	349	358.47	-9.47	6.89999	-1.383492347
30	11	2014	256.22546	17.32544	28.81	33.781	404.12	397.28	6.84	0.35	0.790965054
24	11	2005	244.54169	22.22041	22.42	33.781	336.48	378.35	-41.87	10.4	-7.758784743
30	11	2014	256.31671	17.28527	28.82	33.78	402.85999	397.28	5.57999	0.625	0.644797523
24	11	2005	244.59164	22.19807	22.45	33.78	336.48	378.35	-41.87	10	-7.741194316
14	3	2016	238.2572	19.4208	23.4919	33.7798	344.35001	395.42001	-51.07	1.125	-8.728760887
14	3	2016	237.7845	17.8125	23.7485	33.7795	349.35001	393.66	-44.30999	0.05	-7.429139886
24	11	2005	244.64096	22.17562	22.44	33.778	336.56	378.35	-41.79	8.5	-7.732332984
8	6	2008	244.12633	22.22057	19.4	33.778	324.96	388.64999	-63.68999	11.8	-14.89938013
14	3	2016	238.255	19.4135	23.487	33.7779	344.34	395.35001	-51.01001	1.525	-8.72178809
14	3	2016	238.2529	19.4063	23.486	33.7775	344.48999	395.41	-50.92001	2.825	-8.707068691
14	3	2016	238.2506	19.3991	23.4871	33.777	344.54999	395.45999	-50.91	2.125	-8.704658308
14	3	2016	237.7648	17.7461	23.7589	33.7767	348.57999	393.92999	-45.35	1.075	-7.597691062
14	3	2016	237.75729	17.7221	23.7698	33.776	348.70999	393.92999	-45.22	1.7	-7.569758432
14	3	2016	238.2438	19.3777	23.487	33.776	344.66	395.35001	-50.69001	1.525	-8.667148344
14	3	2016	238.246	19.3848	23.487	33.7759	344.60001	395.26001	-50.66	1.075	-8.66202105
14	3	2016	238.24831	19.392	23.49	33.7756	344.60001	395.38	-50.77999	0.95	-8.680595158
14	3	2016	238.24159	19.3706	23.4854	33.7755	344.98001	395.32999	-50.34998	1.05	-8.61006183
14	3	2016	238.23959	19.3634	23.4993	33.7744	344.91	395.31	-50.4	0.225	-8.609675535
14	3	2016	238.18089	19.1628	23.5899	33.7735	347.60999	395.32999	-47.72	3.9	-8.096699521
14	3	2016	238.23759	19.3564	23.5141	33.7733	345.35999	395.54001	-50.18002	0.275	-8.562628461
30	11	2014	255.40208	17.66568	28.79	33.773	387.23001	397.28	-10.04999	1.925	-1.163879515
14	3	2016	237.7597	17.73	23.7591	33.7728	348.89999	393.92999	-45.03	1.6	-7.5440998
14	3	2016	237.7549	17.7142	23.775	33.7722	348.53	393.98999	-45.45999	0.175	-7.607102257
24	11	2005	244.09431	22.41526	22.3	33.772	395.42999	378.35	17.07999	11.5	3.194112409
14	3	2016	237.7524	17.7061	23.773	33.7718	348.48999	394.01999	-45.53	1.825	-7.619971484
14	3	2016	237.74989	17.6983	23.774	33.7717	348.32001	394.04999	-45.72998	2.55	-7.652871232
14	3	2016	238.1832	19.1702	23.6017	33.7715	347.10999	395.35001	-48.24002	2.65	-8.177770155
14	3	2016	237.76221	17.738	23.7729	33.7705	348.82001	393.89001	-45.07	0.1	-7.543085836
20	10	2002	247.457	16.762	28.92	33.77	354.44	370.55	-16.11	1.19	-1.848307106
20	10	2002	247.44901	16.777	28.91	33.77	354.89999	370.55	-15.65001	1.34	-1.796826355
20	10	2002	247.354	17.154	28.76	33.77	356.89001	370.55	-13.65999	2.64	-1.585396829
14	3	2016	238.2357	19.3492	23.5184	33.77	345.22	395.42001	-50.20001	0.175	-8.563404993
14	3	2016	238.2041	19.2454	23.631	33.7695	345.89001	395.29999	-49.40998	0.3	-8.357809854
14	3	2016	238.2336	19.342	23.5321	33.7695	345.37	395.45999	-50.08999	3.725	-8.535881536
14	3	2016	238.2021	19.238	23.6291	33.7684	345.76001	395.25	-49.48999	0.025	-8.372577134
14	3	2016	238.2291	19.3277	23.5378	33.7681	345.51001	395.39999	-49.88998	3	-8.498218086
24	11	2005	244.29361	22.32932	22.28	33.768	394.73001	378.35	16.38001	11.4	3.067921012
14	3	2016	237.7477	17.6904	23.8107	33.7674	348.70999	394.01999	-45.31	1.625	-7.561943583
14	3	2016	238.1936	19.2075	23.625	33.7674	345.73999	395.35999	-49.62	4.875	-8.39718902
14	3	2016	238.1855	19.1776	23.604	33.7673	346.98999	395.23999	-48.25	2.85	-8.178207345
14	3	2016	238.22369	19.3096	23.6173	33.7672	345.89001	395.37	-49.47999	3.75	-8.378335398
14	3	2016	238.2253	19.3149	23.5985	33.767	345.95001	395.34	-49.38999	4.05	-8.374894459
14	3	2016	238.2	19.2303	23.631	33.7664	345.66	395.28	-49.62	1.6	-8.393452707
14	3	2016	238.1873	19.1851	23.6069	33.766	346.42999	395.35999	-48.93	2.8	-8.291711414
14	3	2016	238.1958	19.215	23.632	33.7655	345.85999	395.32001	-49.46002	6.075	-8.365798523
14	3	2016	237.78889	17.8294	23.783	33.7654	349.26001	393.57001	-44.31	0.925	-7.410457505
14	3	2016	238.2278	19.3234	23.5655	33.7654	345.63	395.42999	-49.79999	3.8	-8.465392325
14	3	2016	238.19141	19.2001	23.6238	33.7652	346.06	395.42001	-49.36001	3.575	-8.354025044
14	3	2016	238.198	19.2227	23.632	33.7651	345.85999	395.37	-49.51001	3.825	-8.374269089
14	3	2016	238.2265	19.3192	23.5872	33.7645	345.82001	395.29001	-49.47	2.6	-8.395663929
14	3	2016	238.1893	19.1925	23.6138	33.7639	346.10001	395.39001	-49.29	2.925	-8.348478522
24	11	2005	244.1443	22.39363	22.43	33.763	397.54999	378.35	19.19999	11.2	3.555479299
14	3	2016	237.7455	17.6826	23.8326	33.7608	348.64999	393.89999	-45.25	0.8	-7.539794228
20	10	2002	247.44101	16.792	28.9	33.76	354.78	370.55	-15.77	1.53	-1.811985451
30	11	2014	250.89253	19.4792	27.39	33.76	386.06	397.28	-11.22	2.775	-1.438184408
24	11	2005	243.99683	22.45831	21.87	33.759	393.67001	378.35	15.32001	13.6	2.960450851
24	11	2005	244.24411	22.35116	22.16	33.758	395.59	378.35	17.24	11.4	3.258719893
14	3	2016	237.7433	17.6749	23.8767	33.7575	348.89999	394	-45.10001	0.65	-7.490174219
1	11	2018	257.26184	17.46938	28.26	33.757	393.73999	408.02	-14.28001	3.95	-1.718421257
1	11	2018	257.62646	17.31655	28.22	33.755	311.23999	408.02	-96.78001	4.85	-11.68013873
8	6	2008	243.99469	22.27863	19.33	33.755	325.65	388.64001	-62.99001	10.9	-14.81859984
24	11	2005	244.19441	22.37256	22.36	33.754	396.89999	378.35	18.54999	11.2	3.453538835
14	3	2016	237.985	18.5134	23.7522	33.7538	349.5	394.17999	-44.67999	3.875	-7.489969203
8	6	2008	243.94977	22.29805	19.32	33.753	336.02	388.64001	-52.62001	9.8	-12.38888858
14	3	2016	237.791	17.8379	23.8531	33.752	349.47	393.39999	-43.92999	7.05	-7.308924199
12	9	2015	255.11574	18.58469	30.46	33.752	400.62	381.01001	19.60999	5.2	2.015055695
20	10	2002	247.425	16.853	28.86	33.75	355.17999	370.55	-15.37001	3.03	-1.77120032
14	3	2016	237.7411	17.6669	23.8849	33.7486	349.01001	393.92001	-44.91	0.4	-7.454345673
24	11	2005	243.94888	22.47982	21.86	33.748	393.09	378.35	14.74	13.4	2.850686599
14	3	2016	237.79311	17.8465	23.9186	33.7465	350.38	393.44	-43.06	3.125	-7.129362531
14	3	2016	237.7384	17.6579	23.8949	33.7449	348.95001	393.89001	-44.94	2.075	-7.453875661
14	3	2016	237.73621	17.6502	23.902	33.7446	349.04001	393.92999	-44.88998	1.4	-7.441639038
14	3	2016	237.73399	17.6424	23.9455	33.7443	349.38	393.76001	-44.38001	0.95	-7.333232063
1	11	2018	257.12589	17.52605	28.27	33.741	399.10999	408.02	-8.91001	0.825	-1.071506902
14	3	2016	237.9826	18.5061	23.8541	33.7406	349.92999	394.12	-44.19001	3	-7.352013406
14	3	2016	237.7953	17.856	23.9443	33.7394	350.89999	393.29999	-42.4	0.05	-7.006843357
14	3	2016	237.7317	17.6345	24.0245	33.7377	349.92001	393.76001	-43.84	0.425	-7.201600296
14	3	2016	237.7972	17.8644	23.9743	33.7366	351.32999	393.31	-41.98001	0.75	-6.92199455
14	3	2016	237.7991	17.8726	23.9892	33.7347	352.25	393.45999	-41.20999	1.13249E-06	-6.787527822
8	6	2008	244.08185	22.2401	19.33	33.733	316.33	388.67999	-72.34999	12.5	-17.02231892
14	3	2016	237.8011	17.881	23.9988	33.7313	352.29001	393.5	-41.20999	2.475	-6.782767078
20	10	2002	247.429	16.868	28.84	33.73	355.13	370.55	-15.42	3.28999	-1.779677169
20	10	2002	247.422	16.883	28.8	33.73	355.45001	370.55	-15.09999	2.42	-1.747776831
20	7	1998	258.10599	17.253	29.72	33.73	381.23999	367.82	13.41999	6.44	1.453942593
14	3	2016	237.80299	17.8893	24.0253	33.7278	352.73001	393.37	-40.63999	3.575	-6.675833019
14	3	2016	237.7296	17.6269	24.0419	33.7246	350.26001	393.84	-43.57999	0.275	-7.150016362
14	3	2016	237.80859	17.9054	24.0793	33.7235	353.67999	393.39999	-39.72	3.7	-6.498587594
14	3	2016	237.8056	17.8973	24.0465	33.7218	353.07999	393.45999	-40.38	3.275	-6.622814085
20	7	1998	258.539	16.995	29.33	33.72	377.03	367.82	9.21	2.12	1.026175217
20	7	1998	258.04401	17.289	29.67	33.72	382.03	367.82	14.21	4.25999	1.545122846
30	11	2014	255.35513	17.68434	28.88	33.72	386.76001	397.28	-10.51999	0.8	-1.210705965
14	3	2016	237.81149	17.9135	24.0947	33.7196	354.67001	393.35999	-38.68998	4.35	-6.322906833
1	11	2018	257.21753	17.49084	28.27	33.719	400.94	408.02	-7.08	4.85	-0.851512931
14	3	2016	237.7274	17.6191	24.044	33.7186	349.85001	393.82001	-43.97	1.575	-7.213067811
14	3	2016	237.7252	17.6112	24.046	33.7184	349.89001	393.85001	-43.96	3.325	-7.210357278
8	6	2008	244.0386	22.25914	19.29	33.717	317.94	388.70001	-70.76001	11.1	-16.70199777
14	3	2016	237.9185	18.2723	24.0696	33.7165	353.98001	393.59	-39.60999	2.175	-6.485486056
14	3	2016	237.7229	17.6035	24.0885	33.7162	350.48999	393.73001	-43.24002	4.15	-7.069874788
14	3	2016	237.92059	18.2798	24.0631	33.7132	353.10001	393.60001	-40.5	1.975	-6.634526821
1	11	2018	257.172	17.50951	28.27	33.713	397.79999	408.02	-10.22001	4.6	-1.229194333
14	3	2016	237.87151	18.1155	24.1155	33.7122	355.44	393.35001	-37.91001	4.225	-6.186038988
30	11	2014	255.67581	17.55324	29.09	33.712	388.97	397.28	-8.31	1.15	-0.942044647
14	3	2016	237.9229	18.2875	24.0865	33.7112	352.60001	393.64001	-41.04	2.35	-6.711317234
30	11	2014	250.84915	19.49527	27.26	33.711	386.26999	397.28	-11.01001	0.65	-1.424997457
8	6	2008	243.9057	22.31693	19.23	33.711	333.73	388.63	-54.9	9.4	-13.02021354
14	3	2016	237.9803	18.4988	23.9212	33.7101	350.63	394.04999	-43.41999	3.6	-7.188747094
20	10	2002	247.416	16.898	28.81	33.71	355.32999	370.55	-15.22001	3.03999	-1.760549954
20	7	1998	257.88101	17.376	29.87	33.71	380.17001	367.82	12.35001	2.29001	1.323843494
14	3	2016	237.925	18.295	24.0968	33.7094	351.85999	393.70001	-41.84002	1.05	-6.836944082
14	3	2016	237.92731	18.3026	24.0911	33.7093	351.64999	393.57999	-41.93	1.65	-6.854565254
15	3	1993	247.44501	17.025	26.165	33.709	350.56	358.47	-7.91	6.17	-1.109141495
14	3	2016	237.9093	18.2417	24.1928	33.7089	355.95999	393.51999	-37.56	2.9	-6.093784945
14	3	2016	237.7207	17.5959	24.1506	33.7083	351.09	393.67999	-42.58999	3.825	-6.931653573
14	3	2016	237.9162	18.2646	24.0993	33.7079	354.88	393.57001	-38.69001	3.55	-6.321074426
14	3	2016	237.87289	18.1199	24.1209	33.7078	355.29999	393.45999	-38.16	4.675	-6.224446751
8	6	2008	243.81694	22.35428	19.22	33.707	338.47	388.67001	-50.20001	11.1	-11.91516453
14	3	2016	237.9294	18.3101	24.0979	33.7067	351.35999	393.64999	-42.29	2.7	-6.9099906
14	3	2016	237.8773	18.1333	24.1093	33.7066	354.56	393.42001	-38.86001	3.25	-6.344150531
14	3	2016	237.8744	18.1244	24.1259	33.7061	355.17001	393.47	-38.29999	3.5	-6.244999123
14	3	2016	237.8759	18.1289	24.1231	33.706	354.94	393.45999	-38.51999	0.875	-6.282186053
14	3	2016	237.9117	18.2494	24.1497	33.706	355.35001	393.53	-38.17999	3.875	-6.214393675
8	6	2008	243.86148	22.33571	19.22	33.705	335.78	388.64999	-52.86999	9.5	-12.54901217
8	6	2008	243.77242	22.37253	19.19	33.705	339.79	388.66	-48.87	9.7	-11.62706062
14	3	2016	237.91389	18.257	24.1559	33.7049	355.38	393.45001	-38.07001	4.175	-6.193658784
14	3	2016	237.882	18.1487	24.109	33.7048	354.12	393.29999	-39.17999	4.925	-6.396584287
14	3	2016	237.8887	18.172	24.1399	33.7038	353.89001	393.39001	-39.5	6.375	-6.434010691
14	3	2016	237.8842	18.1565	24.1305	33.7026	354.14001	393.48999	-39.34998	2.475	-6.414104733
14	3	2016	237.8909	18.1797	24.1263	33.7017	353.47	393.51001	-40.04001	4.45	-6.528652143
14	3	2016	237.90691	18.2341	24.2222	33.7015	355.67999	393.41	-37.73001	1.675	-6.1081698
14	3	2016	237.9315	18.3175	24.1596	33.7011	351.29001	393.44	-42.14999	2.2	-6.855661116
14	3	2016	237.89301	18.1873	24.1476	33.7008	353.35999	393.42001	-40.06002	5	-6.521571838
20	7	1998	258.23001	17.182	29.42	33.7	378.48001	367.82	10.66001	0.44	1.180184221
20	7	1998	258.12	17.245	29.73	33.7	379.94	367.82	12.12	5.75	1.312326746
30	11	2014	255.76791	17.51459	28.89	33.7	387.19	397.28	-10.09	2.4	-1.16048294
14	3	2016	237.7184	17.588	24.1698	33.6998	351.29001	393.70001	-42.41	4.275	-6.892746999
14	3	2016	237.8952	18.1949	24.1529	33.6991	353.20999	393.45001	-40.24002	4.925	-6.548336059
14	3	2016	237.5515	17.0166	25.077	33.6987	360.47	392.01999	-31.54999	4.15	-4.793552953
14	3	2016	237.556	17.032	25.078	33.6987	360.87	392.14001	-31.27001	2.45	-4.750662524
14	3	2016	237.5538	17.0243	25.075	33.6981	360.5	392.10001	-31.60001	3.15	-4.801876334
14	3	2016	237.88651	18.1642	24.1359	33.698	354.03	393.42999	-39.39999	1.85	-6.419802829
14	3	2016	237.93359	18.3251	24.2001	33.6975	351.57001	393.42999	-41.85998	1.975	-6.788072063
14	3	2016	237.5607	17.0475	25.069	33.6974	360.62	392.19	-31.57	3.925	-4.799461969
14	3	2016	237.5584	17.0398	25.074	33.6971	360.82001	392.23999	-31.41998	4.75	-4.774893991
14	3	2016	237.5629	17.0553	25.069	33.697	360.39001	392.22	-31.82999	4.65	-4.838995841
14	3	2016	237.58501	17.1322	25.0683	33.6968	359.88	392.5	-32.62	0.475	-4.959359512
14	3	2016	237.54939	17.0089	25.0869	33.6966	360.14999	391.97	-31.82001	1.675	-4.831082697
14	3	2016	237.5876	17.1408	25.0891	33.6961	360.14001	392.48999	-32.34998	3.15	-4.910756888
14	3	2016	237.7162	17.5805	24.2157	33.6958	351.95999	393.70001	-41.74002	4.025	-6.760804262
14	3	2016	237.5652	17.0632	25.0696	33.6955	360.94	392.29001	-31.35001	4.75	-4.765846447
14	3	2016	237.5827	17.1246	25.0561	33.6955	359.35001	392.5	-33.14999	0.325	-5.04451882
14	3	2016	237.9357	18.3326	24.2323	33.6955	351.78	393.45001	-41.67001	2.5	-6.741127875
14	3	2016	237.8974	18.2025	24.1716	33.6954	353.47	393.32001	-39.85001	5.8	-6.475939671
14	3	2016	237.5472	17.0013	25.0712	33.6953	359.41	392	-32.59	4.175	-4.953768158
8	6	2008	243.72682	22.39102	19.13	33.695	334.18	388.70999	-54.52999	10	-13.03584635
14	3	2016	237.9377	18.3401	24.2496	33.6944	351.91	393.44	-41.53	4.525	-6.709854856
14	3	2016	237.5898	17.1485	25.0971	33.6937	360.39001	392.48999	-32.09998	0.675	-4.869974736
14	3	2016	237.5672	17.0708	25.0669	33.6933	360.70999	392.29999	-31.59	4.175	-4.803336777
14	3	2016	237.9398	18.3477	24.2774	33.6931	351.97	393.35999	-41.38999	3.8	-6.673435736
30	11	2014	256.40836	17.24622	28.83	33.693	400.82999	397.28	3.54999	2.35	0.410077514
14	3	2016	237.5921	17.1559	25.103	33.6929	360.29001	392.59	-32.29999	0.4	-4.898197251
14	3	2016	237.90221	18.2188	24.2172	33.6922	354.14999	393.42999	-39.28	3.275	-6.361736154
14	3	2016	237.5694	17.0787	25.0559	33.6921	360.22	392.42001	-32.20001	4.95	-4.90010471
14	3	2016	237.59441	17.1636	25.1061	33.6921	360.16	392.59	-32.43	0.025	-4.916802406
14	3	2016	237.8997	18.2101	24.1897	33.692	353.87	393.54001	-39.67001	4.95	-6.438092252
14	3	2016	237.9045	18.2265	24.2337	33.6917	355.07001	393.39001	-38.32	0.825	-6.198642053
14	3	2016	237.58051	17.117	25.0452	33.6914	358.78	392.45999	-33.67999	0.7	-5.12940119
14	3	2016	237.5312	16.9478	25.0311	33.6912	358.31	391.85001	-33.54001	4.225	-5.113422165
14	3	2016	237.53349	16.9553	25.0482	33.6912	358.37	391.87	-33.5	4.8	-5.100860603
14	3	2016	237.57159	17.0864	25.048	33.6911	359.79001	392.31	-32.51999	2.575	-4.951715396
14	3	2016	237.57381	17.0941	25.049	33.6908	359.73999	392.48999	-32.75	0.225	-4.9863758
14	3	2016	237.59669	17.1713	25.1231	33.6904	360.32001	392.62	-32.29999	0.125	-4.890972328
14	3	2016	237.576	17.1018	25.047	33.6901	359.56	392.5	-32.94	0.2	-5.016062658
20	7	1998	258.371	17.098	29.26	33.69	376.57999	367.82	8.75999	0.45	0.981082188
14	3	2016	237.5782	17.1094	25.043	33.69	359.66	392.48001	-32.82001	0.45	-4.999273153
14	3	2016	237.59891	17.179	25.129	33.6898	360.35001	392.72	-32.36999	0.2	-4.899445939
14	3	2016	237.942	18.3552	24.3093	33.6897	352.37	393.35999	-40.98999	1.925	-6.593357504
14	3	2016	237.52901	16.9405	25.0055	33.6896	357.89001	391.82001	-33.93	5.55	-5.182731029
14	3	2016	237.6012	17.1866	25.1441	33.6887	360.42999	392.66	-32.23001	0.675	-4.872836418
14	3	2016	237.6057	17.2017	25.1491	33.688	360.62	392.70001	-32.08001	0.325	-4.848379548
14	3	2016	237.536	16.9638	25.0659	33.6879	358.70999	392.01999	-33.31	4.7	-5.065363759
14	3	2016	237.60339	17.1942	25.15	33.6878	360.60001	392.72	-32.11999	1.3	-4.854103039
14	3	2016	237.5451	16.9937	25.067	33.6877	359.42999	391.94	-32.51001	4.025	-4.94331329
14	3	2016	237.9444	18.3626	24.347	33.6872	352.78	393.39001	-40.61001	2	-6.513996665
14	3	2016	237.60789	17.2092	25.159	33.6866	360.42001	392.66	-32.23999	5.25	-4.869021497
14	3	2016	237.52679	16.933	24.9911	33.6865	357.67001	391.79999	-34.12998	5.725	-5.218912312
14	3	2016	237.714	17.5728	24.245	33.6862	352.25	393.64999	-41.39999	4.525	-6.691389203
14	3	2016	237.52049	16.9104	24.9315	33.686	356.76001	391.82999	-35.06998	2.4	-5.386392001
14	3	2016	237.52251	16.918	24.9571	33.6858	357.16	391.78	-34.62	1.35	-5.307208529
14	3	2016	237.61011	17.2168	25.158	33.6855	360.54001	392.62	-32.07999	1	-4.845239703
14	3	2016	237.5247	16.9255	24.9732	33.6853	357.48999	391.85999	-34.37	1.35	-5.262615268
8	6	2008	243.59038	22.44648	19.16	33.685	328.63	388.98001	-60.35001	10.4	-14.39373137
14	3	2016	237.543	16.9863	25.064	33.6843	358.95999	391.89999	-32.94	4.45	-5.00988371
14	3	2016	237.6123	17.2245	25.156	33.6843	360.85999	392.75	-31.89001	1	-4.817284161
14	3	2016	237.5182	16.9028	24.8903	33.6836	356.13	391.66	-35.53	4.85	-5.473792784
14	3	2016	237.5407	16.9788	25.059	33.6836	358.79999	391.94	-33.14001	5.4	-5.042185012
14	3	2016	237.5385	16.9713	25.059	33.6834	358.57999	391.95999	-33.38	3.45	-5.078703528
14	3	2016	237.94679	18.3701	24.3743	33.6825	353.07999	393.39999	-40.32	2	-6.454482866
14	3	2016	237.6145	17.2321	25.0868	33.6823	360.70001	392.87	-32.16999	0.65	-4.884565792
14	3	2016	237.49561	16.8254	24.266	33.6821	348.75	391.95999	-43.20999	6.875	-6.973144019
14	3	2016	237.4978	16.8333	24.2673	33.6818	348.54999	391.91	-43.36001	7.725	-6.996685654
14	3	2016	237.619	17.2472	25.0589	33.6815	360.26999	393.07001	-32.80002	0.1	-4.990539863
14	3	2016	237.61681	17.2397	25.075	33.6812	360.37	393.03	-32.66	1.275	-4.963324028
8	6	2008	243.50069	22.48348	19.2	33.681	324.86	388.95999	-64.09999	9.2	-15.24024529
14	3	2016	237.4888	16.8021	24.2808	33.6806	348.97	391.92001	-42.95001	6.075	-6.923597193
14	3	2016	237.9494	18.3778	24.421	33.6805	353.87	393.39001	-39.52001	1.3	-6.304525964
14	3	2016	237.49339	16.8176	24.2571	33.6804	348.70999	391.95999	-43.25	5.875	-6.984284046
14	3	2016	237.71159	17.5653	24.2944	33.6804	352.57001	393.66	-41.08999	1.525	-6.617058289
20	7	1998	258.35699	17.107	29.43	33.68	376.04999	367.82	8.22999	0.75	0.910577155
14	3	2016	237.4841	16.7871	24.2929	33.6799	348.63	391.88	-43.25	6	-6.96569632
14	3	2016	237.4912	16.8098	24.261	33.6797	348.42001	391.82001	-43.4	6.575	-7.006492668
30	11	2014	255.72186	17.53416	29.07	33.679	388.56	397.28	-8.72	4.325	-0.990086873
14	3	2016	237.63	17.2858	25.0801	33.6783	360.45001	393.04001	-32.59	1.225	-4.950881001
14	3	2016	237.48289	16.7826	24.3118	33.6779	348.56	391.73999	-43.17999	6.3	-6.944699871
14	3	2016	237.632	17.2933	25.0909	33.6779	360.51001	393.01999	-32.50998	0.9	-4.93478772
14	3	2016	237.5159	16.8951	24.8535	33.6777	356	391.79001	-35.79001	5.925	-5.529058861
15	3	1993	247.377	17.266	26.199	33.677	349.67999	358.47	-8.79001	6.02	-1.229637683
14	3	2016	237.44881	16.6664	24.3836	33.6769	350.76001	391.51999	-40.75998	4.925	-6.520563916
14	3	2016	237.6279	17.278	25.0661	33.6764	360.31	392.98999	-32.67999	1.325	-4.969740856
14	3	2016	237.63409	17.3008	25.0838	33.6763	360.57001	393	-32.42999	0.375	-4.925268199
14	3	2016	237.45129	16.6747	24.3798	33.6761	349.70001	391.64999	-41.94998	5.375	-6.712856296
8	6	2008	243.68182	22.40918	19.12	33.676	327.54	388.76999	-61.22999	11	-14.65040148
14	3	2016	237.6235	17.2626	25.048	33.6754	360.09	393.01001	-32.92001	0.775	-5.012975866
14	3	2016	237.62579	17.2703	25.0492	33.6752	360.04999	392.92999	-32.88	2	-5.006442934
14	3	2016	237.4538	16.6828	24.37	33.675	349.53	391.59	-42.06	5.125	-6.735406617
14	3	2016	237.62131	17.2549	25.053	33.675	360.45001	392.92001	-32.47	1.1	-4.942628466
14	3	2016	237.4816	16.7781	24.3269	33.6743	348.56	391.69	-43.13	6.5	-6.928975592
14	3	2016	237.45641	16.6909	24.3658	33.6742	349.07999	391.66	-42.58001	4.55	-6.820836743
14	3	2016	237.45889	16.699	24.354	33.6741	348.92999	391.63	-42.70001	5.3	-6.846073993
1	11	2018	257.30624	17.44859	28.25	33.674	380.45999	408.02	-27.56001	3.525	-3.320093632
14	3	2016	237.9518	18.3854	24.4465	33.6733	354.14001	393.37	-39.22999	3.975	-6.246599262
14	3	2016	237.65421	17.3668	25.0639	33.6732	360.07001	393.17001	-33.1	0.225	-5.034504539
14	3	2016	237.4789	16.768	24.3468	33.6727	348.70999	391.69	-42.98001	4.95	-6.894704591
14	3	2016	237.5136	16.8875	24.7972	33.6727	355.25	391.75	-36.5	5.35	-5.662461625
14	3	2016	237.4801	16.7724	24.3349	33.6725	348.45001	391.70001	-43.25	6.9	-6.944172008
8	6	2008	243.63649	22.42757	19.14	33.672	330.77	388.88	-58.11	10.4	-13.88221573
14	3	2016	237.7094	17.5578	24.3296	33.6713	353.23001	393.60999	-40.37998	2.175	-6.485958977
20	10	2002	247.40201	16.958	28.74	33.67	354.81	370.55	-15.74	1.25	-1.830228116
20	7	1998	258.33899	17.118	29.7	33.67	377.29999	367.82	9.47999	0.95	1.028811206
20	7	1998	258.32501	17.126	29.54	33.67	378.28	367.82	10.46	1.77	1.148259291
20	7	1998	258.263	17.163	29.52	33.67	379.72	367.82	11.9	0.65001	1.308212336
20	7	1998	258.24799	17.171	29.51	33.67	379.54001	367.82	11.72001	5.59	1.289349911
20	7	1998	258.02899	17.297	29.61	33.67	380.60001	367.82	12.78001	2.34	1.395917504
8	6	2008	243.54538	22.46511	19.19	33.67	321.55	389	-67.45	10.3	-16.05021411
14	3	2016	237.95419	18.3928	24.4617	33.6678	354.56	393.39001	-38.83001	5	-6.176075446
14	3	2016	237.9588	18.409	24.47	33.6675	355.03	393.42001	-38.39001	5.825	-6.102331264
14	3	2016	237.6553	17.371	25.0447	33.6668	359.59	393.14999	-33.55999	1.175	-5.111874953
14	3	2016	237.51131	16.8797	24.7505	33.6665	354.10001	391.85001	-37.75	6.025	-5.876870805
14	3	2016	237.9566	18.4014	24.4708	33.6665	354.98001	393.32001	-38.34	4.75	-6.094046544
14	3	2016	237.9599	18.4166	24.4543	33.6665	354.92001	393.39001	-38.47	4.925	-6.122219113
14	3	2016	237.7072	17.5502	24.3492	33.6657	353.57001	393.53	-39.95999	3.175	-6.409299309
14	3	2016	237.96201	18.424	24.4579	33.6645	354.62	393.44	-38.82	4.95	-6.176320204
30	11	2014	250.8063	19.51184	27.47	33.664	389.20001	397.28	-8.07999	0.625	-1.030113937
14	3	2016	237.5	16.841	24.2924	33.6638	348.56	391.87	-43.31	6.125	-6.976123583
14	3	2016	237.9666	18.4389	24.4699	33.6637	354.82999	393.35999	-38.53	0.85	-6.124733383
14	3	2016	237.5089	16.872	24.7016	33.663	353.23001	391.79001	-38.56	5.075	-6.02489193
14	3	2016	237.9642	18.4315	24.4655	33.663	355.23001	393.39001	-38.16	0.575	-6.067922721
14	3	2016	237.97791	18.4914	24.37	33.6624	354.14999	393.53	-39.38001	3.6	-6.306594599
14	3	2016	237.96899	18.4463	24.4769	33.6613	354.98001	393.47	-38.48999	2.05	-6.115254501
14	3	2016	237.7048	17.5426	24.3927	33.6609	353.48001	393.67999	-40.19998	2.7	-6.427084872
20	7	1998	258.215	17.19	29.63	33.66	378.26001	367.82	10.44001	4.47	1.138742078
20	7	1998	257.896	17.368	29.68	33.66	379.85999	367.82	12.03999	3.82001	1.308562878
15	3	1993	247.24699	17.748	26.206	33.66	349.23001	358.47	-9.23999	5.64	-1.292018388
14	3	2016	237.6564	17.3752	25	33.6596	359.37	393.16	-33.79	1.8	-5.164139665
14	3	2016	237.97141	18.4539	24.479	33.6595	355	393.51001	-38.51001	3.05	-6.117529053
14	3	2016	237.50661	16.8643	24.6408	33.6591	352.42999	391.81	-39.38001	4.925	-6.180966041
30	11	2014	250.71947	19.54634	27.52	33.659	387.94	397.28	-9.34	-0.275	-1.186454152
14	3	2016	237.9706	18.4617	24.4654	33.658	354.92999	393.48999	-38.56	2.125	-6.131710763
30	11	2014	250.76309	19.52909	27.54	33.658	389.10999	397.28	-8.17001	2.575	-1.036326939
14	3	2016	237.5022	16.8488	24.4825	33.6571	350.67999	391.81	-41.13001	6.4	-6.532100304
14	3	2016	237.65759	17.3796	24.9726	33.657	358.89999	393.17001	-34.27002	1.3	-5.248202167
14	3	2016	237.70261	17.5352	24.4434	33.6568	353.20001	393.51001	-40.31	1.05	-6.420524688
14	3	2016	237.9753	18.4841	24.4154	33.6561	354.41	393.60999	-39.19999	4	-6.256764719
14	3	2016	237.6981	17.5201	24.5357	33.6558	354.56	393.39001	-38.83001	1.275	-6.142513518
14	3	2016	237.97031	18.4695	24.4611	33.6558	354.89001	393.51999	-38.62998	0.325	-6.14486448
14	3	2016	237.50439	16.8566	24.5516	33.6557	351.23001	391.82999	-40.59998	6.975	-6.414921344
14	3	2016	237.6958	17.5124	24.5627	33.6554	354.82001	393.28	-38.45999	2.3	-6.071793139
14	3	2016	237.97279	18.4768	24.4347	33.6553	354.76999	393.57001	-38.80002	0.55	-6.184060041
14	3	2016	237.6736	17.4355	24.8497	33.6548	357.35001	393.22	-35.86999	1.175	-5.543542934
14	3	2016	237.6758	17.4432	24.833	33.6548	357.13	393.25	-36.12	0.025	-5.589097861
14	3	2016	237.70039	17.5277	24.4857	33.6548	354.26001	393.47	-39.20999	1	-6.225752907
14	3	2016	237.67149	17.428	24.8619	33.6544	357.16	393.28	-36.12	2.55	-5.577143636
14	3	2016	237.6936	17.5048	24.6045	33.6544	355.29001	393.38	-38.08999	2.475	-5.994757598
30	11	2014	250.6331	19.58128	27.66	33.654	389.45001	397.28	-7.82999	-5.25	-0.984586964
14	3	2016	237.67841	17.4507	24.7987	33.6534	356.67999	393.29999	-36.62	1.425	-5.680935571
14	3	2016	237.6588	17.3839	24.9488	33.6533	358.34	393.10001	-34.76001	1.125	-5.332722556
14	3	2016	237.68069	17.4579	24.7728	33.6532	356.57001	393.23999	-36.66998	7.75	-5.699635102
14	3	2016	237.4328	16.609	24.7888	33.653	355.35001	390.98001	-35.63	5.45	-5.531425506
14	3	2016	237.68491	17.473	24.7218	33.653	356.01999	393.23001	-37.21002	0.025	-5.805509551
14	3	2016	237.6828	17.4653	24.7429	33.6528	356.35999	393.32999	-36.97	2.3	-5.759040957
14	3	2016	237.6693	17.4205	24.8748	33.6527	357.57999	393.23001	-35.65002	0.9	-5.499355756
14	3	2016	237.6869	17.4806	24.6964	33.6526	356.01001	393.37	-37.35999	1.675	-5.839919179
14	3	2016	237.68919	17.4894	24.663	33.6523	355.5	393.48999	-37.98999	2.2	-5.953150832
15	3	1993	247.311	17.507	26.27	33.652	349.73001	358.47	-8.73999	5.34999	-1.216420902
14	3	2016	237.6915	17.4971	24.6366	33.6517	355.51999	393.42999	-37.91	3.25	-5.952291314
14	3	2016	237.4303	16.6007	24.791	33.6513	355.29001	391.14001	-35.85	4.475	-5.564713692
14	3	2016	237.66701	17.4132	24.891	33.6512	357.72	393.22	-35.5	1.025	-5.46967801
30	11	2014	250.59032	19.59906	27.72	33.651	389.38	397.28	-7.9	-1.7	-0.989082044
14	3	2016	237.4352	16.6172	24.8521	33.6504	355.95001	391.04999	-35.09998	6.725	-5.423682715
14	3	2016	237.6627	17.3983	24.9169	33.6502	357.98001	393.17999	-35.19998	0.125	-5.41307553
20	7	1998	258.01001	17.307	29.63	33.65	379.76999	367.82	11.94999	1.47	1.303498246
20	7	1998	257.91501	17.358	29.74	33.65	379.10001	367.82	11.28001	2.62	1.220759227
14	3	2016	237.6647	17.4058	24.9018	33.6496	357.76001	393.10001	-35.34	1.175	-5.44070777
14	3	2016	237.4375	16.6254	24.8701	33.6484	356.32001	391.01999	-34.69998	6.225	-5.354771219
14	3	2016	237.4465	16.6583	24.8068	33.6475	355.59	391.13	-35.54	3.5	-5.510226551
14	3	2016	237.4398	16.6337	24.8777	33.6469	356.42001	391.01999	-34.59998	5.475	-5.33636788
14	3	2016	237.44209	16.6419	24.8589	33.6462	356.23999	391.04999	-34.81	7.175	-5.376264258
14	3	2016	237.4442	16.6502	24.8426	33.6459	356.07999	391.07999	-35	4.15	-5.412153476
12	1	2014	257.06116	16.97753	28.92	33.645	398.01999	397.28	0.73999	3.9	0.084944829
20	10	2002	247.367	17.099	28.64	33.64	353.31	370.55	-17.24	0.59	-2.019425626
20	7	1998	257.995	17.316	29.69	33.64	379.09	367.82	11.27	0.53999	1.224103523
20	7	1998	257.92999	17.35	29.77	33.64	379.04001	367.82	11.22001	2.14	1.211711817
20	7	1998	258.479	17.033	29.41	33.63	376.53	367.82	8.71	1.97	0.965276236
20	7	1998	258.43201	17.061	29.38	33.63	375.81	367.82	7.99	0.37	0.887392429
20	7	1998	258.138	17.234	29.66	33.63	379.32999	367.82	11.50999	0.77	1.252913485
30	11	2014	250.54671	19.61576	27.74	33.63	390.07999	397.28	-7.20001	5.725	-0.900216461
30	11	2014	250.67619	19.56368	27.54	33.627	387.37	397.28	-9.91	-1.075	-1.257205781
30	11	2014	250.45906	19.64857	27.5	33.627	384.79999	397.28	-12.48001	5.7	-1.587856688
20	10	2002	247.399	16.99	28.77	33.62	353.81	370.55	-16.74	1.84	-1.94271587
20	7	1998	258.44699	17.052	29.41	33.62	376.07001	367.82	8.25001	2.95	0.914337296
20	10	2002	247.373	17.082	28.7	33.62	352.56	370.55	-17.99	2.02	-2.098351665
12	1	2014	256.96667	17.01603	29.17	33.616	387.01999	397.28	-10.26001	-0.05	-1.156902957
20	7	1998	258.465	17.041	29.4	33.61	376.04999	367.82	8.22999	1.66	0.912812492
30	11	2014	250.50273	19.6322	27.61	33.604	386.17001	397.28	-11.10999	7.325	-1.402423505
20	10	2002	247.397	16.994	28.84	33.6	354.57999	370.55	-15.97001	3.87	-1.844183184
20	7	1998	258.15302	17.226	29.63	33.6	379.51001	367.82	11.69001	2.97	1.275410735
20	10	2002	247.37601	17.051	28.69	33.58	353.32001	370.55	-17.22999	2.95	-2.011500458
27	11	2016	250	17.5	28.99	33.578	390.5126953	403.53	-13.01730469	1.08	-1.487191397
12	9	2015	255.52682	18.31504	30.47	33.578	400.41	380.73001	19.67999	5.75	2.022290701
12	1	2014	257.10757	16.95892	28.87	33.576	395.22	397.28	-2.06	1.05	-0.237394996
1	11	2018	257.35107	17.42962	28.26	33.57	365.53	408.02	-42.49	5.625	-5.117268039
1	11	2018	257.58087	17.33653	28.22	33.567	275.64001	408.02	-132.37999	2.575	-15.98957851
20	10	2002	247.38	17.067	28.7	33.56	352.92001	370.55	-17.62999	3.42	-2.056889897
27	11	2016	250	17	29.38	33.551	389.8459778	403.53	-13.68402222	2.68001	-1.520298656
12	1	2014	257.01434	16.99732	28.89	33.55	393.56	397.28	-3.72	2.525	-0.428124054
12	9	2015	255.56859	18.2882	30.4	33.546	397.92001	380.78	17.14001	4.625	1.77032317
27	11	2016	250	17	29.441	33.544	389.5440369	403.53	-13.98596313	5.48	-1.54710022
12	1	2014	257.15338	16.93945	28.83	33.54	394.07001	397.28	-3.20999	1.65	-0.371045671
1	11	2018	257.48871	17.37391	28.23	33.536	305.87	408.02	-102.15	4.95	-12.33095457
12	9	2015	255.60985	18.26073	30.48	33.533	398.64001	380.73999	17.90002	4.825	1.838422891
12	9	2015	255.36031	18.42133	30.47	33.518	398.89001	380.64999	18.24002	3.975	1.874794651
12	9	2015	257.6756	17.23252	30.36	33.517	397.66	381.81	15.85	3.525	1.641954703
12	9	2015	257.71973	17.21155	30.37	33.516	398.14999	381.82001	16.32998	4.725	1.690479876
12	9	2015	257.58713	17.27427	30.31	33.512	392.17999	381.88	10.29999	1.775	1.070841505
12	9	2015	257.63132	17.25343	30.34	33.511	395.64999	381.85001	13.79998	2.275	1.431661007
12	1	2014	256.91937	17.03521	29	33.51	389.98999	397.28	-7.29001	0.475	-0.832506308
12	9	2015	257.76395	17.19043	30.28	33.506	397.20001	381.92999	15.27002	0.725	1.590990994
12	9	2015	257.54288	17.29454	30.31	33.506	390.64001	381.85999	8.78002	1.9	0.912840471
12	9	2015	257.49857	17.31449	30.27	33.505	390.39001	381.85999	8.53002	1.125	0.88938465
12	9	2015	256.92273	17.57855	30.14	33.505	394.92999	381.29001	13.63998	3.875	1.435426618
1	11	2018	257.44254	17.39256	28.24	33.494	321.85001	408.02	-86.16999	3.2	-10.39629619
12	9	2015	255.65051	18.23259	30.39	33.494	396.17999	380.87	15.30999	5.4	1.582781007
12	9	2015	257.45425	17.33442	30.25	33.493	393.13	381.84	11.29	1.7	1.178894282
12	9	2015	255.7729	18.14872	30.43	33.487	396.32999	380.84	15.48999	0.95	1.596881948
12	9	2015	255.73163	18.17604	30.39	33.484	396.14001	380.91	15.23001	1.4	1.574578833
12	9	2015	255.69096	18.20433	30.38	33.482	396	380.94	15.06	3.75	1.558124609
12	9	2015	257.40964	17.35442	30.2	33.479	394.45001	381.84	12.61001	1.65	1.321511284
12	9	2015	255.4021	18.39521	30.36	33.437	396.04999	380.76999	15.28	0.75	1.583440283
12	9	2015	255.48529	18.34184	30.37	33.414	395.14001	380.78	14.36001	5.55	1.487187653
1	11	2018	257.39664	17.41093	28.25	33.413	362.51999	408.02	-45.50001	6.7	-5.487460917
12	9	2015	255.44379	18.36868	30.36	33.41	394.70999	380.76999	13.94	4.7	1.444742767
1	11	2018	257.53491	17.35529	28.22	33.397	278.14999	408.02	-129.87001	3.025	-15.69792121
12	9	2015	256.52084	17.76202	30.28	33.323	390.03	380.94	9.09	4.65	0.947823042
12	9	2015	256.56519	17.74065	30.22	33.244	388.31	381.01001	7.29999	4.35	0.764696154
12	9	2015	256.60965	17.71967	30.3	33.236	389.16	380.94	8.22	3.15	0.856200127
12	9	2015	256.65402	17.69893	30.33	33.168	387.73001	380.94	6.79001	3.45	0.705943027