15	3	2016	239.2061	22.6013	19.496	34.0336	386.01001	397.29999	-11.28998	4.375	-2.618150286
15	3	2016	239.2085	22.6089	19.5058	34.0359	386.22	397.28	-11.06	6.125	-2.562817458
15	3	2016	239.21091	22.6164	19.508	34.0386	386.19	397.19	-11	5.575	-2.548441878
15	3	2016	239.2132	22.624	19.5197	34.0407	386.44	397.26001	-10.82001	5.95	-2.504416432
15	3	2016	239.21561	22.6317	19.52	34.046	386.42999	397.23999	-10.81	6.1	-2.501978558
15	3	2016	239.2179	22.6394	19.5336	34.0496	386.79001	397.14999	-10.35998	5.375	-2.395222699
15	3	2016	239.2202	22.6471	19.5379	34.0536	386.85999	397.31	-10.45001	4.8	-2.41517722
15	3	2016	239.2224	22.6548	19.5419	34.0556	387.19	397.17001	-9.98001	3.6	-2.305806638
16	3	1993	245.51401	22.661	22.971	33.985	341.22	358.47	-17.25	4.09	-3.063266341
15	3	2016	239.2247	22.6624	19.5459	34.0576	386.70001	397.17999	-10.47998	1.25	-2.420538423
15	3	2016	239.22681	22.6699	19.548	34.0582	386.94	397.16	-10.22	1.4	-2.360095841
15	3	2016	239.2291	22.6773	19.548	34.057	386.82001	397.29999	-10.47998	4	-2.420146379
15	3	2016	239.23151	22.685	19.5392	34.0538	386.73999	397.34	-10.60001	4.05	-2.449592588
15	3	2016	239.2338	22.6926	19.5302	34.0499	386.66	397.32001	-10.66001	5.725	-2.465243801
15	3	2016	239.23621	22.7002	19.5261	34.0495	386.59	397.35999	-10.76999	5.575	-2.491484179
15	3	2016	239.2384	22.7078	19.5221	34.0451	386.66	397.16	-10.5	4.825	-2.429838598
15	3	2016	239.24071	22.7153	19.5181	34.0417	386.54001	397.32001	-10.78	5.975	-2.49545739
15	3	2016	239.2429	22.7229	19.517	34.0415	386.56	397.29999	-10.73999	4.125	-2.486412512
15	3	2016	239.24519	22.7304	19.5112	34.0403	386.75	397.26999	-10.51999	3.65	-2.436603225
15	3	2016	239.2477	22.7388	19.4983	34.0349	386.44	397.26001	-10.82001	3.85	-2.508695707
15	3	2016	239.25	22.7464	19.4941	34.0331	386.62	397.28	-10.66	3.1	-2.472432338
15	3	2016	239.2522	22.754	19.494	34.0313	386.69	397.23001	-10.54001	3.525	-2.44464218
15	3	2016	239.25439	22.7614	19.4881	34.0304	386.57001	397.25	-10.67999	4.05	-2.478267432
15	3	2016	239.25549	22.769	19.4694	34.0216	386.57999	397.35999	-10.78	4	-2.505254371
15	3	2016	239.258	22.7763	19.4552	34.013	386.76999	397.25	-10.48001	4.85	-2.438353782
15	3	2016	239.26089	22.7837	19.4325	34.009	386.37	397.20999	-10.83999	5.875	-2.526659433
15	3	2016	239.2634	22.7912	19.432	34.0091	386.51001	397.29999	-10.78998	5.75	-2.515100413
15	3	2016	239.26559	22.7988	19.4252	34.0066	386.26999	397.25	-10.98001	5.4	-2.560793836
15	3	2016	239.26801	22.8063	19.4201	34.0035	386.17999	397.34	-11.16001	4.85	-2.603855395
15	3	2016	239.27029	22.8139	19.4132	34.0006	386.23001	397.29001	-11.06	4.925	-2.581956151
15	3	2016	239.27251	22.8214	19.4051	33.9984	386.01001	397.22	-11.20999	5.675	-2.618665283
15	3	2016	239.2749	22.8289	19.3953	34.0012	385.91	397.20999	-11.29999	5.65	-2.641689516
15	3	2016	239.27721	22.8364	19.4106	34.0152	385.81	397.28	-11.47	5.925	-2.678034945
15	3	2016	239.2796	22.8439	19.4425	34.0252	385.54999	397.26999	-11.72	7.075	-2.729425315
16	3	1993	245.439	22.851	22.618	34.014	340.23001	358.47	-18.23999	3.25	-3.326143416
15	3	2016	239.28191	22.8515	19.4576	34.0308	385.32999	397.20999	-11.88	6.95	-2.763334108
15	3	2016	239.2841	22.8589	19.46	34.0305	385.26001	397.22	-11.95999	7.65	-2.781419509
15	3	2016	239.28641	22.8663	19.4532	34.025	385.04001	397.07999	-12.03998	6.525	-2.801590411
15	3	2016	239.2887	22.874	19.4393	34.0217	384.92001	397.22	-12.29999	3.925	-2.865264274
15	3	2016	239.3087	22.9425	19.4312	34.0156	384.69	397.31	-12.62	4.225	-2.941766089
15	3	2016	239.31	22.9468	19.4115	34.0124	384.84	397.45001	-12.61001	5.1	-2.944036687
15	3	2016	239.31129	22.9512	19.4012	34.0121	384.76001	397.34	-12.57999	4.775	-2.939411408
15	3	2016	239.3127	22.9556	19.4069	34.0146	384.60999	397.28	-12.67001	5.475	-2.959084232
15	3	2016	239.3141	22.96	19.4148	34.0204	384.70001	397.35001	-12.65	5.95	-2.952496449
15	3	2016	239.31889	22.9748	19.4209	34.0215	384.63	397.31	-12.68	4.675	-2.958064441
15	3	2016	239.3214	22.9824	19.4229	34.0328	384.67999	397.32999	-12.65	4.725	-2.950445922
15	3	2016	239.3239	22.9898	19.4563	34.0427	384.72	397.17001	-12.45001	2.75	-2.896055162
15	3	2016	239.3264	22.9974	19.4767	34.0519	384.89999	397.19	-12.29001	4.425	-2.854136315
15	3	2016	239.3288	23.0049	19.4967	34.0596	384.97	397.20001	-12.23001	4.25	-2.835642772
15	3	2016	239.3311	23.0125	19.5185	34.0774	384.79001	397.10001	-12.31	4.375	-2.849071171
15	3	2016	239.3334	23.0202	19.6086	34.1457	382.85999	397.39999	-14.54	4.8	-3.340421359
15	3	2016	239.3354	23.0279	19.6266	34.1528	383.04999	397.35999	-14.31	3.95	-3.282836564
15	3	2016	239.33749	23.0355	19.627	34.1543	382.98001	397.41	-14.42999	4.025	-3.310236307
16	3	1993	245.364	23.042	22.86	33.99	338.73001	358.47	-19.73999	6.00999	-3.534833755
15	3	2016	239.33971	23.0432	19.6191	34.1525	383.01001	397.41	-14.39999	4.925	-3.305428332
15	3	2016	239.3419	23.0507	19.6002	34.1469	383.32999	397.32999	-14	3.675	-3.218462643
15	3	2016	239.3443	23.0583	19.5786	34.1408	383.22	397.45001	-14.23001	4.55	-3.276979113
15	3	2016	239.3465	23.0659	19.5937	34.1443	383.38	397.42001	-14.04001	4.425	-3.2293453
15	3	2016	239.34869	23.0734	19.6225	34.1508	383.20001	397.31	-14.10999	2.45	-3.238023257
15	3	2016	239.351	23.0808	19.6056	34.1453	383.39001	397.41	-14.01999	2.725	-3.221717901
15	3	2016	239.35339	23.0884	19.5411	34.1257	383.98001	397.38	-13.39999	2.175	-3.095147015
15	3	2016	239.356	23.0969	19.4686	34.1029	383.47	397.39999	-13.92999	1.825	-3.23627902
15	3	2016	239.35831	23.1043	19.4621	34.0953	383.37	397.51001	-14.14001	4.625	-3.286866488
15	3	2016	239.3607	23.1117	19.4883	34.0987	383.82999	397.45999	-13.63	5	-3.161750458
15	3	2016	239.36301	23.1191	19.5281	34.1088	383.48001	397.54999	-14.06998	5.175	-3.253476648
15	3	2016	239.3652	23.1267	19.5728	34.1176	383.41	397.37	-13.96	5.7	-3.216611146
15	3	2016	239.3674	23.1341	19.5965	34.1244	383.28	397.45001	-14.17001	4.45	-3.258834211
15	3	2016	239.3696	23.1415	19.6216	34.127	383.64001	397.45001	-13.81	3.375	-3.16975634
15	3	2016	239.3719	23.1489	19.6308	34.1265	383.25	397.32999	-14.07999	2.5	-3.229404023
15	3	2016	239.37421	23.1565	19.6525	34.1292	383.48001	397.44	-13.95999	1.55	-3.196399992
15	3	2016	239.3764	23.1639	19.6618	34.1343	383.67999	397.47	-13.79001	0.325	-3.155104838
15	3	2016	239.37869	23.1713	19.6786	34.1432	383.70999	397.39001	-13.68002	2.475	-3.125693106
15	3	2016	239.38091	23.1788	19.6927	34.1535	383.91	397.39001	-13.48001	2.95	-3.07644621
15	3	2016	239.3831	23.1864	19.6862	34.1561	383.78	397.41	-13.63	4.75	-3.112223462
15	3	2016	239.38541	23.1939	19.6733	34.1539	384.14999	397.34	-13.19001	4.225	-3.014833396
15	3	2016	239.3877	23.2016	19.6446	34.1476	383.89999	397.35999	-13.46	2.85	-3.083561265
15	3	2016	239.38989	23.2092	19.6235	34.1391	383.78	397.45001	-13.67001	4.25	-3.136980316
15	3	2016	239.3922	23.2168	19.6073	34.1352	384.10001	397.47	-13.36999	3.2	-3.072086961
15	3	2016	239.39461	23.2243	19.6011	34.1342	383.91	397.45999	-13.54999	2.95	-3.114974848
15	3	2016	239.3969	23.2319	19.6	34.1358	383.48999	397.51999	-14.03	3.3	-3.225577275
16	3	1993	245.289	23.232	22.516	34.013	339.12	358.47	-19.35	3.88	-3.555924602
15	3	2016	239.3992	23.2395	19.6107	34.14	383.41	397.48001	-14.07001	2.65	-3.231999756
15	3	2016	239.4014	23.247	19.6227	34.144	383.42001	397.35999	-13.93998	2.825	-3.199060114
15	3	2016	239.4037	23.2547	19.625	34.1454	383.79999	397.35001	-13.55002	3.8	-3.10898802
15	3	2016	239.4061	23.2622	19.6279	34.1448	383.67001	397.37	-13.69999	3.725	-3.142692302
15	3	2016	239.40849	23.2698	19.6203	34.1411	383.91	397.34	-13.43	4.45	-3.082647403
15	3	2016	239.41119	23.2784	19.6141	34.136	383.59	397.45001	-13.86001	4.425	-3.182971974
15	3	2016	239.4135	23.2859	19.5912	34.1289	383.53	397.44	-13.91	4.525	-3.200299339
15	3	2016	239.41589	23.2936	19.5682	34.1194	383.67001	397.47	-13.79999	5.075	-3.180863029
15	3	2016	239.4183	23.3012	19.5378	34.11	383.91	397.38	-13.47	4.325	-3.112352341
15	3	2016	239.4207	23.3088	19.5282	34.1049	383.88	397.48001	-13.60001	4.7	-3.144835651
15	3	2016	239.423	23.3163	19.5241	34.1038	383.87	397.51999	-13.64999	4.975	-3.157425062
15	3	2016	239.4252	23.3238	19.5279	34.1038	384.23999	397.39999	-13.16	4.475	-3.04317604
15	3	2016	239.42731	23.3314	19.527	34.1047	383.63	397.51001	-13.88001	4.675	-3.209887531
15	3	2016	239.4295	23.3391	19.5358	34.1047	384.19	397.41	-13.22	5.8	-3.055143014
15	3	2016	239.43179	23.3467	19.5301	34.1049	384.10001	397.39999	-13.29998	6.525	-3.074998803
15	3	2016	239.43401	23.3544	19.5339	34.1059	383.76001	397.59	-13.82999	6.725	-3.196570423
15	3	2016	239.43629	23.3619	19.535	34.1069	383.81	397.51999	-13.70999	5.2	-3.168546068
15	3	2016	239.43851	23.3694	19.5419	34.108	383.88	397.42001	-13.54001	2.125	-3.127551543
15	3	2016	239.4409	23.3771	19.5469	34.1094	383.94	397.48999	-13.54999	2.55	-3.128608549
15	3	2016	239.4433	23.3846	19.548	34.11	383.88	397.41	-13.53	3.25	-3.123714589
15	3	2016	239.44569	23.3922	19.5509	34.1109	383.87	397.32999	-13.45999	4.225	-3.10683105
15	3	2016	239.4481	23.3998	19.554	34.1116	383.89001	397.39999	-13.50998	5.4	-3.117601138
15	3	2016	239.45039	23.4075	19.5366	34.1111	383.54001	397.38	-13.83999	4.8	-3.198126232
15	3	2016	239.4528	23.4152	19.5282	34.109	383.72	397.45001	-13.73001	4.275	-3.174835681
16	3	1993	245.214	23.422	21.459	34.101	350.22	358.47	-8.25	4.90001	-1.642536041
15	3	2016	239.4552	23.4229	19.5221	34.1077	383.59	397.38	-13.79	4.975	-3.190253844
15	3	2016	239.4575	23.4306	19.5132	34.1097	383.62	397.26999	-13.64999	2.975	-3.160040555
15	3	2016	239.45979	23.4384	19.514	34.1112	383.14001	397.31	-14.16999	3.9	-3.280194117
15	3	2016	239.4621	23.446	19.5378	34.1217	382.97	397.41	-14.44	3.775	-3.336296131
15	3	2016	239.4644	23.4538	19.5805	34.134	383.17999	397.39999	-14.22	3.925	-3.274290075
15	3	2016	239.4669	23.4627	19.5938	34.1393	383.35001	397.31	-13.95999	3.7	-3.210989752
15	3	2016	239.46919	23.4704	19.6047	34.1428	383.16	397.29001	-14.13001	3.225	-3.247266974
15	3	2016	239.4903	23.5387	19.605	34.1439	383.23001	397.35999	-14.12998	2.15	-3.247167006
16	3	1993	245.13901	23.613	20.8	34.055	352.89001	358.47	-5.57999	3.38	-1.168958407
15	3	2016	239.52969	23.6675	19.605	34.1427	382.97	397.32999	-14.35999	3	-3.300043402
15	3	2016	239.5311	23.6719	19.6031	34.1398	383.01001	397.26001	-14.25	1.775	-3.275299073
15	3	2016	239.5325	23.6763	19.5941	34.134	383.19	397.10999	-13.91999	4.425	-3.201793201
15	3	2016	239.5338	23.6809	19.5656	34.1231	383.14999	397.07999	-13.93	3.925	-3.211429395
15	3	2016	239.5351	23.6854	19.5387	34.1145	382.76999	397.23999	-14.47	3	-3.343103938
15	3	2016	239.5394	23.7002	19.6625	34.192	382.01999	397.03	-15.01001	2.975	-3.433122567
15	3	2016	239.5416	23.7077	19.6728	34.1943	381.64999	397	-15.35001	1.6	-3.508018728
15	3	2016	239.54379	23.7153	19.6998	34.2024	382.01999	397.04999	-15.03	2.9	-3.427499838
15	3	2016	239.54601	23.7229	19.7665	34.2212	381.76999	396.97	-15.20001	4.4	-3.447918423
15	3	2016	239.54829	23.7307	19.8083	34.2338	381.72	396.82001	-15.10001	4.8	-3.41385437
15	3	2016	239.5506	23.7381	19.8158	34.2353	381.57999	396.87	-15.29001	4.8	-3.454759487
15	3	2016	239.5529	23.7457	19.77	34.2246	381.63	396.78	-15.15	3.4	-3.43557896
15	3	2016	239.5553	23.7534	19.7476	34.2118	381.60999	396.89001	-15.28002	1.75	-3.47134935
15	3	2016	239.5576	23.7609	19.7293	34.2045	382.01999	396.92001	-14.90002	1.6	-3.389987171
15	3	2016	239.56039	23.7695	19.7055	34.1986	382.01001	396.85001	-14.84	2.325	-3.38272147
15	3	2016	239.56261	23.7768	19.742	34.2054	381.89001	396.89999	-15.00998	0.725	-3.411597701
15	3	2016	239.565	23.7842	19.7909	34.2115	382.47	396.76001	-14.29001	2.55	-3.235462816
15	3	2016	239.5674	23.7917	19.7137	34.1912	382.23999	396.89999	-14.66	2.125	-3.33966187
15	3	2016	239.56979	23.7992	19.6721	34.1705	382.73999	396.84	-14.10001	3.975	-3.22288463
16	3	1993	245.064	23.803	20.094	33.987	354.85001	358.47	-3.61999	3.71001	-0.801291696
15	3	2016	239.5722	23.8067	19.6192	34.1525	382.45001	396.85001	-14.4	2.8	-3.305404717
15	3	2016	239.57449	23.8142	19.6501	34.1502	382.48001	396.81	-14.32999	1.475	-3.281413504
15	3	2016	239.57671	23.8217	19.6923	34.155	382.48999	396.79001	-14.30002	2.55	-3.263670592
15	3	2016	239.5789	23.8294	19.7204	34.1593	382.82999	396.70001	-13.87002	2.575	-3.158511876
15	3	2016	239.5809	23.837	19.7385	34.1584	383.19	396.67999	-13.48999	2.525	-3.067634322
15	3	2016	239.58009	23.8441	19.7057	34.1486	383.34	396.85001	-13.51001	3.775	-3.080226265
15	3	2016	239.5826	23.8511	19.6558	34.1365	383.42999	396.78	-13.35001	2.3	-3.055839207
15	3	2016	239.58591	23.8583	19.6054	34.1259	383.69	396.76001	-13.07001	2.025	-3.003737077
15	3	2016	239.5892	23.8655	19.5375	34.1091	383.87	396.76999	-12.89999	2.6	-2.980729644
15	3	2016	239.5916	23.8728	19.4563	34.0955	382.98999	396.76999	-13.78	3.25	-3.204638484
15	3	2016	239.5941	23.8806	19.5494	34.1096	383.42999	396.73001	-13.30002	3.75	-3.070286818
15	3	2016	239.59641	23.8881	19.5862	34.1238	383.56	396.73001	-13.17001	3.35	-3.03130909
15	3	2016	239.5986	23.8955	19.6313	34.1358	383.75	396.59	-12.84	3.5	-2.944754988
15	3	2016	239.60091	23.903	19.6682	34.1457	383.89001	396.66	-12.76999	4.75	-2.920107847
15	3	2016	239.6031	23.9105	19.6787	34.1504	384.12	396.60999	-12.48999	3.925	-2.853669576
15	3	2016	239.6053	23.918	19.6633	34.1481	384	396.60999	-12.60999	5.575	-2.884595487
15	3	2016	239.6075	23.9254	19.6591	34.1436	383.67001	396.60999	-12.93998	4.4	-2.961118708
15	3	2016	239.60989	23.9326	19.6541	34.141	383.94	396.63	-12.69	3.575	-2.905087694
15	3	2016	239.6123	23.94	19.6364	34.1334	384	396.60001	-12.60001	3.4	-2.888592708
15	3	2016	239.61501	23.9485	19.6301	34.1291	384.01999	396.57001	-12.55002	3.85	-2.878611158
15	3	2016	239.6172	23.9559	19.6427	34.1294	384.13	396.57001	-12.44001	4.9	-2.850557765
15	3	2016	239.61951	23.9634	19.6244	34.1272	383.92999	396.51999	-12.59	5.3	-2.889097544
15	3	2016	239.6217	23.971	19.6289	34.125	384.07999	396.51001	-12.43002	4.225	-2.851409436
15	3	2016	239.62399	23.9784	19.628	34.1247	384.01999	396.48999	-12.47	0.8	-2.860786539
15	3	2016	239.62621	23.9859	19.6231	34.1233	384.25	396.42001	-12.17001	1.15	-2.793055596
16	3	1993	244.989	23.993	20.093	34.001	354.60001	358.47	-3.86999	5.03	-0.856640578
15	3	2016	239.6284	23.9933	19.6124	34.1224	384.42001	396.39001	-11.97	2.275	-2.749469497
NaN	1	NaN	247.5	24	21.6	34.5	359.95	370.62	-10.67	5.43	-2.097688265
NaN	1	NaN	242.5	24	20.77	34.19	357.93	370.62	-12.69	5.98	-2.662944135
15	3	2016	239.63071	24.0009	19.5992	34.1176	384.32001	396.5	-12.17999	3.625	-2.800663292
15	3	2016	239.6329	24.0082	19.5757	34.1131	384.17001	396.42001	-12.25	5.475	-2.822016708
15	3	2016	239.63519	24.0157	19.5564	34.1097	384.07001	396.57001	-12.5	4.45	-2.884017817
15	3	2016	239.63741	24.0231	19.5403	34.1052	383.82999	396.51999	-12.69	3.875	-2.931617651
15	3	2016	239.63969	24.0306	19.469	34.0837	384.03	396.51999	-12.48999	4.7	-2.901901144
15	3	2016	239.642	24.0382	19.3676	34.0589	383.47	396.59	-13.12	2.925	-3.073026586
15	3	2016	239.6443	24.0456	19.322	34.0418	383.32001	396.60001	-13.28	3.75	-3.12193301
15	3	2016	239.6465	24.0531	19.3064	34.0331	383.62	396.60999	-12.98999	4.15	-3.057632808
15	3	2016	239.6488	24.0605	19.2943	34.0243	383.85999	396.54999	-12.69	3.325	-2.989990277
15	3	2016	239.65109	24.068	19.2726	34.0171	383.79999	396.54001	-12.74002	2.4	-3.007011423
15	3	2016	239.6534	24.0755	19.2488	34.0096	384.04001	396.60999	-12.56998	2.25	-2.972549261
15	3	2016	239.6557	24.0829	19.2238	33.9989	384.22	396.54001	-12.32001	0.275	-2.919328055
15	3	2016	239.658	24.0903	19.2298	33.9935	384.17999	396.57001	-12.39002	1.15	-2.934603793
15	3	2016	239.66029	24.0977	19.2114	33.9878	384.62	396.66	-12.04	3.4	-2.855915863
15	3	2016	239.6626	24.1052	19.1552	33.9732	384.81	396.56	-11.75	2.925	-2.799698712
15	3	2016	239.6649	24.1125	19.1295	33.9603	384.76001	396.41	-11.64999	3.225	-2.781672244
15	3	2016	239.6671	24.12	19.0977	33.9468	384.75	396.5	-11.75	2.7	-2.812781184
15	3	2016	239.66969	24.1286	19.0813	33.9377	384.78	396.59	-11.81	2.2	-2.830928766
15	3	2016	239.67191	24.136	19.0849	33.9368	384.91	396.51001	-11.60001	1.075	-2.779814229
15	3	2016	239.6741	24.1435	19.0957	33.9402	384.92001	396.45001	-11.53	3.8	-2.760637736
15	3	2016	239.67641	24.151	19.1039	33.9442	385.03	396.42001	-11.39001	4.275	-2.725303657
15	3	2016	239.6787	24.1586	19.0923	33.9422	384.73001	396.48001	-11.75	4.325	-2.814041478
15	3	2016	239.68089	24.166	19.1134	33.9439	384.81	396.45001	-11.64001	2.8	-2.783037483
15	3	2016	239.6834	24.1735	19.1111	33.9513	384.72	396.53	-11.81	1	-2.824095447
15	3	2016	239.68581	24.1809	19.1762	33.9637	384.97	396.39999	-11.42999	1	-2.719062763
17	3	1993	244.914	24.183	20.127	34	353.97	358.47	-4.5	6.15001	-0.993466414
15	3	2016	239.6882	24.1884	19.1869	33.9727	385	396.42999	-11.42999	1.825	-2.716654637
15	3	2016	239.7085	24.2553	19.1112	33.9323	385.12	396.26001	-11.14001	1.8	-2.664098902
15	3	2016	239.70979	24.2597	19.1071	33.9314	384.98999	396.25	-11.26001	3.725	-2.693679613
15	3	2016	239.71111	24.264	19.0913	33.9314	384.89001	396.26001	-11.37	1.625	-2.72338723
15	3	2016	239.7124	24.2684	19.0978	33.9312	384.85001	396.29999	-11.44998	3.025	-2.741139726
15	3	2016	239.7137	24.2728	19.1264	33.9328	385.42999	396.34	-10.91001	2.375	-2.60596056
15	3	2016	239.7179	24.2876	19.1182	33.9335	385.25	396.42001	-11.17001	0.35	-2.669782652
15	3	2016	239.7202	24.2951	19.12	33.935	385.19	396.42001	-11.23001	1.625	-2.683723245
15	3	2016	239.72279	24.3038	19.1396	33.9371	385.31	396.38	-11.07	1.7	-2.641369415
15	3	2016	239.72501	24.3114	19.1439	33.9398	385.14999	396.42001	-11.27002	2.8	-2.6881491
15	3	2016	239.72729	24.3189	19.1637	33.9415	385.54999	396.32999	-10.78	3.8	-2.567234576
15	3	2016	239.72971	24.3265	19.1552	33.9423	385.17999	396.31	-11.13001	1.525	-2.652356714
15	3	2016	239.7321	24.334	19.1618	33.9433	385.19	396.35001	-11.16001	1.575	-2.658109096
15	3	2016	239.7346	24.3416	19.16	33.9436	384.69	396.42001	-11.73001	2.175	-2.794265423
15	3	2016	239.73711	24.3492	19.1707	33.9455	384.92999	396.34	-11.41001	2.4	-2.715719258
15	3	2016	239.73959	24.3566	19.1759	33.9474	385.09	396.39999	-11.30999	3.275	-2.690785494
15	3	2016	239.7421	24.3642	19.1926	33.9503	385.09	396.32001	-11.23001	2.55	-2.668204672
15	3	2016	239.7444	24.3717	19.2163	33.922	385.87	396.23999	-10.36999	2.5	-2.45959436
17	3	1993	244.839	24.374	19.965	34.007	353.17001	358.47	-5.29999	5.16	-1.184912296
15	3	2016	239.7468	24.3793	19.218	33.9548	385.48999	396.35999	-10.87	3.8	-2.577446824
15	3	2016	239.7491	24.3869	19.2229	33.9562	385.81	396.26999	-10.45999	2.7	-2.479253038
15	3	2016	239.7515	24.3945	19.2327	33.9585	385.89001	396.26999	-10.37998	5.825	-2.458362845
15	3	2016	239.7538	24.4021	19.2484	33.9618	386.45999	396.22	-9.76001	4.1	-2.308637391
15	3	2016	239.7561	24.4097	19.2519	33.9646	386.20999	396.20001	-9.99002	2.725	-2.362361517
15	3	2016	239.75841	24.4172	19.254	33.9666	386.26999	396.34	-10.07001	1.925	-2.380860657
15	3	2016	239.7606	24.4248	19.2637	33.9696	386.48001	396.32999	-9.84998	2.375	-2.327027145
15	3	2016	239.76289	24.4323	19.262	33.9706	386.13	396.19	-10.06	2.8	-2.376950872
15	3	2016	239.76511	24.4399	19.2492	33.9685	385.92999	396.32999	-10.4	3	-2.459788625
15	3	2016	239.7673	24.4475	19.2393	33.9667	385.95001	396.20999	-10.25998	2.225	-2.428585558
15	3	2016	239.76961	24.455	19.235	33.9657	386.06	396.35001	-10.29001	0.125	-2.4365307
15	3	2016	239.7719	24.4626	19.2231	33.9647	385.92999	396.26999	-10.34	2.2	-2.450676416
15	3	2016	239.7742	24.4701	19.2093	33.9634	386.17999	396.06	-9.88001	4.275	-2.3442174
15	3	2016	239.7764	24.4775	19.1983	33.9608	386.01001	396.31	-10.29999	4.95	-2.446015646
15	3	2016	239.77901	24.486	19.1833	33.9568	385.79999	396.22	-10.42001	3.925	-2.477492745
15	3	2016	239.7813	24.4934	19.1605	33.9527	385.85001	396.32999	-10.47998	2.15	-2.496284392
15	3	2016	239.78371	24.5008	19.1425	33.9493	385.89999	396.20999	-10.31	3.425	-2.459325162
15	3	2016	239.786	24.5083	19.1136	33.9433	385.35001	396.35001	-11	2.625	-2.629981864
15	3	2016	239.78841	24.5157	19.0553	33.9313	385.39999	396.38	-10.98001	3.95	-2.637465116
15	3	2016	239.7907	24.5232	19.0336	33.9212	385.51001	396.31	-10.79999	3.55	-2.59879831
15	3	2016	239.79269	24.5305	19.0271	33.9189	385.75	396.41	-10.66	2.425	-2.56645829
15	3	2016	239.7948	24.5381	19.0162	33.9169	385.57001	396.26999	-10.69998	1.975	-2.578328246
15	3	2016	239.79691	24.5456	19.0043	33.9136	385.31	396.5	-11.19	1.625	-2.698985832
15	3	2016	239.7991	24.5532	18.9805	33.9115	385.5	396.29001	-10.79001	0.45	-2.607437746
15	3	2016	239.80119	24.5607	18.9674	33.9072	385.56	396.39001	-10.83001	1.8	-2.619869778
17	3	1993	244.76401	24.564	18.75	33.687	356.45001	358.47	-2.01999	4.13	-0.497656444
15	3	2016	239.80341	24.5683	18.9543	33.9	385.84	396.41	-10.57	1.2	-2.559708919
15	3	2016	239.80569	24.5758	18.9276	33.8926	385.42001	396.38	-10.95999	2.65	-2.659857702
15	3	2016	239.80811	24.5832	18.8791	33.8741	385.81	396.35999	-10.54999	0.5	-2.570429238
15	3	2016	239.81039	24.5905	18.7904	33.8471	385.78	396.48001	-10.70001	0.35	-2.625703661
15	3	2016	239.8129	24.598	18.7752	33.8376	386.13	396.60999	-10.47999	1.925	-2.574929408
15	3	2016	239.8154	24.6055	18.8022	33.8477	386.12	396.39999	-10.27999	2.5	-2.520267568
15	3	2016	239.8179	24.6129	18.9119	33.8851	385.57001	396.39001	-10.82	2.625	-2.629241677
15	3	2016	239.8204	24.6203	19.0177	33.9174	385.51001	396.29999	-10.78998	1.825	-2.5997008
15	3	2016	239.823	24.6277	19.0771	33.9366	385.20999	396.34	-11.13001	0.9	-2.668829899
15	3	2016	239.8255	24.6351	19.0596	33.9327	384.84	396.29999	-11.45999	0.475	-2.751806198
15	3	2016	239.8278	24.6425	19.0482	33.9283	384.94	396.39999	-11.45999	3.225	-2.754342585
15	3	2016	239.83009	24.6499	19.0392	33.9265	385.17001	396.29999	-11.12998	0.2	-2.676952176
15	3	2016	239.83211	24.6574	19.041	33.927	384.89999	396.37	-11.47001	1.025	-2.758336425
15	3	2016	239.8344	24.666	19.0312	33.9258	384.91	396.32999	-11.41999	1.6	-2.748450609
15	3	2016	239.8363	24.6736	19.0203	33.9231	384.84	396.44	-11.6	2.6	-2.794215143
15	3	2016	239.8382	24.681	19.0111	33.9203	385.10001	396.39999	-11.29998	1.675	-2.723962126
15	3	2016	239.8405	24.6885	19.0139	33.9211	384.63	396.51999	-11.88999	3.925	-2.86554427
15	3	2016	239.8429	24.6958	19.0266	33.9239	385.14999	396.35001	-11.20002	3.125	-2.696514563
15	3	2016	239.8452	24.7031	19.027	33.9253	384.88	396.45999	-11.57999	0.425	-2.787889602
15	3	2016	239.8476	24.7102	19.026	33.9258	384.60001	396.42001	-11.82	0.775	-2.845890386
15	3	2016	239.8501	24.7174	19.0368	33.9301	384.67999	396.29001	-11.61002	3.3	-2.792892502
15	3	2016	239.8524	24.7247	19.0613	33.9361	385.01999	396.35999	-11.34	2.9	-2.722584742
15	3	2016	239.8548	24.732	19.0786	33.9418	384.76999	396.38	-11.61001	1.775	-2.783529867
15	3	2016	239.8571	24.7393	19.0916	33.945	384.70999	396.51999	-11.81	0.05	-2.828530222
15	3	2016	239.8595	24.7465	18.8672	33.8784	385.01999	396.51001	-11.49002	1.25	-2.802043984
15	3	2016	239.8616	24.7539	18.8109	33.8624	385.10001	396.60001	-11.5	2.025	-2.817229487
17	3	1993	244.689	24.754	18.282	33.473	356.14999	358.47	-2.32001	3.50999	-0.593869027
15	3	2016	239.86369	24.7612	18.7701	33.8464	385.73001	396.76001	-11.03	1.925	-2.711050909
15	3	2016	239.86571	24.7686	18.725	33.8361	385.42001	396.78	-11.35999	0.35	-2.802304237
15	3	2016	239.8678	24.7761	18.7093	33.8291	385.53	396.79001	-11.26001	1.35	-2.781196462
15	3	2016	239.888	24.8416	18.6806	33.8234	385.39999	396.79001	-11.39002	1.525	-2.819802968
15	3	2016	239.88969	24.8469	18.6663	33.8187	385.87	396.84	-10.97	2.95	-2.718966191
15	3	2016	239.8911	24.8512	18.6523	33.8161	385.59	396.75	-11.16	3.2	-2.769170735
15	3	2016	239.8924	24.8555	18.6578	33.816	385.48001	396.79001	-11.31	2.95	-2.805166024
15	3	2016	239.89371	24.8597	18.659	33.8177	385.48999	396.79999	-11.31	3.3	-2.804876149
15	3	2016	239.8983	24.8739	18.6707	33.8193	385.48999	396.79001	-11.30002	2.65	-2.799776551
15	3	2016	239.9005	24.8813	18.673	33.8205	385.70999	396.82999	-11.12	2.825	-2.754654595
15	3	2016	239.9028	24.8886	18.6877	33.8213	385.79999	396.67001	-10.87002	3.8	-2.68957729
15	3	2016	239.90511	24.8959	18.6954	33.8231	385.60999	396.66	-11.05001	3.725	-2.732417927
15	3	2016	239.9073	24.9032	18.7077	33.8238	386.01001	396.73999	-10.72998	4.45	-2.650683074
15	3	2016	239.9095	24.9105	18.709	33.8249	386.10999	396.70001	-10.59002	4.425	-2.61582449
15	3	2016	239.9117	24.9179	18.709	33.8267	385.88	396.78	-10.9	4.525	-2.692369361
15	3	2016	239.912	24.9253	18.71	33.8302	385.42999	396.82999	-11.4	5.075	-2.815602616
15	3	2016	239.914	24.9324	18.7237	33.8346	385.72	396.76001	-11.04001	4.325	-2.723671204
15	3	2016	239.9173	24.9394	18.7329	33.8401	385.42001	396.79001	-11.37	4.7	-2.802962718
17	3	1993	244.614	24.945	17.615	33.316	353.66	358.47	-4.81	5.21001	-1.299944744
15	3	2016	239.92039	24.9465	18.7485	33.8437	385.37	396.81	-11.44	3.25	-2.81668255
15	3	2016	239.92261	24.9539	18.7411	33.8435	385.14999	396.84	-11.69001	3.275	-2.879931648
15	3	2016	239.9248	24.9614	18.7342	33.8419	384.98999	396.73999	-11.75	3.275	-2.896317965
15	3	2016	239.927	24.9687	18.7232	33.8383	385.29999	396.85001	-11.55002	2.25	-2.849558792
15	3	2016	239.92931	24.9761	18.7211	33.8372	385.51001	396.79999	-11.28998	3.375	-2.785881873
15	3	2016	239.93159	24.9835	18.724	33.8379	385.22	396.82999	-11.60999	3.675	-2.864177784
15	3	2016	239.93401	24.9908	18.7279	33.841	385.17001	396.79001	-11.62	5.5	-2.865718219
15	3	2016	239.9364	24.9983	18.7319	33.843	384.84	396.75	-11.91	1.525	-2.936277911
15	3	2016	239.9388	25.0056	18.731	33.8446	384.92999	396.76001	-11.83002	3.05	-2.9167461
15	3	2016	239.9411	25.0129	18.7369	33.8458	385.16	396.82999	-11.66999	4.8	-2.875926803
15	3	2016	239.9438	25.0213	18.7477	33.8487	384.88	396.82999	-11.94999	4.175	-2.942366519
15	3	2016	239.946	25.0287	18.7646	33.8525	384.76999	396.78	-12.01001	2.4	-2.953129822
15	3	2016	239.9482	25.0361	18.7776	33.8559	384.91	396.85001	-11.94001	2.55	-2.932844867
15	3	2016	239.95039	25.0436	18.778	33.858	384.5	396.89001	-12.39001	4.45	-3.043252515
15	3	2016	239.95261	25.0511	18.7917	33.8606	384.85999	396.76001	-11.90002	2.225	-2.91969085
15	3	2016	239.9548	25.0587	18.8008	33.8611	384.67999	396.85999	-12.18	2.525	-2.986221932
16	3	2016	239.957	25.0662	18.8069	33.8602	385.04001	396.89999	-11.85998	3.625	-2.906367665
16	3	2016	239.95959	25.0738	18.8007	33.8602	385.17999	396.76999	-11.59	2.925	-2.841603705
16	3	2003	239.96201	25.0814	18.7902	33.8593	385.35001	396.64999	-11.29998	5.525	-2.772816728
16	3	2016	239.9644	25.0889	18.7871	33.8595	384.73999	396.82999	-12.09	3.275	-2.967400357
16	3	2016	239.96671	25.0964	18.7909	33.8594	384.67001	396.78	-12.10999	4.925	-2.971412623
16	3	2016	239.9691	25.104	18.79	33.8593	384.75	396.64999	-11.89999	4.925	-2.92009496
17	3	1993	244.539	25.135	17.511	33.294	353.92999	358.47	-4.54001	6.61	-1.237453993
17	3	1993	244.464	25.325	17.593	33.391	355.37	358.47	-3.1	5.15001	-0.83899218
15	2	1996	242	25.5	NaN	NaN	NaN	NaN	NaN	NaN	-8.03
15	2	1996	243	25.5	NaN	NaN	NaN	NaN	NaN	NaN	-7.44
15	2	1996	244	25.5	NaN	NaN	NaN	NaN	NaN	NaN	-6.5
17	3	1993	244.38901	25.516	17.662	33.431	354.94	358.47	-3.53	4.68001	-0.949885461
17	3	1993	244.314	25.706	17.645	33.516	355.03	358.47	-3.44	5.25999	-0.926563379
17	3	1993	244.239	25.896	17.595	33.475	353.98001	358.47	-4.48999	6.08	-1.214502256
17	3	1993	244.164	26.087	16.99	33.18	350.42001	358.47	-8.04999	5.36	-2.29013304
17	3	1993	244.01401	26.467	17.186	33.217	353.54999	358.47	-4.92001	4.90001	-1.377309449
3	3	2016	-115.7013333	26.48987	NaN	NaN	NaN	NaN	NaN	NaN	-8.43
3	3	2016	-115.7013333	26.48986667	19.84	34.381	367.4768646	404.87	-37.3931354	6.35	-8.427236487
3	3	2016	-115.7047167	26.50138	NaN	NaN	NaN	NaN	NaN	NaN	-8.33
3	3	2016	-115.7047167	26.50138333	19.8	34.362	368.0448446	404.87	-36.8251554	0.975	-8.325961218
3	3	2016	-115.7079833	26.51253	NaN	NaN	NaN	NaN	NaN	NaN	-8.32
3	3	2016	-115.7079833	26.51253333	19.76	34.348	368.1992279	404.87	-36.6707721	1.575	-8.317579312
3	3	2016	-115.7113833	26.52413	NaN	NaN	NaN	NaN	NaN	NaN	-8.35
3	3	2016	-115.7113833	26.52413333	19.73	34.356	368.1585571	404.87	-36.7114429	0.875	-8.346062758
3	3	2016	-115.7150333	26.53642	NaN	NaN	NaN	NaN	NaN	NaN	-8.63
3	3	2016	-115.7150333	26.53641667	19.78	34.415	366.7397159	404.87	-38.1302841	5.925	-8.632402344
3	3	2016	-115.7185333	26.54798	NaN	NaN	NaN	NaN	NaN	NaN	-8.23
3	3	2016	-115.7185333	26.54798333	19.95	34.44	368.0178474	404.87	-36.8521526	3.85	-8.23201092
17	3	1993	243.939	26.658	17.366	33.421	351.54001	358.47	-6.92999	6.15001	-1.910016052
3	2	2016	-115.7648333	26.69925	NaN	NaN	NaN	NaN	NaN	NaN	-7.88
3	2	2016	-115.7648333	26.69925	19.83	34.414	369.113367	404.07	-34.956633	5.525	-7.883071391
3	2	2016	-115.7683	26.71057	NaN	NaN	NaN	NaN	NaN	NaN	-7.72
3	2	2016	-115.7683	26.71056667	19.87	34.405	369.7414906	404.07	-34.3285094	9.425	-7.717588343
3	2	2016	-115.7716333	26.72153	NaN	NaN	NaN	NaN	NaN	NaN	-7.63
3	2	2016	-115.7716333	26.72153333	19.82	34.4	370.2548515	404.07	-33.8151485	5.15	-7.632116698
3	2	2016	-115.775	26.73282	NaN	NaN	NaN	NaN	NaN	NaN	-7.65
3	2	2016	-115.775	26.73281667	19.79	34.386	370.2420679	404.07	-33.8279321	3.8	-7.653431744
3	2	2016	-115.7784667	26.74367	NaN	NaN	NaN	NaN	NaN	NaN	-7.71
3	2	2016	-115.7784667	26.74366667	19.75	34.373	370.1062486	404.07	-33.9637514	0.25	-7.70870909
3	2	2016	-115.7819167	26.7546	NaN	NaN	NaN	NaN	NaN	NaN	-7.67
3	2	2016	-115.7819167	26.7546	19.71	34.35	370.3872996	404.07	-33.6827004	0.75	-7.669713908
3	2	2016	-115.7854833	26.76592	NaN	NaN	NaN	NaN	NaN	NaN	-7.65
3	2	2016	-115.7854833	26.76591667	19.7	34.34	370.5136636	404.07	-33.5563364	0.1	-7.647281975
3	2	2016	-115.7889833	26.77685	NaN	NaN	NaN	NaN	NaN	NaN	-7.68
3	2	2016	-115.7889833	26.77685	19.71	34.345	370.3281987	404.07	-33.7418013	4.5	-7.683350873
3	2	2016	-115.79255	26.78815	NaN	NaN	NaN	NaN	NaN	NaN	-7.73
3	2	2016	-115.79255	26.78815	19.72	34.355	370.1160892	404.07	-33.9539108	3.7	-7.72523948
3	2	2016	-115.7960333	26.79915	NaN	NaN	NaN	NaN	NaN	NaN	-7.66
3	2	2016	-115.7960333	26.79915	19.74	34.357	370.3355042	404.07	-33.7344958	5.1	-7.663241368
3	2	2016	-115.7995167	26.81012	NaN	NaN	NaN	NaN	NaN	NaN	-7.72
3	2	2016	-115.7995167	26.81011667	19.74	34.353	370.1066307	404.07	-33.9633693	0.275	-7.715377128
3	2	2016	-115.8031	26.8215	NaN	NaN	NaN	NaN	NaN	NaN	-7.68
3	2	2016	-115.8031	26.8215	19.72	34.351	370.3063814	404.07	-33.7636186	1.15	-7.682087431
3	2	2016	-115.8066	26.83257	NaN	NaN	NaN	NaN	NaN	NaN	-7.78
3	2	2016	-115.8066	26.83256667	19.68	34.359	369.9815708	404.07	-34.0884292	3.375	-7.780028488
3	2	2016	-115.8102667	26.84412	NaN	NaN	NaN	NaN	NaN	NaN	-7.67
3	2	2016	-115.8102667	26.84411667	19.78	34.389	370.1810692	404.07	-33.8889308	3.375	-7.673123749
17	3	1993	243.864	26.848	17.191	33.376	352.92999	358.47	-5.54001	5.21001	-1.549069817
3	2	2016	-115.8141667	26.85678	NaN	NaN	NaN	NaN	NaN	NaN	-7.5
3	2	2016	-115.8141667	26.85678333	19.8	34.414	370.9086624	404.07	-33.1613376	5.15	-7.495773368
3	2	2016	-115.8177417	26.86863	NaN	NaN	NaN	NaN	NaN	NaN	-7.4
3	2	2016	-115.8177417	26.86863333	19.835	34.418	371.2369151	404.07	-32.8330849	5.125	-7.401158959
3	2	2016	-115.8213167	26.88048	NaN	NaN	NaN	NaN	NaN	NaN	-7.48
3	2	2016	-115.8213167	26.88048333	19.87	34.422	370.8046426	404.07	-33.2653574	4.6	-7.477982128
3	2	2016	-115.825	26.89192	NaN	NaN	NaN	NaN	NaN	NaN	-7.25
3	2	2016	-115.825	26.89191667	19.87	34.353	371.809068	404.07	-32.260932	3.35	-7.254523668
3	2	2016	-115.8285667	26.90302	NaN	NaN	NaN	NaN	NaN	NaN	-7.51
3	2	2016	-115.8285667	26.90301667	19.72	34.303	371.0716219	404.07	-32.9983781	3.45	-7.509658672
3	2	2016	-115.83215	26.9144	NaN	NaN	NaN	NaN	NaN	NaN	-7.89
3	2	2016	-115.83215	26.9144	19.62	34.276	369.665426	404.07	-34.404574	5.325	-7.892242893
3	2	2016	-115.8356333	26.92538	NaN	NaN	NaN	NaN	NaN	NaN	-8.06
3	2	2016	-115.8356333	26.92538333	19.55	34.278	369.1411962	404.07	-34.9288038	4.05	-8.056528413
3	2	2016	-115.8391833	26.93637	NaN	NaN	NaN	NaN	NaN	NaN	-8.21
3	2	2016	-115.8391833	26.93636667	19.55	34.297	368.4587874	404.07	-35.6112126	5.525	-8.213200186
3	2	2016	-115.8426833	26.94778	NaN	NaN	NaN	NaN	NaN	NaN	-8.01
3	2	2016	-115.8426833	26.94778333	19.65	34.307	369.071318	404.07	-34.998682	0.575	-8.008515106
3	2	2016	-115.84615	26.95877	NaN	NaN	NaN	NaN	NaN	NaN	-7.96
3	2	2016	-115.84615	26.95876667	19.67	34.321	369.2320921	404.07	-34.8379079	6.05	-7.958725258
3	2	2016	-115.8496833	26.97017	NaN	NaN	NaN	NaN	NaN	NaN	-7.81
3	2	2016	-115.8496833	26.97016667	19.69	34.316	369.81504	404.07	-34.25496	6.6	-7.813484932
3	2	2016	-115.85305	26.98133	NaN	NaN	NaN	NaN	NaN	NaN	-7.95
3	2	2016	-115.85305	26.98133333	19.68	34.331	369.2304297	404.07	-34.8395703	3.275	-7.952502051
3	2	2016	-115.8564667	26.99278	NaN	NaN	NaN	NaN	NaN	NaN	-7.71
3	2	2016	-115.8564667	26.99278333	19.72	34.331	370.1863266	404.07	-33.8836734	6	-7.710123005
3	2	2016	-115.8598	27.00383	NaN	NaN	NaN	NaN	NaN	NaN	-7.83
3	2	2016	-115.8598	27.00383333	19.67	34.345	369.8043886	404.07	-34.2656114	7.625	-7.827106445
3	2	2016	-115.8631833	27.0154	NaN	NaN	NaN	NaN	NaN	NaN	-8.03
3	2	2016	-115.8631833	27.0154	19.64	34.344	369.0070745	404.07	-35.0629255	11.375	-8.02811662
3	2	2016	-115.8667	27.02773	NaN	NaN	NaN	NaN	NaN	NaN	-7.33
3	2	2016	-115.8667	27.02773333	19.66	34.338	372.019925	404.07	-32.050075	9.075	-7.327000292
17	3	1993	243.789	27.038	17.217	33.252	355.53	358.47	-2.94	6.61	-0.820819027
3	2	2016	-115.8699333	27.03922	NaN	NaN	NaN	NaN	NaN	NaN	-6.33
3	2	2016	-115.8699333	27.03921667	19.84	34.414	375.9603654	404.07	-28.1096346	4.825	-6.334052229
3	2	2016	-115.8731	27.05032	NaN	NaN	NaN	NaN	NaN	NaN	-6.23
3	2	2016	-115.8731	27.05031667	19.79	34.409	376.5216242	404.07	-27.5483758	2.6	-6.232038738
3	2	2016	-115.8766	27.06178	NaN	NaN	NaN	NaN	NaN	NaN	-5.36
3	2	2016	-115.8766	27.06178333	19.74	34.354	380.4728458	404.07	-23.5971542	5.1	-5.360483884
3	2	2016	-115.88005	27.07287	NaN	NaN	NaN	NaN	NaN	NaN	-5.67
3	2	2016	-115.88005	27.07286667	19.32	34.224	379.9162355	404.07	-24.1537645	5	-5.674244188
3	2	2016	-115.8835167	27.0843	NaN	NaN	NaN	NaN	NaN	NaN	-5.71
3	2	2016	-115.8835167	27.0843	19.15	34.16	380.0858466	404.07	-23.9841534	7.575	-5.712095351
3	2	2016	-115.8867833	27.09537	NaN	NaN	NaN	NaN	NaN	NaN	-8.83
3	2	2016	-115.8867833	27.09536667	19	34.361	367.4076993	404.07	-36.6623007	1.875	-8.827248918
3	2	2016	-115.8899833	27.10642	NaN	NaN	NaN	NaN	NaN	NaN	-7.22
3	2	2016	-115.8899833	27.10641667	19.45	34.376	373.007071	404.07	-31.062929	2.3	-7.21800395
3	2	2016	-115.8935333	27.11775	NaN	NaN	NaN	NaN	NaN	NaN	-6.69
3	2	2016	-115.8935333	27.11775	19.58	34.374	374.9950023	404.07	-29.0749977	2.175	-6.687549546
3	2	2016	-115.89685	27.12875	NaN	NaN	NaN	NaN	NaN	NaN	-5.82
3	2	2016	-115.89685	27.12875	19.54	34.309	378.8553185	404.07	-25.2146815	5.325	-5.819631925
3	2	2016	-115.9003833	27.14005	NaN	NaN	NaN	NaN	NaN	NaN	-4.12
3	2	2016	-115.9003833	27.14005	19.1	33.997	386.8512387	404.07	-17.2187613	6.25	-4.120204916
2	2	2003	242.03799	27.147	NaN	NaN	NaN	NaN	NaN	NaN	-1.63
3	2	2016	-115.90395	27.15103	NaN	NaN	NaN	NaN	NaN	NaN	-5.26
3	2	2016	-115.90395	27.15103333	18.26	33.757	383.5298604	404.07	-20.5401396	5.95	-5.259992021
2	2	2003	242.039	27.152	NaN	NaN	NaN	NaN	NaN	NaN	-1.66
3	2	2016	-115.9076833	27.16228	NaN	NaN	NaN	NaN	NaN	NaN	-7.14
3	2	2016	-115.9076833	27.16228333	17.93	33.793	376.9109994	404.07	-27.1590006	5.075	-7.140042512
3	2	2016	-115.9112833	27.17315	NaN	NaN	NaN	NaN	NaN	NaN	-6.79
3	2	2016	-115.9112833	27.17315	18.06	33.818	377.9528446	404.07	-26.1171554	3.125	-6.794113727
3	2	2016	-115.91525	27.18553	NaN	NaN	NaN	NaN	NaN	NaN	-6.59
3	2	2016	-115.91525	27.18553333	18.18	33.837	378.5093376	404.07	-25.5606624	1.725	-6.585176097
3	2	2016	-115.91885	27.19651	NaN	NaN	NaN	NaN	NaN	NaN	-6.6
3	2	2016	-115.91885	27.19650833	18.195	33.832	378.4239267	404.07	-25.6460733	3	-6.599413876
3	2	2016	-115.92245	27.20748	NaN	NaN	NaN	NaN	NaN	NaN	-6.25
3	2	2016	-115.92245	27.20748333	18.21	33.827	379.7458336	404.07	-24.3241664	4.225	-6.251896233
3	2	2016	-115.926	27.21832	NaN	NaN	NaN	NaN	NaN	NaN	-6.49
3	2	2016	-115.926	27.21831667	18.16	33.86	378.9294561	404.07	-25.1405439	6.75	-6.486608285
17	3	1993	243.714	27.229	16.447	32.934	347.04999	358.47	-11.42001	5.15001	-3.400425215
3	2	2016	-115.9296833	27.22952	NaN	NaN	NaN	NaN	NaN	NaN	-6.3
3	2	2016	-115.9296833	27.22951667	18.18	33.838	379.6127852	404.07	-24.4572148	3.55	-6.300865863
3	2	2016	-115.9331833	27.24045	NaN	NaN	NaN	NaN	NaN	NaN	-6.38
3	2	2016	-115.9331833	27.24045	18.15	33.836	379.3542043	404.07	-24.7157957	4.275	-6.382846604
3	2	2016	-115.9367833	27.25183	NaN	NaN	NaN	NaN	NaN	NaN	-6.19
3	2	2016	-115.9367833	27.25183333	18.16	33.813	380.1035574	404.07	-23.9664426	7.025	-6.185047791
3	2	2016	-115.9401667	27.26293	NaN	NaN	NaN	NaN	NaN	NaN	-6.58
3	2	2016	-115.9401667	27.26293333	18.09	33.815	378.7236322	404.07	-25.3463678	6.95	-6.577865417
2	2	2003	242.05899	27.27	NaN	NaN	NaN	NaN	NaN	NaN	-1.96
2	2	2003	242.06	27.274	NaN	NaN	NaN	NaN	NaN	NaN	-1.67
3	2	2016	-115.9438333	27.27438	NaN	NaN	NaN	NaN	NaN	NaN	-6.69
3	2	2016	-115.9438333	27.27438333	18.08	33.82	378.2937105	404.07	-25.7762895	5.1	-6.694640817
2	2	2003	242.06	27.278	NaN	NaN	NaN	NaN	NaN	NaN	-1.59
2	2	2003	242.061	27.282	NaN	NaN	NaN	NaN	NaN	NaN	-1.5
3	2	2016	-115.9472833	27.28555	NaN	NaN	NaN	NaN	NaN	NaN	-6.14
3	2	2016	-115.9472833	27.28555	18.1	33.811	380.3792458	404.07	-23.6907542	5.75	-6.143395909
2	2	2003	242.061	27.287	NaN	NaN	NaN	NaN	NaN	NaN	-1.54
2	2	2003	242.062	27.291	NaN	NaN	NaN	NaN	NaN	NaN	-1.56
2	2	2003	242.062	27.295	NaN	NaN	NaN	NaN	NaN	NaN	-1.53
3	2	2016	-115.9508333	27.29708	NaN	NaN	NaN	NaN	NaN	NaN	-6.13
3	2	2016	-115.9508333	27.29708333	17.89	33.691	380.8296502	404.07	-23.2403498	4.125	-6.132459385
2	2	2003	242.063	27.3	NaN	NaN	NaN	NaN	NaN	NaN	-1.49
2	2	2003	242.064	27.304	NaN	NaN	NaN	NaN	NaN	NaN	-1.44
2	2	2003	242.064	27.308	NaN	NaN	NaN	NaN	NaN	NaN	-1.48
3	2	2016	-115.9543	27.30823	NaN	NaN	NaN	NaN	NaN	NaN	-6.42
3	2	2016	-115.9543	27.30823333	17.67	33.606	380.1712062	404.07	-23.8987938	6.825	-6.42143157
2	2	2003	242.065	27.313	NaN	NaN	NaN	NaN	NaN	NaN	-1.51
2	2	2003	242.06601	27.317	NaN	NaN	NaN	NaN	NaN	NaN	-1.47
3	2	2016	-115.95775	27.31983	NaN	NaN	NaN	NaN	NaN	NaN	-7.05
3	2	2016	-115.95775	27.31983333	17.54	33.629	378.1079975	404.07	-25.9620025	5.325	-7.048586032
2	2	2003	242.06601	27.321	NaN	NaN	NaN	NaN	NaN	NaN	-1.39
2	2	2003	242.067	27.325	NaN	NaN	NaN	NaN	NaN	NaN	-1.43
2	2	2003	242.067	27.329	NaN	NaN	NaN	NaN	NaN	NaN	-1.45
3	2	2016	-115.961	27.33108	NaN	NaN	NaN	NaN	NaN	NaN	-7.07
3	2	2016	-115.961	27.33108333	17.54	33.614	378.0243349	404.07	-26.0456651	3.425	-7.071803826
2	2	2003	242.067	27.338	NaN	NaN	NaN	NaN	NaN	NaN	-1.56
2	2	2003	242.06799	27.342	NaN	NaN	NaN	NaN	NaN	NaN	-1.6
3	2	2016	-115.9646167	27.34373	NaN	NaN	NaN	NaN	NaN	NaN	-7.27
3	2	2016	-115.9646167	27.34373333	17.52	33.634	377.3245398	404.07	-26.7454602	1.65	-7.272859326
2	2	2003	242.06799	27.346	NaN	NaN	NaN	NaN	NaN	NaN	-1.62
2	2	2003	242.06799	27.351	NaN	NaN	NaN	NaN	NaN	NaN	-1.65
3	2	2016	-115.9679333	27.3548	NaN	NaN	NaN	NaN	NaN	NaN	-6.89
3	2	2016	-115.9679333	27.3548	17.59	33.63	378.5953702	404.07	-25.4746298	1.65	-6.888371137
2	2	2003	242.069	27.355	NaN	NaN	NaN	NaN	NaN	NaN	-1.85
2	2	2003	242.069	27.359	NaN	NaN	NaN	NaN	NaN	NaN	-1.64
2	2	2003	242.069	27.363	NaN	NaN	NaN	NaN	NaN	NaN	-1.52
3	2	2016	-115.9713167	27.36623	NaN	NaN	NaN	NaN	NaN	NaN	-6.98
3	2	2016	-115.9713167	27.36623333	17.57	33.625	378.2824983	404.07	-25.7875017	0.375	-6.984403438
2	2	2003	242.07001	27.367	NaN	NaN	NaN	NaN	NaN	NaN	-1.68
2	2	2002	242.07001	27.376	NaN	NaN	NaN	NaN	NaN	NaN	-1.72
2	2	2003	242.071	27.38	NaN	NaN	NaN	NaN	NaN	NaN	-2
2	2	2003	242.071	27.384	NaN	NaN	NaN	NaN	NaN	NaN	-2.81
17	3	1993	243.63901	27.419	17.153	33.15	350.01999	358.47	-8.45001	7.28	-2.372605474
14	1	2003	239.55301	27.429	NaN	NaN	NaN	NaN	NaN	NaN	2.99
14	1	2003	239.55301	27.429	20.31	33.828	388.60999	374.88	13.72999	0.45	2.990722854
3	2	2016	-115.99055	27.43145	NaN	NaN	NaN	NaN	NaN	NaN	-7.07
3	2	2016	-115.99055	27.43145	17.54	33.618	378.0128281	404.07	-26.0571719	1.5	-7.074793715
14	1	2003	239.562	27.44	NaN	NaN	NaN	NaN	NaN	NaN	3.02
14	1	2003	239.562	27.44	20.31	33.829	388.76001	374.88	13.88001	1.27	3.023386777
3	2	2016	-115.9938667	27.44252	NaN	NaN	NaN	NaN	NaN	NaN	-7.07
3	2	2016	-115.9938667	27.44251667	17.54	33.617	378.0242022	404.07	-26.0457978	0.675	-7.07173911
14	1	2003	239.571	27.451	NaN	NaN	NaN	NaN	NaN	NaN	2.95
14	1	2003	239.571	27.451	20.3	33.828	388.42999	374.88	13.54999	0.55	2.953808845
3	2	2016	-115.9971167	27.45322	NaN	NaN	NaN	NaN	NaN	NaN	-7.05
3	2	2016	-115.9971167	27.45321667	17.55	33.62	378.0824372	404.07	-25.9875628	0.6	-7.05013128
14	1	2003	239.57901	27.463	NaN	NaN	NaN	NaN	NaN	NaN	2.88
14	1	2003	239.57901	27.463	20.28	33.83	388.07001	374.88	13.19001	0.10001	2.879781612
3	2	2016	-116.0004	27.46438	NaN	NaN	NaN	NaN	NaN	NaN	-7.04
3	2	2016	-116.0004	27.46438333	17.55	33.614	378.1326435	404.07	-25.9373565	1.5	-7.036711355
14	1	2003	239.588	27.474	NaN	NaN	NaN	NaN	NaN	NaN	2.84
14	1	2003	239.588	27.474	20.25	33.834	387.85999	374.88	12.97999	0.5	2.840492287
3	2	2016	-116.0036167	27.47513	NaN	NaN	NaN	NaN	NaN	NaN	-7.13
3	2	2016	-116.0036167	27.47513333	17.52	33.618	377.843542	404.07	-26.226458	3.125	-7.132269678
14	1	2003	239.597	27.485	NaN	NaN	NaN	NaN	NaN	NaN	3.11
14	1	2003	239.597	27.485	20.22	33.841	389.07001	374.88	14.19001	4.55	3.112440868
3	2	2016	-116.00695	27.48623	NaN	NaN	NaN	NaN	NaN	NaN	-7.08
3	2	2016	-116.00695	27.48623333	17.54	33.615	377.993082	404.07	-26.076918	3.25	-7.080255853
14	1	2003	239.606	27.496	NaN	NaN	NaN	NaN	NaN	NaN	3.15
14	1	2003	239.606	27.496	20.21	33.845	389.20999	374.88	14.32999	0.40001	3.14553168
3	2	2016	-116.0102	27.49697	NaN	NaN	NaN	NaN	NaN	NaN	-7.24
3	2	2016	-116.0102	27.49696667	17.53	33.621	377.4150045	404.07	-26.6549955	2.65	-7.242853631
14	1	2003	239.614	27.507	NaN	NaN	NaN	NaN	NaN	NaN	3.12
14	1	2003	239.614	27.507	20.2	33.841	389.06	374.88	14.18	1.7	3.115088422
3	2	2016	-116.0139167	27.50905	NaN	NaN	NaN	NaN	NaN	NaN	-7.2
3	2	2016	-116.0139167	27.50905	17.56	33.682	377.5141909	404.07	-26.5558091	4.825	-7.196356506
14	1	2003	239.623	27.518	NaN	NaN	NaN	NaN	NaN	NaN	3.15
14	1	2003	239.623	27.518	20.21	33.86	389.23001	374.88	14.35001	1.87	3.149706452
3	2	2016	-116.0171167	27.51978	NaN	NaN	NaN	NaN	NaN	NaN	-8.42
3	2	2016	-116.0171167	27.51978333	17.66	33.901	372.716162	404.07	-31.353838	5.675	-8.41954914
14	1	2003	239.632	27.529	NaN	NaN	NaN	NaN	NaN	NaN	3.19
14	1	2003	239.632	27.529	20.24	33.874	389.44	374.88	14.56	2.23	3.188141379
3	2	2016	-116.0205	27.53087	NaN	NaN	NaN	NaN	NaN	NaN	-6.63
3	2	2016	-116.0205	27.53086667	18.02	33.808	378.6711802	404.07	-25.3988198	4.525	-6.628778989
14	1	2003	239.64	27.54	NaN	NaN	NaN	NaN	NaN	NaN	3.23
14	1	2003	239.64	27.54	20.24	33.874	389.64001	374.88	14.76001	1.98	3.231936719
3	2	2016	-116.0236	27.54178	NaN	NaN	NaN	NaN	NaN	NaN	-6.28
3	2	2016	-116.0236	27.54178333	18.03	33.791	379.9977202	404.07	-24.0722798	6.4	-6.278038148
14	1	2003	239.649	27.552	NaN	NaN	NaN	NaN	NaN	NaN	3.32
14	1	2003	239.649	27.552	20.24	33.872	390.04001	374.88	15.16001	0.92	3.319553893
3	2	2016	-116.0268	27.55297	NaN	NaN	NaN	NaN	NaN	NaN	-6.18
3	2	2016	-116.0268	27.55296667	17.87	33.738	380.6641791	404.07	-23.4058209	6.15	-6.184678726
14	1	2003	239.65799	27.563	NaN	NaN	NaN	NaN	NaN	NaN	3.14
14	1	2003	239.65799	27.563	20.28	33.928	389.28	374.88	14.4	0.88	3.142527423
3	2	2016	-116.0298667	27.56388	NaN	NaN	NaN	NaN	NaN	NaN	-6.38
3	2	2016	-116.0298667	27.56388333	17.82	33.718	380.0169567	404.07	-24.0530433	6.775	-6.381902659
3	2	2016	-116.0330667	27.5751	NaN	NaN	NaN	NaN	NaN	NaN	-6.59
3	2	2016	-116.0330667	27.5751	17.72	33.633	379.4407746	404.07	-24.6292254	4.925	-6.590241189
14	1	2003	239.675	27.585	NaN	NaN	NaN	NaN	NaN	NaN	3.03
14	1	2003	239.675	27.585	20.31	33.955	388.81	374.88	13.93	0.2	3.032499488
3	2	2016	-116.0361833	27.58598	NaN	NaN	NaN	NaN	NaN	NaN	-7.06
3	2	2016	-116.0361833	27.58598333	17.59	33.618	377.9736564	404.07	-26.0963436	4.5	-7.056885285
14	1	2003	239.685	27.597	NaN	NaN	NaN	NaN	NaN	NaN	2.95
14	1	2003	239.685	27.597	20.31	33.962	388.41	374.88	13.53	1.22	2.945325436
3	2	2016	-116.03945	27.59712	NaN	NaN	NaN	NaN	NaN	NaN	-7.04
3	2	2016	-116.03945	27.59711667	17.55	33.602	378.107578	404.07	-25.962422	3.4	-7.043912889
3	2	2016	-116.0425833	27.60793	NaN	NaN	NaN	NaN	NaN	NaN	-7.2
3	2	2016	-116.0425833	27.60793333	17.53	33.611	377.5902051	404.07	-26.4797949	2.225	-7.1955888
14	1	2003	239.694	27.608	NaN	NaN	NaN	NaN	NaN	NaN	2.93
14	1	2003	239.694	27.608	20.31	33.971	388.32999	374.88	13.44999	0.47	2.927785717
17	3	1993	243.564	27.609	17.189	33.126	350.39999	358.47	-8.07001	5.53	-2.259550055
3	2	2016	-116.0458333	27.6187	NaN	NaN	NaN	NaN	NaN	NaN	-7.69
3	2	2016	-116.0458333	27.6187	17.57	33.675	375.6543038	404.07	-28.4156962	0.775	-7.694408766
14	1	2003	239.703	27.619	NaN	NaN	NaN	NaN	NaN	NaN	2.81
14	1	2003	239.703	27.619	20.31	33.975	387.76999	374.88	12.88999	2.03	2.805833095
3	2	2016	-116.0492833	27.62982	NaN	NaN	NaN	NaN	NaN	NaN	-6.8
3	2	2016	-116.0492833	27.62981667	17.86	33.751	378.3439576	404.07	-25.7260424	1.5	-6.802813124
14	1	2003	239.711	27.63	NaN	NaN	NaN	NaN	NaN	NaN	2.73
14	1	2003	239.711	27.63	20.32	33.982	387.42999	374.88	12.54999	3.05	2.729613198
3	2	2016	-116.0525833	27.6407	NaN	NaN	NaN	NaN	NaN	NaN	-6.69
3	2	2016	-116.0525833	27.6407	17.8	33.677	378.8970089	404.07	-25.1729911	3.65	-6.69110757
3	2	2016	-116.056	27.65203	NaN	NaN	NaN	NaN	NaN	NaN	-7.03
3	2	2016	-116.056	27.65203333	17.7	33.645	377.8455717	404.07	-26.2244283	5.55	-7.027997306
3	2	2016	-116.0597833	27.66452	NaN	NaN	NaN	NaN	NaN	NaN	-7.2
3	2	2016	-116.0597833	27.66451667	17.67	33.644	377.2630324	404.07	-26.8069676	4.9	-7.201538265
3	2	2016	-116.0628	27.67555	NaN	NaN	NaN	NaN	NaN	NaN	-7.31
3	2	2016	-116.0628	27.67555	17.65	33.698	376.8952965	404.07	-27.1747035	8.225	-7.310235373
3	2	2016	-116.0659667	27.68652	NaN	NaN	NaN	NaN	NaN	NaN	-6.65
3	2	2016	-116.0659667	27.68651667	17.75	33.7	379.1435961	404.07	-24.9264039	7.725	-6.651552649
14	1	2003	239.76199	27.693	NaN	NaN	NaN	NaN	NaN	NaN	3
14	1	2003	239.76199	27.693	20.28	33.94	388.64001	374.88	13.76001	4.02	3.002694217
3	2	2016	-116.0691	27.6979	NaN	NaN	NaN	NaN	NaN	NaN	-6.9
3	2	2016	-116.0691	27.6979	17.75	33.716	378.2039761	404.07	-25.8660239	7.225	-6.901764457
3	2	2016	-116.0721333	27.70902	NaN	NaN	NaN	NaN	NaN	NaN	-6.88
3	2	2016	-116.0721333	27.70901667	17.79	33.723	378.2175019	404.07	-25.8524981	6.375	-6.87575549
14	1	2003	239.78299	27.72	NaN	NaN	NaN	NaN	NaN	NaN	3
14	1	2003	239.78299	27.72	20.3	33.947	388.67001	374.88	13.79001	0.37	3.004469442
3	2	2016	-116.0752	27.72052	NaN	NaN	NaN	NaN	NaN	NaN	-6.7
3	2	2016	-116.0752	27.72051667	17.77	33.699	378.9179082	404.07	-25.1520918	4.875	-6.701011982
3	2	2016	-116.0781833	27.73155	NaN	NaN	NaN	NaN	NaN	NaN	-6.92
3	2	2016	-116.0781833	27.73155	17.7	33.685	378.2592767	404.07	-25.8107233	2.375	-6.915814509
14	1	2003	239.79199	27.732	NaN	NaN	NaN	NaN	NaN	NaN	2.95
14	1	2003	239.79199	27.732	20.32	33.953	388.42999	374.88	13.54999	0.47	2.947509621
14	1	2003	239.80099	27.742	NaN	NaN	NaN	NaN	NaN	NaN	2.93
14	1	2003	239.80099	27.742	20.34	33.966	388.38	374.88	13.5	2.03999	2.931899786
3	2	2016	-116.0814	27.74288	NaN	NaN	NaN	NaN	NaN	NaN	-6.91
3	2	2016	-116.0814	27.74288333	17.69	33.685	378.3176859	404.07	-25.7523141	2.65	-6.905726153
14	1	2003	239.80899	27.753	NaN	NaN	NaN	NaN	NaN	NaN	3.03
14	1	2003	239.80899	27.753	20.34	33.951	388.85001	374.88	13.97001	1.45	3.034186962
3	2	2016	-116.0845	27.75385	NaN	NaN	NaN	NaN	NaN	NaN	-6.86
3	2	2016	-116.0845	27.75385	17.68	33.681	378.5245026	404.07	-25.5454974	3.65	-6.855919003
14	1	2003	239.81799	27.765	NaN	NaN	NaN	NaN	NaN	NaN	2.96
14	1	2003	239.81799	27.765	20.31	33.927	388.45999	374.88	13.57999	1.10001	2.956688577
3	2	2016	-116.0875833	27.76512	NaN	NaN	NaN	NaN	NaN	NaN	-6.77
3	2	2016	-116.0875833	27.76511667	17.67	33.686	378.8488669	404.07	-25.2211331	3.275	-6.774162999
14	1	2003	239.827	27.776	NaN	NaN	NaN	NaN	NaN	NaN	3.21
3	2	2016	-116.0906	27.776	NaN	NaN	NaN	NaN	NaN	NaN	-6.81
14	1	2003	239.827	27.776	20.28	33.908	389.57001	374.88	14.69001	0.39999	3.206114676
3	2	2016	-116.0906	27.776	17.61	33.674	378.839621	404.07	-25.230379	3.525	-6.809902023
14	1	2003	239.836	27.787	NaN	NaN	NaN	NaN	NaN	NaN	3.24
14	1	2003	239.836	27.787	20.26	33.889	389.72	374.88	14.84	1.09999	3.244176144
3	2	2016	-116.09355	27.78735	NaN	NaN	NaN	NaN	NaN	NaN	-6.8
3	2	2016	-116.09355	27.78735	17.58	33.657	378.9353856	404.07	-25.1346144	5.6	-6.801046301
14	1	2003	239.845	27.798	NaN	NaN	NaN	NaN	NaN	NaN	3.4
14	1	2003	239.845	27.798	20.25	33.877	390.42999	374.88	15.54999	0.05	3.402221146
3	2	2016	-116.09625	27.7984	NaN	NaN	NaN	NaN	NaN	NaN	-6.85
3	2	2016	-116.09625	27.7984	17.54	33.618	378.848422	404.07	-25.221578	8.05	-6.847921264
17	3	1993	243.489	27.8	17.216	33.118	351.20999	358.47	-7.26001	6.43001	-2.028381173
14	1	2003	239.853	27.809	NaN	NaN	NaN	NaN	NaN	NaN	3.27
14	1	2003	239.853	27.809	20.25	33.885	389.82999	374.88	14.94999	0.79001	3.270823979
3	2	2016	-116.0990333	27.8099	NaN	NaN	NaN	NaN	NaN	NaN	-7.21
3	2	2016	-116.0990333	27.8099	17.48	33.594	377.6466494	404.07	-26.4233506	5.825	-7.209902239
14	1	2003	239.862	27.82	NaN	NaN	NaN	NaN	NaN	NaN	3.31
14	1	2003	239.862	27.82	20.28	33.899	390.06	374.88	15.18	1.95	3.313194271
3	2	2016	-116.10195	27.82212	NaN	NaN	NaN	NaN	NaN	NaN	-7.35
3	2	2016	-116.10195	27.82211667	17.48	33.572	377.1182675	404.07	-26.9517325	5.275	-7.354845736
14	1	2003	239.871	27.831	NaN	NaN	NaN	NaN	NaN	NaN	3.29
14	1	2003	239.871	27.831	20.29	33.901	389.97	374.88	15.09	2	3.290961451
3	2	2016	-116.1047667	27.8336	NaN	NaN	NaN	NaN	NaN	NaN	-7.5
3	2	2016	-116.1047667	27.8336	17.47	33.578	376.6132223	404.07	-27.4567777	0.825	-7.498513377
3	2	2016	-116.10735	27.84482	NaN	NaN	NaN	NaN	NaN	NaN	-7.36
3	2	2016	-116.10735	27.84481667	17.49	33.579	377.0658868	404.07	-27.0041132	1.075	-7.362940797
3	2	2016	-116.1099667	27.8564	NaN	NaN	NaN	NaN	NaN	NaN	-7.31
3	2	2016	-116.1099667	27.8564	17.5	33.577	377.2229831	404.07	-26.8470169	4.225	-7.314262699
3	2	2016	-116.1125833	27.86757	NaN	NaN	NaN	NaN	NaN	NaN	-7.32
3	2	2016	-116.1125833	27.86756667	17.52	33.575	377.1612533	404.07	-26.9087467	5.95	-7.319312321
3	2	2016	-116.1153667	27.87908	NaN	NaN	NaN	NaN	NaN	NaN	-7.24
3	2	2016	-116.1153667	27.87908333	17.52	33.576	377.4434585	404.07	-26.6265415	5.975	-7.242516712
3	2	2016	-116.11815	27.89022	NaN	NaN	NaN	NaN	NaN	NaN	-7.19
3	2	2016	-116.11815	27.89021667	17.53	33.575	377.6046781	404.07	-26.4653219	5	-7.192885562
3	2	2016	-116.1210167	27.90175	NaN	NaN	NaN	NaN	NaN	NaN	-7.24
3	2	2016	-116.1210167	27.90175	17.52	33.569	377.4629418	404.07	-26.6070582	3.35	-7.237457795
3	2	2016	-116.1238333	27.91287	NaN	NaN	NaN	NaN	NaN	NaN	-7.3
3	2	2016	-116.1238333	27.91286667	17.49	33.568	377.3015143	404.07	-26.7684857	3.55	-7.299076014
3	2	2016	-116.1267167	27.9244	NaN	NaN	NaN	NaN	NaN	NaN	-7.24
3	2	2016	-116.1267167	27.9244	17.49	33.569	377.5116641	404.07	-26.5583359	5.275	-7.241739179
3	2	2016	-116.1295333	27.93543	NaN	NaN	NaN	NaN	NaN	NaN	-7.25
3	2	2016	-116.1295333	27.93543333	17.49	33.569	377.4965341	404.07	-26.5734659	5.35	-7.245864721
3	2	2016	-116.13235	27.94652	NaN	NaN	NaN	NaN	NaN	NaN	-7.27
3	2	2016	-116.13235	27.94651667	17.49	33.565	377.4213849	404.07	-26.6486151	2.675	-7.266493949
3	2	2016	-116.1353667	27.95787	NaN	NaN	NaN	NaN	NaN	NaN	-7.42
3	2	2016	-116.1353667	27.95786667	17.47	33.574	376.8888365	404.07	-27.1811635	0.575	-7.42338354
3	2	2016	-116.1382667	27.96883	NaN	NaN	NaN	NaN	NaN	NaN	-7.26
3	2	2016	-116.1382667	27.96883333	17.5	33.567	377.4338107	404.07	-26.6361893	4.875	-7.257169063
3	2	2016	-116.14125	27.98013	NaN	NaN	NaN	NaN	NaN	NaN	-7.37
3	2	2016	-116.14125	27.98013333	17.48	33.57	377.0744765	404.07	-26.9955235	2.65	-7.366865839
17	3	1993	243.414	27.99	16.711	32.834	344.19	358.47	-14.28	8.75999	-4.162963854
3	2	2016	-116.1445667	27.99248	NaN	NaN	NaN	NaN	NaN	NaN	-7.42
3	2	2016	-116.1445667	27.99248333	17.5	33.576	376.8245647	404.07	-27.2454353	7	-7.422843979
NaN	1	NaN	242.5	28	19.24	33.79	357.88	371.16	-13.28	6.14	-3.14586968
NaN	2	NaN	242.5	28	16.93	33.68	357.87	372.11	-14.24	6.43	-4.061281692
NaN	3	NaN	242.5	28	16.59	33.71	349.44	372.54	-23.1	7.16	-6.772841075
3	2	2016	-116.1475	28.00342	NaN	NaN	NaN	NaN	NaN	NaN	-7.28
3	2	2016	-116.1475	28.00341667	17.52	33.577	377.3172318	404.07	-26.7527682	8.1	-7.276816275
3	2	2016	-116.1505333	28.0147	NaN	NaN	NaN	NaN	NaN	NaN	-7.33
3	2	2016	-116.1505333	28.0147	17.52	33.579	377.106774	404.07	-26.963226	6.825	-7.33399163
3	2	2016	-116.1536	28.02557	NaN	NaN	NaN	NaN	NaN	NaN	-7.37
3	2	2016	-116.1536	28.02556667	17.55	33.587	376.9117256	404.07	-27.1582744	6.4	-7.368886657
3	2	2016	-116.1568833	28.03673	NaN	NaN	NaN	NaN	NaN	NaN	-7.31
3	2	2016	-116.1568833	28.03673333	17.58	33.588	377.072662	404.07	-26.997338	8.225	-7.307464395
3	2	2016	-116.16015	28.04753	NaN	NaN	NaN	NaN	NaN	NaN	-7.35
3	2	2016	-116.16015	28.04753333	17.58	33.589	376.9220209	404.07	-27.1479791	9.35	-7.348204067
3	2	2016	-116.1635333	28.05868	NaN	NaN	NaN	NaN	NaN	NaN	-7.42
3	2	2016	-116.1635333	28.05868333	17.59	33.593	376.620937	404.07	-27.449063	9.5	-7.423564038
3	2	2016	-116.1669167	28.06952	NaN	NaN	NaN	NaN	NaN	NaN	-7.4
3	2	2016	-116.1669167	28.06951667	17.6	33.594	376.6827706	404.07	-27.3872294	7.875	-7.400831317
3	2	2016	-116.1703167	28.08073	NaN	NaN	NaN	NaN	NaN	NaN	-7.48
3	2	2016	-116.1703167	28.08073333	17.6	33.597	376.4071001	404.07	-27.6628999	8.325	-7.475219112
3	2	2016	-116.17365	28.0916	NaN	NaN	NaN	NaN	NaN	NaN	-7.36
3	2	2016	-116.17365	28.0916	17.6	33.597	376.8267319	404.07	-27.2432681	5.625	-7.361823927
3	2	2016	-116.1950333	28.15848	NaN	NaN	NaN	NaN	NaN	NaN	-7.41
3	2	2016	-116.1950333	28.15848333	17.53	33.578	376.8022557	404.07	-27.2677443	5.725	-7.410866593
3	2	2016	-116.1989167	28.16937	NaN	NaN	NaN	NaN	NaN	NaN	-7.34
3	2	2016	-116.1989167	28.16936667	17.55	33.581	377.016471	404.07	-27.053529	5.325	-7.340675098
17	3	1993	243.339	28.18	16.146	32.943	344.10001	358.47	-14.36999	4.38	-4.386004698
3	2	2016	-116.2029	28.18068	NaN	NaN	NaN	NaN	NaN	NaN	-7.42
3	2	2016	-116.2029	28.18068333	17.54	33.587	376.739207	404.07	-27.330793	7.825	-7.421687586
3	2	2016	-116.2067667	28.19163	NaN	NaN	NaN	NaN	NaN	NaN	-7.31
3	2	2016	-116.2067667	28.19163333	17.57	33.593	377.0721177	404.07	-26.9978823	8.425	-7.313339385
3	2	2016	-116.2106833	28.20282	NaN	NaN	NaN	NaN	NaN	NaN	-7.35
3	2	2016	-116.2106833	28.20281667	17.57	33.596	376.9393475	404.07	-27.1306525	6.175	-7.349200253
3	2	2016	-116.2146	28.214	NaN	NaN	NaN	NaN	NaN	NaN	-7.32
3	2	2016	-116.2146	28.214	17.57	33.599	377.0527377	404.07	-27.0172623	4.325	-7.318380674
3	2	2016	-116.2185167	28.22495	NaN	NaN	NaN	NaN	NaN	NaN	-7.24
3	2	2016	-116.2185167	28.22495	17.59	33.601	377.2852657	404.07	-26.7847343	4.425	-7.243622103
3	2	2016	-116.2224333	28.2363	NaN	NaN	NaN	NaN	NaN	NaN	-7.15
3	2	2016	-116.2224333	28.2363	17.61	33.593	377.5870756	404.07	-26.4829244	2.7	-7.150723629
3	2	2016	-116.2262667	28.24728	NaN	NaN	NaN	NaN	NaN	NaN	-7.16
3	2	2016	-116.2262667	28.24728333	17.59	33.594	377.5913646	404.07	-26.4786354	1.525	-7.16107914
3	2	2016	-116.2302333	28.25865	NaN	NaN	NaN	NaN	NaN	NaN	-7.2
3	2	2016	-116.2302333	28.25865	17.6	33.602	377.4433602	404.07	-26.6266398	5.375	-7.195024515
3	2	2016	-116.2339833	28.26967	NaN	NaN	NaN	NaN	NaN	NaN	-7.19
3	2	2016	-116.2339833	28.26966667	17.61	33.597	377.4593813	404.07	-26.6106187	5.775	-7.18506629
3	2	2016	-116.2377167	28.28105	NaN	NaN	NaN	NaN	NaN	NaN	-7.17
3	2	2016	-116.2377167	28.28105	17.64	33.607	377.4336125	404.07	-26.6363875	6.85	-7.174301008
3	2	2016	-116.2412167	28.29213	NaN	NaN	NaN	NaN	NaN	NaN	-7.12
3	2	2016	-116.2412167	28.29213333	17.64	33.607	377.6436071	404.07	-26.4263929	7.375	-7.117740617
3	2	2016	-116.24515	28.3047	NaN	NaN	NaN	NaN	NaN	NaN	-7.17
3	2	2016	-116.24515	28.3047	17.64	33.6	377.4593016	404.07	-26.6106984	5.925	-7.16761993
3	2	2016	-116.2485333	28.31587	NaN	NaN	NaN	NaN	NaN	NaN	-7.14
3	2	2016	-116.2485333	28.31586667	17.62	33.594	377.6142835	404.07	-26.4557165	5.4	-7.137582753
3	2	2016	-116.2520167	28.32738	NaN	NaN	NaN	NaN	NaN	NaN	-6.32
3	2	2016	-116.2520167	28.32738333	17.58	33.561	380.7368669	404.07	-23.3331331	2.6	-6.31647075
3	2	2016	-116.25535	28.33857	NaN	NaN	NaN	NaN	NaN	NaN	-6.96
3	2	2016	-116.25535	28.33856667	17.39	33.529	378.7627904	404.07	-25.3072096	2.65	-6.957957229
3	2	2016	-116.2587333	28.35015	NaN	NaN	NaN	NaN	NaN	NaN	-7.18
3	2	2016	-116.2587333	28.35015	17.33	33.53	378.0700056	404.07	-25.9999944	5.025	-7.183217202
3	2	2016	-116.262	28.36132	NaN	NaN	NaN	NaN	NaN	NaN	-7.45
3	2	2016	-116.262	28.36131667	17.29	33.538	377.1942811	404.07	-26.8757189	7.45	-7.448987541
18	3	1993	243.26401	28.371	16.547	32.881	343.38	358.47	-15.09	4.36	-4.457599081
3	2	2016	-116.26545	28.37273	NaN	NaN	NaN	NaN	NaN	NaN	-7.59
3	2	2016	-116.26545	28.37273333	17.29	33.547	376.7000585	404.07	-27.3699415	8.15	-7.585643556
3	2	2016	-116.2686833	28.38385	NaN	NaN	NaN	NaN	NaN	NaN	-7.37
3	2	2016	-116.2686833	28.38385	17.32	33.546	377.3981162	404.07	-26.6718838	6.95	-7.37425734
3	2	2016	-116.27205	28.39532	NaN	NaN	NaN	NaN	NaN	NaN	-7.34
3	2	2016	-116.27205	28.39531667	17.34	33.549	377.4846382	404.07	-26.5853618	7.85	-7.338329772
3	2	2016	-116.2752	28.40645	NaN	NaN	NaN	NaN	NaN	NaN	-7.27
3	2	2016	-116.2752	28.40645	17.34	33.542	377.7181437	404.07	-26.3518563	8.55	-7.274117644
3	2	2016	-116.27835	28.41798	NaN	NaN	NaN	NaN	NaN	NaN	-7.23
3	2	2016	-116.27835	28.41798333	17.33	33.545	377.9100341	404.07	-26.1599659	6.425	-7.226898156
3	2	2016	-116.2814333	28.42918	NaN	NaN	NaN	NaN	NaN	NaN	-7.3
3	2	2016	-116.2814333	28.42918333	17.34	33.548	377.609087	404.07	-26.460913	5.2	-7.304013035
3	2	2016	-116.2845833	28.44077	NaN	NaN	NaN	NaN	NaN	NaN	-7.33
3	2	2016	-116.2845833	28.44076667	17.37	33.553	377.4575851	404.07	-26.6124149	5.1	-7.327831024
3	2	2016	-116.2876333	28.45192	NaN	NaN	NaN	NaN	NaN	NaN	-7.31
3	2	2016	-116.2876333	28.45191667	17.4	33.557	377.4655054	404.07	-26.6044946	2.175	-7.307741342
3	2	2016	-116.29085	28.4633	NaN	NaN	NaN	NaN	NaN	NaN	-7.3
3	2	2016	-116.29085	28.4633	17.41	33.558	377.4855912	404.07	-26.5844088	3	-7.296282154
3	2	2016	-116.2943	28.47587	NaN	NaN	NaN	NaN	NaN	NaN	-7.17
3	2	2016	-116.2943	28.47586667	17.43	33.552	377.9221121	404.07	-26.1478879	6.05	-7.165076299
3	2	2016	-116.2973167	28.48688	NaN	NaN	NaN	NaN	NaN	NaN	-7.54
3	2	2016	-116.2973167	28.48688333	17.39	33.563	376.6285756	404.07	-27.4414244	7.325	-7.543518257
3	2	2016	-116.3002667	28.49788	NaN	NaN	NaN	NaN	NaN	NaN	-7.74
3	2	2016	-116.3002667	28.49788333	17.44	33.587	375.7920977	404.07	-28.2779023	5.475	-7.741192042
3	2	2016	-116.3032667	28.50921667	17.53	33.61	376.0562399	404.07	-28.0137601	3.825	-7.612462879
3	2	2016	-116.3062333	28.5202	NaN	NaN	NaN	NaN	NaN	NaN	-7.26
3	2	2016	-116.3062333	28.5202	17.59	33.606	377.2226093	404.07	-26.8473907	3.4	-7.260394476
3	2	2016	-116.3092833	28.5315	NaN	NaN	NaN	NaN	NaN	NaN	-7.2
3	2	2016	-116.3092833	28.5315	17.61	33.599	377.4093437	404.07	-26.6606563	1.6	-7.198508485
3	2	2016	-116.3122833	28.54243	NaN	NaN	NaN	NaN	NaN	NaN	-7.39
3	2	2016	-116.3122833	28.54243333	17.6	33.607	376.728658	404.07	-27.341342	4.75	-7.387975302
3	2	2016	-116.3154167	28.5537	NaN	NaN	NaN	NaN	NaN	NaN	-7.3
3	2	2016	-116.3154167	28.5537	17.64	33.609	376.977927	404.07	-27.092073	9.65	-7.296967054
18	3	1993	243.189	28.561	16.681	32.88	342.64999	358.47	-15.82001	6.46001	-4.622234597
3	2	2016	-116.3184	28.56463	NaN	NaN	NaN	NaN	NaN	NaN	-7.28
3	2	2016	-116.3184	28.56463333	17.67	33.608	376.9701242	404.07	-27.0998758	6.65	-7.281469865
3	2	2016	-116.3214167	28.5755	NaN	NaN	NaN	NaN	NaN	NaN	-7.12
3	2	2016	-116.3214167	28.5755	17.69	33.609	377.5281522	404.07	-26.5418478	6.325	-7.120013378
3	2	2016	-116.3245333	28.58662	NaN	NaN	NaN	NaN	NaN	NaN	-7.1
3	2	2016	-116.3245333	28.58661667	17.69	33.607	377.6147794	404.07	-26.4552206	5.95	-7.096842427
3	2	2016	-116.3276	28.59733	NaN	NaN	NaN	NaN	NaN	NaN	-7.15
3	2	2016	-116.3276	28.59733333	17.68	33.608	377.4308248	404.07	-26.6391752	4.3	-7.151917295
3	2	2016	-116.3308333	28.60837	NaN	NaN	NaN	NaN	NaN	NaN	-7.19
3	2	2016	-116.3308333	28.60836667	17.68	33.611	377.2733917	404.07	-26.7966083	1.525	-7.194081556
3	2	2016	-116.3339833	28.6191	NaN	NaN	NaN	NaN	NaN	NaN	-7.41
3	2	2016	-116.3339833	28.6191	17.68	33.629	376.4800758	404.07	-27.5899242	2.925	-7.406430512
3	2	2016	-116.33765	28.63118	NaN	NaN	NaN	NaN	NaN	NaN	-7.07
3	2	2016	-116.33765	28.63118333	17.72	33.623	377.66164	404.07	-26.40836	4.2	-7.066633753
3	2	2016	-116.3410167	28.64217	NaN	NaN	NaN	NaN	NaN	NaN	-7.21
3	2	2016	-116.3410167	28.64216667	17.68	33.622	377.2077888	404.07	-26.8622112	5.625	-7.211317648
14	1	2003	240.53601	28.651	NaN	NaN	NaN	NaN	NaN	NaN	2.34
14	1	2003	240.53601	28.651	19.19	33.443	384.70999	374.88	9.82999	0.45	2.341608286
3	2	2016	-116.3442833	28.6528	NaN	NaN	NaN	NaN	NaN	NaN	-7.15
3	2	2016	-116.3442833	28.6528	17.68	33.618	377.4341052	404.07	-26.6358948	4.975	-7.150697372
14	1	2003	240.545	28.662	NaN	NaN	NaN	NaN	NaN	NaN	2.39
14	1	2003	240.545	28.662	19.19	33.442	384.92999	374.88	10.04999	1.27	2.394025855
3	2	2016	-116.3475667	28.66348	NaN	NaN	NaN	NaN	NaN	NaN	-7.2
3	2	2016	-116.3475667	28.66348333	17.65	33.612	377.3142049	404.07	-26.7557951	5.925	-7.200482919
14	1	2003	240.554	28.672	NaN	NaN	NaN	NaN	NaN	NaN	2.46
14	1	2003	240.554	28.672	19.19	33.441	385.19	374.88	10.31	0.55	2.455974812
3	2	2016	-116.3510167	28.67452	NaN	NaN	NaN	NaN	NaN	NaN	-7.02
3	2	2016	-116.3510167	28.67451667	17.63	33.604	378.0117917	404.07	-26.0582083	5.9	-7.024335719
14	1	2003	240.564	28.683	NaN	NaN	NaN	NaN	NaN	NaN	2.47
14	1	2003	240.564	28.683	19.2	33.439	385.25	374.88	10.37	0.10001	2.46834326
3	2	2016	-116.3544	28.68513	NaN	NaN	NaN	NaN	NaN	NaN	-6.3
3	2	2016	-116.3544	28.68513333	17.57	33.558	380.8352286	404.07	-23.2347714	8.2	-6.295012519
14	1	2003	240.573	28.693	NaN	NaN	NaN	NaN	NaN	NaN	2.48
14	1	2003	240.573	28.693	19.21	33.441	385.31	374.88	10.43	0.5	2.480644689
3	2	2016	-116.3578333	28.69612	NaN	NaN	NaN	NaN	NaN	NaN	-6.91
3	2	2016	-116.3578333	28.69611667	17.39	33.536	378.9336266	404.07	-25.1363734	6.35	-6.910757592
14	1	2003	240.582	28.703	NaN	NaN	NaN	NaN	NaN	NaN	2.53
14	1	2003	240.582	28.703	19.23	33.445	385.54001	374.88	10.66001	4.55	2.531307599
3	2	2016	-116.3610667	28.7067	NaN	NaN	NaN	NaN	NaN	NaN	-7.36
3	2	2016	-116.3610667	28.7067	17.34	33.546	377.4011266	404.07	-26.6688734	5.75	-7.361486419
14	1	2003	240.591	28.714	NaN	NaN	NaN	NaN	NaN	NaN	2.43
14	1	2003	240.591	28.714	19.25	33.453	385.13	374.88	10.25	0.40001	2.430022417
3	2	2016	-116.3642	28.71743	NaN	NaN	NaN	NaN	NaN	NaN	-6.58
3	2	2016	-116.3642	28.71743333	17.39	33.517	380.1268016	404.07	-23.9431984	5.575	-6.583311919
14	1	2003	240.60001	28.724	NaN	NaN	NaN	NaN	NaN	NaN	2.41
14	1	2003	240.60001	28.724	19.26	33.453	385.04001	374.88	10.16001	1.7	2.406790651
3	2	2016	-116.3675	28.72843	NaN	NaN	NaN	NaN	NaN	NaN	-7.15
3	2	2016	-116.3675	28.72843333	17.23	33.525	378.3999345	404.07	-25.6700655	6.225	-7.149974891
14	1	2003	240.61	28.735	NaN	NaN	NaN	NaN	NaN	NaN	2.29
14	1	2003	240.61	28.735	19.26	33.46	384.56	374.88	9.68	1.87	2.293006521
3	2	2016	-116.37065	28.73915	NaN	NaN	NaN	NaN	NaN	NaN	-7.42
3	2	2016	-116.37065	28.73915	17.23	33.541	377.4375922	404.07	-26.6324078	4.025	-7.417454639
14	1	2003	240.619	28.746	NaN	NaN	NaN	NaN	NaN	NaN	2.25
14	1	2003	240.619	28.746	19.25	33.456	384.39001	374.88	9.51001	2.23	2.254557321
3	2	2016	-116.3739333	28.75023	NaN	NaN	NaN	NaN	NaN	NaN	-7.08
3	2	2016	-116.3739333	28.75023333	17.28	33.538	378.5577277	404.07	-25.5122723	3.3	-7.076824368
18	3	1993	243.114	28.751	16.459	32.9	343.98999	358.47	-14.48001	3.81	-4.308024605
14	1	2003	240.62799	28.756	NaN	NaN	NaN	NaN	NaN	NaN	2.22
14	1	2003	240.62799	28.756	19.25	33.455	384.25	374.88	9.37	1.98	2.221375279
3	2	2016	-116.3771833	28.7609	NaN	NaN	NaN	NaN	NaN	NaN	-7.16
3	2	2016	-116.3771833	28.7609	17.27	33.532	378.2716704	404.07	-25.7983296	0.825	-7.162183323
14	1	2003	240.638	28.767	NaN	NaN	NaN	NaN	NaN	NaN	1.99
14	1	2003	240.638	28.767	19.25	33.458	383.28	374.88	8.4	0.92	1.991386336
14	1	2003	240.647	28.777	NaN	NaN	NaN	NaN	NaN	NaN	1.96
14	1	2003	240.647	28.777	19.24	33.457	383.16	374.88	8.28	0.88	1.964494827
3	2	2016	-116.384	28.78382	NaN	NaN	NaN	NaN	NaN	NaN	-7.39
3	2	2016	-116.384	28.78381667	17.25	33.528	377.4972024	404.07	-26.5727976	2.9	-7.389310189
3	2	2016	-116.3872333	28.79493	NaN	NaN	NaN	NaN	NaN	NaN	-7.39
3	2	2016	-116.3872333	28.79493333	17.23	33.528	377.5406378	404.07	-26.5293622	7.525	-7.389212356
3	2	2016	-116.3903333	28.8057	NaN	NaN	NaN	NaN	NaN	NaN	-7.41
3	2	2016	-116.3903333	28.8057	17.22	33.524	377.4953101	404.07	-26.5746899	7.375	-7.407987718
3	2	2016	-116.3956833	28.82416	NaN	NaN	NaN	NaN	NaN	NaN	-7.36
3	2	2016	-116.3956833	28.82415833	17.22	33.5235	377.6756501	404.07	-26.3943499	4.425	-7.357733466
14	1	2003	240.711	28.849	NaN	NaN	NaN	NaN	NaN	NaN	1.88
14	1	2003	240.711	28.849	19.25	33.462	382.81	374.88	7.93	0.2	1.879928283
14	1	2003	240.73401	28.876	NaN	NaN	NaN	NaN	NaN	NaN	1.91
14	1	2003	240.73401	28.876	19.28	33.469	382.95001	374.88	8.07001	1.22	1.908540427
14	1	2003	240.744	28.886	NaN	NaN	NaN	NaN	NaN	NaN	1.87
14	1	2003	240.744	28.886	19.3	33.471	382.79999	374.88	7.91999	0.47	1.870095213
14	1	2003	240.75299	28.897	NaN	NaN	NaN	NaN	NaN	NaN	1.89
14	1	2003	240.75299	28.897	19.33	33.481	382.92001	374.88	8.04001	2.03	1.893867006
14	1	2003	240.763	28.908	NaN	NaN	NaN	NaN	NaN	NaN	1.97
14	1	2003	240.763	28.908	19.36	33.494	383.26001	374.88	8.38001	3.05	1.969180638
14	1	2003	240.772	28.918	NaN	NaN	NaN	NaN	NaN	NaN	1.87
14	1	2003	240.772	28.918	19.38	33.507	382.85001	374.88	7.97001	4.02	1.869778095
14	1	2003	240.782	28.928	NaN	NaN	NaN	NaN	NaN	NaN	1.97
14	1	2003	240.782	28.928	19.38	33.501	383.26999	374.88	8.38999	0.37	1.968361426
14	1	2003	240.791	28.939	NaN	NaN	NaN	NaN	NaN	NaN	1.87
14	1	2003	240.791	28.939	19.35	33.487	382.85001	374.88	7.97001	0.47	1.87437242
18	3	1993	243.039	28.941	16.257	32.9	341.38	358.47	-17.09	3.46001	-5.169738863
14	1	2003	240.8	28.949	NaN	NaN	NaN	NaN	NaN	NaN	1.95
14	1	2003	240.8	28.949	19.32	33.468	383.17001	374.88	8.29001	2.03999	1.954412782
14	1	2003	240.80899	28.959	NaN	NaN	NaN	NaN	NaN	NaN	2.16
14	1	2003	240.80899	28.959	19.28	33.454	384.01999	374.88	9.13999	1.45	2.161740394
3	2	2016	-116.4367667	28.9634	NaN	NaN	NaN	NaN	NaN	NaN	-7.51
3	2	2016	-116.4367667	28.9634	17.29	33.525	376.9679238	404.07	-27.1020762	1.975	-7.512190279
14	1	2003	240.819	28.97	NaN	NaN	NaN	NaN	NaN	NaN	2.2
14	1	2003	240.819	28.97	19.24	33.443	384.14001	374.88	9.26001	1.10001	2.197154054
3	2	2016	-116.44	28.97423	NaN	NaN	NaN	NaN	NaN	NaN	-7.76
3	2	2016	-116.44	28.97423333	17.27	33.53	376.100823	404.07	-27.969177	3.75	-7.764932168
14	1	2003	240.828	28.98	NaN	NaN	NaN	NaN	NaN	NaN	2.12
14	1	2003	240.828	28.98	19.2	33.44	383.79999	374.88	8.91999	0.39999	2.123191317
3	2	2016	-116.4434167	28.98537	NaN	NaN	NaN	NaN	NaN	NaN	-7.75
3	2	2016	-116.4434167	28.98536667	17.29	33.536	376.0961736	404.07	-27.9738264	5.3	-7.753417418
14	1	2003	240.83701	28.991	NaN	NaN	NaN	NaN	NaN	NaN	2.09
14	1	2003	240.83701	28.991	19.17	33.453	383.62	374.88	8.74	1.09999	2.085150518
3	2	2016	-116.4467	28.99613	NaN	NaN	NaN	NaN	NaN	NaN	-7.54
3	2	2016	-116.4467	28.99613333	17.31	33.532	376.8264013	404.07	-27.2435987	6.4	-7.53893418
14	1	2003	240.847	29.001	NaN	NaN	NaN	NaN	NaN	NaN	1.91
14	1	2003	240.847	29.001	19.14	33.469	382.87	374.88	7.99	0.05	1.910593396
3	2	2016	-116.4498167	29.00745	NaN	NaN	NaN	NaN	NaN	NaN	-7.66
3	2	2016	-116.4498167	29.00745	17.3	33.537	376.3955868	404.07	-27.6744132	5.225	-7.664177958
14	1	2003	240.856	29.012	NaN	NaN	NaN	NaN	NaN	NaN	1.64
14	1	2003	240.856	29.012	19.14	33.488	381.73999	374.88	6.85999	0.79001	1.640235723
3	2	2016	-116.4528667	29.01832	NaN	NaN	NaN	NaN	NaN	NaN	-7.82
3	2	2016	-116.4528667	29.01831667	17.32	33.544	375.7865247	404.07	-28.2834753	3.2	-7.819905448
14	1	2003	240.86499	29.022	NaN	NaN	NaN	NaN	NaN	NaN	1.35
14	1	2003	240.86499	29.022	19.15	33.501	380.53	374.88	5.65	1.95	1.349776934
3	2	2016	-116.4560333	29.02962	NaN	NaN	NaN	NaN	NaN	NaN	-7.8
3	2	2016	-116.4560333	29.02961667	17.33	33.54	375.8501482	404.07	-28.2198518	1.6	-7.796143374
14	1	2003	240.875	29.033	NaN	NaN	NaN	NaN	NaN	NaN	1.25
14	1	2003	240.875	29.033	19.18	33.513	380.10999	374.88	5.22999	2	1.246413156
3	2	2016	-116.4590333	29.04057	NaN	NaN	NaN	NaN	NaN	NaN	-7.89
3	2	2016	-116.4590333	29.04056667	17.32	33.54	375.5315441	404.07	-28.5384559	5.475	-7.89055342
3	2	2016	-116.4620667	29.05147	NaN	NaN	NaN	NaN	NaN	NaN	-8.08
3	2	2016	-116.4620667	29.05146667	17.3	33.545	374.9027118	404.07	-29.1672882	9.1	-8.077308756
3	2	2016	-116.46515	29.06268	NaN	NaN	NaN	NaN	NaN	NaN	-8.14
3	2	2016	-116.46515	29.06268333	17.33	33.554	374.6212387	404.07	-29.4487613	6.8	-8.135105752
3	2	2016	-116.4681833	29.07357	NaN	NaN	NaN	NaN	NaN	NaN	-8.07
3	2	2016	-116.4681833	29.07356667	17.34	33.563	374.8352266	404.07	-29.2347734	4.8	-8.069106839
3	2	2016	-116.4712	29.08442	NaN	NaN	NaN	NaN	NaN	NaN	-7.9
3	2	2016	-116.4712	29.08441667	17.35	33.556	375.4381428	404.07	-28.6318572	5.325	-7.896559566
3	2	2016	-116.4743667	29.0956	NaN	NaN	NaN	NaN	NaN	NaN	-7.9
3	2	2016	-116.4743667	29.0956	17.34	33.556	375.4649416	404.07	-28.6050584	5.6	-7.895561675
3	2	2016	-116.4779	29.10793	NaN	NaN	NaN	NaN	NaN	NaN	-8.01
3	2	2016	-116.4779	29.10793333	17.35	33.558	375.0215749	404.07	-29.0484251	5.95	-8.011371246
3	2	2016	-116.4810167	29.1187	NaN	NaN	NaN	NaN	NaN	NaN	-7.98
3	2	2016	-116.4810167	29.1187	17.36	33.556	375.0967004	404.07	-28.9732996	6.075	-7.984258911
3	2	2016	-116.4840833	29.12945	NaN	NaN	NaN	NaN	NaN	NaN	-8.07
3	2	2016	-116.4840833	29.12945	17.35	33.558	374.8045954	404.07	-29.2654046	4.125	-8.071212815
18	3	1993	242.964	29.132	16.127	32.9	339.89999	358.47	-18.57001	6.83	-5.678002224
3	2	2016	-116.4873	29.14053	NaN	NaN	NaN	NaN	NaN	NaN	-8.1
3	2	2016	-116.4873	29.14053333	17.34	33.557	374.7148732	404.07	-29.3551268	3.45	-8.102556849
3	2	2016	-116.4904333	29.15127	NaN	NaN	NaN	NaN	NaN	NaN	-8.11
3	2	2016	-116.4904333	29.15126667	17.34	33.557	374.702482	404.07	-29.367518	5.625	-8.105977049
3	2	2016	-116.4938333	29.16223	NaN	NaN	NaN	NaN	NaN	NaN	-8.03
3	2	2016	-116.4938333	29.16223333	17.34	33.556	374.9870702	404.07	-29.0829298	6.1	-8.027463629
3	2	2016	-116.4969833	29.17302	NaN	NaN	NaN	NaN	NaN	NaN	-8.09
3	2	2016	-116.4969833	29.17301667	17.33	33.555	374.7685313	404.07	-29.3014687	7.6	-8.094378247
3	2	2016	-116.5000333	29.18373	NaN	NaN	NaN	NaN	NaN	NaN	-8.03
3	2	2016	-116.5000333	29.18373333	17.33	33.556	375.0074778	404.07	-29.0625222	7.325	-8.028332336
3	2	2016	-116.5034	29.19463	NaN	NaN	NaN	NaN	NaN	NaN	-7.93
3	2	2016	-116.5034	29.19463333	17.33	33.55	375.3682365	404.07	-28.7017635	5.825	-7.928901357
3	2	2016	-116.5065667	29.2053	NaN	NaN	NaN	NaN	NaN	NaN	-8.04
3	2	2016	-116.5065667	29.2053	17.31	33.55	375.0224092	404.07	-29.0475908	7.775	-8.037452325
3	2	2016	-116.5098	29.21632	NaN	NaN	NaN	NaN	NaN	NaN	-8.12
3	2	2016	-116.5098	29.21631667	17.32	33.559	374.6836138	404.07	-29.3863862	5.8	-8.124262112
3	2	2016	-116.5129667	29.22708	NaN	NaN	NaN	NaN	NaN	NaN	-8.05
3	2	2016	-116.5129667	29.22708333	17.34	33.56	374.8982555	404.07	-29.1717445	0.975	-8.051825072
3	2	2016	-116.5161333	29.23775	NaN	NaN	NaN	NaN	NaN	NaN	-7.96
3	2	2016	-116.5161333	29.23775	17.36	33.557	375.2004792	404.07	-28.8695208	3.9	-7.955622447
3	2	2016	-116.51945	29.24877	NaN	NaN	NaN	NaN	NaN	NaN	-7.91
3	2	2016	-116.51945	29.24876667	17.35	33.551	375.3934377	404.07	-28.6765623	2.275	-7.909077117
3	2	2016	-116.5229	29.26057	NaN	NaN	NaN	NaN	NaN	NaN	-8.04
3	2	2016	-116.5229	29.26056667	17.33	33.551	374.9534692	404.07	-29.1165308	5.25	-8.043443134
3	2	2016	-116.52615	29.2715	NaN	NaN	NaN	NaN	NaN	NaN	-8.03
3	2	2016	-116.52615	29.2715	17.32	33.554	375.0386763	404.07	-29.0313237	6.125	-8.026291184
3	2	2016	-116.5293	29.28208	NaN	NaN	NaN	NaN	NaN	NaN	-7.81
3	2	2016	-116.5293	29.28208333	17.32	33.543	375.818039	404.07	-28.251961	3.7	-7.811229427
3	2	2016	-116.5324667	29.29302	NaN	NaN	NaN	NaN	NaN	NaN	-7.81
3	2	2016	-116.5324667	29.29301667	17.28	33.525	375.9303329	404.07	-28.1396671	2.125	-7.806117661
3	2	2016	-116.5356833	29.30352	NaN	NaN	NaN	NaN	NaN	NaN	-8.02
3	2	2016	-116.5356833	29.30351667	17.24	33.532	375.2480708	404.07	-28.8219292	5.525	-8.021096311
3	2	2016	-116.53885	29.31407	NaN	NaN	NaN	NaN	NaN	NaN	-8.09
3	2	2016	-116.53885	29.31406667	17.23	33.533	375.0305112	404.07	-29.0394888	7.925	-8.088164404
18	3	1993	242.88901	29.322	15.903	32.9	331.67999	358.47	-26.79001	5.63	-8.344549861
3	2	2016	-116.5420667	29.32498	NaN	NaN	NaN	NaN	NaN	NaN	-8.09
3	2	2016	-116.5420667	29.32498333	17.23	33.533	375.0373264	404.07	-29.0326736	7.875	-8.086266214
3	2	2016	-116.5451	29.33557	NaN	NaN	NaN	NaN	NaN	NaN	-8.06
3	2	2016	-116.5451	29.33556667	17.23	33.528	375.1233949	404.07	-28.9466051	2.825	-8.062486028
3	2	2016	-116.5482167	29.34645	NaN	NaN	NaN	NaN	NaN	NaN	-8.24
3	2	2016	-116.5482167	29.34645	17.2	33.533	374.5648384	404.07	-29.5051616	5.525	-8.237899352
3	2	2016	-116.5513167	29.35688	NaN	NaN	NaN	NaN	NaN	NaN	-8.23
3	2	2016	-116.5513167	29.35688333	17.2	33.532	374.5928368	404.07	-29.4771632	7.475	-8.230121324
3	2	2016	-116.5545167	29.36728	NaN	NaN	NaN	NaN	NaN	NaN	-8.22
3	2	2016	-116.5545167	29.36728333	17.2	33.535	374.6250268	404.07	-29.4449732	4.375	-8.221016357
3	2	2016	-116.5576	29.37807	NaN	NaN	NaN	NaN	NaN	NaN	-8.09
3	2	2016	-116.5576	29.37806667	17.22	33.529	375.0334557	404.07	-29.0365443	6.2	-8.094064128
3	2	2016	-116.56055	29.38847	NaN	NaN	NaN	NaN	NaN	NaN	-8.08
3	2	2016	-116.56055	29.38846667	17.21	33.525	375.1170202	404.07	-28.9529798	5.575	-8.077477241
3	2	2016	-116.5637	29.39915	NaN	NaN	NaN	NaN	NaN	NaN	-8.11
3	2	2016	-116.5637	29.39915	17.2	33.531	375.0164635	404.07	-29.0535365	5.625	-8.111881967
3	2	2016	-116.56715	29.41048	NaN	NaN	NaN	NaN	NaN	NaN	-7.98
3	2	2016	-116.56715	29.41048333	17.22	33.531	375.4327221	404.07	-28.6372779	3.6	-7.982690873
3	2	2016	-116.5706	29.42175	NaN	NaN	NaN	NaN	NaN	NaN	-7.94
3	2	2016	-116.5706	29.42175	17.24	33.538	375.5497089	404.07	-28.5202911	8.375	-7.93692427
3	2	2016	-116.5737333	29.43213	NaN	NaN	NaN	NaN	NaN	NaN	-7.66
3	2	2016	-116.5737333	29.43213333	17.28	33.537	376.4398799	404.07	-27.6301201	7.475	-7.664328572
3	2	2016	-116.5769167	29.44269	NaN	NaN	NaN	NaN	NaN	NaN	-7.46
3	2	2016	-116.5769167	29.44269167	17.295	33.5365	377.1366468	404.07	-26.9333532	7.075	-7.461989686
3	2	2016	-116.5801	29.45325	NaN	NaN	NaN	NaN	NaN	NaN	-7.41
3	2	2016	-116.5801	29.45325	17.31	33.536	377.2885187	404.07	-26.7814813	5.8	-7.410914592
3	2	2016	-116.58325	29.4636	NaN	NaN	NaN	NaN	NaN	NaN	-7.3
3	2	2016	-116.58325	29.4636	17.32	33.533	377.6819997	404.07	-26.3880003	5.575	-7.29622021
3	2	2016	-116.5865333	29.47425	NaN	NaN	NaN	NaN	NaN	NaN	-7.44
3	2	2016	-116.5865333	29.47425	17.3	33.531	377.2034165	404.07	-26.8665835	3.9	-7.440669218
3	2	2016	-116.5897333	29.48452	NaN	NaN	NaN	NaN	NaN	NaN	-7.58
3	2	2016	-116.5897333	29.48451667	17.28	33.539	376.7362794	404.07	-27.3337206	2.675	-7.582038064
3	2	2016	-116.5930167	29.49472	NaN	NaN	NaN	NaN	NaN	NaN	-7.61
3	2	2016	-116.5930167	29.49471667	17.31	33.535	376.5712803	404.07	-27.4987197	4.3	-7.609423474
3	2	2016	-116.59645	29.50535	NaN	NaN	NaN	NaN	NaN	NaN	-7.6
3	2	2016	-116.59645	29.50535	17.31	33.537	376.5913714	404.07	-27.4786286	3.075	-7.603791542
18	3	1993	242.814	29.512	15.986	32.9	337.95001	358.47	-20.51999	6.08	-6.347786278
3	2	2016	-116.5998833	29.51567	NaN	NaN	NaN	NaN	NaN	NaN	-7.6
3	2	2016	-116.5998833	29.51566667	17.32	33.537	376.5807656	404.07	-27.4892344	1.925	-7.600564248
3	2	2016	-116.6033833	29.5263	NaN	NaN	NaN	NaN	NaN	NaN	-7.56
3	2	2016	-116.6033833	29.5263	17.32	33.535	376.7123287	404.07	-27.3576713	5.275	-7.564260009
3	2	2016	-116.6067667	29.5365	NaN	NaN	NaN	NaN	NaN	NaN	-7.63
3	2	2016	-116.6067667	29.5365	17.31	33.535	376.4963423	404.07	-27.5736577	4.225	-7.630160257
3	2	2016	-116.6101	29.54683	NaN	NaN	NaN	NaN	NaN	NaN	-7.64
3	2	2016	-116.6101	29.54683333	17.3	33.538	376.4820952	404.07	-27.5879048	0.1	-7.640183895
3	2	2016	-116.6138667	29.55858	NaN	NaN	NaN	NaN	NaN	NaN	-7.56
3	2	2016	-116.6138667	29.55858333	17.3	33.542	376.7646503	404.07	-27.3053497	2.75	-7.561789302
3	2	2016	-116.6170833	29.56898	NaN	NaN	NaN	NaN	NaN	NaN	-7.34
3	2	2016	-116.6170833	29.56898333	17.34	33.534	377.4748395	404.07	-26.5951605	2.225	-7.341558196
3	2	2016	-116.6238	29.59023	NaN	NaN	NaN	NaN	NaN	NaN	-7.44
3	2	2016	-116.6238	29.59023333	17.32	33.537	377.1753131	404.07	-26.8946869	5.975	-7.436176386
3	2	2016	-116.6271333	29.6012	NaN	NaN	NaN	NaN	NaN	NaN	-7.45
3	2	2016	-116.6271333	29.6012	17.33	33.535	377.1125939	404.07	-26.9574061	9.7	-7.447551542
3	2	2016	-116.6463667	29.6632	NaN	NaN	NaN	NaN	NaN	NaN	-7.7
3	2	2016	-116.6463667	29.6632	17.32	33.542	376.2315505	404.07	-27.8384495	8.45	-7.696936515
3	2	2016	-116.6495667	29.67363	NaN	NaN	NaN	NaN	NaN	NaN	-7.6
3	2	2016	-116.6495667	29.67363333	17.34	33.542	376.540978	404.07	-27.529022	9.35	-7.599060285
3	2	2016	-116.653	29.68437	NaN	NaN	NaN	NaN	NaN	NaN	-7.59
3	2	2016	-116.653	29.68436667	17.33	33.546	376.59523	404.07	-27.47477	8.525	-7.590087122
3	2	2016	-116.65635	29.69467	NaN	NaN	NaN	NaN	NaN	NaN	-7.34
3	2	2016	-116.65635	29.69466667	17.36	33.544	377.4412527	404.07	-26.6287473	10.275	-7.338582346
18	3	1993	242.739	29.703	15.647	32.9	324.39999	358.47	-34.07001	6.50999	-10.84010624
3	2	2016	-116.6599	29.70533	NaN	NaN	NaN	NaN	NaN	NaN	-7.33
3	2	2016	-116.6599	29.70533333	17.35	33.552	377.488524	404.07	-26.581476	9.175	-7.331211518
3	2	2016	-116.6637667	29.71673	NaN	NaN	NaN	NaN	NaN	NaN	-7.22
3	2	2016	-116.6637667	29.71673333	17.31	33.563	377.9830919	404.07	-26.0869081	9.375	-7.217786709
3	2	2016	-116.6673333	29.7275	NaN	NaN	NaN	NaN	NaN	NaN	-6.94
3	2	2016	-116.6673333	29.7275	17.32	33.565	378.9599801	404.07	-25.1100199	3.875	-6.94180496
3	2	2016	-116.6705833	29.73793	NaN	NaN	NaN	NaN	NaN	NaN	-6.77
3	2	2016	-116.6705833	29.73793333	17.3	33.579	379.6317489	404.07	-24.4382511	5.25	-6.766600089
3	2	2016	-116.6739667	29.74872	NaN	NaN	NaN	NaN	NaN	NaN	-6.75
3	2	2016	-116.6739667	29.74871667	17.32	33.593	379.6497931	404.07	-24.4202069	4.85	-6.750203258
3	2	2016	-116.6771167	29.75935	NaN	NaN	NaN	NaN	NaN	NaN	-7.5
3	2	2016	-116.6771167	29.75935	17.35	33.568	376.8788123	404.07	-27.1911877	2.975	-7.498800355
3	2	2016	-116.68015	29.77045	NaN	NaN	NaN	NaN	NaN	NaN	-7.59
3	2	2016	-116.68015	29.77045	17.37	33.544	376.499442	404.07	-27.570558	0.975	-7.591984291
3	2	2016	-116.68295	29.78123	NaN	NaN	NaN	NaN	NaN	NaN	-7.7
3	2	2016	-116.68295	29.78123333	17.34	33.539	376.1925859	404.07	-27.8774141	0.9	-7.695339586
3	2	2016	-116.6857833	29.792	NaN	NaN	NaN	NaN	NaN	NaN	-7.62
3	2	2016	-116.6857833	29.792	17.28	33.554	376.5896676	404.07	-27.4803324	1.825	-7.62216238
3	2	2016	-116.68855	29.80318	NaN	NaN	NaN	NaN	NaN	NaN	-7.67
3	2	2016	-116.68855	29.80318333	17.29	33.543	376.3965929	404.07	-27.6734071	2.45	-7.669895716
3	2	2016	-116.6913	29.81413	NaN	NaN	NaN	NaN	NaN	NaN	-7.81
3	2	2016	-116.6913	29.81413333	17.25	33.536	375.9894911	404.07	-28.0805089	7.1	-7.808274244
3	2	2016	-116.69405	29.8254	NaN	NaN	NaN	NaN	NaN	NaN	-7.7
3	2	2016	-116.69405	29.8254	17.24	33.523	376.4094492	404.07	-27.6605508	6.425	-7.698216311
3	2	2016	-116.6967	29.83628	NaN	NaN	NaN	NaN	NaN	NaN	-7.64
3	2	2016	-116.6967	29.83628333	17.2	33.496	376.7138961	404.07	-27.3561039	5.45	-7.639223679
3	2	2016	-116.6995667	29.84758	NaN	NaN	NaN	NaN	NaN	NaN	-7.92
3	2	2016	-116.6995667	29.84758333	17.12	33.491	375.8838889	404.07	-28.1861111	6.25	-7.922510843
3	2	2016	-116.7023167	29.85862	NaN	NaN	NaN	NaN	NaN	NaN	-7.96
3	2	2016	-116.7023167	29.85861667	17.1	33.502	375.7858279	404.07	-28.2841721	3.15	-7.962593116
3	2	2016	-116.708	29.88225	NaN	NaN	NaN	NaN	NaN	NaN	-7.46
3	2	2016	-116.708	29.88225	17.23	33.516	377.3009648	404.07	-26.7690352	6.475	-7.456394238
18	3	1993	242.664	29.893	15.454	32.9	326.26001	358.47	-32.20999	6.48	-10.41444995
3	2	2016	-116.71075	29.89372	NaN	NaN	NaN	NaN	NaN	NaN	-7.38
3	2	2016	-116.71075	29.89371667	17.27	33.525	377.4910433	404.07	-26.5789567	0.875	-7.379148339
11	1	2003	240.886	29.898	NaN	NaN	NaN	NaN	NaN	NaN	8.35
11	1	2003	240.886	29.898	20.23	33.444	412.92001	374.88	38.04001	1.68001	8.35262585
3	2	2016	-116.7135333	29.90478	NaN	NaN	NaN	NaN	NaN	NaN	-7.32
3	2	2016	-116.7135333	29.90478333	17.31	33.531	377.6292125	404.07	-26.4407875	2.6	-7.316812548
11	1	2003	240.897	29.908	NaN	NaN	NaN	NaN	NaN	NaN	8.27
11	1	2003	240.897	29.908	20.23	33.445	412.56	374.88	37.68	4.52	8.273538267
3	2	2016	-116.71635	29.91583	NaN	NaN	NaN	NaN	NaN	NaN	-7.6
3	2	2016	-116.71635	29.91583333	17.33	33.533	376.5670515	404.07	-27.5029485	0.075	-7.598341404
11	1	2003	240.907	29.917	NaN	NaN	NaN	NaN	NaN	NaN	8.3
11	1	2003	240.907	29.917	20.23	33.446	412.66	374.88	37.78	4.7	8.295457063
11	1	2003	240.918	29.926	NaN	NaN	NaN	NaN	NaN	NaN	8.33
11	1	2003	240.918	29.926	20.23	33.447	412.82001	374.88	37.94001	4.07001	8.330552152
3	2	2016	-116.7193	29.92717	NaN	NaN	NaN	NaN	NaN	NaN	-7.77
3	2	2016	-116.7193	29.92716667	17.35	33.529	375.8895789	404.07	-28.1804211	4.175	-7.773053132
11	1	2003	240.929	29.935	NaN	NaN	NaN	NaN	NaN	NaN	8.4
11	1	2003	240.929	29.935	20.24	33.446	413.16	374.88	38.28	1.15001	8.398707726
3	2	2016	-116.7222667	29.93815	NaN	NaN	NaN	NaN	NaN	NaN	-7.77
3	2	2016	-116.7222667	29.93815	17.35	33.527	375.8833766	404.07	-28.1866234	4.375	-7.774837868
11	1	2003	240.939	29.944	NaN	NaN	NaN	NaN	NaN	NaN	8.41
11	1	2003	240.939	29.944	20.24	33.444	413.19	374.88	38.31	1.15001	8.405367956
3	2	2016	-116.72535	29.94962	NaN	NaN	NaN	NaN	NaN	NaN	-7.89
3	2	2016	-116.72535	29.94961667	17.34	33.523	375.4762755	404.07	-28.5937245	5.225	-7.893672025
11	1	2003	240.95099	29.955	NaN	NaN	NaN	NaN	NaN	NaN	8.31
11	1	2003	240.95099	29.955	20.22	33.445	412.69	374.88	37.81	5.04001	8.308544182
3	2	2016	-116.7282333	29.96083	NaN	NaN	NaN	NaN	NaN	NaN	-7.97
3	2	2016	-116.7282333	29.96083333	17.33	33.535	375.2188122	404.07	-28.8511878	5.725	-7.970748647
11	1	2003	240.96201	29.964	NaN	NaN	NaN	NaN	NaN	NaN	8.33
11	1	2003	240.96201	29.964	20.22	33.449	412.79001	374.88	37.91001	4.07001	8.330365869
3	2	2016	-116.7311667	29.97193	NaN	NaN	NaN	NaN	NaN	NaN	-7.93
3	2	2016	-116.7311667	29.97193333	17.36	33.538	375.2826708	404.07	-28.7873292	7.925	-7.933689513
3	2	2016	-116.7341167	29.98345	NaN	NaN	NaN	NaN	NaN	NaN	-7.96
3	2	2016	-116.7341167	29.98345	17.38	33.536	375.1571816	404.07	-28.9128184	4.575	-7.955455563
11	1	2003	240.98199	29.984	NaN	NaN	NaN	NaN	NaN	NaN	8.26
11	1	2003	240.98199	29.984	20.2	33.455	412.42001	374.88	37.54001	1.37	8.261678854
11	1	2003	240.992	29.993	NaN	NaN	NaN	NaN	NaN	NaN	8.07
11	1	2003	240.992	29.993	20.2	33.468	411.56	374.88	36.68	0.62	8.071922626
3	2	2016	-116.7370833	29.99448	NaN	NaN	NaN	NaN	NaN	NaN	-8.13
3	2	2016	-116.7370833	29.99448333	17.35	33.536	374.5900379	404.07	-29.4799621	6.325	-8.131237046
11	1	2003	241	30.004	NaN	NaN	NaN	NaN	NaN	NaN	8.03
11	1	2003	241	30.004	20.19	33.467	411.34	374.88	36.46	0.85001	8.029792898
3	2	2016	-116.7401167	30.00585	NaN	NaN	NaN	NaN	NaN	NaN	-8
3	2	2016	-116.7401167	30.00585	17.3	33.52	375.2029264	404.07	-28.8670736	8.3	-7.995120998
3	2	2016	-116.7431833	30.01692	NaN	NaN	NaN	NaN	NaN	NaN	-8.38
3	2	2016	-116.7431833	30.01691667	17.21	33.506	374.0500376	404.07	-30.0199624	7.525	-8.375908021
11	1	2003	241.006	30.017	NaN	NaN	NaN	NaN	NaN	NaN	8.14
11	1	2003	241.006	30.017	20.19	33.456	411.82999	374.88	36.94999	6.2	8.138122607
11	1	2003	241.01199	30.029	NaN	NaN	NaN	NaN	NaN	NaN	8.14
11	1	2003	241.01199	30.029	20.18	33.448	411.79001	374.88	36.91001	5.17	8.135950012
3	2	2016	-116.7466	30.02945	NaN	NaN	NaN	NaN	NaN	NaN	-8.46
3	2	2016	-116.7466	30.02945	17.16	33.501	373.8618044	404.07	-30.2081956	6.35	-8.462918807
3	2	2016	-116.7496333	30.0404	NaN	NaN	NaN	NaN	NaN	NaN	-8.39
3	2	2016	-116.7496333	30.0404	17.15	33.518	374.1594212	404.07	-29.9105788	8.65	-8.385671915
11	1	2003	241.01801	30.041	NaN	NaN	NaN	NaN	NaN	NaN	8.23
11	1	2003	241.01801	30.041	20.18	33.447	412.20001	374.88	37.32001	5.53	8.226363212
3	2	2016	-116.75275	30.05185	NaN	NaN	NaN	NaN	NaN	NaN	-8.22
3	2	2016	-116.75275	30.05185	17.22	33.543	374.5644843	404.07	-29.5055157	8.25	-8.22424389
11	1	2003	241.024	30.053	NaN	NaN	NaN	NaN	NaN	NaN	8.3
11	1	2003	241.024	30.053	20.19	33.445	412.54999	374.88	37.66999	1.40001	8.297124975
3	2	2016	-116.7559	30.06283	NaN	NaN	NaN	NaN	NaN	NaN	-7.65
3	2	2016	-116.7559	30.06283333	17.36	33.538	376.3005215	404.07	-27.7694785	3.575	-7.653173339
11	1	2003	241.02899	30.066	NaN	NaN	NaN	NaN	NaN	NaN	8.32
11	1	2003	241.02899	30.066	20.2	33.443	412.70001	374.88	37.82001	0.81999	8.32376492
3	2	2016	-116.75905	30.07417	NaN	NaN	NaN	NaN	NaN	NaN	-7.6
3	2	2016	-116.75905	30.07416667	17.37	33.541	376.4526573	404.07	-27.6173427	4.675	-7.604975666
11	1	2003	241.035	30.078	NaN	NaN	NaN	NaN	NaN	NaN	8.29
11	1	2003	241.035	30.078	20.19	33.44	412.5	374.88	37.62	3.07001	8.286307002
18	3	1993	242.589	30.083	16.261	32.9	331.51999	358.47	-26.95001	6.45	-8.14971341
3	2	2016	-116.7623333	30.08507	NaN	NaN	NaN	NaN	NaN	NaN	-7.62
3	2	2016	-116.7623333	30.08506667	17.33	33.521	376.4829111	404.07	-27.5870889	5.25	-7.622022183
3	2	2003	242.38	30.089	NaN	NaN	NaN	NaN	NaN	NaN	-4.73
11	1	2003	241.041	30.09	NaN	NaN	NaN	NaN	NaN	NaN	8.25
11	1	2003	241.041	30.09	20.2	33.438	412.38	374.88	37.5	3.75	8.253526223
3	2	2003	242.38	30.094	NaN	NaN	NaN	NaN	NaN	NaN	-4.67
3	2	2016	-116.7655833	30.09637	NaN	NaN	NaN	NaN	NaN	NaN	-7.68
3	2	2016	-116.7655833	30.09636667	17.25	33.51	376.4512454	404.07	-27.6187546	5.725	-7.680825721
3	2	2003	242.381	30.099	NaN	NaN	NaN	NaN	NaN	NaN	-4.68
11	1	2003	241.047	30.102	NaN	NaN	NaN	NaN	NaN	NaN	8.13
11	1	2003	241.047	30.102	20.18	33.441	411.75	374.88	36.87	2	8.127395416
3	2	2003	242.382	30.104	NaN	NaN	NaN	NaN	NaN	NaN	-4.7
3	2	2016	-116.7689	30.10732	NaN	NaN	NaN	NaN	NaN	NaN	-7.91
3	2	2016	-116.7689	30.10731667	17.22	33.506	375.7038271	404.07	-28.3661729	5.525	-7.908060873
3	2	2003	242.382	30.108	NaN	NaN	NaN	NaN	NaN	NaN	-4.92
3	2	2003	242.383	30.113	NaN	NaN	NaN	NaN	NaN	NaN	-4.87
11	1	2003	241.05301	30.114	NaN	NaN	NaN	NaN	NaN	NaN	8.01
11	1	2003	241.05301	30.114	20.17	33.45	411.17001	374.88	36.29001	1.3	8.005440638
3	2	2003	242.384	30.118	NaN	NaN	NaN	NaN	NaN	NaN	-4.74
3	2	2016	-116.77215	30.11863	NaN	NaN	NaN	NaN	NaN	NaN	-7.88
3	2	2016	-116.77215	30.11863333	17.23	33.505	375.7812838	404.07	-28.2887162	5.45	-7.880107094
3	2	2003	242.384	30.122	NaN	NaN	NaN	NaN	NaN	NaN	-4.87
11	1	2003	241.05899	30.127	NaN	NaN	NaN	NaN	NaN	NaN	8
3	2	2003	242.38501	30.127	NaN	NaN	NaN	NaN	NaN	NaN	-4.74
11	1	2003	241.05899	30.127	20.16	33.453	411.14001	374.88	36.26001	1.77	8.004941085
3	2	2016	-116.7751333	30.12967	NaN	NaN	NaN	NaN	NaN	NaN	-6.95
3	2	2016	-116.7751333	30.12966667	17.27	33.488	379.0308558	404.07	-25.0391442	6.625	-6.952872272
3	2	2003	242.38501	30.132	NaN	NaN	NaN	NaN	NaN	NaN	-4.78
3	2	2003	242.386	30.136	NaN	NaN	NaN	NaN	NaN	NaN	-4.48
11	1	2003	241.065	30.139	NaN	NaN	NaN	NaN	NaN	NaN	7.99
11	1	2003	241.065	30.139	20.16	33.454	411.07001	374.88	36.19001	2.3	7.989450359
3	2	2003	242.38699	30.141	NaN	NaN	NaN	NaN	NaN	NaN	-4.38
3	2	2016	-116.77805	30.14113	NaN	NaN	NaN	NaN	NaN	NaN	-6.73
3	2	2016	-116.77805	30.14113333	17.21	33.474	379.9566231	404.07	-24.1133769	4.75	-6.728928994
3	2	2003	242.38699	30.146	NaN	NaN	NaN	NaN	NaN	NaN	-4.42
3	2	2003	242.388	30.15	NaN	NaN	NaN	NaN	NaN	NaN	-4.24
11	1	2003	241.071	30.151	NaN	NaN	NaN	NaN	NaN	NaN	7.92
11	1	2003	241.071	30.151	20.17	33.453	410.79001	374.88	35.91001	1.90001	7.921503487
3	2	2016	-116.7809	30.15222	NaN	NaN	NaN	NaN	NaN	NaN	-6.61
3	2	2016	-116.7809	30.15221667	17.26	33.474	380.2712559	404.07	-23.7987441	5.6	-6.614240377
3	2	2003	242.388	30.155	NaN	NaN	NaN	NaN	NaN	NaN	-4.5
3	2	2003	242.38901	30.16	NaN	NaN	NaN	NaN	NaN	NaN	-4.61
3	2	2016	-116.7839	30.16365	NaN	NaN	NaN	NaN	NaN	NaN	-6.16
3	2	2016	-116.7839	30.16365	17.3	33.466	381.8388946	404.07	-22.2311054	5.3	-6.158783008
3	2	2003	242.38901	30.164	NaN	NaN	NaN	NaN	NaN	NaN	-4.44
11	1	2003	241.077	30.165	NaN	NaN	NaN	NaN	NaN	NaN	7.93
11	1	2003	241.077	30.165	20.17	33.453	410.82999	374.88	35.94999	1.03	7.930322803
3	2	2003	242.39	30.169	NaN	NaN	NaN	NaN	NaN	NaN	-4.99
3	2	2003	242.39099	30.174	NaN	NaN	NaN	NaN	NaN	NaN	-5.16
3	2	2016	-116.7868667	30.17463	NaN	NaN	NaN	NaN	NaN	NaN	-5.94
3	2	2016	-116.7868667	30.17463333	17.26	33.451	382.7046265	404.07	-21.3653735	5.475	-5.93859839
11	1	2003	241.08301	30.177	NaN	NaN	NaN	NaN	NaN	NaN	7.91
11	1	2003	241.08301	30.177	20.16	33.455	410.70999	374.88	35.82999	2.97	7.909934109
3	2	2003	242.39099	30.178	NaN	NaN	NaN	NaN	NaN	NaN	-5.13
3	2	2003	242.39099	30.183	NaN	NaN	NaN	NaN	NaN	NaN	-5.29
3	2	2016	-116.7900167	30.18597	NaN	NaN	NaN	NaN	NaN	NaN	-6.1
3	2	2016	-116.7900167	30.18596667	17.25	33.448	382.1481391	404.07	-21.9218609	6.85	-6.098308301
3	2	2003	242.392	30.188	NaN	NaN	NaN	NaN	NaN	NaN	-5.08
11	1	2003	241.08899	30.189	NaN	NaN	NaN	NaN	NaN	NaN	7.88
11	1	2003	241.08899	30.189	20.16	33.459	410.59	374.88	35.71	1.7	7.883298035
3	2	2003	242.39301	30.192	NaN	NaN	NaN	NaN	NaN	NaN	-4.87
3	2	2003	242.39301	30.197	NaN	NaN	NaN	NaN	NaN	NaN	-4.91
3	2	2016	-116.79365	30.19838	NaN	NaN	NaN	NaN	NaN	NaN	-6.12
3	2	2016	-116.79365	30.19838333	17.26	33.441	382.06009	404.07	-22.00991	7.6	-6.118041232
11	1	2003	241.095	30.201	NaN	NaN	NaN	NaN	NaN	NaN	7.81
3	2	2003	242.394	30.201	NaN	NaN	NaN	NaN	NaN	NaN	-5.51
11	1	2003	241.095	30.201	20.16	33.47	410.26999	374.88	35.38999	4.5	7.812253128
3	2	2003	242.394	30.206	NaN	NaN	NaN	NaN	NaN	NaN	-5.36
3	2	2016	-116.7968	30.20935	NaN	NaN	NaN	NaN	NaN	NaN	-6.34
3	2	2016	-116.7968	30.20935	17.23	33.445	381.3072434	404.07	-22.7627566	5.55	-6.342606367
3	2	2003	242.39499	30.211	NaN	NaN	NaN	NaN	NaN	NaN	-5.14
11	1	2003	241.101	30.213	NaN	NaN	NaN	NaN	NaN	NaN	7.81
11	1	2003	241.101	30.213	20.15	33.48	410.25	374.88	35.37	1.5	7.813558825
3	2	2003	242.39499	30.215	NaN	NaN	NaN	NaN	NaN	NaN	-5.13
3	2	2016	-116.8002333	30.22067	NaN	NaN	NaN	NaN	NaN	NaN	-6.52
3	2	2016	-116.8002333	30.22066667	17.2	33.441	380.7110824	404.07	-23.3589176	5.925	-6.524712949
11	1	2003	241.106	30.226	NaN	NaN	NaN	NaN	NaN	NaN	7.76
11	1	2003	241.106	30.226	20.11	33.493	409.89999	374.88	35.01999	2.33	7.759909717
3	2	2016	-116.8034333	30.23172	NaN	NaN	NaN	NaN	NaN	NaN	-7.08
3	2	2016	-116.8034333	30.23171667	17.14	33.444	378.8504232	404.07	-25.2195768	8.75	-7.078753338
11	1	2003	241.112	30.238	NaN	NaN	NaN	NaN	NaN	NaN	7.81
11	1	2003	241.112	30.238	20.11	33.503	410.12	374.88	35.24	0.39999	7.808297183
3	2	2016	-116.8068167	30.24307	NaN	NaN	NaN	NaN	NaN	NaN	-7.53
3	2	2016	-116.8068167	30.24306667	17.1	33.445	377.320391	404.07	-26.749609	9.875	-7.53262636
3	2	2016	-116.80995	30.25418	NaN	NaN	NaN	NaN	NaN	NaN	-7.71
3	2	2016	-116.80995	30.25418333	17.05	33.455	376.8076237	404.07	-27.2623763	12.6	-7.707939567
3	2	2016	-116.8133833	30.26563	NaN	NaN	NaN	NaN	NaN	NaN	-8.08
3	2	2016	-116.8133833	30.26563333	17.03	33.474	375.5353942	404.07	-28.5346058	7.2	-8.080049766
18	3	1993	242.51401	30.274	15.95	32.9	335.89001	358.47	-22.57999	7.18001	-7.005885966
3	2	2016	-116.8168167	30.27682	NaN	NaN	NaN	NaN	NaN	NaN	-8.01
3	2	2016	-116.8168167	30.27681667	17.09	33.492	375.6487802	404.07	-28.4212198	3.35	-8.00806523
3	2	2016	-116.82025	30.28835	NaN	NaN	NaN	NaN	NaN	NaN	-7.96
3	2	2016	-116.82025	30.28835	17.16	33.51	375.6573926	404.07	-28.4126074	4.45	-7.959538117
3	2	2016	-116.8239	30.29942	NaN	NaN	NaN	NaN	NaN	NaN	-7.6
3	2	2016	-116.8239	30.29941667	17.23	33.502	376.7919376	404.07	-27.2780624	4.25	-7.598687788
3	2	2016	-116.8275	30.31042	NaN	NaN	NaN	NaN	NaN	NaN	-7.52
3	2	2016	-116.8275	30.31041667	17.24	33.503	377.0671021	404.07	-27.0028979	3	-7.515900096
3	2	2016	-116.8313333	30.32172	NaN	NaN	NaN	NaN	NaN	NaN	-7.45
3	2	2016	-116.8313333	30.32171667	17.24	33.506	377.2982037	404.07	-26.7717963	4.525	-7.451469626
3	2	2016	-116.8532167	30.38942	NaN	NaN	NaN	NaN	NaN	NaN	-7.55
3	2	2016	-116.8532167	30.38941667	17.17	33.49	377.1061201	404.07	-26.9638799	3.15	-7.5482757
3	2	2016	-116.8567167	30.40087	NaN	NaN	NaN	NaN	NaN	NaN	-7.65
3	2	2016	-116.8567167	30.40086667	17.15	33.499	376.7913993	404.07	-27.2786007	5.4	-7.648467675
3	2	2016	-116.8604333	30.41185	NaN	NaN	NaN	NaN	NaN	NaN	-7.69
3	2	2016	-116.8604333	30.41185	17.17	33.502	376.607522	404.07	-27.462478	4.075	-7.687414113
11	1	2003	241.19699	30.417	NaN	NaN	NaN	NaN	NaN	NaN	7.76
11	1	2003	241.19699	30.417	20.08	33.475	409.82999	374.88	34.94999	3.5	7.763175158
3	2	2016	-116.86405	30.42323	NaN	NaN	NaN	NaN	NaN	NaN	-7.76
3	2	2016	-116.86405	30.42323333	17.19	33.497	376.3129661	404.07	-27.7570339	5.675	-7.757442703
3	2	2016	-116.8677333	30.43408	NaN	NaN	NaN	NaN	NaN	NaN	-7.82
3	2	2016	-116.8677333	30.43408333	17.18	33.515	376.1152411	404.07	-27.9547589	3.95	-7.818378852
3	2	2016	-116.8714833	30.44535	NaN	NaN	NaN	NaN	NaN	NaN	-7.83
3	2	2016	-116.8714833	30.44535	17.22	33.513	375.9852758	404.07	-28.0847242	3.25	-7.82933635
3	2	2016	-116.8751	30.45633	NaN	NaN	NaN	NaN	NaN	NaN	-7.74
3	2	2016	-116.8751	30.45633333	17.21	33.492	376.3182737	404.07	-27.7517263	3	-7.743560615
18	3	1993	242.439	30.464	15.992	32.9	334.67999	358.47	-23.79001	7.75999	-7.355702453
3	2	2016	-116.87885	30.46762	NaN	NaN	NaN	NaN	NaN	NaN	-7.91
3	2	2016	-116.87885	30.46761667	17.07	33.464	376.0439136	404.07	-28.0260864	3.475	-7.910642236
3	2	2016	-116.8825	30.47867	NaN	NaN	NaN	NaN	NaN	NaN	-8.06
3	2	2016	-116.8825	30.47866667	16.99	33.472	375.6999246	404.07	-28.3700754	5.8	-8.059743538
3	2	2016	-116.88615	30.49013	NaN	NaN	NaN	NaN	NaN	NaN	-7.75
3	2	2016	-116.88615	30.49013333	17.04	33.471	376.686583	404.07	-27.383417	4.9	-7.747873752
3	2	2016	-116.8896833	30.50135	NaN	NaN	NaN	NaN	NaN	NaN	-7.59
3	2	2016	-116.8896833	30.50135	17.09	33.472	377.1447965	404.07	-26.9252035	4.15	-7.587265239
3	2	2016	-116.89365	30.51397	NaN	NaN	NaN	NaN	NaN	NaN	-7.44
3	2	2016	-116.89365	30.51396667	17.12	33.482	377.6163789	404.07	-26.4536211	4.3	-7.435863864
3	2	2016	-116.8972667	30.525	NaN	NaN	NaN	NaN	NaN	NaN	-7.19
3	2	2016	-116.8972667	30.525	17.18	33.493	378.3687113	404.07	-25.7012887	3.4	-7.18888195
3	2	2016	-116.9010667	30.53638	NaN	NaN	NaN	NaN	NaN	NaN	-6.98
3	2	2016	-116.9010667	30.53638333	17.27	33.497	378.9379682	404.07	-25.1320318	1.3	-6.978366465
3	2	2016	-116.9048	30.54745	NaN	NaN	NaN	NaN	NaN	NaN	-6.59
3	2	2016	-116.9048	30.54745	17.33	33.499	380.2363223	404.07	-23.8336777	1.75	-6.585683241
3	2	2016	-116.9087	30.5589	NaN	NaN	NaN	NaN	NaN	NaN	-6.3
3	2	2016	-116.9087	30.5589	17.32	33.485	381.2785179	404.07	-22.7914821	3.8	-6.30323028
3	2	2016	-116.91235	30.57003	NaN	NaN	NaN	NaN	NaN	NaN	-6.25
3	2	2016	-116.91235	30.57003333	17.31	33.479	381.4807713	404.07	-22.5892287	4	-6.252538426
3	2	2016	-116.91625	30.58133	NaN	NaN	NaN	NaN	NaN	NaN	-6.21
3	2	2016	-116.91625	30.58133333	17.29	33.472	381.6728352	404.07	-22.3971648	3.175	-6.209642093
3	2	2016	-116.91975	30.59235	NaN	NaN	NaN	NaN	NaN	NaN	-6.06
3	2	2016	-116.91975	30.59235	17.28	33.467	382.2166955	404.07	-21.8533045	3.725	-6.063914936
3	2	2016	-116.9232667	30.60382	NaN	NaN	NaN	NaN	NaN	NaN	-5.88
3	2	2016	-116.9232667	30.60381667	17.31	33.451	382.8457694	404.07	-21.2242306	5.6	-5.875499131
3	2	2016	-116.9262833	30.61497	NaN	NaN	NaN	NaN	NaN	NaN	-5.94
3	2	2016	-116.9262833	30.61496667	17.3	33.45	382.6376453	404.07	-21.4323547	4.175	-5.937953458
3	2	2016	-116.9293333	30.62647	NaN	NaN	NaN	NaN	NaN	NaN	-5.95
3	2	2016	-116.9293333	30.62646667	17.29	33.456	382.6240443	404.07	-21.4459557	0.675	-5.946370794
3	2	2016	-116.93235	30.63747	NaN	NaN	NaN	NaN	NaN	NaN	-6.03
3	2	2016	-116.93235	30.63746667	17.32	33.452	382.278716	404.07	-21.791284	1.175	-6.027560731
3	2	2016	-116.9354333	30.64885	NaN	NaN	NaN	NaN	NaN	NaN	-6
3	2	2016	-116.9354333	30.64885	17.32	33.451	382.3677924	404.07	-21.7022076	1.325	-6.002950377
18	3	1993	242.364	30.654	16.249	32.9	331.32999	358.47	-27.14001	5.58	-8.215289059
3	2	2016	-116.9384167	30.65988	NaN	NaN	NaN	NaN	NaN	NaN	-6.13
3	2	2016	-116.9384167	30.65988333	17.31	33.455	381.925454	404.07	-22.144546	3.125	-6.130153202
3	2	2016	-116.9413	30.6713	NaN	NaN	NaN	NaN	NaN	NaN	-6.4
3	2	2016	-116.9413	30.6713	17.28	33.461	380.9977458	404.07	-23.0722542	1.95	-6.402335211
3	2	2016	-116.9442167	30.68343	NaN	NaN	NaN	NaN	NaN	NaN	-6.85
3	2	2016	-116.9442167	30.68343333	17.3	33.5	379.3535379	404.07	-24.7164621	7.75	-6.846205128
3	2	2016	-116.9470667	30.69477	NaN	NaN	NaN	NaN	NaN	NaN	-6.82
3	2	2016	-116.9470667	30.69476667	17.45	33.548	379.1255487	404.07	-24.9444513	5.475	-6.824389917
3	2	2016	-116.9498667	30.7057	NaN	NaN	NaN	NaN	NaN	NaN	-6.32
3	2	2016	-116.9498667	30.7057	17.62	33.565	380.6509656	404.07	-23.4190344	9.1	-6.319175041
3	2	2016	-116.9527	30.71695	NaN	NaN	NaN	NaN	NaN	NaN	-5.97
3	2	2016	-116.9527	30.71695	17.71	33.563	381.7921521	404.07	-22.2778479	6.975	-5.967848728
3	2	2016	-116.9553	30.72783	NaN	NaN	NaN	NaN	NaN	NaN	-5.75
3	2	2016	-116.9553	30.72783333	17.7	33.548	382.629126	404.07	-21.440874	6.575	-5.748676256
3	2	2016	-116.95795	30.73907	NaN	NaN	NaN	NaN	NaN	NaN	-5.41
3	2	2016	-116.95795	30.73906667	17.62	33.512	384.0355009	404.07	-20.0344991	2.475	-5.407283365
3	2	2016	-116.9606	30.7499	NaN	NaN	NaN	NaN	NaN	NaN	-5.7
3	2	2016	-116.9606	30.7499	17.52	33.489	383.1297445	404.07	-20.9402555	3.9	-5.698180117
3	2	2016	-116.9632167	30.76112	NaN	NaN	NaN	NaN	NaN	NaN	-5.78
3	2	2016	-116.9632167	30.76111667	17.47	33.474	382.9116234	404.07	-21.1583766	1.525	-5.781260527
3	2	2016	-116.9659833	30.77188	NaN	NaN	NaN	NaN	NaN	NaN	-6.14
3	2	2016	-116.9659833	30.77188333	17.42	33.488	381.6978177	404.07	-22.3721823	0.5	-6.137281342
3	2	2016	-116.9692333	30.78295	NaN	NaN	NaN	NaN	NaN	NaN	-5.82
3	2	2016	-116.9692333	30.78295	17.46	33.493	382.8018252	404.07	-21.2681748	4.85	-5.815437359
3	2	2016	-116.9724	30.79365	NaN	NaN	NaN	NaN	NaN	NaN	-5.64
3	2	2016	-116.9724	30.79365	17.52	33.483	383.3491369	404.07	-20.7208631	4.05	-5.638640598
3	2	2016	-116.9756667	30.80468	NaN	NaN	NaN	NaN	NaN	NaN	-5.71
3	2	2016	-116.9756667	30.80468333	17.49	33.475	383.1529187	404.07	-20.9170813	3.725	-5.706069226
3	2	2016	-116.9789167	30.8153	NaN	NaN	NaN	NaN	NaN	NaN	-5.83
3	2	2016	-116.9789167	30.8153	17.49	33.493	382.6937795	404.07	-21.3762205	2.125	-5.830821366
3	2	2016	-116.9823167	30.82627	NaN	NaN	NaN	NaN	NaN	NaN	-5.96
3	2	2016	-116.9823167	30.82626667	17.5	33.505	382.2150331	404.07	-21.8549669	0.325	-5.956253924
3	2	2016	-116.9859167	30.83793	NaN	NaN	NaN	NaN	NaN	NaN	-6.06
3	2	2016	-116.9859167	30.83793333	17.54	33.511	381.7517934	404.07	-22.3182066	3.675	-6.062705432
18	3	1993	242.289	30.845	16.513	32.9	330.48999	358.47	-27.98001	6.75	-8.287655322
3	2	2016	-116.9893167	30.84887	NaN	NaN	NaN	NaN	NaN	NaN	-6.11
3	2	2016	-116.9893167	30.84886667	17.57	33.537	381.5241237	404.07	-22.5458763	2.525	-6.108978739
3	2	2016	-116.9926	30.85952	NaN	NaN	NaN	NaN	NaN	NaN	-6.01
3	2	2016	-116.9926	30.85951667	17.62	33.544	381.8169762	404.07	-22.2530238	3.9	-6.005148023
3	2	2016	-116.9959833	30.87052	NaN	NaN	NaN	NaN	NaN	NaN	-6.1
3	2	2016	-116.9959833	30.87051667	17.61	33.547	381.4912868	404.07	-22.5787132	3.625	-6.097868549
3	2	2016	-116.99925	30.88117	NaN	NaN	NaN	NaN	NaN	NaN	-6.27
3	2	2016	-116.99925	30.88116667	17.57	33.543	380.9309012	404.07	-23.1390988	3.7	-6.269538346
3	2	2016	-117.0027167	30.89213	NaN	NaN	NaN	NaN	NaN	NaN	-6.33
3	2	2016	-117.0027167	30.89213333	17.57	33.559	380.6956243	404.07	-23.3743757	7.25	-6.332805542
3	2	2016	-117.0061333	30.90282	NaN	NaN	NaN	NaN	NaN	NaN	-6.04
3	2	2016	-117.0061333	30.90281667	17.59	33.543	381.7541685	404.07	-22.3158315	2.725	-6.036720768
3	2	2016	-117.0094667	30.91395	NaN	NaN	NaN	NaN	NaN	NaN	-6.14
3	2	2016	-117.0094667	30.91395	17.55	33.537	381.4601339	404.07	-22.6098661	4.975	-6.136218342
3	2	2016	-117.0127667	30.92467	NaN	NaN	NaN	NaN	NaN	NaN	-5.96
3	2	2016	-117.0127667	30.92466667	17.55	33.528	382.0962979	404.07	-21.9737021	1.225	-5.963821087
3	2	2016	-117.0162333	30.9357	NaN	NaN	NaN	NaN	NaN	NaN	-6
3	2	2016	-117.0162333	30.9357	17.47	33.514	382.0911546	404.07	-21.9788454	1.5	-6.004302106
3	2	2016	-117.0196167	30.94637	NaN	NaN	NaN	NaN	NaN	NaN	-5.81
3	2	2016	-117.0196167	30.94636667	17.47	33.494	382.8081595	404.07	-21.2618405	2.15	-5.808978721
3	2	2016	-117.0231833	30.95737	NaN	NaN	NaN	NaN	NaN	NaN	-5.91
3	2	2016	-117.0231833	30.95736667	17.42	33.479	382.5306609	404.07	-21.5393391	4.075	-5.909063187
3	2	2016	-117.0265833	30.968	NaN	NaN	NaN	NaN	NaN	NaN	-6.22
3	2	2016	-117.0265833	30.968	17.39	33.505	381.435014	404.07	-22.634986	6.95	-6.223966897
3	2	2016	-117.0300667	30.97912	NaN	NaN	NaN	NaN	NaN	NaN	-5.68
3	2	2016	-117.0300667	30.97911667	17.43	33.468	383.3523689	404.07	-20.7176311	12.25	-5.679337511
3	2	2016	-117.0340667	30.99113	NaN	NaN	NaN	NaN	NaN	NaN	-5.98
3	2	2016	-117.0340667	30.99113333	17.36	33.468	382.373298	404.07	-21.696702	11.15	-5.981527534
3	2	2016	-117.0375833	31.00178	NaN	NaN	NaN	NaN	NaN	NaN	-6.27
3	2	2016	-117.0375833	31.00178333	17.36	33.505	381.3409646	404.07	-22.7290354	7.625	-6.265027461
3	2	2016	-117.0412333	31.01278	NaN	NaN	NaN	NaN	NaN	NaN	-5.46
3	2	2016	-117.0412333	31.01278333	17.41	33.48	384.1853898	404.07	-19.8846102	0.8	-5.459498021
3	2	2016	-117.0448667	31.02338	NaN	NaN	NaN	NaN	NaN	NaN	-4.44
3	2	2016	-117.0448667	31.02338333	17.27	33.393	388.0727198	404.07	-15.9972802	4.05	-4.444134915
3	2	2016	-117.0485667	31.03435	NaN	NaN	NaN	NaN	NaN	NaN	-5.44
3	2	2016	-117.0485667	31.03435	17	33.383	384.9275942	404.07	-19.1424058	0.275	-5.436105025
15	1	1996	239	31.5	NaN	NaN	NaN	NaN	NaN	NaN	-1.18
7	1	2004	251	11.5	NaN	NaN	NaN	NaN	NaN	NaN	-4.05
7	1	2004	252	11.5	NaN	NaN	NaN	NaN	NaN	NaN	-4.19
7	1	2004	253	11.5	NaN	NaN	NaN	NaN	NaN	NaN	-4.48
7	1	2004	254	11.5	NaN	NaN	NaN	NaN	NaN	NaN	-4.67
7	1	2004	255	11.5	NaN	NaN	NaN	NaN	NaN	NaN	-4.67
7	1	2004	256	11.5	NaN	NaN	NaN	NaN	NaN	NaN	-4.52
16	1	2005	247.5	12	NaN	NaN	NaN	NaN	NaN	NaN	-2.15
24	1	2008	263.12341	12.47676	NaN	NaN	NaN	NaN	NaN	NaN	0.69
24	1	2008	263.06708	12.48732	NaN	NaN	NaN	NaN	NaN	NaN	0.81
24	1	2008	263.01089	12.49856	NaN	NaN	NaN	NaN	NaN	NaN	0.94
24	1	2008	262.95511	12.51091	NaN	NaN	NaN	NaN	NaN	NaN	0.69
24	1	2008	262.89975	12.52397	NaN	NaN	NaN	NaN	NaN	NaN	0.28
24	1	2008	262.84467	12.53956	NaN	NaN	NaN	NaN	NaN	NaN	-0.26
24	1	2008	262.78995	12.55585	NaN	NaN	NaN	NaN	NaN	NaN	-0.66
24	1	2008	262.73563	12.57205	NaN	NaN	NaN	NaN	NaN	NaN	-0.63
24	1	2008	262.68167	12.58851	NaN	NaN	NaN	NaN	NaN	NaN	-0.41
24	1	2008	262.6279	12.60511	NaN	NaN	NaN	NaN	NaN	NaN	-0.28
24	1	2008	262.57336	12.6205	NaN	NaN	NaN	NaN	NaN	NaN	2.62
24	1	2008	262.51892	12.63621	NaN	NaN	NaN	NaN	NaN	NaN	0.44
24	1	2008	262.46472	12.65224	NaN	NaN	NaN	NaN	NaN	NaN	-0.04
24	1	2008	262.41074	12.66809	NaN	NaN	NaN	NaN	NaN	NaN	-0.89
24	1	2008	262.35654	12.68328	NaN	NaN	NaN	NaN	NaN	NaN	-0.82
24	1	2008	262.30222	12.69866	NaN	NaN	NaN	NaN	NaN	NaN	-0.58
24	1	2008	261.70728	12.87537	NaN	NaN	NaN	NaN	NaN	NaN	-0.9
24	1	2008	261.65359	12.89274	NaN	NaN	NaN	NaN	NaN	NaN	-0.94
24	1	2008	261.60028	12.91077	NaN	NaN	NaN	NaN	NaN	NaN	-0.58
24	1	2008	261.54706	12.93023	NaN	NaN	NaN	NaN	NaN	NaN	0
24	1	2008	261.49365	12.95005	NaN	NaN	NaN	NaN	NaN	NaN	0.94
24	1	2008	261.44019	12.97056	NaN	NaN	NaN	NaN	NaN	NaN	1.52
24	1	2008	261.38727	12.99149	NaN	NaN	NaN	NaN	NaN	NaN	2.23
24	1	2008	261.33453	13.01267	NaN	NaN	NaN	NaN	NaN	NaN	3.36
24	1	2008	261.28159	13.03298	NaN	NaN	NaN	NaN	NaN	NaN	7.51
24	1	2008	261.22906	13.05089	NaN	NaN	NaN	NaN	NaN	NaN	9.19
24	1	2008	261.17645	13.06653	NaN	NaN	NaN	NaN	NaN	NaN	10.15
24	1	2008	261.12381	13.08178	NaN	NaN	NaN	NaN	NaN	NaN	9.66
24	1	2008	261.07217	13.10028	NaN	NaN	NaN	NaN	NaN	NaN	9.82
24	1	2008	261.02039	13.1198	NaN	NaN	NaN	NaN	NaN	NaN	9.82
24	1	2008	260.96869	13.13954	NaN	NaN	NaN	NaN	NaN	NaN	9.62
24	1	2008	260.91708	13.15922	NaN	NaN	NaN	NaN	NaN	NaN	9.88
24	1	2008	260.86499	13.17747	NaN	NaN	NaN	NaN	NaN	NaN	10.13
24	1	2008	260.81235	13.19483	NaN	NaN	NaN	NaN	NaN	NaN	8.75
24	1	2008	260.76056	13.21247	NaN	NaN	NaN	NaN	NaN	NaN	8.69
24	1	2008	260.7088	13.22967	NaN	NaN	NaN	NaN	NaN	NaN	7.06
24	1	2008	260.65594	13.24555	NaN	NaN	NaN	NaN	NaN	NaN	5.85
24	1	2008	260.6026	13.26143	NaN	NaN	NaN	NaN	NaN	NaN	5.99
24	1	2008	260.54919	13.27684	NaN	NaN	NaN	NaN	NaN	NaN	9
24	1	2008	260.49588	13.29186	NaN	NaN	NaN	NaN	NaN	NaN	10.56
24	1	2008	260.44281	13.30555	NaN	NaN	NaN	NaN	NaN	NaN	2.3
24	1	2008	260.12253	13.37675	NaN	NaN	NaN	NaN	NaN	NaN	0.93
24	1	2008	260.06989	13.38871	NaN	NaN	NaN	NaN	NaN	NaN	0.63
24	1	2008	260.01767	13.40109	NaN	NaN	NaN	NaN	NaN	NaN	0.55
24	1	2008	259.96573	13.41353	NaN	NaN	NaN	NaN	NaN	NaN	1.21
24	1	2008	259.91425	13.4256	NaN	NaN	NaN	NaN	NaN	NaN	1.07
24	1	2008	259.8623	13.43773	NaN	NaN	NaN	NaN	NaN	NaN	0.94
24	1	2008	259.80997	13.45031	NaN	NaN	NaN	NaN	NaN	NaN	1.98
24	1	2008	259.75772	13.46348	NaN	NaN	NaN	NaN	NaN	NaN	1.04
24	1	2008	259.70593	13.477	NaN	NaN	NaN	NaN	NaN	NaN	0.93
24	1	2008	259.65463	13.49098	NaN	NaN	NaN	NaN	NaN	NaN	0.74
24	1	2008	259.60336	13.5054	NaN	NaN	NaN	NaN	NaN	NaN	0.69
24	1	2008	259.55185	13.52009	NaN	NaN	NaN	NaN	NaN	NaN	0.89
24	1	2008	259.50031	13.53471	NaN	NaN	NaN	NaN	NaN	NaN	1.17
24	1	2008	259.44858	13.54904	NaN	NaN	NaN	NaN	NaN	NaN	0.94
24	1	2008	259.39694	13.56332	NaN	NaN	NaN	NaN	NaN	NaN	0.72
24	1	2008	259.34583	13.5773	NaN	NaN	NaN	NaN	NaN	NaN	0.97
24	1	2008	259.29602	13.59249	NaN	NaN	NaN	NaN	NaN	NaN	0.62
24	1	2008	259.24655	13.6074	NaN	NaN	NaN	NaN	NaN	NaN	0.62
24	1	2008	259.19678	13.62116	NaN	NaN	NaN	NaN	NaN	NaN	0.48
24	1	2008	259.14673	13.63466	NaN	NaN	NaN	NaN	NaN	NaN	0.5
24	1	2008	259.09668	13.6484	NaN	NaN	NaN	NaN	NaN	NaN	0.63
24	1	2008	259.04657	13.66206	NaN	NaN	NaN	NaN	NaN	NaN	0.49
24	1	2008	258.99673	13.6755	NaN	NaN	NaN	NaN	NaN	NaN	0.44
24	1	2008	258.94751	13.68996	NaN	NaN	NaN	NaN	NaN	NaN	0.41
24	1	2008	258.89905	13.7067	NaN	NaN	NaN	NaN	NaN	NaN	0.39
24	1	2008	258.85049	13.72358	NaN	NaN	NaN	NaN	NaN	NaN	0.32
26	1	2008	258.80173	13.74052	NaN	NaN	NaN	NaN	NaN	NaN	0.49
26	1	2008	258.75284	13.75748	NaN	NaN	NaN	NaN	NaN	NaN	1.13
26	1	2008	258.70367	13.77418	NaN	NaN	NaN	NaN	NaN	NaN	1.67
26	1	2008	258.65424	13.79062	NaN	NaN	NaN	NaN	NaN	NaN	0.77
26	1	2008	258.60434	13.8072	NaN	NaN	NaN	NaN	NaN	NaN	1.01
26	1	2008	258.55417	13.82393	NaN	NaN	NaN	NaN	NaN	NaN	1.12
26	1	2008	258.00168	14.00865	NaN	NaN	NaN	NaN	NaN	NaN	0.13
26	1	2008	257.95123	14.0255	NaN	NaN	NaN	NaN	NaN	NaN	-0.17
26	1	2008	257.90082	14.04226	NaN	NaN	NaN	NaN	NaN	NaN	0.05
26	1	2008	257.84976	14.05612	NaN	NaN	NaN	NaN	NaN	NaN	-0.04
26	1	2008	257.79858	14.06969	NaN	NaN	NaN	NaN	NaN	NaN	0.58
26	1	2008	257.74841	14.08527	NaN	NaN	NaN	NaN	NaN	NaN	0.2
26	1	2008	257.69861	14.10144	NaN	NaN	NaN	NaN	NaN	NaN	0.24
26	1	2008	257.64902	14.11689	NaN	NaN	NaN	NaN	NaN	NaN	0.13
26	1	2008	257.59946	14.13224	NaN	NaN	NaN	NaN	NaN	NaN	0.26
26	1	2008	257.54947	14.14794	NaN	NaN	NaN	NaN	NaN	NaN	0.79
26	1	2008	257.49942	14.16359	NaN	NaN	NaN	NaN	NaN	NaN	0.31
26	1	2008	257.44958	14.1797	NaN	NaN	NaN	NaN	NaN	NaN	0.67
26	1	2008	257.39999	14.19582	NaN	NaN	NaN	NaN	NaN	NaN	0.59
26	1	2008	257.34998	14.21071	NaN	NaN	NaN	NaN	NaN	NaN	0.76
26	1	2008	257.29968	14.22494	NaN	NaN	NaN	NaN	NaN	NaN	0.88
26	1	2008	257.24915	14.23909	NaN	NaN	NaN	NaN	NaN	NaN	0.88
26	1	2008	257.19843	14.25344	NaN	NaN	NaN	NaN	NaN	NaN	0.83
26	1	2008	257.14795	14.26808	NaN	NaN	NaN	NaN	NaN	NaN	0.07
26	1	2008	257.09787	14.28283	NaN	NaN	NaN	NaN	NaN	NaN	-0.8
26	1	2008	257.04739	14.29577	NaN	NaN	NaN	NaN	NaN	NaN	-0.78
26	1	2008	256.99698	14.30889	NaN	NaN	NaN	NaN	NaN	NaN	0.04
26	1	2008	256.94638	14.32259	NaN	NaN	NaN	NaN	NaN	NaN	0.91
26	1	2008	256.89594	14.33666	NaN	NaN	NaN	NaN	NaN	NaN	0.57
26	1	2008	256.84549	14.35075	NaN	NaN	NaN	NaN	NaN	NaN	-0.58
26	1	2008	256.79514	14.36511	NaN	NaN	NaN	NaN	NaN	NaN	-0.57
26	1	2008	256.74503	14.37938	NaN	NaN	NaN	NaN	NaN	NaN	-0.44
26	1	2008	256.49411	14.44645	NaN	NaN	NaN	NaN	NaN	NaN	-0.74
26	1	2008	256.44342	14.4603	NaN	NaN	NaN	NaN	NaN	NaN	-0.89
26	1	2008	256.39252	14.4745	NaN	NaN	NaN	NaN	NaN	NaN	-0.73
26	1	2008	256.34143	14.48897	NaN	NaN	NaN	NaN	NaN	NaN	-0.27
26	1	2008	256.29083	14.50339	NaN	NaN	NaN	NaN	NaN	NaN	0.98
26	1	2008	256.24033	14.51734	NaN	NaN	NaN	NaN	NaN	NaN	1.37
26	1	2008	256.19006	14.53125	NaN	NaN	NaN	NaN	NaN	NaN	0.88
26	1	2008	256.13956	14.54495	NaN	NaN	NaN	NaN	NaN	NaN	-0.28
26	1	2008	256.08917	14.55864	NaN	NaN	NaN	NaN	NaN	NaN	-0.2
26	1	2008	256.03922	14.57215	NaN	NaN	NaN	NaN	NaN	NaN	-0.02
26	1	2008	255.98923	14.58532	NaN	NaN	NaN	NaN	NaN	NaN	0.3
26	1	2008	255.93886	14.59827	NaN	NaN	NaN	NaN	NaN	NaN	0.14
26	1	2008	255.88794	14.61096	NaN	NaN	NaN	NaN	NaN	NaN	-0.36
26	1	2008	255.83687	14.62396	NaN	NaN	NaN	NaN	NaN	NaN	-0.27
26	1	2008	255.78575	14.63731	NaN	NaN	NaN	NaN	NaN	NaN	0.05
26	1	2008	255.73418	14.6504	NaN	NaN	NaN	NaN	NaN	NaN	0.19
26	1	2008	255.6823	14.66287	NaN	NaN	NaN	NaN	NaN	NaN	-0.02
26	1	2008	255.63042	14.6747	NaN	NaN	NaN	NaN	NaN	NaN	-0.45
26	1	2008	255.57858	14.68618	NaN	NaN	NaN	NaN	NaN	NaN	-0.55
26	1	2008	255.52734	14.69794	NaN	NaN	NaN	NaN	NaN	NaN	-0.45
26	1	2008	255.47597	14.70976	NaN	NaN	NaN	NaN	NaN	NaN	-0.18
26	1	2008	255.42422	14.72156	NaN	NaN	NaN	NaN	NaN	NaN	0.62
26	1	2008	255.37239	14.73349	NaN	NaN	NaN	NaN	NaN	NaN	0.53
26	1	2008	255.32039	14.74548	NaN	NaN	NaN	NaN	NaN	NaN	-0.31
26	1	2008	255.2682	14.75726	NaN	NaN	NaN	NaN	NaN	NaN	-0.03
26	1	2008	255.21619	14.76897	NaN	NaN	NaN	NaN	NaN	NaN	0.92
26	1	2008	255.16411	14.78058	NaN	NaN	NaN	NaN	NaN	NaN	0.44
26	1	2008	255.11208	14.79204	NaN	NaN	NaN	NaN	NaN	NaN	0.22
26	1	2008	255.05988	14.80359	NaN	NaN	NaN	NaN	NaN	NaN	-0.66
26	1	2008	255.00809	14.81501	NaN	NaN	NaN	NaN	NaN	NaN	-0.92
26	1	2008	254.9568	14.82637	NaN	NaN	NaN	NaN	NaN	NaN	0.81
26	1	2008	254.90594	14.83792	NaN	NaN	NaN	NaN	NaN	NaN	1.63
26	1	2008	254.33487	14.97322	NaN	NaN	NaN	NaN	NaN	NaN	2.71
26	1	2008	254.28287	14.98477	NaN	NaN	NaN	NaN	NaN	NaN	2.75
26	1	2008	254.23061	14.99615	NaN	NaN	NaN	NaN	NaN	NaN	2.77
26	1	2008	254.17816	15.00779	NaN	NaN	NaN	NaN	NaN	NaN	2.55
12	1	2014	261.64169	15.01252	NaN	NaN	NaN	NaN	NaN	NaN	-1.74
26	1	2008	254.12564	15.02004	NaN	NaN	NaN	NaN	NaN	NaN	1.03
26	1	2008	254.07324	15.03254	NaN	NaN	NaN	NaN	NaN	NaN	0.19
12	1	2014	261.5965	15.03333	NaN	NaN	NaN	NaN	NaN	NaN	-1.87
26	1	2008	254.02095	15.0454	NaN	NaN	NaN	NaN	NaN	NaN	0.31
12	1	2014	261.55194	15.0541	NaN	NaN	NaN	NaN	NaN	NaN	-1.81
26	1	2008	253.96812	15.05836	NaN	NaN	NaN	NaN	NaN	NaN	0.66
26	1	2008	253.91487	15.07146	NaN	NaN	NaN	NaN	NaN	NaN	-0.66
12	1	2014	261.50751	15.07485	NaN	NaN	NaN	NaN	NaN	NaN	-1.55
26	1	2008	253.86136	15.08448	NaN	NaN	NaN	NaN	NaN	NaN	-1.72
12	1	2014	261.46259	15.09527	NaN	NaN	NaN	NaN	NaN	NaN	-1.59
26	1	2008	253.8076	15.09749	NaN	NaN	NaN	NaN	NaN	NaN	-1.71
26	1	2008	253.75435	15.11032	NaN	NaN	NaN	NaN	NaN	NaN	-1.14
12	1	2014	261.4173	15.11484	NaN	NaN	NaN	NaN	NaN	NaN	-1.7
26	1	2008	253.7016	15.12221	NaN	NaN	NaN	NaN	NaN	NaN	-1.44
26	1	2008	253.649	15.13371	NaN	NaN	NaN	NaN	NaN	NaN	-0.81
12	1	2014	261.37198	15.13444	NaN	NaN	NaN	NaN	NaN	NaN	-1.75
26	1	2008	253.59668	15.14523	NaN	NaN	NaN	NaN	NaN	NaN	0.17
12	1	2014	261.32703	15.15379	NaN	NaN	NaN	NaN	NaN	NaN	-1.77
26	1	2008	253.54518	15.15739	NaN	NaN	NaN	NaN	NaN	NaN	0.73
26	1	2008	253.49458	15.17017	NaN	NaN	NaN	NaN	NaN	NaN	1.31
12	1	2014	261.28195	15.17301	NaN	NaN	NaN	NaN	NaN	NaN	-1.84
26	1	2008	253.44438	15.18342	NaN	NaN	NaN	NaN	NaN	NaN	1.38
12	1	2014	261.23688	15.19274	NaN	NaN	NaN	NaN	NaN	NaN	-1.8
26	1	2008	253.39461	15.19679	NaN	NaN	NaN	NaN	NaN	NaN	1.24
26	1	2008	253.34413	15.20769	NaN	NaN	NaN	NaN	NaN	NaN	0.93
12	1	2014	261.19196	15.21321	NaN	NaN	NaN	NaN	NaN	NaN	-1.74
26	1	2008	253.29387	15.21725	NaN	NaN	NaN	NaN	NaN	NaN	0.79
26	1	2008	253.24373	15.22669	NaN	NaN	NaN	NaN	NaN	NaN	0.82
12	1	2014	261.14688	15.23347	NaN	NaN	NaN	NaN	NaN	NaN	-1.57
26	1	2008	253.19366	15.23609	NaN	NaN	NaN	NaN	NaN	NaN	0.86
26	1	2008	253.14311	15.24549	NaN	NaN	NaN	NaN	NaN	NaN	0.71
12	1	2014	261.10156	15.25367	NaN	NaN	NaN	NaN	NaN	NaN	-1.28
26	1	2008	253.09224	15.25469	NaN	NaN	NaN	NaN	NaN	NaN	0.46
26	1	2008	253.04128	15.26355	NaN	NaN	NaN	NaN	NaN	NaN	0.57
12	1	2014	261.056	15.27367	NaN	NaN	NaN	NaN	NaN	NaN	-0.94
12	1	2014	261.01022	15.29361	NaN	NaN	NaN	NaN	NaN	NaN	-1.08
26	1	2008	252.78487	15.29511	NaN	NaN	NaN	NaN	NaN	NaN	0.58
26	1	2008	252.73373	15.30195	NaN	NaN	NaN	NaN	NaN	NaN	0.71
26	1	2008	252.68326	15.31109	NaN	NaN	NaN	NaN	NaN	NaN	0.81
12	1	2014	260.96472	15.3136	NaN	NaN	NaN	NaN	NaN	NaN	-1.12
26	1	2008	252.63242	15.31867	NaN	NaN	NaN	NaN	NaN	NaN	0.5
26	1	2008	252.58113	15.32254	NaN	NaN	NaN	NaN	NaN	NaN	0.05
26	1	2008	252.53053	15.32928	NaN	NaN	NaN	NaN	NaN	NaN	-0.06
12	1	2014	260.9198	15.33428	NaN	NaN	NaN	NaN	NaN	NaN	-0.97
26	1	2008	252.48004	15.33707	NaN	NaN	NaN	NaN	NaN	NaN	0.11
26	1	2008	252.42828	15.34345	NaN	NaN	NaN	NaN	NaN	NaN	0.2
26	1	2008	252.37595	15.34983	NaN	NaN	NaN	NaN	NaN	NaN	0.21
12	1	2014	260.87521	15.35546	NaN	NaN	NaN	NaN	NaN	NaN	-0.97
26	1	2008	252.32306	15.35622	NaN	NaN	NaN	NaN	NaN	NaN	0.24
26	1	2008	252.26997	15.36286	NaN	NaN	NaN	NaN	NaN	NaN	0.14
26	1	2008	252.21646	15.37002	NaN	NaN	NaN	NaN	NaN	NaN	-0.01
12	1	2014	260.83041	15.37655	NaN	NaN	NaN	NaN	NaN	NaN	-1.03
26	1	2008	252.16302	15.37751	NaN	NaN	NaN	NaN	NaN	NaN	0.05
26	1	2008	252.10997	15.38508	NaN	NaN	NaN	NaN	NaN	NaN	-0.29
26	1	2008	252.05609	15.39304	NaN	NaN	NaN	NaN	NaN	NaN	-0.8
12	1	2014	260.78546	15.3974	NaN	NaN	NaN	NaN	NaN	NaN	-1.15
26	1	2008	252.00131	15.40098	NaN	NaN	NaN	NaN	NaN	NaN	-0.49
26	1	2008	251.94655	15.40874	NaN	NaN	NaN	NaN	NaN	NaN	0.18
26	1	2008	251.89227	15.41638	NaN	NaN	NaN	NaN	NaN	NaN	0.28
12	1	2014	260.74057	15.41829	NaN	NaN	NaN	NaN	NaN	NaN	-1.17
26	1	2008	251.83791	15.42408	NaN	NaN	NaN	NaN	NaN	NaN	0.46
26	1	2008	251.7838	15.43169	NaN	NaN	NaN	NaN	NaN	NaN	0.67
12	1	2014	260.69553	15.43925	NaN	NaN	NaN	NaN	NaN	NaN	-1.13
26	1	2008	251.73044	15.43937	NaN	NaN	NaN	NaN	NaN	NaN	-0.07
26	1	2008	251.67831	15.44715	NaN	NaN	NaN	NaN	NaN	NaN	-0.29
26	1	2008	251.62524	15.45452	NaN	NaN	NaN	NaN	NaN	NaN	-0.02
12	1	2014	260.65012	15.45916	NaN	NaN	NaN	NaN	NaN	NaN	-1.18
26	1	2008	251.57126	15.46155	NaN	NaN	NaN	NaN	NaN	NaN	0.3
26	1	2008	251.51712	15.4682	NaN	NaN	NaN	NaN	NaN	NaN	0.24
26	1	2008	251.46223	15.47508	NaN	NaN	NaN	NaN	NaN	NaN	0.16
12	1	2014	260.6044	15.47817	NaN	NaN	NaN	NaN	NaN	NaN	-1.15
28	1	2008	251.40906	15.48297	NaN	NaN	NaN	NaN	NaN	NaN	-1.9
28	1	2008	251.35664	15.49227	NaN	NaN	NaN	NaN	NaN	NaN	-2.23
12	1	2014	260.55893	15.49698	NaN	NaN	NaN	NaN	NaN	NaN	-1.24
28	1	2008	251.30371	15.50161	NaN	NaN	NaN	NaN	NaN	NaN	-2.65
28	1	2008	251.25021	15.51079	NaN	NaN	NaN	NaN	NaN	NaN	-2.8
12	1	2014	260.51364	15.51654	NaN	NaN	NaN	NaN	NaN	NaN	-1.23
28	1	2008	251.19621	15.52009	NaN	NaN	NaN	NaN	NaN	NaN	-2.52
28	1	2008	251.14244	15.52982	NaN	NaN	NaN	NaN	NaN	NaN	-2.42
12	1	2014	260.46875	15.53707	NaN	NaN	NaN	NaN	NaN	NaN	-1.23
12	1	2014	260.42422	15.55739	NaN	NaN	NaN	NaN	NaN	NaN	-1.2
12	1	2014	260.38019	15.5778	NaN	NaN	NaN	NaN	NaN	NaN	-1.08
12	1	2014	260.33612	15.59827	NaN	NaN	NaN	NaN	NaN	NaN	-1.03
28	1	2008	250.56369	15.66622	NaN	NaN	NaN	NaN	NaN	NaN	-1
28	1	2008	250.51115	15.67828	NaN	NaN	NaN	NaN	NaN	NaN	-2.14
28	1	2008	250.45802	15.69065	NaN	NaN	NaN	NaN	NaN	NaN	-2.46
28	1	2008	250.40494	15.70358	NaN	NaN	NaN	NaN	NaN	NaN	-2.58
28	1	2008	250.35223	15.71678	NaN	NaN	NaN	NaN	NaN	NaN	-2.56
28	1	2008	250.29968	15.72992	NaN	NaN	NaN	NaN	NaN	NaN	-2.59
28	1	2008	250.2473	15.74318	NaN	NaN	NaN	NaN	NaN	NaN	-2.8
28	1	2008	250.19533	15.75655	NaN	NaN	NaN	NaN	NaN	NaN	-1.7
28	1	2008	250.14375	15.76958	NaN	NaN	NaN	NaN	NaN	NaN	-2.41
28	1	2008	250.09155	15.78226	NaN	NaN	NaN	NaN	NaN	NaN	-3.03
28	1	2008	250.03867	15.79569	NaN	NaN	NaN	NaN	NaN	NaN	-2.99
28	1	2008	249.98538	15.80944	NaN	NaN	NaN	NaN	NaN	NaN	-2.72
28	1	2008	249.93217	15.82215	NaN	NaN	NaN	NaN	NaN	NaN	-1.78
28	1	2008	249.879	15.83396	NaN	NaN	NaN	NaN	NaN	NaN	-2.28
28	1	2008	249.82677	15.84575	NaN	NaN	NaN	NaN	NaN	NaN	-2.35
28	1	2008	249.77582	15.85717	NaN	NaN	NaN	NaN	NaN	NaN	-2.73
28	1	2008	249.72516	15.8683	NaN	NaN	NaN	NaN	NaN	NaN	-2.88
28	1	2008	249.67491	15.88	NaN	NaN	NaN	NaN	NaN	NaN	-2.7
28	1	2008	249.62482	15.89058	NaN	NaN	NaN	NaN	NaN	NaN	-1.93
28	1	2008	249.57347	15.89854	NaN	NaN	NaN	NaN	NaN	NaN	-2.35
28	1	2008	249.52144	15.90709	NaN	NaN	NaN	NaN	NaN	NaN	-2.64
28	1	2008	249.46954	15.91733	NaN	NaN	NaN	NaN	NaN	NaN	-2.33
15	1	1996	257	16.5	NaN	NaN	NaN	NaN	NaN	NaN	-1.11
26	1	2008	253.09224	15.25469	25.73	34.523	377.45999	374.26001	3.19998	11.5	0.461619208
26	1	2008	253.04128	15.26355	25.74	34.522	378.20999	374.29001	3.91998	11.1	0.565070593
26	1	2008	253.14311	15.24549	25.86	34.521	379.20001	374.20999	4.99002	12.2	0.712998807
26	1	2008	253.34413	15.20769	25.96	34.514	380.72	374.17001	6.54999	12.4	0.929068911
26	1	2008	253.29387	15.21725	25.91	34.503	379.82001	374.26001	5.56	12.2	0.791588061
26	1	2008	253.19366	15.23609	25.94	34.503	380.23001	374.19	6.04001	12.2	0.858033807
26	1	2008	251.7838	15.43169	25.9	34.501	378.29999	373.62	4.67999	5.8	0.666795235
26	1	2008	252.68326	15.31109	25.95	34.5	379.76001	374.04001	5.72	10.3	0.81198749
26	1	2008	251.62524	15.45452	25.68	34.499	373.47	373.64001	-0.17001	5.6	-0.024618181
26	1	2008	253.24373	15.22669	25.91	34.498	380	374.25	5.75	11.8	0.818656819
26	1	2008	251.83791	15.42408	25.94	34.489	376.89999	373.66	3.23999	5.8	0.460296074
26	1	2008	253.39461	15.19679	26.22	34.484	382.79999	373.88	8.91999	12.8	1.241477557
26	1	2008	252.63242	15.31867	25.82	34.482	377.66	374.17999	3.48001	10	0.498792175
26	1	2008	252.73373	15.30195	25.98	34.481	379.03	374.03	5	10.7	0.708275672
26	1	2008	252.78487	15.29511	25.97	34.478	378.07001	373.97	4.10001	10.9	0.581222092
26	1	2008	251.89227	15.41638	25.97	34.466	375.62	373.64001	1.97999	6.4	0.280700515
26	1	2008	253.44438	15.18342	26.28	34.462	383.81	373.82999	9.98001	12.5	1.383045833
26	1	2008	251.57126	15.46155	25.86	34.458	375.62	373.54001	2.07999	5.6	0.297282076
26	1	2008	252.32306	15.35622	25.99	34.451	375.67999	373.97	1.70999	8.8	0.242083014
26	1	2008	252.26997	15.36286	25.95	34.45	374.89999	373.89001	1.00998	8.4	0.143404242
26	1	2008	252.37595	15.34983	25.96	34.446	375.59	374.07999	1.51001	9	0.21424838
26	1	2008	253.49458	15.17017	26.34	34.445	383.26999	373.79999	9.47	12.2	1.306705952
26	1	2008	252.21646	15.37002	25.9	34.444	373.79999	373.85999	-0.06	8.5	-0.008550829
26	1	2008	252.42828	15.34345	25.92	34.443	375.57001	374.13	1.44001	9.3	0.204920699
26	1	2008	251.94655	15.40874	26.06	34.441	374.81	373.51999	1.29001	6.6	0.181697894
26	1	2008	252.48004	15.33707	25.89	34.438	374.89001	374.10001	0.79	9.5	0.112671709
26	1	2008	252.58113	15.32254	25.86	34.436	374.5	374.17001	0.32999	9.9	0.04716833
26	1	2008	252.53053	15.32928	25.88	34.429	373.81	374.20999	-0.39999	10.1	-0.057091774
26	1	2008	254.23061	14.99615	26.89	34.409	393.94	373.03	20.91	7.6	2.771897282
26	1	2008	254.28287	14.98477	26.91	34.408	393.76999	372.98999	20.78	7.4	2.750656643
26	1	2008	251.51712	15.4682	26	34.405	375.20999	373.48001	1.72998	5.2	0.244782827
26	1	2008	254.33487	14.97322	26.88	34.401	393.38	372.92001	20.45999	7.4	2.714318668
16	1	2005	267.5	12	28.17	34.4	398.22	378.46	19.76	10.92	2.386778651
26	1	2008	253.54518	15.15739	26.33	34.392	379.22	373.92001	5.29999	11.4	0.732019314
26	1	2008	254.17816	15.00779	26.89	34.366	392.25	373.04999	19.20001	7.5	2.545694399
26	1	2008	254.90594	14.83792	26.85	34.341	384.73001	372.5	12.23001	9.6	1.626476395
26	1	2008	252.16302	15.37751	26.18	34.337	373.82001	373.45999	0.36002	8.2	0.050287138
26	1	2008	251.46223	15.47508	26.06	34.329	374.59	373.42001	1.16999	4.7	0.164874535
26	1	2008	253.59668	15.14523	26.36	34.309	374.98001	373.75	1.23001	10.4	0.16957421
26	1	2008	255.21619	14.76897	26.93	34.293	379.25	372.29001	6.95999	9.9	0.920415286
26	1	2008	252.00131	15.40098	26.17	34.284	369.94	373.45001	-3.51001	7	-0.490748278
26	1	2008	254.02095	15.0454	26.68	34.282	375.79999	373.5	2.29999	6.8	0.309781027
24	1	2008	260.76056	13.21247	26.02	34.277	434.69	373.19	61.5	11	8.694052164
24	1	2008	260.65594	13.24555	26.14	34.277	414.70001	372.97	41.73001	10.9	5.847477611
26	1	2008	253.96812	15.05836	26.67	34.276	378.47	373.54999	4.92001	7	0.663168476
24	1	2008	260.7088	13.22967	26.06	34.272	423.19	373.09	50.1	10.8	7.061848317
24	1	2008	260.6026	13.26143	25.78	34.272	414.79001	373.16	41.63001	11	5.990006488
24	1	2008	260.81235	13.19483	25.68	34.27	433.78	373.41	60.37	11.1	8.750706807
24	1	2008	260.49588	13.29186	26.04	34.27	447.63	372.85001	74.77999	10.8	10.55620645
24	1	2008	260.54919	13.27684	25.93	34.269	436.25	372.98001	63.26999	10.9	9.00394209
26	1	2008	251.67831	15.44715	26.27	34.264	371.16	373.26999	-2.10999	5.4	-0.292875509
24	1	2008	260.86499	13.17747	25.59	34.263	443.01999	373.60001	69.41998	11.2	10.12976909
26	1	2008	254.12564	15.02004	26.83	34.259	380.94	373.17999	7.76001	7	1.033888248
26	1	2008	254.9568	14.82637	26.84	34.24	378.45999	372.37	6.08999	9.7	0.81086167
26	1	2008	254.07324	15.03254	26.73	34.237	374.78	373.32999	1.45001	6.8	0.194624666
26	1	2008	255.16411	14.78058	26.83	34.222	375.73001	372.42999	3.30002	10	0.4397423
26	1	2008	251.73044	15.43937	26.35	34.216	372.72	373.23001	-0.51001	5.6	-0.070392411
24	1	2008	262.57336	12.6205	26.22	34.206	392.06	373.23999	18.82001	13.5	2.622564743
26	1	2008	252.10997	15.38508	26.26	34.205	371.22	373.34	-2.12	8	-0.294557345
24	1	2008	260.91708	13.15922	25.75	34.194	442.04999	373.54999	68.5	11.3	9.881439712
24	1	2008	260.44281	13.30555	26.88	34.193	389.44	372.13	17.31	10.5	2.298517338
26	1	2008	253.649	15.13371	26.23	34.174	368.06	373.88	-5.82	9.4	-0.810535356
24	1	2008	261.28159	13.03298	25.31	34.171	424.26001	373.87	50.39001	11.6	7.509455493
24	1	2008	262.6279	12.60511	26.45	34.168	371.14999	373.16	-2.01001	12.7	-0.275457672
24	1	2008	263.06708	12.48732	26.22	34.163	379.53	373.75	5.78	10.3	0.805594465
24	1	2008	262.51892	12.63621	26.44	34.163	376.32999	373.10001	3.22998	13.6	0.442980036
24	1	2008	263.01089	12.49856	26.13	34.162	380.53	373.85999	6.67001	10.9	0.935805453
24	1	2008	262.95511	12.51091	26.21	34.161	378.76001	373.82001	4.94	11.2	0.689029866
24	1	2008	263.12341	12.47676	26.32	34.16	378.48001	373.47	5.01001	10.1	0.6931829
24	1	2008	262.68167	12.58851	26.46	34.16	370.20999	373.17999	-2.97	12.3	-0.40673381
24	1	2008	262.73563	12.57205	26.5	34.157	368.56	373.20999	-4.64999	12.1	-0.634949797
24	1	2008	262.46472	12.65224	26.5	34.155	372.73001	373	-0.26999	13.8	-0.03686709
24	1	2008	262.89975	12.52397	26.32	34.154	375.73999	373.69	2.04999	11	0.283643253
24	1	2008	262.78995	12.55585	26.5	34.153	368.48999	373.35001	-4.86002	11.6	-0.663640768
24	1	2008	262.84467	12.53956	26.41	34.152	371.70001	373.59	-1.88999	10.9	-0.259788146
24	1	2008	260.96869	13.13954	25.68	34.152	439.84	373.5	66.34	11.3	9.621092455
24	1	2008	261.02039	13.1198	25.81	34.144	441.79999	373.45001	68.34998	11	9.818526393
24	1	2008	261.33453	13.01267	25.87	34.141	396.78	373.32001	23.45999	12.3	3.355247068
28	1	2008	249.93217	15.82215	25.66	34.141	362.42001	374.66	-12.23999	7.2	-1.777832909
26	1	2008	255.11208	14.79204	26.88	34.137	374.10999	372.42001	1.68998	9.6	0.224459871
24	1	2008	262.41074	12.66809	26.68	34.13	366.04999	372.64999	-6.6	14	-0.88953341
24	1	2008	261.17645	13.06653	25.53	34.13	443	373.79999	69.20001	10.6	10.14841559
24	1	2008	261.65359	12.89274	26.78	34.126	365.29001	372.32999	-7.03998	14	-0.941938045
24	1	2008	261.60028	12.91077	26.69	34.125	368.04999	372.38	-4.33001	13.9	-0.583175336
24	1	2008	261.70728	12.87537	26.8	34.124	365.66	372.38	-6.72	14.4	-0.897819935
24	1	2008	261.07217	13.10028	25.84	34.122	442.01999	373.51999	68.5	10.7	9.819336361
24	1	2008	262.35654	12.68328	26.72	34.12	366.48999	372.57001	-6.08002	13.9	-0.81709415
24	1	2008	261.54706	12.93023	26.5	34.12	372.67001	372.69	-0.01999	13.7	-0.002730051
24	1	2008	261.38727	12.99149	26.12	34.12	388.97	373.06	15.91	12.8	2.234233399
24	1	2008	261.12381	13.08178	25.64	34.119	440.07001	373.67999	66.39002	10.5	9.6581713
24	1	2008	261.22906	13.05089	25.35	34.118	435.73001	373.89999	61.83002	10.9	9.189307857
24	1	2008	262.30222	12.69866	26.74	34.116	368.23001	372.54001	-4.31	14	-0.578384928
24	1	2008	261.49365	12.95005	26.28	34.115	379.64999	372.91	6.73999	13.4	0.935466679
28	1	2008	250.56369	15.66622	26.22	34.112	366.85999	374	-7.14001	6.1	-0.9953711
24	1	2008	261.44019	12.97056	26.25	34.111	383.94	373	10.94	13.1	1.521772179
26	1	2008	255.2682	14.75726	26.99	34.109	371.97	372.19	-0.22	10.1	-0.028989808
16	1	2005	262.5	12	27.52	34.1	384.66	378.46	6.2	12.09	0.78607353
26	1	2008	255.42422	14.72156	27.3	34.099	376.82001	372.01001	4.81	10.5	0.61968591
26	1	2008	252.05609	15.39304	26.28	34.08	367.54999	373.29001	-5.74002	7.8	-0.796800131
28	1	2008	249.82677	15.84575	25.79	34.039	358.39999	374.70001	-16.30002	8.1	-2.346048491
26	1	2008	253.91487	15.07146	26.43	34.037	368.95999	373.73999	-4.78	7.4	-0.65640354
26	1	2008	255.37239	14.73349	27.23	34.035	376.06	372	4.06	10.7	0.525881989
28	1	2008	249.879	15.83396	25.74	34.03	358.85001	374.60999	-15.75998	7.6	-2.27677589
28	1	2008	249.62482	15.89058	25.69	34.016	361.64999	374.97	-13.32001	10.2	-1.931502032
28	1	2008	249.67491	15.88	25.76	33.996	356.23999	374.95001	-18.71002	10.8	-2.699384532
26	1	2008	253.75435	15.11032	26.31	33.995	365.59	373.79001	-8.20001	9.2	-1.136206925
26	1	2008	253.7016	15.12221	26.23	33.975	363.57999	373.88	-10.30001	9.1	-1.43571193
28	1	2008	250.19533	15.75655	26.1	33.973	362.20001	374.31	-12.10999	5.7	-1.704203613
28	1	2008	249.46954	15.91733	25.63	33.967	358.82999	374.79999	-15.97	10.5	-2.326534574
26	1	2008	255.73418	14.6504	27.33	33.955	373.41	371.92999	1.48001	11.3	0.190377158
26	1	2008	257.24915	14.23909	28.05	33.944	378.97	371.73001	7.23999	9.6	0.883880364
26	1	2008	257.29968	14.22494	28.09	33.943	378.97	371.73999	7.23001	9.4	0.880111171
26	1	2008	257.19843	14.25344	28.05	33.943	378.57999	371.79999	6.78	9.7	0.827726941
28	1	2008	249.57347	15.89854	25.62	33.943	358.76999	374.91	-16.14001	10.5	-2.353285522
26	1	2008	255.32039	14.74548	27.08	33.928	369.79001	372.14999	-2.35998	10.2	-0.309187998
28	1	2008	249.77582	15.85717	25.82	33.928	355.70999	374.70001	-18.99002	9	-2.728529618
28	1	2008	249.72516	15.8683	25.79	33.927	354.89001	374.91	-20.01999	10.6	-2.882888819
28	1	2008	249.52144	15.90709	25.61	33.927	356.81	374.88	-18.07	10.3	-2.636816088
28	1	2008	249.98538	15.80944	25.83	33.926	355.59	374.5	-18.91	7.3	-2.715057583
26	1	2008	256.94638	14.32259	28.1	33.923	379.01001	371.51001	7.5	10.5	0.912394779
26	1	2008	257.34998	14.21071	28.06	33.915	377.85001	371.63	6.22001	9.6	0.758903092
NaN	1	NaN	262.5	12	27.43	33.91	390.09	369.59	20.5	6.38	2.618349633
26	1	2008	255.47597	14.70976	27.35	33.908	370.48999	371.92001	-1.43002	10.6	-0.183716741
26	1	2008	253.8076	15.09749	26.34	33.908	361.44	373.79001	-12.35001	9.1	-1.708131662
26	1	2008	255.78575	14.63731	27.36	33.904	372.31	371.92999	0.38001	11.4	0.048785752
26	1	2008	255.05988	14.80359	26.8	33.886	367.54001	372.48999	-4.94998	9.6	-0.662027604
26	1	2008	255.00809	14.81501	26.75	33.879	365.57999	372.42999	-6.85	8.9	-0.91952556
26	1	2008	257.44958	14.1797	28.06	33.872	377.16	371.69	5.47	9.5	0.667518474
26	1	2008	255.98923	14.58532	27.52	33.869	374.25	371.85001	2.39999	11.9	0.304590981
26	1	2008	253.86136	15.08448	26.34	33.868	361.32999	373.79001	-12.46002	7.9	-1.723650495
26	1	2008	257.39999	14.19582	27.98	33.867	376.59	371.78	4.81	9.6	0.590403492
26	1	2008	255.6823	14.66287	27.33	33.863	371.76001	371.89001	-0.13	11.2	-0.016728907
26	1	2008	255.93886	14.59827	27.41	33.862	373.07999	371.98999	1.09	12.1	0.139451484
16	1	2005	242.5	16	25.4	33.86	356.73999	378.46	-21.72001	6.73999	-3.21986723
26	1	2008	257.54947	14.14794	28.13	33.855	378.22	371.67999	6.54001	8.5	0.794115559
26	1	2008	255.83687	14.62396	27.3	33.855	369.82999	371.95999	-2.13	11.6	-0.274705826
NaN	1	NaN	257.5	12	28.01	33.85	367.51	369.59	-2.08	6.18	-0.254773653
26	1	2008	258.70367	13.77418	28.66	33.845	384.51001	370.19	14.32001	12.3	1.67349541
26	1	2008	256.03922	14.57215	27.54	33.837	371.73999	371.85999	-0.12	12.4	-0.015209592
26	1	2008	255.88794	14.61096	27.26	33.829	369.25	372.06	-2.81	11.8	-0.363504099
28	1	2008	250.14375	15.76958	25.97	33.825	357.34	374.26999	-16.92999	5.7	-2.406945797
24	1	2008	259.50031	13.53471	28.76	33.823	380.07001	369.98001	10.09	11.4	1.17079273
26	1	2008	256.08917	14.55864	27.51	33.823	370.32001	371.87	-1.54999	12.3	-0.196897062
16	1	2005	247.5	12	27.34	33.81	361.73999	378.46	-16.72001	6.2	-2.150526264
24	1	2008	259.55185	13.52009	28.67	33.807	377.70999	370.10001	7.60998	11.1	0.888837071
28	1	2008	250.2473	15.74318	26.02	33.797	354.59	374.34	-19.75	5.6	-2.797914112
26	1	2008	256.89594	14.33666	27.97	33.792	376.20999	371.54001	4.66998	10.6	0.573818704
24	1	2008	259.70593	13.477	28.66	33.789	378.16	370.17999	7.98001	11	0.932801199
24	1	2008	259.60336	13.5054	28.58	33.786	376.07001	370.22	5.85001	10.9	0.687790556
24	1	2008	259.65463	13.49098	28.63	33.779	376.51001	370.17999	6.33002	10.8	0.741566095
26	1	2008	258.75284	13.75748	28.57	33.779	379.82001	370.19	9.63001	12.5	1.133060366
26	1	2008	257.69861	14.10144	27.83	33.779	373.62	371.70001	1.91999	8.9	0.238338515
26	1	2008	256.24033	14.51734	27.65	33.778	382.75	371.82999	10.92001	12.3	1.373402208
26	1	2008	256.19006	14.53125	27.58	33.774	378.85999	371.87	6.98999	11.9	0.883626215
26	1	2008	257.49942	14.16359	27.92	33.772	374.37	371.84	2.53	9.3	0.312027396
28	1	2008	250.29968	15.72992	26.14	33.768	355.79001	374.23001	-18.44	5.5	-2.589736506
26	1	2008	258.60434	13.8072	28.45	33.767	378.98999	370.51001	8.47998	11.6	1.006488847
26	1	2008	256.13956	14.54495	27.5	33.765	369.70999	371.94	-2.23001	11.3	-0.283558443
28	1	2008	251.40906	15.48297	26.34	33.765	359.35001	373.10001	-13.75	4.9	-1.902961439
15	3	1993	247.651	16.338	25.927	33.765	350.63	358.47	-7.84	6	-1.118442912
26	1	2008	255.63042	14.6747	27.32	33.761	368.47	371.94	-3.47	11	-0.447057057
28	1	2008	250.03867	15.79569	25.97	33.759	353.44	374.44	-21	6.9	-2.986451644
26	1	2008	258.55417	13.82393	28.48	33.758	379.88	370.45001	9.42999	11	1.116864647
26	1	2008	256.99698	14.30889	28.06	33.758	371.87	371.54001	0.32999	10.4	0.040289396
26	1	2008	255.52734	14.69794	27.37	33.757	368.14999	371.67001	-3.52002	10.9	-0.451861032
28	1	2008	250.09155	15.78226	25.95	33.754	353.14001	374.44	-21.29999	6.8	-3.033638112
28	1	2008	250.35223	15.71678	26.25	33.753	355.73999	374.10001	-18.36002	6	-2.557938979
26	1	2008	257.59946	14.13224	27.95	33.751	373.89001	371.81	2.08001	8.3	0.255995345
24	1	2008	259.96573	13.41353	28.89	33.75	380.76999	370.20999	10.56	10.7	1.21427899
26	1	2008	257.74841	14.08527	27.88	33.75	373.06	371.48001	1.57999	9.3	0.195446662
26	1	2008	258.65424	13.79062	28.25	33.748	377.01999	370.64999	6.37	11.9	0.767134921
26	1	2008	257.79858	14.06969	27.91	33.741	376.07999	371.42001	4.65998	9.4	0.5752142
NaN	2	NaN	242.5	12	25.34	33.74	367.32	370.48	-3.16	7.89	-0.470782869
26	1	2008	257.14795	14.26808	27.9	33.731	372.5	371.97	0.53	9.5	0.065471954
26	1	2008	255.57858	14.68618	27.27	33.731	367.57999	371.84	-4.26001	11.1	-0.550912594
26	1	2008	256.29083	14.50339	27.72	33.727	379.64999	371.78	7.86999	12.4	0.984999975
26	1	2008	257.64902	14.11689	27.84	33.72	372.92999	371.85001	1.07998	8.5	0.134000609
28	1	2008	250.51115	15.67828	26.29	33.709	358.51999	373.89999	-15.38	6.3	-2.136894713
26	1	2008	258.80173	13.74052	28.53	33.705	374.10999	370	4.10999	12.5	0.485132183
24	1	2008	259.75772	13.46348	28.75	33.704	379.03	370.06	8.97	11	1.042116535
28	1	2008	250.40494	15.70358	26.26	33.702	355.57001	374.07001	-18.5	6	-2.57612936
24	1	2008	259.44858	13.54904	28.9	33.696	378.01001	369.84	8.17001	11.5	0.938998003
26	1	2008	258.00168	14.00865	28.01	33.685	371.95999	370.92001	1.03998	9.6	0.127475313
15	3	1993	247.713	16.109	26.448	33.685	351.51999	358.47	-6.95001	6.31999	-0.9546137
24	1	2008	258.85049	13.72358	28.63	33.683	372.42999	369.70001	2.72998	12.6	0.319950928
28	1	2008	250.45802	15.69065	26.31	33.68	356.28	373.98999	-17.70999	6.1	-2.457329952
24	1	2008	258.89905	13.7067	28.75	33.67	372.87	369.51999	3.35001	12.6	0.389254198
13	3	2016	237.35451	16.3392	25.1479	33.6681	360.63	390.66	-30.03	6.85	-4.539358395
13	3	2016	237.3569	16.3469	25.141	33.6679	360.70001	390.60999	-29.90998	6.45	-4.523528443
13	3	2016	237.3521	16.3315	25.155	33.6675	360.79999	390.69	-29.89001	7.5	-4.515837157
13	3	2016	237.3119	16.1914	25.2881	33.6672	364.98001	390.54999	-25.56998	4.4	-3.825336538
13	3	2016	237.3593	16.3547	25.1389	33.6672	360.39999	390.67999	-30.28	6.775	-4.580215329
26	1	2008	257.84976	14.05612	27.8	33.667	371.01999	371.35001	-0.33002	9.7	-0.041076378
13	3	2016	237.3139	16.199	25.2939	33.6667	364.69	390.5	-25.81	5.4	-3.859598291
13	3	2016	237.34979	16.3238	25.1629	33.6662	360.70001	390.64999	-29.94998	6.8	-4.522280416
24	1	2008	259.91425	13.4256	28.64	33.666	379.42999	370.31	9.11999	10.7	1.068160357
13	3	2016	237.3454	16.3083	25.1699	33.6659	360.67999	390.60999	-29.93	6.3	-4.516930398
13	3	2016	237.3474	16.3161	25.164	33.6657	360.85001	390.60999	-29.75998	6.275	-4.493235887
13	3	2016	237.3432	16.3004	25.173	33.6655	361.10001	390.64999	-29.54998	6.85	-4.458564704
13	3	2016	237.3616	16.3625	25.1299	33.6654	360.67001	390.67001	-30	6.375	-4.540920778
13	3	2016	237.3204	16.2233	25.2679	33.6645	364.22	390.57999	-26.35999	4.775	-3.949462622
13	3	2016	237.341	16.2925	25.1809	33.6638	361.20999	390.69	-29.48001	5.525	-4.445443103
13	3	2016	237.2787	16.0787	25.3399	33.6635	364.75	390.69	-25.94	5.4	-3.865933497
13	3	2016	237.32291	16.2309	25.259	33.6635	363.89999	390.62	-26.72001	6.15	-4.006055675
13	3	2016	237.2589	16.0087	25.3221	33.6632	364.57999	390.97	-26.39001	7	-3.938180138
13	3	2016	237.364	16.3704	25.1159	33.6628	360.42999	390.64001	-30.21002	6.225	-4.577502226
13	3	2016	237.30969	16.1838	25.2889	33.6625	365.35999	390.66	-25.30001	5.625	-3.784803659
13	3	2016	237.31599	16.2067	25.2849	33.6624	364.48999	390.57999	-26.09	6	-3.90413926
13	3	2016	237.31799	16.2144	25.2749	33.6621	364.39001	390.59	-26.19999	5.875	-3.923501828
26	1	2008	257.90082	14.04226	27.81	33.662	371.69	371.26001	0.42999	9.9	0.053481594
13	3	2016	237.3029	16.1616	25.293	33.6618	365.17999	390.60999	-25.43	7.075	-3.803109259
13	3	2016	237.2764	16.071	25.3469	33.6615	364.73001	390.69	-25.95999	4.175	-3.866947213
13	3	2016	237.33881	16.2847	25.181	33.6615	361.67999	390.67999	-29	6.45	-4.373072335
13	3	2016	237.3253	16.2385	25.2549	33.6612	363.79999	390.54999	-26.75	5.7	-4.011808541
13	3	2016	237.25681	16.001	25.3092	33.6608	364.32001	390.89999	-26.57998	5.65	-3.970353678
13	3	2016	237.3074	16.1761	25.295	33.6608	365	390.63	-25.63	8.7	-3.832470312
14	3	2016	237.37981	16.427	25.0428	33.6608	358.64999	390.75	-32.10001	5.55	-4.890308622
13	3	2016	237.29761	16.1446	25.3223	33.6602	365.51001	390.54999	-25.03998	5.75	-3.736709828
NaN	2	NaN	247.5	12	27.04	33.66	351.64	370.48	-18.84	7.21	-2.478397832
14	3	2016	237.3848	16.4429	24.9987	33.6598	358.04999	390.78	-32.73001	5.85	-5.002618111
13	3	2016	237.26089	16.0164	25.337	33.6597	364.62	390.79999	-26.17999	7.625	-3.902601846
13	3	2016	237.3015	16.1573	25.2989	33.6594	365.31	390.57001	-25.26001	8.325	-3.776080694
14	3	2016	237.38741	16.4508	24.982	33.6591	357.88	390.79999	-32.91999	5.525	-5.037898747
13	3	2016	237.27409	16.0634	25.345	33.659	364.88	390.66	-25.78	6.275	-3.840717874
13	3	2016	237.299	16.1489	25.3139	33.6588	365.42001	390.51001	-25.09	7.075	-3.746521812
13	3	2016	237.30029	16.1531	25.3069	33.6587	365.62	390.54999	-24.92999	8.275	-3.724555948
14	3	2016	237.3821	16.435	25.013	33.6584	358.31	390.78	-32.47	6.725	-4.957654932
13	3	2016	237.3661	16.3782	25.1037	33.6583	359.88	390.67001	-30.79001	5.575	-4.669690965
13	3	2016	237.3365	16.2769	25.186	33.6579	361.60001	390.72	-29.11999	7.7	-4.389613231
14	3	2016	237.3775	16.4191	25.0489	33.6578	358.76001	390.70001	-31.94	6.6	-4.86379981
13	3	2016	237.2547	15.9934	25.3011	33.6577	364.25	390.92999	-26.67999	4.325	-3.987733238
24	1	2008	259.80997	13.45031	28.67	33.657	387.10001	370.17001	16.93	10.9	1.978679092
13	3	2016	237.3277	16.2462	25.2405	33.6568	363.22	390.56	-27.34	7.75	-4.104740254
13	3	2016	237.2719	16.0558	25.347	33.6567	364.89001	390.70001	-25.81	7.95	-3.844658608
13	3	2016	237.3683	16.3862	25.0819	33.6566	359.73001	390.78	-31.04999	3.225	-4.716759323
13	3	2016	237.3343	16.2692	25.1919	33.6565	361.67001	390.60999	-28.93998	6.325	-4.360602334
14	3	2016	237.3752	16.411	25.0609	33.6556	359.10999	390.67001	-31.56002	6.35	-4.801716456
13	3	2016	237.2524	15.9857	25.2961	33.6554	364.32999	391.01999	-26.69	3.9	-3.990744225
14	3	2016	237.373	16.4031	25.0659	33.6554	359.20999	390.76001	-31.55002	3.3	-4.798422997
14	3	2016	237.37041	16.3942	25.0759	33.6553	358.45001	390.66	-32.20999	2.4	-4.895174956
26	1	2008	256.74503	14.37938	27.79	33.655	368.31	371.82999	-3.51999	11.2	-0.438461263
13	3	2016	237.263	16.024	25.337	33.6547	364.69	390.87	-26.18	5.125	-3.902690047
26	1	2008	257.95123	14.0255	27.87	33.654	369.75	371.10999	-1.35999	9.5	-0.168424536
13	3	2016	237.25011	15.9781	25.29	33.6539	364.17999	391.01001	-26.83002	6.175	-4.013515669
14	3	2016	237.38989	16.4589	24.9602	33.6535	357.76001	390.87	-33.10999	6.425	-5.075291152
13	3	2016	237.3299	16.2539	25.2149	33.6534	362.85001	390.54999	-27.69998	7.475	-4.166727672
13	3	2016	237.26981	16.0482	25.3382	33.6532	364.70999	390.73999	-26.03	6.575	-3.880011264
26	1	2008	256.34143	14.48897	27.67	33.653	369.67001	371.79999	-2.12998	12.3	-0.267642256
13	3	2016	237.33211	16.2615	25.199	33.6523	362	390.59	-28.59	6.775	-4.305687597
13	3	2016	237.2652	16.0317	25.338	33.6522	364.39001	390.78	-26.38999	7	-3.933746682
13	3	2016	237.2477	15.9705	25.292	33.6517	364.10001	391.07999	-26.97998	5.875	-4.035391323
14	3	2016	237.4019	16.4997	24.8369	33.6507	356.31	390.85001	-34.54001	4.375	-5.343167371
13	3	2016	237.2673	16.0394	25.338	33.6503	364.44	390.72	-26.28	7.775	-3.917384418
14	3	2016	237.3923	16.467	24.9147	33.6493	357.17001	390.94	-33.76999	5.875	-5.194038371
14	3	2016	237.39951	16.4915	24.8449	33.649	356.51999	390.98001	-34.46002	3.35	-5.327672309
14	3	2016	237.3947	16.4751	24.8749	33.6486	356.82001	390.95001	-34.13	5.05	-5.264935485
14	3	2016	237.39709	16.4833	24.8598	33.6486	356.73999	390.97	-34.23001	5.875	-5.286277741
26	1	2008	256.84549	14.35075	27.82	33.648	367.01001	371.67999	-4.66998	11.1	-0.580459701
24	1	2008	259.8623	13.43773	28.63	33.645	378.23999	370.26001	7.97998	10.8	0.935398383
26	1	2008	256.79514	14.36511	27.83	33.645	367.07001	371.64001	-4.57	11.3	-0.567627767
24	1	2008	258.94751	13.68996	28.95	33.642	372.87	369.32001	3.54999	12.8	0.406635389
24	1	2008	259.09668	13.6484	29.11	33.639	374.70999	369.19	5.51999	12.4	0.62505649
24	1	2008	259.04657	13.66206	28.99	33.638	373.57001	369.26999	4.30002	12.6	0.491139375
24	1	2008	259.34583	13.5773	29.07	33.635	378.14001	369.64001	8.5	11.7	0.965289207
24	1	2008	258.99673	13.6755	28.97	33.634	373.16	369.28	3.88	12.6	0.443811954
24	1	2008	259.14673	13.63466	29.09	33.633	373.69	369.29999	4.39001	12.3	0.497831807
24	1	2008	259.29602	13.59249	29.01	33.63	375.09	369.63	5.46	11.9	0.622753705
24	1	2008	259.24655	13.6074	29.11	33.63	374.92001	369.45999	5.46002	12	0.618289565
24	1	2008	259.39694	13.56332	28.95	33.628	376.04001	369.79001	6.25	11.7	0.715952305
26	1	2008	257.09787	14.28283	27.82	33.628	365.51001	371.95001	-6.44	9.5	-0.800535437
26	1	2008	257.04739	14.29577	27.85	33.627	365.45999	371.73999	-6.28	9.8	-0.778951595
24	1	2008	259.19678	13.62116	29.09	33.626	373.67001	369.41	4.26001	12.2	0.483104125
16	1	2005	252.5	12	27.62	33.62	371.45999	378.46	-7.00001	6.2	-0.88291375
NaN	1	NaN	252.5	12	28.05	33.62	362.33	369.59	-7.26	6.54	-0.887565578
26	1	2008	256.39252	14.4745	27.75	33.615	365.89001	371.75	-5.85999	11.6	-0.732189571
24	1	2008	260.12253	13.37675	28.99	33.614	378.22	370.12	8.1	10.8	0.925260247
28	1	2008	251.35664	15.49227	26.45	33.608	356.79001	373	-16.20999	5.2	-2.226938969
26	1	2008	256.49411	14.44645	27.72	33.607	365.79999	371.73001	-5.93002	10.9	-0.742581769
24	1	2008	260.01767	13.40109	29.06	33.602	374.95999	370.09	4.86999	10.6	0.553529114
26	1	2008	256.44342	14.4603	27.73	33.602	364.60999	371.73999	-7.13	11.5	-0.892219248
24	1	2008	260.06989	13.38871	29.05	33.597	375.67001	370.12	5.55001	10.6	0.631288776
12	1	2014	260.9198	15.33428	29.7	33.577	388.38	397.28	-8.9	0.275	-0.966249567
12	1	2014	260.96472	15.3136	29.65	33.56	387.01001	397.28	-10.26999	0.875	-1.119068106
28	1	2008	251.19621	15.52009	26.43	33.56	354.85999	373.17999	-18.32	5	-2.521036626
12	1	2014	260.87521	15.35546	29.75	33.557	388.32001	397.28	-8.95999	3.375	-0.969367559
28	1	2008	251.30371	15.50161	26.4	33.556	354.01999	373.20001	-19.18002	4.8	-2.645241284
15	3	1993	247.77299	15.874	26.69	33.556	351.76999	358.47	-6.70001	6.28	-0.904626204
12	1	2014	260.83041	15.37655	29.83	33.554	387.72	397.28	-9.56	4	-1.0283887
28	1	2008	251.25021	15.51079	26.39	33.554	352.98001	373.25	-20.26999	5.1	-2.797640714
NaN	1	NaN	242.5	12	25.66	33.55	366.75	369.59	-2.84	7.74	-0.413585384
12	1	2014	261.01022	15.29361	29.59	33.535	387.37	397.28	-9.91	1.725	-1.084611307
12	1	2014	260.78546	15.3974	29.81	33.53	386.63	397.28	-10.65	1	-1.147399973
12	1	2014	261.056	15.27367	29.65	33.526	388.60999	397.28	-8.67001	0.625	-0.944862972
12	1	2014	260.74057	15.41829	29.75	33.508	386.51001	397.28	-10.76999	2.325	-1.165430999
12	1	2014	260.6044	15.47817	29.78	33.507	386.64001	397.28	-10.63999	0.575	-1.148897955
28	1	2008	251.14244	15.52982	26.49	33.507	355.51999	373.14999	-17.63	5.1	-2.416005382
12	1	2014	260.69553	15.43925	29.77	33.506	386.82999	397.28	-10.45001	1	-1.129197006
12	1	2014	260.46875	15.53707	29.66	33.503	386	397.28	-11.28	1.7	-1.228540673
12	1	2014	260.51364	15.51654	29.58	33.499	386.01001	397.28	-11.26999	0.3	-1.234530637
12	1	2014	260.65012	15.45916	29.78	33.497	386.35001	397.28	-10.92999	3.825	-1.180262002
12	1	2014	260.42422	15.55739	29.66	33.495	386.22	397.28	-11.06	5.625	-1.204620711
16	1	2005	257.5	12	28.17	33.48	381.57001	378.46	3.11001	9.17	0.377148246
12	1	2014	260.55893	15.49698	29.52	33.477	386.04001	397.28	-11.23999	0.85	-1.236669999
12	1	2014	261.10156	15.25367	29.78	33.471	385.47	397.28	-11.81	4.65	-1.275429511
12	1	2014	260.38019	15.5778	29.49	33.465	387.53	397.28	-9.75	9.575	-1.07510155
12	1	2014	260.33612	15.59827	29.36	33.447	388.06	397.28	-9.22	5.65	-1.026271753
NaN	1	NaN	247.5	12	26.51	33.43	362.12	369.59	-7.47	7.14	-1.022531797
12	1	2014	261.14688	15.23347	29.75	33.296	382.82001	397.28	-14.45999	4.3	-1.566137843
12	1	2014	261.19196	15.21321	29.77	33.126	381.17999	397.28	-16.10001	2.3	-1.742526363
12	1	2014	261.4173	15.11484	29.8	33.113	381.51001	397.28	-15.76999	2.85	-1.703239095
12	1	2014	261.46259	15.09527	29.86	33.109	382.48999	397.28	-14.79001	3.775	-1.590577269
12	1	2014	261.37198	15.13444	29.78	33.109	381.12	397.28	-16.16	4.75	-1.747893141
12	1	2014	261.32703	15.15379	29.78	33.094	380.94	397.28	-16.34	0.825	-1.767474718
12	1	2014	261.50751	15.07485	29.81	33.089	382.89001	397.28	-14.38999	10.4	-1.553237815
12	1	2014	261.23688	15.19274	29.76	33.087	380.67999	397.28	-16.60001	1.3	-1.798226809
12	1	2014	261.28195	15.17301	29.76	33.081	380.32999	397.28	-16.95001	2.575	-1.836187955
12	1	2014	261.64169	15.01252	29.78	33.041	381.23999	397.28	-16.04001	3.625	-1.735415377
12	1	2014	261.55194	15.0541	29.72	33.026	380.60001	397.28	-16.67999	11.075	-1.812544976
12	1	2014	261.5965	15.03333	29.71	33.011	380.09	397.28	-17.19	6.675	-1.8694236
12	1	2014	257.15338	16.93945	NaN	NaN	NaN	NaN	NaN	NaN	-0.37
12	1	2014	257.10757	16.95892	NaN	NaN	NaN	NaN	NaN	NaN	-0.24
12	1	2014	257.06116	16.97753	NaN	NaN	NaN	NaN	NaN	NaN	0.08
12	1	2014	257.01434	16.99732	NaN	NaN	NaN	NaN	NaN	NaN	-0.43
12	1	2014	256.96667	17.01603	NaN	NaN	NaN	NaN	NaN	NaN	-1.16
12	1	2014	256.91937	17.03521	NaN	NaN	NaN	NaN	NaN	NaN	-0.83
13	1	2005	250	22.5	NaN	NaN	NaN	NaN	NaN	NaN	-3.19
13	1	2005	251	22.5	NaN	NaN	NaN	NaN	NaN	NaN	-1.39
14	3	2016	238.62399	20.6605	21.4408	34.4751	361.31	396.03	-34.72	1.575	-6.910322835
14	3	2016	238.61951	20.6454	21.424	34.4744	360.85001	396.04001	-35.19	2.925	-7.012911266
14	3	2016	238.62151	20.6529	21.4319	34.4741	361.10999	396.07999	-34.97	1.075	-6.964860236
14	3	2016	238.6264	20.668	21.4449	34.474	361.38	395.95999	-34.57999	3.775	-6.880329913
14	3	2016	238.6154	20.6302	21.4168	34.473	360.82999	396.01999	-35.19	1.825	-7.016827056
14	3	2016	238.61349	20.6228	21.409	34.4724	360.79999	396.14001	-35.34002	0.025	-7.050974068
14	3	2016	238.61749	20.6378	21.4209	34.4724	360.97	396.04999	-35.07999	2.075	-6.992713073
14	3	2016	238.61099	20.6154	21.406	34.4712	360.63	396.07001	-35.44001	0.85	-7.072589023
14	3	2016	238.62891	20.6756	21.4568	34.4706	361.73999	396.07001	-34.33002	1.625	-6.824476444
14	3	2016	238.631	20.6833	21.456	34.4678	361.79001	395.98999	-34.19998	3.25	-6.799130027
14	3	2016	238.6086	20.608	21.406	34.466	360.54001	396.04001	-35.5	3.3	-7.084730588
14	3	2016	238.60609	20.6006	21.4021	34.4637	359.97	395.98001	-36.01001	4.075	-7.188737959
14	3	2016	238.60361	20.5932	21.4047	34.4579	359.97	395.94	-35.97	3.75	-7.179511557
14	3	2016	238.58369	20.5256	21.4091	34.4577	357.39999	396.01001	-38.61002	0.8	-7.70386074
14	3	2016	238.5858	20.5329	21.3924	34.4562	358.62	395.87	-37.25	0.675	-7.442067619
14	3	2016	238.6013	20.5858	21.3841	34.4551	359.51999	395.98999	-36.47	3.15	-7.290908414
14	3	2016	238.5815	20.5182	21.4155	34.4531	355.67999	396.01001	-40.33002	1.95	-8.043276682
15	3	2016	238.80791	21.2755	21.3662	34.4515	360.25	397.04001	-36.79001	1.1	-7.365106826
15	3	2016	238.8056	21.2679	21.3761	34.4513	359.79001	396.89001	-37.1	1.775	-7.421535555
15	3	2016	238.81039	21.2831	21.36	34.4508	361.23999	396.85001	-35.61002	2.6	-7.132294204
15	3	2016	238.81281	21.2906	21.3511	34.4497	361	396.89999	-35.89999	1.3	-7.195318039
15	3	2016	238.8028	21.2592	21.3815	34.4489	359.19	397.03	-37.84	1.575	-7.566516457
15	3	2016	238.8004	21.2515	21.4063	34.4486	358.87	396.95001	-38.08001	1.725	-7.600057083
14	3	2016	238.5793	20.5108	21.4405	34.4482	353.31	395.94	-42.63	0.825	-8.485896286
15	3	2016	238.815	21.2983	21.3461	34.4468	361.20999	396.92999	-35.72	0.1	-7.162084988
15	3	2016	238.82381	21.3293	21.2913	34.4468	361.82999	397.04001	-35.21002	0.975	-7.089576881
15	3	2016	238.7982	21.2439	21.4207	34.4466	358.72	397.04001	-38.32001	3.075	-7.639591048
15	3	2016	238.82159	21.3215	21.305	34.4457	361.72	396.88	-35.16	0.725	-7.072101698
15	3	2016	238.8172	21.306	21.3264	34.4447	361.39999	396.97	-35.57001	3.275	-7.142866143
15	3	2016	238.8194	21.3138	21.3056	34.4447	361.75	397.03	-35.28	0.3	-7.095944547
15	3	2016	238.826	21.3369	21.2589	34.4437	362.13	397.04999	-34.91999	6.275	-7.048789381
14	3	2016	238.58791	20.5402	21.4028	34.4431	359.23999	395.92001	-36.68002	1.575	-7.322794956
15	3	2016	238.8284	21.3446	21.1974	34.4429	362.79999	397.06	-34.26001	2.725	-6.948338535
15	3	2016	238.7962	21.2365	21.3667	34.4408	361.73001	396.87	-35.13999	1.075	-7.034861209
14	3	2016	238.5992	20.5784	21.3892	34.4407	359.62	395.95999	-36.33999	3.225	-7.262559137
15	3	2016	238.7939	21.2289	21.3457	34.4402	362.42001	396.85001	-34.43	3.325	-6.903853607
15	3	2016	238.79179	21.2213	21.3243	34.4394	363.42001	396.79999	-33.37998	2.675	-6.704326771
14	3	2016	238.597	20.571	21.4012	34.4392	359.5	395.95999	-36.45999	2.75	-7.2798917
15	3	2016	238.7897	21.2138	21.2976	34.4388	364.29999	396.85001	-32.55002	1.5	-6.551056325
15	3	2016	238.78751	21.2062	21.275	34.4382	365.66	396.75	-31.09	1.875	-6.26809188
14	3	2016	238.5947	20.5635	21.4128	34.4366	359.64999	395.89999	-36.25	3.55	-7.231617519
15	3	2016	238.7852	21.1986	21.2294	34.4352	366.94	396.89001	-29.95001	1.675	-6.059520625
15	3	2016	238.8306	21.3523	21.1647	34.435	363.97	397.13	-33.16	0.225	-6.742410964
14	3	2016	238.59261	20.556	21.4048	34.4347	359.51999	395.92999	-36.41	2.225	-7.268055108
14	3	2016	238.59039	20.5487	21.3981	34.4346	359.62	396.03	-36.41	0.525	-7.271792085
15	3	2016	238.7829	21.191	21.1997	34.4305	368.51999	396.88	-28.36001	1.7	-5.751060806
15	3	2016	238.84911	21.4135	20.8607	34.43	368.23999	397.13	-28.89001	1.4	-6.013468653
15	3	2016	238.8515	21.4211	20.8785	34.4288	368.41	397.19	-28.78	1.45	-5.982383501
15	3	2016	238.78059	21.1835	21.1413	34.4287	369.67999	396.85999	-27.18	2.15	-5.536611236
15	3	2016	238.8468	21.4058	20.8465	34.4254	368.39001	397.29001	-28.9	1.225	-6.022270316
15	3	2016	238.8537	21.4285	20.8839	34.4235	368.45999	396.98001	-28.52002	1.2	-5.926019215
15	3	2016	238.8329	21.3599	21.0456	34.4227	364.39999	397.14999	-32.75	1.6	-6.720712322
15	3	2016	238.76871	21.1461	21.0411	34.4226	372.94	396.92999	-23.98999	1.175	-4.924755874
15	3	2016	238.8398	21.3828	20.7997	34.4219	367.54001	397.20001	-29.66	0.675	-6.203107402
15	3	2016	238.7666	21.1387	21.0441	34.4211	372.38	396.84	-24.46	0.4	-5.020116654
15	3	2016	238.7644	21.131	21.0489	34.4203	371.62	396.87	-25.25	3.5	-5.180359301
15	3	2016	238.7782	21.1759	21.0955	34.4203	371.32999	396.89001	-25.56002	2	-5.225193266
16	1	2005	242.5	20	23.33	34.42	370.10999	378.46	-8.35001	6.97	-1.440435105
15	3	2016	238.84441	21.3981	20.8187	34.42	368.10001	397.26001	-29.16	1.375	-6.089652513
14	3	2016	238.5769	20.5032	21.4667	34.4192	349.85999	396.01999	-46.16	4.275	-9.171375947
15	3	2016	238.75819	21.1086	21.2711	34.4187	364.59	396.64001	-32.05001	1.875	-6.464156612
15	3	2016	238.75591	21.1011	21.3753	34.4184	361.20001	396.57999	-35.37998	1.19E-06	-7.078967237
15	3	2016	238.856	21.4359	20.8703	34.4183	368.47	397.20001	-28.73001	0.25	-5.976060987
15	3	2016	238.7623	21.1235	21.0833	34.4179	369.98001	396.87	-26.88999	2.5	-5.502299836
15	3	2016	238.7711	21.1536	21.0272	34.4173	372.69	397	-24.31	1.5	-4.995914176
15	3	2016	238.8582	21.4434	20.8661	34.4163	368.82999	397.23999	-28.41	0.825	-5.911466069
15	3	2016	238.7603	21.1161	21.1682	34.4161	367.01999	396.67001	-29.65002	0.925	-6.027631998
15	3	2016	238.77589	21.1685	21.0409	34.4134	372.19	396.84	-24.65	2.25	-5.060538189
15	3	2016	238.77341	21.1611	21.0348	34.4131	372.79999	396.82999	-24.03	0.9	-4.935578874
15	3	2016	238.8421	21.3904	20.8374	34.4116	368.01001	397.19	-29.17999	0.25	-6.085275312
15	3	2016	238.9678	21.809	20.7499	34.4107	372.25	397.06	-24.81	5	-5.209040139
15	3	2016	238.88049	21.5202	20.7768	34.4096	371.38	397.12	-25.74	7.6	-5.393110922
15	3	2016	238.8828	21.5278	20.7711	34.4096	371.34	397.17999	-25.83999	0.975	-5.416444894
15	3	2016	238.9655	21.8012	20.7446	34.4092	372.45001	397.03	-24.57999	5.275	-5.162897203
15	3	2016	238.7536	21.0935	21.564	34.4089	359.54999	396.48999	-36.94	1.775	-7.285364486
15	3	2016	238.9704	21.8179	20.7519	34.4083	371.95001	397.07999	-25.12998	4.825	-5.27546578
15	3	2016	238.8967	21.5732	20.745	34.4081	372	397.06	-25.06	5.775	-5.263584923
14	3	2016	238.57471	20.4957	21.5957	34.4079	346.26001	395.79999	-49.53998	4.35	-9.74673318
15	3	2016	238.8992	21.5807	20.744	34.4069	372.06	397.17001	-25.11001	6.975	-5.274525773
15	3	2016	238.88499	21.5355	20.7612	34.4068	371.82001	397.29001	-25.47	2.9	-5.343042643
15	3	2016	238.9632	21.7936	20.7449	34.4064	372.14001	397.13	-24.98999	6.3	-5.248961944
15	3	2016	238.8943	21.5658	20.7441	34.4062	371.98001	397.13	-25.14999	4.025	-5.28290015
15	3	2016	238.8873	21.543	20.7493	34.4059	371.79001	397.23999	-25.44998	2.15	-5.343775052
15	3	2016	238.9487	21.7445	20.7382	34.4056	371.76001	397.03	-25.26999	7.05	-5.310541757
15	3	2016	238.9726	21.8256	20.7432	34.4056	372.13	397.04001	-24.91001	6.575	-5.232869346
15	3	2016	238.8896	21.5507	20.749	34.4054	372.01001	397.13	-25.11999	3.775	-5.274620951
15	3	2016	238.892	21.5582	20.747	34.4054	372.01999	397.14001	-25.12002	5.975	-5.275442278
15	3	2016	238.8607	21.4521	20.8463	34.4053	369.48999	397.13	-27.64001	0.425	-5.760334321
15	3	2016	238.95	21.7491	20.7341	34.4053	371.78	397.20001	-25.42001	8.45	-5.343768754
15	3	2016	238.8783	21.5125	20.7699	34.405	371.35999	397.10999	-25.75	1	-5.398196882
15	3	2016	238.96091	21.7858	20.7368	34.4041	371.89001	397.06	-25.16999	4.825	-5.290135485
15	3	2016	238.9527	21.758	20.7349	34.4035	371.88	397.14999	-25.26999	7.5	-5.311947628
15	3	2016	238.9514	21.7536	20.732	34.4033	371.91	397.20999	-25.29999	8.45	-5.319450608
15	3	2016	238.95869	21.7779	20.7301	34.4031	371.73001	397.22	-25.48999	6.3	-5.360190913
15	3	2016	238.9541	21.7625	20.733	34.403	372.03	397.10999	-25.07999	8.975	-5.272794389
15	3	2016	238.9751	21.8334	20.7302	34.4011	372.17001	397.06	-24.88999	7.075	-5.234027283
15	3	2016	238.9774	21.8412	20.7183	34.3986	371.85001	397.04999	-25.19998	7.55	-5.30415071
15	3	2016	238.8761	21.5049	20.763	34.3979	371.97	397.14999	-25.17999	0.1	-5.281688258
15	3	2016	238.9798	21.8489	20.716	34.3969	372.13	397.04999	-24.91999	7.25	-5.246191493
15	3	2016	238.8376	21.3752	20.7598	34.3961	366.07999	397.28	-31.20001	0.3	-6.546104119
15	3	2016	238.86279	21.4596	20.8108	34.3955	370.70999	397.19	-26.48001	0.25	-5.533975276
15	3	2016	238.98219	21.8566	20.7072	34.3955	371.85999	397.20999	-25.35	6.825	-5.340383367
15	3	2016	238.9846	21.8643	20.7089	34.3942	371.97	397.17999	-25.20999	6.3	-5.310222213
15	3	2016	238.7509	21.085	21.6274	34.3939	357.63	396.51999	-38.88999	1.875	-7.633369204
15	3	2016	238.86501	21.4672	20.7789	34.3938	371.37	397.17001	-25.80001	0.6	-5.405203143
15	3	2016	238.9868	21.8721	20.711	34.3936	372.04999	397.17999	-25.13	6.925	-5.29252877
15	3	2016	238.989	21.8799	20.7149	34.3931	372.28	397.23001	-24.95001	5.725	-5.253050356
15	3	2016	238.8739	21.4974	20.7633	34.3928	372.42999	397.23999	-24.81	1.575	-5.20408243
15	3	2016	238.9912	21.8877	20.7218	34.3916	372.64001	397.10999	-24.46998	5.55	-5.149272629
16	1	2005	242.5	20	24.8	34.39	388.91	378.46	10.45	4.99001	1.61564911
15	3	2016	238.8717	21.4899	20.7341	34.39	373.07001	397.28	-24.20999	2.125	-5.089760209
15	3	2016	238.99339	21.8955	20.7191	34.3858	373.13	397.13	-24	6.025	-5.051563291
15	3	2016	238.83521	21.3676	20.9755	34.3855	365.29999	397.26999	-31.97	1.125	-6.597292113
15	3	2016	238.8672	21.4748	20.7692	34.3842	372.01999	397.07001	-25.05002	0.8	-5.252243663
15	3	2016	238.86951	21.4824	20.7397	34.3795	372.89999	397.19	-24.29001	1.85	-5.10462229
16	1	2005	242.5	20	25.99	34.37	401.12	378.46	22.66	5.31999	3.209120135
15	3	2016	238.74609	21.0704	21.6472	34.3678	356.89999	396.48999	-39.59	0.075	-7.759945274
14	3	2016	238.6331	20.6909	21.5606	34.3553	357.34	396.01001	-38.67001	1.625	-7.630424754
15	3	2016	238.7448	21.0661	21.655	34.3536	356.32999	396.44	-40.11001	0.6	-7.857698096
14	3	2016	238.6353	20.6986	21.5805	34.3476	357.16	396.07001	-38.91001	3.3	-7.66637293
15	3	2016	238.7421	21.0574	21.6934	34.3467	354.42001	396.42001	-42	0.525	-8.204105289
15	3	2016	238.7435	21.0618	21.6566	34.3466	355.45999	396.29999	-40.84	0.075	-7.999984781
14	3	2016	238.6377	20.7062	21.5936	34.346	356.56	396.03	-39.47	4.6	-7.768975169
14	3	2016	238.64011	20.7138	21.6077	34.339	356.25	396.23999	-39.98999	0.575	-7.863095367
15	3	2016	239.0027	21.9265	20.5402	34.3346	381.04999	397.20001	-16.15002	7.5	-3.447480443
15	3	2016	239.0004	21.9188	20.5491	34.3331	380.70001	397.12	-16.41999	8.35	-3.502718959
15	3	2016	238.998	21.9111	20.5561	34.3307	380.51001	397.17999	-16.66998	7.75	-3.554159278
15	3	2016	239.0051	21.9342	20.5128	34.3297	381.01001	397.20999	-16.19998	7.225	-3.465572135
15	3	2016	238.6425	20.7214	21.6276	34.3296	355.91	396.14999	-40.23999	3.275	-7.900562576
15	3	2016	238.9957	21.9034	20.5581	34.3289	380.29999	397.09	-16.79001	6.05	-3.579226035
15	3	2016	238.6452	20.7299	21.6251	34.3244	355.20001	396.22	-41.01999	3.05	-8.055436871
15	3	2016	238.6476	20.7374	21.6289	34.3238	355.07001	396.20001	-41.13	2.7	-8.074716324
15	3	2016	238.74091	21.0529	21.72	34.323	353.38	396.38	-43	3.425	-8.383303643
15	3	2016	238.6499	20.745	21.628	34.3224	354.98001	395.95999	-40.97998	2.1	-8.04586953
15	3	2016	238.65221	20.7525	21.6152	34.3211	354.28	396.23001	-41.95001	3.225	-8.244436311
15	3	2016	238.6544	20.76	21.6276	34.3174	354.34	396.07999	-41.73999	3.9	-8.195526289
15	3	2016	238.65669	20.7677	21.6388	34.3152	354.35999	396.03	-41.67001	2.65	-8.174865646
15	3	2016	238.6588	20.7753	21.64	34.3145	354.16	396.03	-41.87	2.85	-8.213372802
15	3	2016	239.0074	21.9419	20.466	34.3118	381.57001	397.22	-15.64999	7.875	-3.360360593
15	3	2016	238.661	20.783	21.6439	34.3092	354.04001	396.10999	-42.06998	2.8	-8.250342499
15	3	2016	239.0099	21.9495	20.4066	34.3089	381.38	397.20001	-15.82001	7.825	-3.412598184
15	3	2016	238.6633	20.7907	21.68	34.3051	354.07999	396.04001	-41.96002	2.925	-8.206260105
15	3	2016	238.72189	20.9859	21.7545	34.304	352.79999	396.42001	-43.62002	1.95	-8.482547773
16	3	1993	246.714	19.616	24.58	34.302	361.72	358.47	3.25	4.55	0.510947023
15	3	2016	238.6656	20.7983	21.682	34.3001	353.79999	396.23999	-42.44	3.575	-8.299053644
15	3	2016	239.01241	21.9571	20.3864	34.2936	381.78	397.17999	-15.39999	6.025	-3.327441495
15	3	2016	238.668	20.8059	21.6986	34.2923	353.53	396.16	-42.63	4.875	-8.325939732
15	3	2016	238.6702	20.8134	21.7274	34.2839	353.56	396.19	-42.63	6.075	-8.307963978
15	3	2016	238.7197	20.9785	21.7868	34.2813	352.01001	396.32999	-44.31998	2.125	-8.59833655
15	3	2016	238.6723	20.8209	21.7487	34.2789	353.48001	396.04001	-42.56	3.825	-8.281031777
16	3	1993	246.847	19.138	24.437	34.272	359.10001	358.47	0.63001	6.47	0.100118528
15	3	2016	238.6745	20.8285	21.7647	34.2717	353.09	396.16	-43.07	1.6	-8.370309788
15	3	2016	239.01489	21.9647	20.3053	34.2716	381.45999	397.10999	-15.65	5.2	-3.40316906
15	3	2016	238.7175	20.971	21.8244	34.2673	351.91	396.31	-44.4	1.125	-8.589733627
15	3	2016	238.67661	20.8359	21.7815	34.2646	353.03	396.09	-43.06	0.025	-8.357913763
15	3	2016	239.0173	21.9723	20.2544	34.2629	381.89001	397.14001	-15.25	6.8	-3.32946504
15	3	2016	239.1322	22.3533	20.2241	34.2581	382.82001	396.82001	-14	5.525	-3.06383589
15	3	2016	239.13091	22.349	20.2269	34.2577	382.85999	396.89001	-14.03002	6.5	-3.069742846
15	3	2016	238.6787	20.8433	21.8017	34.257	352.72	396.07999	-43.35999	0.3	-8.40346987
15	3	2016	239.1335	22.3576	20.2162	34.2564	382.25	396.98001	-14.73001	5.375	-3.225601909
15	3	2016	239.01981	21.98	20.2325	34.2557	382.13	397.20999	-15.07999	6.9	-3.298068544
15	3	2016	239.1295	22.3445	20.2197	34.2557	382.95001	396.81	-13.85999	6.55	-3.034267309
15	3	2016	239.13499	22.363	20.218	34.255	382.72	397.07001	-14.35001	5.75	-3.141969454
16	3	1993	246.783	19.378	24.542	34.254	359.91	358.47	1.44	5.92	0.227077689
15	3	2016	239.1073	22.2779	20.2096	34.254	382.92001	396.94	-14.01999	5.425	-3.071731268
15	3	2016	238.71519	20.9636	21.8485	34.2534	351.57999	396.29999	-44.72	1.525	-8.636301874
15	3	2016	238.68089	20.8508	21.8237	34.2511	352.64001	396.14999	-43.50998	3.75	-8.418623504
15	3	2016	239.1048	22.2705	20.1911	34.2504	383.37	396.97	-13.6	4.85	-2.984054201
15	3	2016	239.1394	22.378	20.2082	34.2501	382.54001	396.94	-14.39999	6.125	-3.155388774
15	3	2016	239.1416	22.3857	20.1915	34.2471	382.72	396.82999	-14.10999	6.225	-3.09590522
15	3	2016	238.68311	20.8582	21.8387	34.2444	352.14999	396.25	-44.10001	4.05	-8.523290261
15	3	2016	239.10249	22.2629	20.1588	34.2407	383.69	396.73999	-13.04999	3.625	-2.870709013
15	3	2016	238.6853	20.8657	21.8547	34.2404	351.98999	396.07999	-44.09	2.6	-8.511118823
15	3	2016	238.71291	20.9562	21.8721	34.24	351.69	396.17999	-44.48999	2.825	-8.576960002
15	3	2016	238.71069	20.9488	21.8771	34.2385	351.51001	396.22	-44.70999	2.125	-8.61614624
15	3	2016	239.1438	22.3933	20.1744	34.2375	382.57999	396.98001	-14.40002	6.15	-3.163889353
15	3	2016	238.7083	20.9412	21.8832	34.2365	351.57001	396.20001	-44.63	0.95	-8.596810807
15	3	2016	238.68761	20.8733	21.8678	34.2352	352.17001	396.07999	-43.90998	3.8	-8.4681059
15	3	2016	239.022	21.9876	20.2104	34.2333	382.51999	397.26999	-14.75	5.925	-3.231783984
15	3	2016	238.70599	20.9338	21.891	34.2329	351.41	396.14001	-44.73001	1.075	-8.611095086
15	3	2016	238.7037	20.9265	21.8921	34.2314	351.42001	396.19	-44.76999	1.525	-8.618128286
15	3	2016	238.70129	20.919	21.8968	34.2302	351.26001	396.17001	-44.91	1.05	-8.642030494
15	3	2016	238.6991	20.9117	21.888	34.2298	351.19	396.10001	-44.91001	0.225	-8.647847953
15	3	2016	238.6898	20.8807	21.8827	34.2288	351.92999	396.01999	-44.09	3	-8.493417536
15	3	2016	238.69209	20.8883	21.8879	34.2282	351.72	396.04999	-44.32999	3.725	-8.536287325
15	3	2016	239.10049	22.2553	20.1215	34.228	383.51999	397.04001	-13.52002	3.65	-2.982930541
15	3	2016	238.6965	20.9032	21.887	34.2278	351.37	396.12	-44.75	0.275	-8.617772545
15	3	2016	238.69431	20.8958	21.887	34.2277	351.59	396.17999	-44.58999	0.175	-8.58696241
15	3	1993	246.925	18.903	24.33	34.227	354.85999	358.47	-3.61001	6.81999	-0.578390031
15	3	2016	239.146	22.4011	20.1477	34.226	382.82001	396.92999	-14.10998	6.925	-3.106778828
15	3	2016	239.04919	22.08	20.1548	34.2244	384.12	397.10999	-12.98999	3.15	-2.858616955
14	3	2016	238.57021	20.481	21.8359	34.2221	343.20999	395.66	-52.45001	6	-10.14031305
15	3	2016	239.0468	22.0724	20.1486	34.2221	383.85999	397.10001	-13.24002	5.925	-2.915077028
15	3	2016	239.05161	22.0876	20.153	34.2202	383.98999	397.14999	-13.16	4.075	-2.896492276
15	3	2016	239.0242	21.9952	20.1468	34.22	382.44	397.38	-14.94	5.325	-3.289857519
15	3	2016	239.04449	22.0648	20.1296	34.2175	383.89999	397.10001	-13.20002	4.575	-2.910634679
15	3	2016	239.0538	22.0952	20.1384	34.2172	383.95001	397.13	-13.17999	4.075	-2.90423153
15	3	2016	239.056	22.1026	20.14	34.216	383.87	397.28	-13.41	6.025	-2.954563035
15	3	2016	239.0582	22.1102	20.1253	34.2134	383.95001	397.32999	-13.37998	7.075	-2.951360589
15	3	2016	239.0986	22.2477	20.0923	34.2131	384.10999	396.91	-12.80001	3.725	-2.83070065
14	3	2016	238.4695	20.1391	22.2308	34.2111	349.60999	395.42999	-45.82	3.8	-8.596627517
15	3	2016	239.0421	22.0572	20.1168	34.2086	383.87	397.14001	-13.27001	6.725	-2.929106945
15	3	2016	239.0397	22.0495	20.1088	34.2064	384.19	397.20999	-13.01999	7.725	-2.87574029
15	3	2016	239.0266	22.0037	20.1127	34.2019	383.16	397.20001	-14.04001	6.025	-3.100156454
15	3	2016	239.0966	22.24	20.058	34.2019	384.39999	396.88	-12.48001	5.1	-2.7674636
15	3	2016	239.03729	22.0417	20.0958	34.2013	383.79999	397.26001	-13.46002	7.075	-2.976012763
14	3	2016	238.4716	20.1462	21.9751	34.2	351	395.56	-44.56	5.025	-8.524852091
15	3	2016	239.06039	22.1178	20.1036	34.1999	384.01999	397.07001	-13.05002	5.625	-2.883627945
15	3	2016	239.0351	22.0342	20.0898	34.1997	383.72	397.32999	-13.60999	6.25	-3.010600418
15	3	2016	239.033	22.0265	20.0786	34.1979	383.75	397.39001	-13.64001	6.675	-3.019900271
15	3	2016	239.1481	22.409	20.1	34.1962	383.01001	396.92001	-13.91	7	-3.074570389
15	3	2016	239.02879	22.0113	20.0729	34.1927	383.07999	397.32999	-14.25	6.475	-3.156430111
15	3	2016	239.0309	22.0189	20.0593	34.1927	383.34	397.29999	-13.95999	5.725	-3.095470694
15	3	2016	239.0627	22.1256	20.0805	34.1926	384.14001	397.17001	-13.03	6.9	-2.884488111
14	3	2016	238.4738	20.1531	21.9946	34.191	350.12	395.5	-45.38	3.45	-8.669201471
14	3	2016	238.02679	18.641	22.3502	34.189	350.29001	395.34	-45.04999	1.175	-8.376746121
14	3	2016	238.02451	18.6333	22.36	34.188	349.89999	395.35999	-45.46	1.9	-8.446741706
15	3	2016	239.0648	22.1332	20.0643	34.1861	384.07999	397.13	-13.05001	5.975	-2.892654425
14	3	2016	238.0472	18.7097	22.3568	34.186	350.60001	395.35001	-44.75	3.05	-8.31691395
14	3	2016	238.022	18.6258	22.3627	34.1842	349.10999	395.32001	-46.21002	5.2	-8.584490661
15	3	2016	239.0946	22.2324	20.0225	34.1842	384.60999	396.97	-12.36001	3.925	-2.748675477
14	3	2016	238.4758	20.1601	22.0203	34.1827	349.56	395.51001	-45.95001	0.85	-8.761266466
14	3	2016	238.0779	18.8157	22.3395	34.182	351.42001	395.45999	-44.03998	4.775	-8.195853719
15	3	2016	239.067	22.1408	20.0543	34.182	384.23999	397.19	-12.95001	6.025	-2.87278136
16	3	1993	246.63901	19.806	24.543	34.18	357.82999	358.47	-0.64001	4.52	-0.100950938
14	3	2016	238.04849	18.7143	22.3687	34.1776	350.63	395.31	-44.68	3.85	-8.296730558
15	3	2016	239.09261	22.2249	20.0004	34.1765	384.82001	397.13	-12.30999	4.95	-2.742372268
15	3	2016	239.06931	22.1485	20.0333	34.1727	384.45999	397.17001	-12.71002	6.025	-2.824284528
14	3	2016	238.4781	20.1671	22.0503	34.1725	349.28	395.45001	-46.17001	2.9	-8.783544444
14	3	2016	238.0499	18.7188	22.4032	34.1718	350.76001	395.34	-44.57999	4.175	-8.256748749
15	3	2016	239.15021	22.4167	20.007	34.171	382.98999	396.98999	-14	7.675	-3.117341063
14	3	2016	238.46741	20.1321	22.3429	34.1657	347.56	395.32001	-47.76001	3.875	-8.886521666
15	3	2016	239.07179	22.156	20.0116	34.1657	384.64001	397.16	-12.51999	4.65	-2.786860254
14	3	2016	238.0193	18.6183	22.4396	34.1656	348.5	395.28	-46.78	4.125	-8.640587214
15	3	2016	239.09061	22.2174	19.973	34.1653	385.39001	397.16	-11.76999	7.225	-2.627820851
14	3	2016	238.5688	20.4766	21.967	34.1637	342.67999	395.57999	-52.9	4.2	-10.1283231
14	3	2016	238.05119	18.7233	22.4108	34.162	350.85001	395.31	-44.45999	3.6	-8.230148109
15	3	2016	239.0743	22.1636	19.9972	34.1604	384.82999	397.23999	-12.41	1.875	-2.765549674
14	3	2016	238.48019	20.1742	22.0628	34.1601	348.54999	395.56	-47.01001	2.475	-8.935352917
14	3	2016	238.07561	18.8079	22.36	34.1571	351.07999	395.37	-44.29001	4.375	-8.230512032
15	3	2016	239.08859	22.2098	19.9378	34.1552	385.60999	397.04001	-11.43002	6.25	-2.559058015
14	3	2016	238.05251	18.7279	22.4374	34.1546	351.04001	395.35001	-44.31	3.5	-8.186137037
15	3	2016	239.0768	22.171	19.9813	34.1539	384.98001	397.16	-12.17999	3.2	-2.71774328
14	3	2016	238.4823	20.1812	22.0834	34.1518	348.20001	395.53	-47.32999	5.45	-8.982424301
16	1	2005	242.5	20	22.92	34.15	372.10999	378.46	-6.35001	5.53999	-1.131135463
14	3	2016	238.4848	20.1893	22.0948	34.1472	347.66	395.45001	-47.79001	2	-9.062056726
15	3	2016	239.07919	22.1785	19.9518	34.1448	385.06	397.23001	-12.17001	5.25	-2.721889926
15	3	2016	239.1523	22.4244	19.9346	34.1446	383.70999	396.97	-13.26001	6.9	-2.969661427
14	3	2016	238.0732	18.8	22.3606	34.1441	350.94	395.41	-44.47	4.775	-8.264074544
15	3	2016	239.0864	22.2021	19.9282	34.1441	385.60001	397.32001	-11.72	6.95	-2.626084496
14	3	2016	238.05679	18.7434	22.4595	34.1433	350.97	395.29001	-44.32001	3.825	-8.174705842
14	3	2016	238.0804	18.8235	22.4012	34.1431	351.38	395.44	-44.06	3.4	-8.162747468
15	3	2016	239.0843	22.1947	19.9361	34.143	385.14999	397.23999	-12.09	6.95	-2.707333599
14	3	2016	238.07091	18.792	22.3906	34.1426	350.95001	395.44	-44.48999	3.5	-8.249055716
15	3	2016	239.08211	22.1871	19.9393	34.1423	385.14999	397.12	-11.97001	5.6	-2.679803307
14	3	2016	238.48669	20.1964	22.1099	34.1415	347.51999	395.47	-47.95001	0.925	-9.082196016
14	3	2016	238.48869	20.2037	22.1178	34.1402	347.16	395.45001	-48.29001	6.1	-9.14115576
14	3	2016	238.4653	20.1251	22.4278	34.1392	347.10999	395.29999	-48.19	3	-8.910062093
14	3	2016	238.0685	18.7841	22.4468	34.1343	350.85999	395.39001	-44.53002	3.275	-8.221687903
14	3	2016	238.0829	18.8313	22.4744	34.1289	351.34	395.41	-44.07	0.5	-8.119953872
14	3	2016	238.05901	18.7512	22.4826	34.1284	350.92001	395.34	-44.41999	2.175	-8.17937567
14	3	2016	238.5675	20.4723	22.0391	34.1259	341.92999	395.48999	-53.56	4.85	-10.20030853
15	3	2016	239.1544	22.4321	19.8543	34.1231	383.72	397.04001	-13.32001	5.4	-3.002168049
14	3	2016	238.0638	18.7681	22.4931	34.1223	350.60999	395.31	-44.70001	1.7	-8.224622217
14	3	2016	238.06149	18.7601	22.4967	34.1218	350.76001	395.17999	-44.41998	2.775	-8.170887991
16	3	1993	246.189	20.948	22.706	34.118	353.92001	358.47	-4.54999	3.06999	-0.823817477
14	3	2016	238.49071	20.211	22.118	34.1179	346.75	395.39001	-48.64001	3.225	-9.208209497
15	3	2016	239.1638	22.4622	19.8192	34.1168	384.35999	396.95999	-12.6	5.075	-2.847772415
14	3	2016	238.08549	18.8391	22.5173	34.1166	351.17999	395.42999	-44.25	1.825	-8.127123765
14	3	2016	238.49271	20.2182	22.1385	34.1154	346.17001	395.48999	-49.31998	3.45	-9.322499589
14	3	2016	238.5663	20.468	22.111	34.1116	342.09	395.42999	-53.33999	4.45	-10.10364789
14	3	2016	238.0661	18.7761	22.4743	34.1115	350.67999	395.37	-44.69001	2.4	-8.234907662
14	3	2016	238.0168	18.6109	22.51	34.1106	347.81	395.17001	-47.36001	2.775	-8.70336855
16	3	1993	245.964	21.519	22.692	34.108	350.75	358.47	-7.72	3.37	-1.399320624
14	3	2016	238.088	18.8469	22.5696	34.1064	351.20001	395.41	-44.20999	2.15	-8.088063274
14	3	2016	238.49471	20.2254	22.137	34.1061	345.59	395.44	-49.85	2.775	-9.424160209
15	3	2016	239.1662	22.4697	19.7936	34.105	384.82001	397.10001	-12.28	6.275	-2.781162697
14	3	2016	238.4631	20.118	22.4759	34.1048	346.64001	395.35999	-48.71998	3.6	-8.976685564
14	3	2016	238.09019	18.8546	22.6287	34.1037	351.26001	395.41	-44.14999	1.25	-8.041145523
16	3	1993	246.114	21.138	22.558	34.101	349.25	358.47	-9.22	3.55	-1.688290114
14	3	2016	238.4969	20.2325	22.1506	34.0994	345.20999	395.48001	-50.27002	4.125	-9.494034283
15	3	2016	239.16859	22.4774	19.7685	34.0982	385.01001	397.01001	-12	5.375	-2.723176238
14	3	2016	238.01421	18.6035	22.5109	34.0968	347.04001	395.10999	-48.06998	3.45	-8.833793944
14	3	2016	238.0923	18.8624	22.6828	34.0966	351.51001	395.29001	-43.78	4.45	-7.941459019
14	3	2016	238.0117	18.5961	22.5103	34.0964	346.16	395.13	-48.97	3.225	-8.999615503
14	3	2016	238.49899	20.2398	22.1471	34.0958	344.47	395.48999	-51.01999	5.2	-9.638397335
15	3	2016	239.15669	22.4396	19.7884	34.0953	384.22	397.10001	-12.88001	5.8	-2.918371122
14	3	2016	238.09441	18.8703	22.7122	34.095	351.69	395.25	-43.56	4.85	-7.884068635
15	3	2016	239.17349	22.4927	19.7283	34.0936	385.20999	397.01999	-11.81	3.5	-2.688561554
14	3	2016	238.09669	18.8781	22.7384	34.0929	351.75	395.32999	-43.57999	4.2	-7.872160116
14	3	2016	238.56509	20.4636	22.1578	34.0922	341.85999	395.35999	-53.5	1.25	-10.09885432
15	3	2016	239.1711	22.485	19.7426	34.0917	385.26001	396.97	-11.70999	4.675	-2.662835709
14	3	2016	238.0988	18.8859	22.7711	34.0902	352.03	395.34	-43.31	6	-7.804182509
14	3	2016	238.50121	20.247	22.1519	34.0896	344.06	395.51001	-51.45001	1.9	-9.716363476
14	3	2016	238.461	20.111	22.5197	34.0895	346.17999	395.26999	-49.09	3.6	-9.01553235
14	3	2016	238.5058	20.2615	22.1532	34.0894	343.19	395.44	-52.25	3.05	-9.866475889
15	3	2016	239.159	22.4472	19.7348	34.0881	384.60999	397.07999	-12.47	5.95	-2.837440287
14	3	2016	238.50349	20.2543	22.1618	34.0874	343.59	395.48001	-51.89001	1.175	-9.792183839
14	3	2016	238.5081	20.2688	22.154	34.0858	342.92001	395.45001	-52.53	3.85	-9.918908983
14	3	2016	238.1012	18.8938	22.7886	34.0832	352.07001	395.35001	-43.28	4.35	-7.788723449
14	3	2016	238.5105	20.2761	22.1629	34.0824	342.82999	395.39001	-52.56002	4.175	-9.918019219
14	3	2016	238.5453	20.3966	22.2224	34.08	341.70001	395.42999	-53.72998	2.15	-10.09316039
14	3	2016	238.5331	20.358	22.1941	34.079	342.26999	395.35999	-53.09	4.375	-9.994453341
14	3	2016	238.5295	20.3427	22.2053	34.0785	341.79001	395.31	-53.51999	3.5	-10.066853
14	3	2016	238.5312	20.3504	22.1962	34.0763	342.16	395.42999	-53.26999	4.775	-10.02686097
14	3	2016	238.5359	20.3666	22.2029	34.0763	342.28	395.39999	-53.11999	4.775	-9.993537723
14	3	2016	238.45889	20.104	22.5392	34.0759	344.89001	395.38	-50.48999	4	-9.259537261
15	3	2016	239.16141	22.4548	19.7097	34.0754	384.98999	397.22	-12.23001	4.725	-2.788471479
14	3	2016	238.1035	18.9015	22.8146	34.0735	352.38	395.32999	-42.94999	4.275	-7.714514416
14	3	2016	238.51289	20.2834	22.1718	34.0732	342.57001	395.45999	-52.88998	3.6	-9.973952528
16	3	1993	246.26401	20.758	23.664	34.071	346.51001	358.47	-11.95999	3.22	-2.015319381
14	3	2016	238.5278	20.3352	22.2217	34.0661	341.53	395.35999	-53.82999	3.275	-10.11312779
14	3	2016	238.5152	20.2906	22.1973	34.0654	342.29999	395.51001	-53.21002	3.5	-10.01523513
14	3	2016	238.5177	20.2979	22.2107	34.0632	342.14999	395.39999	-53.25	3.825	-10.01266107
14	3	2016	238.54311	20.3891	22.2411	34.0627	341.78	395.35999	-53.57999	1.825	-10.05149295
14	3	2016	238.5201	20.3052	22.2306	34.0617	341.91	395.44	-53.53	2.175	-10.05017331
14	3	2016	238.1057	18.9094	22.8228	34.0611	352.16	395.22	-43.06	0.825	-7.72992315
14	3	2016	238.52609	20.3276	22.2471	34.0604	341.76001	395.31	-53.54999	2.4	-10.04139363
14	3	2016	238.5407	20.3816	22.2447	34.0603	342.17999	395.45999	-53.28	0.5	-9.992592487
14	3	2016	238.00929	18.5888	22.6299	34.0595	345.76001	395	-49.23999	6.1	-8.969191829
14	3	2016	238.5383	20.3741	22.2306	34.0593	343.01999	395.42001	-52.40002	3.4	-9.838129306
14	3	2016	238.5224	20.3126	22.2369	34.059	341.67001	395.45999	-53.78998	2.775	-10.09427705
14	3	2016	238.13341	19.0047	22.8719	34.0582	351.69	395.42999	-43.73999	4.075	-7.823048948
14	3	2016	238.1312	18.997	22.8663	34.0581	351.67001	395.48001	-43.81	3.75	-7.838885996
14	3	2016	238.108	18.9172	22.8563	34.0576	352.42999	395.23001	-42.80002	1.95	-7.663970273
14	3	2016	238.52431	20.3201	22.2516	34.0569	341.53	395.35001	-53.82001	1.7	-10.08873919
16	3	1993	246.489	20.187	24.378	34.055	351.47	358.47	-7	5.84999	-1.118391547
16	3	1993	246.039	21.329	22.629	34.055	345.20999	358.47	-13.26001	4.78999	-2.415559173
15	3	1993	247.004	18.669	25.194	34.054	349.67999	358.47	-8.79001	6.3	-1.321910347
14	3	2016	238.1357	19.0123	22.8867	34.0539	351.98001	395.57001	-43.59	3.3	-7.787673477
14	3	2016	238.1102	18.9251	22.857	34.0528	352.13	395.29001	-43.16001	0.8	-7.728192151
14	3	2016	238.1288	18.9893	22.8761	34.0524	351.69	395.39001	-43.70001	3.15	-7.81362774
14	3	2016	238.1125	18.9332	22.8551	34.0523	352.07001	395.20999	-43.13998	0.675	-7.725730941
14	3	2016	238.1149	18.9412	22.8592	34.0522	352.23999	395.28	-43.04001	1.575	-7.70544659
14	3	2016	238.1382	19.0197	22.8929	34.052	351.85001	395.54999	-43.69998	0.85	-7.803738402
14	3	2016	238.4567	20.0969	22.5457	34.0513	344.06	395.38	-51.32	0.55	-9.408180284
14	3	2016	238.1198	18.9582	22.8721	34.0498	351.88	395.29001	-43.41001	2.225	-7.764210236
14	3	2016	238.11749	18.9503	22.8786	34.0495	352.04001	395.29999	-43.25998	0.525	-7.733592676
14	3	2016	238.1221	18.9661	22.8691	34.048	351.95999	395.32999	-43.37	3.55	-7.758873935
14	3	2016	238.1243	18.9739	22.87	34.0473	351.79999	395.31	-43.51001	2.75	-7.783417795
14	3	2016	238.1266	18.9817	22.8817	34.0473	351.78	395.41	-43.63	3.225	-7.797994972
16	3	1993	245.589	22.471	23.316	34.047	343.19	358.47	-15.28	4.25999	-2.643141204
14	3	2016	238.14059	19.0273	22.8959	34.0449	351.92001	395.47	-43.54999	0.025	-7.77544486
14	3	2016	238.14281	19.035	22.9226	34.0397	351.79001	395.5	-43.70999	1.825	-7.788493439
14	3	2016	238.4547	20.0902	22.5776	34.0288	343.98999	395.20999	-51.22	0.325	-9.368161385
14	3	2016	238.1449	19.0426	22.9298	34.0266	351.85001	395.48999	-43.63998	2.075	-7.772259885
14	3	2016	238.0069	18.5814	22.7184	34.0202	345.66	394.98001	-49.32001	0.925	-8.925449173
14	3	2016	238.147	19.0502	22.9075	34.0169	351.38	395.48999	-44.10999	2.925	-7.869540421
16	3	1993	246.339	20.567	23.905	34.008	345.51999	358.47	-12.95001	2.97	-2.143762408
14	3	2016	238.14909	19.0577	22.909	33.9994	350.84	395.5	-44.66	1.075	-7.967398379
14	3	2016	238.4527	20.0832	22.6152	33.9994	343.70001	395.20999	-51.50998	2.125	-9.395689456
16	3	1993	245.664	22.28	23.197	33.994	342.16	358.47	-16.31	3.00999	-2.847348205
14	3	2016	238.0042	18.573	22.8127	33.9902	345.35999	394.87	-49.51001	2	-8.89744719
14	3	2016	238.45061	20.0762	22.6796	33.9824	343.60999	395.32001	-51.71002	3.05	-9.387073279
16	3	1993	245.814	21.9	23.894	33.981	342.20999	358.47	-16.26001	4.02	-2.694245681
16	3	1993	245.739	22.09	23.75	33.975	341.69	358.47	-16.78	3.18001	-2.810587439
14	3	2016	238.1514	19.0652	23.1908	33.9686	352.54001	395.51001	-42.97	1.575	-7.505930497
16	3	1993	245.88901	21.709	23.828	33.966	342.45001	358.47	-16.01999	3.67	-2.667785238
14	3	2016	238.44839	20.069	22.7189	33.9651	343.35001	395.29001	-51.94	2.05	-9.401592198
14	3	2016	238.4463	20.0619	22.7515	33.9594	343.22	395.22	-52	0.85	-9.389536961
16	3	1993	246.414	20.377	24.694	33.957	347.57999	358.47	-10.89001	3.81999	-1.700257357
14	3	2016	238.4442	20.0548	22.777	33.9477	343.04001	395.17999	-52.13998	0.575	-9.397193602
14	3	2016	238.44209	20.0478	22.822	33.9409	343.06	395.13	-52.07	4.95	-9.353031908
14	3	2016	238.00169	18.5656	23.1012	33.9366	346.10999	394.69	-48.58001	5.45	-8.544535505
14	3	2016	238.3179	19.629	22.8316	33.9299	341.51999	395.87	-54.35001	1.075	-9.755991653
14	3	2016	238.44	20.0407	22.8527	33.9295	342.59	395.20001	-52.61001	4.925	-9.428643573
14	3	2016	238.32001	19.6364	22.8094	33.9257	341.20999	395.85001	-54.64002	3.075	-9.824691174
14	3	2016	238.15359	19.0727	23.2164	33.9255	353.12	395.56	-42.44	3.775	-7.400535111
15	3	1993	247.078	18.437	25.668	33.924	348.92999	358.47	-9.54001	3.94	-1.386181851
14	3	2016	238.3266	19.6586	22.8471	33.9231	341.07999	395.79001	-54.71002	1.775	-9.809433464
14	3	2016	238.438	20.0337	22.8985	33.9203	342.72	395.12	-52.4	5.825	-9.358996127
14	3	2016	238.3158	19.6215	22.8605	33.9196	341.45999	395.76001	-54.30002	3.325	-9.726233567
14	3	2016	238.3316	19.6744	22.9327	33.9171	342.32001	395.64001	-53.32	2.6	-9.498915669
14	3	2016	238.3243	19.6512	22.8517	33.9154	341	395.70999	-54.70999	1.575	-9.806365994
14	3	2016	238.3221	19.6439	22.8382	33.9153	341.12	395.79001	-54.67001	1.725	-9.809195533
14	3	2016	238.3293	19.6671	22.9099	33.9148	341.59	395.67999	-54.08999	1.1	-9.652775995
14	3	2016	238.3136	19.614	22.8798	33.9136	341.75	395.84	-54.09	2.675	-9.674777177
14	3	2016	238.43581	20.0266	22.9235	33.9099	342.60999	395.22	-52.61001	4.75	-9.379244233
14	3	2016	238.33389	19.6819	22.9213	33.9072	342.5	395.69	-53.19	1.3	-9.484334191
14	3	2016	238.3363	19.6893	22.9591	33.9067	342.64999	395.70999	-53.06	0.1	-9.434242651
14	3	2016	238.43381	20.0196	22.9535	33.906	342.64001	395.20999	-52.56998	5	-9.351092971
14	3	2016	238.31149	19.6067	22.8706	33.9051	341.82999	395.78	-53.95001	1.5	-9.65681301
14	3	2016	238.33839	19.6968	22.9747	33.9041	342.81	395.57001	-52.76001	3.275	-9.369987028
14	3	2016	238.3428	19.7116	23.0087	33.9013	343.25	395.62	-52.37	0.725	-9.277034972
14	3	2016	238.34061	19.7042	22.9955	33.901	343.35001	395.56	-52.20999	0.3	-9.257908682
14	3	2016	238.4315	20.0115	22.9776	33.8994	342.42001	395.16	-52.73999	3.975	-9.364583937
14	3	2016	238.347	19.7265	23.0394	33.8963	343.23999	395.47	-52.23001	6.275	-9.231067186
14	3	2016	238.34489	19.719	23.0139	33.8953	343.22	395.54001	-52.32001	0.975	-9.264800597
14	3	2016	238.4294	20.0043	23.0072	33.8945	342.72	395.10001	-52.38001	1.3	-9.280143767
15	3	1993	247.153	18.21	25.808	33.889	348.70999	358.47	-9.76001	3.99001	-1.403821706
14	3	2016	238.42731	19.9972	23.0205	33.8883	342.54999	395.20001	-52.65002	2	-9.318898871
14	3	2016	238.42509	19.9901	23.0453	33.8855	342.54001	395.12	-52.57999	3.775	-9.2892478
14	3	2016	238.3492	19.7338	23.0283	33.8843	343.41	395.54001	-52.13001	2.725	-9.221604531
14	3	2016	238.15581	19.0802	23.2972	33.884	353.41	395.38	-41.97	1.625	-7.275622016
14	3	2016	238.2984	19.5622	23.0041	33.8836	341.82999	395.64999	-53.82	2.25	-9.537966372
14	3	2016	238.42281	19.983	23.0594	33.8794	342.53	395.16	-52.63	2.15	-9.288469038
14	3	2016	238.35361	19.7483	23.0876	33.8776	343.39999	395.42001	-52.02002	1.6	-9.161411805
14	3	2016	238.3558	19.7556	23.0929	33.8775	343.23001	395.42001	-52.19	1.125	-9.187683982
14	3	2016	237.9993	18.5582	23.2181	33.8774	346.04999	394.56	-48.51001	2.475	-8.45976442
14	3	2016	238.3513	19.741	23.071	33.8771	343.23001	395.53	-52.29999	0.225	-9.222261638
14	3	2016	238.4207	19.9759	23.0833	33.8762	342.41	395.25	-52.84	2.9	-9.308894227
15	3	1993	247.185	17.982	25.819	33.873	349.25	358.47	-9.22	4.17	-1.325170544
14	3	2016	238.3582	19.7629	23.1018	33.873	343.28	395.39999	-52.11999	0.3	-9.169399417
14	3	2016	238.4185	19.9687	23.0952	33.8697	342.42999	395.13	-52.70001	0.975	-9.276189301
14	3	2016	238.3606	19.7701	23.1088	33.8683	343.20999	395.39999	-52.19	0.675	-9.17707381
14	3	2016	238.2961	19.5548	23.1443	33.8682	342.51999	395.64999	-53.13	0.9	-9.317434011
14	3	2016	238.4164	19.9614	23.1091	33.8678	342.48999	395.14001	-52.65002	7.6	-9.257775476
14	3	2016	238.3629	19.7773	23.1217	33.8666	343.22	395.44	-52.22	0.25	-9.173506092
14	3	2016	238.3006	19.5697	22.9705	33.8664	340.87	395.73999	-54.86999	2	-9.749467517
14	3	2016	238.3651	19.7846	23.1377	33.863	343.35999	395.29001	-51.93002	1.375	-9.111733086
14	3	2016	238.4142	19.954	23.1162	33.8625	342.59	395.04001	-52.45001	1	-9.217899459
14	3	2016	238.158	19.0877	23.3574	33.8617	352.67001	395.35001	-42.68	3.25	-7.366057151
14	3	2016	238.412	19.9465	23.1273	33.8611	342.34	395.16	-52.82	0.1	-9.27522881
14	3	2016	238.4099	19.9389	23.1386	33.8575	342.53	395.25	-52.72	1.575	-9.2499485
14	3	2016	238.4077	19.9312	23.1442	33.8561	342.44	395.20999	-52.76999	2.125	-9.254876445
14	3	2016	238.3708	19.8068	23.1592	33.8536	342.73001	395.32001	-52.59	1.45	-9.213007481
14	3	2016	238.37289	19.8145	23.159	33.8533	342.66	395.31	-52.65	1.2	-9.223669989
14	3	2016	238.3689	19.7994	23.1656	33.8531	342.97	395.25	-52.28	1.4	-9.154310735
14	3	2016	238.40559	19.9237	23.1512	33.8527	342.26001	395.25	-52.98999	1.85	-9.288708622
14	3	2016	238.3028	19.5771	23.0877	33.8525	341.72	395.70999	-53.98999	2.15	-9.509360994
14	3	2016	238.375	19.8221	23.1571	33.8525	342.67001	395.22	-52.54999	0.25	-9.207499265
14	3	2016	238.3671	19.792	23.1468	33.852	343.12	395.28	-52.16	1.225	-9.146275617
14	3	2016	238.16029	19.0952	23.4584	33.8511	353.22	395.29001	-42.07001	1.625	-7.206276958
14	3	2016	238.3051	19.5845	23.1164	33.8505	341.72	395.73999	-54.01999	1.7	-9.494191679
14	3	2016	238.3959	19.8912	23.156	33.8503	342.60999	395.14999	-52.54	0.825	-9.206602853
14	3	2016	238.40131	19.9088	23.1613	33.849	342.32999	395.17001	-52.84002	0.8	-9.255537652
14	3	2016	238.39729	19.8957	23.1609	33.8468	342.48999	395.22	-52.73001	0.425	-9.236638322
14	3	2016	238.39999	19.9044	23.1729	33.8465	342.47	395.12	-52.65	0.6	-9.214311275
14	3	2016	238.30721	19.5918	23.1386	33.8459	341.91	395.67999	-53.76999	1.675	-9.434670123
14	3	2016	237.9969	18.5508	23.4087	33.8443	347.23999	394.45001	-47.21002	2.9	-8.117195283
14	3	2016	238.39861	19.9001	23.1659	33.8442	342.29999	395.17001	-52.87002	0.25	-9.257788813
14	3	2016	237.7771	17.7873	23.599	33.8415	347.5	394.04999	-46.54999	3.525	-7.890373741
14	3	2016	238.3093	19.5992	23.1468	33.8405	341.78	395.76999	-53.98999	1.875	-9.467658863
14	3	2016	237.77451	17.7789	23.6	33.8391	347.48999	394	-46.51001	3.25	-7.883091655
14	3	2016	237.772	17.7707	23.6138	33.8355	347.53	393.98999	-46.45999	2.75	-7.866602192
14	3	2016	237.76961	17.7624	23.621	33.8314	347.42999	393.95999	-46.53	3.65	-7.87435274
14	3	2016	238.2939	19.5473	23.2271	33.8285	342.23999	395.62	-53.38001	1.5	-9.304817136
14	3	2016	238.16251	19.1027	23.4982	33.8264	353.10999	395.35001	-42.24002	3.3	-7.214630579
14	3	2016	238.2916	19.54	23.2785	33.8257	342.37	395.51001	-53.14001	1.175	-9.227369326
14	3	2016	238.1647	19.1102	23.499	33.8194	352.35001	395.29001	-42.94	4.6	-7.333979723
14	3	2016	238.2894	19.5326	23.3129	33.8141	342.57001	395.51001	-52.94	0.4	-9.169384342
14	3	2016	237.9946	18.5433	23.4845	33.8116	347.57001	394.44	-46.86999	0.85	-8.014201583
14	3	2016	238.1692	19.1252	23.5296	33.8115	350.23999	395.28	-45.04001	3.275	-7.675291749
14	3	2016	238.2872	19.5251	23.3453	33.8083	342.67001	395.48999	-52.81998	3.5	-9.126592109
14	3	2016	238.1718	19.1335	23.5105	33.8062	349.60999	395.47	-45.86001	3.05	-7.826418976
14	3	2016	238.16701	19.1177	23.5127	33.806	351.17001	395.28	-44.10999	0.575	-7.526527205
14	3	2016	238.2852	19.5177	23.3595	33.8049	342.64999	395.53	-52.88001	2.5	-9.127363917
14	3	2016	238.283	19.5103	23.3793	33.8034	342.92999	395.45001	-52.52002	0.925	-9.05181824
14	3	2016	238.174	19.1409	23.5315	33.8015	349.12	395.32001	-46.20001	2.7	-7.872202045
14	3	2016	237.9922	18.5359	23.555	33.8013	348.35001	394.29999	-45.94998	3.45	-7.815820855
14	3	2016	238.2809	19.5028	23.3943	33.8	343.04001	395.57001	-52.53	1.875	-9.043485135
14	3	2016	238.2787	19.4954	23.4073	33.7976	343.32999	395.42999	-52.1	1.19E-06	-8.960803488
14	3	2016	237.76711	17.7541	23.7494	33.7967	348.81	393.88	-45.07	2.775	-7.555470135
14	3	2016	237.98981	18.5284	23.6015	33.7948	348.62	394.28	-45.66	5.025	-7.739700066
14	3	2016	238.2765	19.488	23.4194	33.7935	343.59	395.45999	-51.86999	1.775	-8.91330833
16	3	1993	246.564	19.996	25.085	33.792	348.95001	358.47	-9.51999	4.52	-1.444964451
14	3	2016	238.27409	19.4798	23.4362	33.7907	343.81	395.5	-51.69	1.875	-8.871296774
14	3	2016	237.7796	17.7955	23.6853	33.7903	349.25	393.76999	-44.51999	3.7	-7.499384845
14	3	2016	238.1763	19.1482	23.5417	33.7888	348.39001	395.34	-46.94999	2.1	-7.994336162
14	3	2016	237.9874	18.5209	23.6936	33.7875	349.57001	394.20001	-44.63	3.8	-7.513339744
14	3	2016	237.7867	17.8209	23.7363	33.7851	349.10001	393.63	-44.52999	1.275	-7.472657636
14	3	2016	238.2719	19.4724	23.4516	33.785	344.07999	395.35001	-51.27002	0.075	-8.789279695
14	3	2016	238.1785	19.1555	23.586	33.784	348.14001	395.42999	-47.28998	3.225	-8.025702766
14	3	2016	238.26579	19.4501	23.5081	33.784	344.70999	395.37	-50.66001	0.525	-8.648006093
14	3	2016	238.2636	19.4428	23.5107	33.7834	344.81	395.20001	-50.39001	3.425	-8.600261189
14	3	2016	238.2699	19.465	23.4746	33.7832	344.26001	395.29001	-51.03	0.6	-8.733118071
14	3	2016	238.26151	19.4354	23.5057	33.7827	344.56	395.34	-50.78	1.95	-8.670100839
14	3	2016	237.7822	17.804	23.7232	33.7822	349.04001	393.69	-44.64999	2.7	-7.500244392
14	3	2016	238.2679	19.4576	23.5031	33.7821	344.45001	395.34	-50.88999	0.075	-8.690598716
14	3	2016	238.25929	19.4281	23.4939	33.7816	344.38	395.37	-50.99	2.125	-8.713709042
15	3	1993	247.519	16.79	25.603	33.781	349	358.47	-9.47	6.89999	-1.383492347
14	3	2016	238.2572	19.4208	23.4919	33.7798	344.35001	395.42001	-51.07	1.125	-8.728760887
14	3	2016	237.7845	17.8125	23.7485	33.7795	349.35001	393.66	-44.30999	0.05	-7.429139886
14	3	2016	238.255	19.4135	23.487	33.7779	344.34	395.35001	-51.01001	1.525	-8.72178809
14	3	2016	238.2529	19.4063	23.486	33.7775	344.48999	395.41	-50.92001	2.825	-8.707068691
14	3	2016	238.2506	19.3991	23.4871	33.777	344.54999	395.45999	-50.91	2.125	-8.704658308
14	3	2016	237.7648	17.7461	23.7589	33.7767	348.57999	393.92999	-45.35	1.075	-7.597691062
14	3	2016	237.75729	17.7221	23.7698	33.776	348.70999	393.92999	-45.22	1.7	-7.569758432
14	3	2016	238.2438	19.3777	23.487	33.776	344.66	395.35001	-50.69001	1.525	-8.667148344
14	3	2016	238.246	19.3848	23.487	33.7759	344.60001	395.26001	-50.66	1.075	-8.66202105
14	3	2016	238.24831	19.392	23.49	33.7756	344.60001	395.38	-50.77999	0.95	-8.680595158
14	3	2016	238.24159	19.3706	23.4854	33.7755	344.98001	395.32999	-50.34998	1.05	-8.61006183
14	3	2016	238.23959	19.3634	23.4993	33.7744	344.91	395.31	-50.4	0.225	-8.609675535
14	3	2016	238.18089	19.1628	23.5899	33.7735	347.60999	395.32999	-47.72	3.9	-8.096699521
14	3	2016	238.23759	19.3564	23.5141	33.7733	345.35999	395.54001	-50.18002	0.275	-8.562628461
14	3	2016	237.7597	17.73	23.7591	33.7728	348.89999	393.92999	-45.03	1.6	-7.5440998
14	3	2016	237.7549	17.7142	23.775	33.7722	348.53	393.98999	-45.45999	0.175	-7.607102257
14	3	2016	237.7524	17.7061	23.773	33.7718	348.48999	394.01999	-45.53	1.825	-7.619971484
14	3	2016	237.74989	17.6983	23.774	33.7717	348.32001	394.04999	-45.72998	2.55	-7.652871232
14	3	2016	238.1832	19.1702	23.6017	33.7715	347.10999	395.35001	-48.24002	2.65	-8.177770155
14	3	2016	237.76221	17.738	23.7729	33.7705	348.82001	393.89001	-45.07	0.1	-7.543085836
14	3	2016	238.2357	19.3492	23.5184	33.77	345.22	395.42001	-50.20001	0.175	-8.563404993
14	3	2016	238.2041	19.2454	23.631	33.7695	345.89001	395.29999	-49.40998	0.3	-8.357809854
14	3	2016	238.2336	19.342	23.5321	33.7695	345.37	395.45999	-50.08999	3.725	-8.535881536
14	3	2016	238.2021	19.238	23.6291	33.7684	345.76001	395.25	-49.48999	0.025	-8.372577134
14	3	2016	238.2291	19.3277	23.5378	33.7681	345.51001	395.39999	-49.88998	3	-8.498218086
14	3	2016	237.7477	17.6904	23.8107	33.7674	348.70999	394.01999	-45.31	1.625	-7.561943583
14	3	2016	238.1936	19.2075	23.625	33.7674	345.73999	395.35999	-49.62	4.875	-8.39718902
14	3	2016	238.1855	19.1776	23.604	33.7673	346.98999	395.23999	-48.25	2.85	-8.178207345
14	3	2016	238.22369	19.3096	23.6173	33.7672	345.89001	395.37	-49.47999	3.75	-8.378335398
14	3	2016	238.2253	19.3149	23.5985	33.767	345.95001	395.34	-49.38999	4.05	-8.374894459
14	3	2016	238.2	19.2303	23.631	33.7664	345.66	395.28	-49.62	1.6	-8.393452707
14	3	2016	238.1873	19.1851	23.6069	33.766	346.42999	395.35999	-48.93	2.8	-8.291711414
14	3	2016	238.1958	19.215	23.632	33.7655	345.85999	395.32001	-49.46002	6.075	-8.365798523
14	3	2016	237.78889	17.8294	23.783	33.7654	349.26001	393.57001	-44.31	0.925	-7.410457505
14	3	2016	238.2278	19.3234	23.5655	33.7654	345.63	395.42999	-49.79999	3.8	-8.465392325
14	3	2016	238.19141	19.2001	23.6238	33.7652	346.06	395.42001	-49.36001	3.575	-8.354025044
14	3	2016	238.198	19.2227	23.632	33.7651	345.85999	395.37	-49.51001	3.825	-8.374269089
14	3	2016	238.2265	19.3192	23.5872	33.7645	345.82001	395.29001	-49.47	2.6	-8.395663929
14	3	2016	238.1893	19.1925	23.6138	33.7639	346.10001	395.39001	-49.29	2.925	-8.348478522
14	3	2016	237.7455	17.6826	23.8326	33.7608	348.64999	393.89999	-45.25	0.8	-7.539794228
14	3	2016	237.7433	17.6749	23.8767	33.7575	348.89999	394	-45.10001	0.65	-7.490174219
14	3	2016	237.985	18.5134	23.7522	33.7538	349.5	394.17999	-44.67999	3.875	-7.489969203
14	3	2016	237.791	17.8379	23.8531	33.752	349.47	393.39999	-43.92999	7.05	-7.308924199
14	3	2016	237.7411	17.6669	23.8849	33.7486	349.01001	393.92001	-44.91	0.4	-7.454345673
14	3	2016	237.79311	17.8465	23.9186	33.7465	350.38	393.44	-43.06	3.125	-7.129362531
14	3	2016	237.7384	17.6579	23.8949	33.7449	348.95001	393.89001	-44.94	2.075	-7.453875661
14	3	2016	237.73621	17.6502	23.902	33.7446	349.04001	393.92999	-44.88998	1.4	-7.441639038
14	3	2016	237.73399	17.6424	23.9455	33.7443	349.38	393.76001	-44.38001	0.95	-7.333232063
14	3	2016	237.9826	18.5061	23.8541	33.7406	349.92999	394.12	-44.19001	3	-7.352013406
14	3	2016	237.7953	17.856	23.9443	33.7394	350.89999	393.29999	-42.4	0.05	-7.006843357
14	3	2016	237.7317	17.6345	24.0245	33.7377	349.92001	393.76001	-43.84	0.425	-7.201600296
14	3	2016	237.7972	17.8644	23.9743	33.7366	351.32999	393.31	-41.98001	0.75	-6.92199455
14	3	2016	237.7991	17.8726	23.9892	33.7347	352.25	393.45999	-41.20999	1.13E-06	-6.787527822
14	3	2016	237.8011	17.881	23.9988	33.7313	352.29001	393.5	-41.20999	2.475	-6.782767078
14	3	2016	237.80299	17.8893	24.0253	33.7278	352.73001	393.37	-40.63999	3.575	-6.675833019
14	3	2016	237.7296	17.6269	24.0419	33.7246	350.26001	393.84	-43.57999	0.275	-7.150016362
14	3	2016	237.80859	17.9054	24.0793	33.7235	353.67999	393.39999	-39.72	3.7	-6.498587594
14	3	2016	237.8056	17.8973	24.0465	33.7218	353.07999	393.45999	-40.38	3.275	-6.622814085
14	3	2016	237.81149	17.9135	24.0947	33.7196	354.67001	393.35999	-38.68998	4.35	-6.322906833
14	3	2016	237.7274	17.6191	24.044	33.7186	349.85001	393.82001	-43.97	1.575	-7.213067811
14	3	2016	237.7252	17.6112	24.046	33.7184	349.89001	393.85001	-43.96	3.325	-7.210357278
14	3	2016	237.9185	18.2723	24.0696	33.7165	353.98001	393.59	-39.60999	2.175	-6.485486056
14	3	2016	237.7229	17.6035	24.0885	33.7162	350.48999	393.73001	-43.24002	4.15	-7.069874788
14	3	2016	237.92059	18.2798	24.0631	33.7132	353.10001	393.60001	-40.5	1.975	-6.634526821
14	3	2016	237.87151	18.1155	24.1155	33.7122	355.44	393.35001	-37.91001	4.225	-6.186038988
14	3	2016	237.9229	18.2875	24.0865	33.7112	352.60001	393.64001	-41.04	2.35	-6.711317234
14	3	2016	237.9803	18.4988	23.9212	33.7101	350.63	394.04999	-43.41999	3.6	-7.188747094
14	3	2016	237.925	18.295	24.0968	33.7094	351.85999	393.70001	-41.84002	1.05	-6.836944082
14	3	2016	237.92731	18.3026	24.0911	33.7093	351.64999	393.57999	-41.93	1.65	-6.854565254
15	3	1993	247.44501	17.025	26.165	33.709	350.56	358.47	-7.91	6.17	-1.109141495
14	3	2016	237.9093	18.2417	24.1928	33.7089	355.95999	393.51999	-37.56	2.9	-6.093784945
14	3	2016	237.7207	17.5959	24.1506	33.7083	351.09	393.67999	-42.58999	3.825	-6.931653573
14	3	2016	237.9162	18.2646	24.0993	33.7079	354.88	393.57001	-38.69001	3.55	-6.321074426
14	3	2016	237.87289	18.1199	24.1209	33.7078	355.29999	393.45999	-38.16	4.675	-6.224446751
14	3	2016	237.9294	18.3101	24.0979	33.7067	351.35999	393.64999	-42.29	2.7	-6.9099906
14	3	2016	237.8773	18.1333	24.1093	33.7066	354.56	393.42001	-38.86001	3.25	-6.344150531
14	3	2016	237.8744	18.1244	24.1259	33.7061	355.17001	393.47	-38.29999	3.5	-6.244999123
14	3	2016	237.8759	18.1289	24.1231	33.706	354.94	393.45999	-38.51999	0.875	-6.282186053
14	3	2016	237.9117	18.2494	24.1497	33.706	355.35001	393.53	-38.17999	3.875	-6.214393675
14	3	2016	237.91389	18.257	24.1559	33.7049	355.38	393.45001	-38.07001	4.175	-6.193658784
14	3	2016	237.882	18.1487	24.109	33.7048	354.12	393.29999	-39.17999	4.925	-6.396584287
14	3	2016	237.8887	18.172	24.1399	33.7038	353.89001	393.39001	-39.5	6.375	-6.434010691
14	3	2016	237.8842	18.1565	24.1305	33.7026	354.14001	393.48999	-39.34998	2.475	-6.414104733
14	3	2016	237.8909	18.1797	24.1263	33.7017	353.47	393.51001	-40.04001	4.45	-6.528652143
14	3	2016	237.90691	18.2341	24.2222	33.7015	355.67999	393.41	-37.73001	1.675	-6.1081698
14	3	2016	237.9315	18.3175	24.1596	33.7011	351.29001	393.44	-42.14999	2.2	-6.855661116
14	3	2016	237.89301	18.1873	24.1476	33.7008	353.35999	393.42001	-40.06002	5	-6.521571838
14	3	2016	237.7184	17.588	24.1698	33.6998	351.29001	393.70001	-42.41	4.275	-6.892746999
14	3	2016	237.8952	18.1949	24.1529	33.6991	353.20999	393.45001	-40.24002	4.925	-6.548336059
14	3	2016	237.5515	17.0166	25.077	33.6987	360.47	392.01999	-31.54999	4.15	-4.793552953
14	3	2016	237.556	17.032	25.078	33.6987	360.87	392.14001	-31.27001	2.45	-4.750662524
14	3	2016	237.5538	17.0243	25.075	33.6981	360.5	392.10001	-31.60001	3.15	-4.801876334
14	3	2016	237.88651	18.1642	24.1359	33.698	354.03	393.42999	-39.39999	1.85	-6.419802829
14	3	2016	237.93359	18.3251	24.2001	33.6975	351.57001	393.42999	-41.85998	1.975	-6.788072063
14	3	2016	237.5607	17.0475	25.069	33.6974	360.62	392.19	-31.57	3.925	-4.799461969
14	3	2016	237.5584	17.0398	25.074	33.6971	360.82001	392.23999	-31.41998	4.75	-4.774893991
14	3	2016	237.5629	17.0553	25.069	33.697	360.39001	392.22	-31.82999	4.65	-4.838995841
14	3	2016	237.58501	17.1322	25.0683	33.6968	359.88	392.5	-32.62	0.475	-4.959359512
14	3	2016	237.54939	17.0089	25.0869	33.6966	360.14999	391.97	-31.82001	1.675	-4.831082697
14	3	2016	237.5876	17.1408	25.0891	33.6961	360.14001	392.48999	-32.34998	3.15	-4.910756888
14	3	2016	237.7162	17.5805	24.2157	33.6958	351.95999	393.70001	-41.74002	4.025	-6.760804262
14	3	2016	237.5652	17.0632	25.0696	33.6955	360.94	392.29001	-31.35001	4.75	-4.765846447
14	3	2016	237.5827	17.1246	25.0561	33.6955	359.35001	392.5	-33.14999	0.325	-5.04451882
14	3	2016	237.9357	18.3326	24.2323	33.6955	351.78	393.45001	-41.67001	2.5	-6.741127875
14	3	2016	237.8974	18.2025	24.1716	33.6954	353.47	393.32001	-39.85001	5.8	-6.475939671
14	3	2016	237.5472	17.0013	25.0712	33.6953	359.41	392	-32.59	4.175	-4.953768158
14	3	2016	237.9377	18.3401	24.2496	33.6944	351.91	393.44	-41.53	4.525	-6.709854856
14	3	2016	237.5898	17.1485	25.0971	33.6937	360.39001	392.48999	-32.09998	0.675	-4.869974736
14	3	2016	237.5672	17.0708	25.0669	33.6933	360.70999	392.29999	-31.59	4.175	-4.803336777
14	3	2016	237.9398	18.3477	24.2774	33.6931	351.97	393.35999	-41.38999	3.8	-6.673435736
14	3	2016	237.5921	17.1559	25.103	33.6929	360.29001	392.59	-32.29999	0.4	-4.898197251
14	3	2016	237.90221	18.2188	24.2172	33.6922	354.14999	393.42999	-39.28	3.275	-6.361736154
14	3	2016	237.5694	17.0787	25.0559	33.6921	360.22	392.42001	-32.20001	4.95	-4.90010471
14	3	2016	237.59441	17.1636	25.1061	33.6921	360.16	392.59	-32.43	0.025	-4.916802406
14	3	2016	237.8997	18.2101	24.1897	33.692	353.87	393.54001	-39.67001	4.95	-6.438092252
14	3	2016	237.9045	18.2265	24.2337	33.6917	355.07001	393.39001	-38.32	0.825	-6.198642053
14	3	2016	237.58051	17.117	25.0452	33.6914	358.78	392.45999	-33.67999	0.7	-5.12940119
14	3	2016	237.5312	16.9478	25.0311	33.6912	358.31	391.85001	-33.54001	4.225	-5.113422165
14	3	2016	237.53349	16.9553	25.0482	33.6912	358.37	391.87	-33.5	4.8	-5.100860603
14	3	2016	237.57159	17.0864	25.048	33.6911	359.79001	392.31	-32.51999	2.575	-4.951715396
14	3	2016	237.57381	17.0941	25.049	33.6908	359.73999	392.48999	-32.75	0.225	-4.9863758
14	3	2016	237.59669	17.1713	25.1231	33.6904	360.32001	392.62	-32.29999	0.125	-4.890972328
14	3	2016	237.576	17.1018	25.047	33.6901	359.56	392.5	-32.94	0.2	-5.016062658
14	3	2016	237.5782	17.1094	25.043	33.69	359.66	392.48001	-32.82001	0.45	-4.999273153
14	3	2016	237.59891	17.179	25.129	33.6898	360.35001	392.72	-32.36999	0.2	-4.899445939
14	3	2016	237.942	18.3552	24.3093	33.6897	352.37	393.35999	-40.98999	1.925	-6.593357504
14	3	2016	237.52901	16.9405	25.0055	33.6896	357.89001	391.82001	-33.93	5.55	-5.182731029
14	3	2016	237.6012	17.1866	25.1441	33.6887	360.42999	392.66	-32.23001	0.675	-4.872836418
14	3	2016	237.6057	17.2017	25.1491	33.688	360.62	392.70001	-32.08001	0.325	-4.848379548
14	3	2016	237.536	16.9638	25.0659	33.6879	358.70999	392.01999	-33.31	4.7	-5.065363759
14	3	2016	237.60339	17.1942	25.15	33.6878	360.60001	392.72	-32.11999	1.3	-4.854103039
14	3	2016	237.5451	16.9937	25.067	33.6877	359.42999	391.94	-32.51001	4.025	-4.94331329
14	3	2016	237.9444	18.3626	24.347	33.6872	352.78	393.39001	-40.61001	2	-6.513996665
14	3	2016	237.60789	17.2092	25.159	33.6866	360.42001	392.66	-32.23999	5.25	-4.869021497
14	3	2016	237.52679	16.933	24.9911	33.6865	357.67001	391.79999	-34.12998	5.725	-5.218912312
14	3	2016	237.714	17.5728	24.245	33.6862	352.25	393.64999	-41.39999	4.525	-6.691389203
14	3	2016	237.52049	16.9104	24.9315	33.686	356.76001	391.82999	-35.06998	2.4	-5.386392001
14	3	2016	237.52251	16.918	24.9571	33.6858	357.16	391.78	-34.62	1.35	-5.307208529
14	3	2016	237.61011	17.2168	25.158	33.6855	360.54001	392.62	-32.07999	1	-4.845239703
14	3	2016	237.5247	16.9255	24.9732	33.6853	357.48999	391.85999	-34.37	1.35	-5.262615268
14	3	2016	237.543	16.9863	25.064	33.6843	358.95999	391.89999	-32.94	4.45	-5.00988371
14	3	2016	237.6123	17.2245	25.156	33.6843	360.85999	392.75	-31.89001	1	-4.817284161
14	3	2016	237.5182	16.9028	24.8903	33.6836	356.13	391.66	-35.53	4.85	-5.473792784
14	3	2016	237.5407	16.9788	25.059	33.6836	358.79999	391.94	-33.14001	5.4	-5.042185012
14	3	2016	237.5385	16.9713	25.059	33.6834	358.57999	391.95999	-33.38	3.45	-5.078703528
14	3	2016	237.94679	18.3701	24.3743	33.6825	353.07999	393.39999	-40.32	2	-6.454482866
14	3	2016	237.6145	17.2321	25.0868	33.6823	360.70001	392.87	-32.16999	0.65	-4.884565792
14	3	2016	237.49561	16.8254	24.266	33.6821	348.75	391.95999	-43.20999	6.875	-6.973144019
14	3	2016	237.4978	16.8333	24.2673	33.6818	348.54999	391.91	-43.36001	7.725	-6.996685654
14	3	2016	237.619	17.2472	25.0589	33.6815	360.26999	393.07001	-32.80002	0.1	-4.990539863
14	3	2016	237.61681	17.2397	25.075	33.6812	360.37	393.03	-32.66	1.275	-4.963324028
14	3	2016	237.4888	16.8021	24.2808	33.6806	348.97	391.92001	-42.95001	6.075	-6.923597193
14	3	2016	237.9494	18.3778	24.421	33.6805	353.87	393.39001	-39.52001	1.3	-6.304525964
14	3	2016	237.49339	16.8176	24.2571	33.6804	348.70999	391.95999	-43.25	5.875	-6.984284046
14	3	2016	237.71159	17.5653	24.2944	33.6804	352.57001	393.66	-41.08999	1.525	-6.617058289
14	3	2016	237.4841	16.7871	24.2929	33.6799	348.63	391.88	-43.25	6	-6.96569632
14	3	2016	237.4912	16.8098	24.261	33.6797	348.42001	391.82001	-43.4	6.575	-7.006492668
14	3	2016	237.63	17.2858	25.0801	33.6783	360.45001	393.04001	-32.59	1.225	-4.950881001
14	3	2016	237.48289	16.7826	24.3118	33.6779	348.56	391.73999	-43.17999	6.3	-6.944699871
14	3	2016	237.632	17.2933	25.0909	33.6779	360.51001	393.01999	-32.50998	0.9	-4.93478772
14	3	2016	237.5159	16.8951	24.8535	33.6777	356	391.79001	-35.79001	5.925	-5.529058861
15	3	1993	247.377	17.266	26.199	33.677	349.67999	358.47	-8.79001	6.02	-1.229637683
14	3	2016	237.44881	16.6664	24.3836	33.6769	350.76001	391.51999	-40.75998	4.925	-6.520563916
14	3	2016	237.6279	17.278	25.0661	33.6764	360.31	392.98999	-32.67999	1.325	-4.969740856
14	3	2016	237.63409	17.3008	25.0838	33.6763	360.57001	393	-32.42999	0.375	-4.925268199
14	3	2016	237.45129	16.6747	24.3798	33.6761	349.70001	391.64999	-41.94998	5.375	-6.712856296
14	3	2016	237.6235	17.2626	25.048	33.6754	360.09	393.01001	-32.92001	0.775	-5.012975866
14	3	2016	237.62579	17.2703	25.0492	33.6752	360.04999	392.92999	-32.88	2	-5.006442934
14	3	2016	237.4538	16.6828	24.37	33.675	349.53	391.59	-42.06	5.125	-6.735406617
14	3	2016	237.62131	17.2549	25.053	33.675	360.45001	392.92001	-32.47	1.1	-4.942628466
14	3	2016	237.4816	16.7781	24.3269	33.6743	348.56	391.69	-43.13	6.5	-6.928975592
14	3	2016	237.45641	16.6909	24.3658	33.6742	349.07999	391.66	-42.58001	4.55	-6.820836743
14	3	2016	237.45889	16.699	24.354	33.6741	348.92999	391.63	-42.70001	5.3	-6.846073993
14	3	2016	237.9518	18.3854	24.4465	33.6733	354.14001	393.37	-39.22999	3.975	-6.246599262
14	3	2016	237.65421	17.3668	25.0639	33.6732	360.07001	393.17001	-33.1	0.225	-5.034504539
14	3	2016	237.4789	16.768	24.3468	33.6727	348.70999	391.69	-42.98001	4.95	-6.894704591
14	3	2016	237.5136	16.8875	24.7972	33.6727	355.25	391.75	-36.5	5.35	-5.662461625
14	3	2016	237.4801	16.7724	24.3349	33.6725	348.45001	391.70001	-43.25	6.9	-6.944172008
14	3	2016	237.7094	17.5578	24.3296	33.6713	353.23001	393.60999	-40.37998	2.175	-6.485958977
14	3	2016	237.95419	18.3928	24.4617	33.6678	354.56	393.39001	-38.83001	5	-6.176075446
14	3	2016	237.9588	18.409	24.47	33.6675	355.03	393.42001	-38.39001	5.825	-6.102331264
14	3	2016	237.6553	17.371	25.0447	33.6668	359.59	393.14999	-33.55999	1.175	-5.111874953
14	3	2016	237.51131	16.8797	24.7505	33.6665	354.10001	391.85001	-37.75	6.025	-5.876870805
14	3	2016	237.9566	18.4014	24.4708	33.6665	354.98001	393.32001	-38.34	4.75	-6.094046544
14	3	2016	237.9599	18.4166	24.4543	33.6665	354.92001	393.39001	-38.47	4.925	-6.122219113
14	3	2016	237.7072	17.5502	24.3492	33.6657	353.57001	393.53	-39.95999	3.175	-6.409299309
14	3	2016	237.96201	18.424	24.4579	33.6645	354.62	393.44	-38.82	4.95	-6.176320204
14	3	2016	237.5	16.841	24.2924	33.6638	348.56	391.87	-43.31	6.125	-6.976123583
14	3	2016	237.9666	18.4389	24.4699	33.6637	354.82999	393.35999	-38.53	0.85	-6.124733383
14	3	2016	237.5089	16.872	24.7016	33.663	353.23001	391.79001	-38.56	5.075	-6.02489193
14	3	2016	237.9642	18.4315	24.4655	33.663	355.23001	393.39001	-38.16	0.575	-6.067922721
14	3	2016	237.97791	18.4914	24.37	33.6624	354.14999	393.53	-39.38001	3.6	-6.306594599
14	3	2016	237.96899	18.4463	24.4769	33.6613	354.98001	393.47	-38.48999	2.05	-6.115254501
14	3	2016	237.7048	17.5426	24.3927	33.6609	353.48001	393.67999	-40.19998	2.7	-6.427084872
15	3	1993	247.24699	17.748	26.206	33.66	349.23001	358.47	-9.23999	5.64	-1.292018388
14	3	2016	237.6564	17.3752	25	33.6596	359.37	393.16	-33.79	1.8	-5.164139665
14	3	2016	237.97141	18.4539	24.479	33.6595	355	393.51001	-38.51001	3.05	-6.117529053
14	3	2016	237.50661	16.8643	24.6408	33.6591	352.42999	391.81	-39.38001	4.925	-6.180966041
14	3	2016	237.9706	18.4617	24.4654	33.658	354.92999	393.48999	-38.56	2.125	-6.131710763
14	3	2016	237.5022	16.8488	24.4825	33.6571	350.67999	391.81	-41.13001	6.4	-6.532100304
14	3	2016	237.65759	17.3796	24.9726	33.657	358.89999	393.17001	-34.27002	1.3	-5.248202167
14	3	2016	237.70261	17.5352	24.4434	33.6568	353.20001	393.51001	-40.31	1.05	-6.420524688
14	3	2016	237.9753	18.4841	24.4154	33.6561	354.41	393.60999	-39.19999	4	-6.256764719
14	3	2016	237.6981	17.5201	24.5357	33.6558	354.56	393.39001	-38.83001	1.275	-6.142513518
14	3	2016	237.97031	18.4695	24.4611	33.6558	354.89001	393.51999	-38.62998	0.325	-6.14486448
14	3	2016	237.50439	16.8566	24.5516	33.6557	351.23001	391.82999	-40.59998	6.975	-6.414921344
14	3	2016	237.6958	17.5124	24.5627	33.6554	354.82001	393.28	-38.45999	2.3	-6.071793139
14	3	2016	237.97279	18.4768	24.4347	33.6553	354.76999	393.57001	-38.80002	0.55	-6.184060041
14	3	2016	237.6736	17.4355	24.8497	33.6548	357.35001	393.22	-35.86999	1.175	-5.543542934
14	3	2016	237.6758	17.4432	24.833	33.6548	357.13	393.25	-36.12	0.025	-5.589097861
14	3	2016	237.70039	17.5277	24.4857	33.6548	354.26001	393.47	-39.20999	1	-6.225752907
14	3	2016	237.67149	17.428	24.8619	33.6544	357.16	393.28	-36.12	2.55	-5.577143636
14	3	2016	237.6936	17.5048	24.6045	33.6544	355.29001	393.38	-38.08999	2.475	-5.994757598
14	3	2016	237.67841	17.4507	24.7987	33.6534	356.67999	393.29999	-36.62	1.425	-5.680935571
14	3	2016	237.6588	17.3839	24.9488	33.6533	358.34	393.10001	-34.76001	1.125	-5.332722556
14	3	2016	237.68069	17.4579	24.7728	33.6532	356.57001	393.23999	-36.66998	7.75	-5.699635102
14	3	2016	237.4328	16.609	24.7888	33.653	355.35001	390.98001	-35.63	5.45	-5.531425506
14	3	2016	237.68491	17.473	24.7218	33.653	356.01999	393.23001	-37.21002	0.025	-5.805509551
14	3	2016	237.6828	17.4653	24.7429	33.6528	356.35999	393.32999	-36.97	2.3	-5.759040957
14	3	2016	237.6693	17.4205	24.8748	33.6527	357.57999	393.23001	-35.65002	0.9	-5.499355756
14	3	2016	237.6869	17.4806	24.6964	33.6526	356.01001	393.37	-37.35999	1.675	-5.839919179
14	3	2016	237.68919	17.4894	24.663	33.6523	355.5	393.48999	-37.98999	2.2	-5.953150832
15	3	1993	247.311	17.507	26.27	33.652	349.73001	358.47	-8.73999	5.34999	-1.216420902
14	3	2016	237.6915	17.4971	24.6366	33.6517	355.51999	393.42999	-37.91	3.25	-5.952291314
14	3	2016	237.4303	16.6007	24.791	33.6513	355.29001	391.14001	-35.85	4.475	-5.564713692
14	3	2016	237.66701	17.4132	24.891	33.6512	357.72	393.22	-35.5	1.025	-5.46967801
14	3	2016	237.4352	16.6172	24.8521	33.6504	355.95001	391.04999	-35.09998	6.725	-5.423682715
14	3	2016	237.6627	17.3983	24.9169	33.6502	357.98001	393.17999	-35.19998	0.125	-5.41307553
14	3	2016	237.6647	17.4058	24.9018	33.6496	357.76001	393.10001	-35.34	1.175	-5.44070777
14	3	2016	237.4375	16.6254	24.8701	33.6484	356.32001	391.01999	-34.69998	6.225	-5.354771219
14	3	2016	237.4465	16.6583	24.8068	33.6475	355.59	391.13	-35.54	3.5	-5.510226551
14	3	2016	237.4398	16.6337	24.8777	33.6469	356.42001	391.01999	-34.59998	5.475	-5.33636788
14	3	2016	237.44209	16.6419	24.8589	33.6462	356.23999	391.04999	-34.81	7.175	-5.376264258
14	3	2016	237.4442	16.6502	24.8426	33.6459	356.07999	391.07999	-35	4.15	-5.412153476
12	1	2014	257.06116	16.97753	28.92	33.645	398.01999	397.28	0.73999	3.9	0.084944829
12	1	2014	256.96667	17.01603	29.17	33.616	387.01999	397.28	-10.26001	-0.05	-1.156902957
12	1	2014	257.10757	16.95892	28.87	33.576	395.22	397.28	-2.06	1.05	-0.237394996
12	1	2014	257.01434	16.99732	28.89	33.55	393.56	397.28	-3.72	2.525	-0.428124054
12	1	2014	257.15338	16.93945	28.83	33.54	394.07001	397.28	-3.20999	1.65	-0.371045671
12	1	2014	256.91937	17.03521	29	33.51	389.98999	397.28	-7.29001	0.475	-0.832506308