19	10	2000	245.85201	22.604	NaN	NaN	NaN	NaN	NaN	NaN	9.85
19	10	2000	245.85201	22.604	24.05	34.19	428.62	368.45	60.17	1.75	9.845281401
24	11	2005	243.65326	22.61138	21.69	33.74	392.48001	378.35	14.13001	11	2.768520095
31	10	2018	246.88104	22.6117	NaN	NaN	NaN	NaN	NaN	NaN	5.14
31	10	2018	246.88104	22.6117	28.5	34.562	449.62	406	43.62	0.875	5.14096959
31	10	2018	246.83577	22.63233	NaN	NaN	NaN	NaN	NaN	NaN	5.02
31	10	2018	246.83577	22.63233	28.49	34.529	448.54999	406	42.54999	2.775	5.01919607
24	11	2005	243.6039	22.6336	21.37	33.684	390.12	378.35	11.77	10.7	2.363929512
19	10	2000	245.842	22.636	NaN	NaN	NaN	NaN	NaN	NaN	9.87
19	10	2000	245.842	22.636	24.06	34.19	428.82999	368.45	60.37999	1.69	9.87227121
31	10	2018	246.7907	22.65281	NaN	NaN	NaN	NaN	NaN	NaN	4.98
31	10	2018	246.7907	22.65281	28.52	34.511	448.28	406	42.28	4.525	4.976939648
19	10	2000	245.83701	22.653	NaN	NaN	NaN	NaN	NaN	NaN	9.85
19	10	2000	245.83701	22.653	24.07	34.2	428.76001	368.45	60.31001	0.87	9.853031166
24	11	2005	243.55435	22.65573	21.2	33.639	388.44	378.35	10.09	10.1	2.053565178
31	10	2018	246.74527	22.67344	NaN	NaN	NaN	NaN	NaN	NaN	4.74
31	10	2018	246.74527	22.67344	28.55	34.472	446.32001	406	40.32001	3.675	4.736746187
24	11	2005	243.50473	22.67774	21.17	33.624	388.47	378.35	10.12	9.7	2.064569586
24	11	2016	250	22.688	NaN	NaN	NaN	NaN	NaN	NaN	3.04
24	11	2016	250	22.688	27.895	34.517	428.1980896	403.53	24.6680896	4.25999	3.038046103
31	10	2018	246.69951	22.69433	NaN	NaN	NaN	NaN	NaN	NaN	4.54
31	10	2018	246.69951	22.69433	28.535	34.531	444.64001	406	38.64001	0.425	4.543147875
24	11	2005	243.45532	22.6995	21.15	33.608	389.14001	378.35	10.79001	9.1	2.204808545
18	12	2007	250	22.7	NaN	NaN	NaN	NaN	NaN	NaN	1.79
18	12	2007	250	22.7	NaN	NaN	NaN	NaN	NaN	NaN	-0.11
18	12	2007	250	22.7	23.332	34.813	396.5092163	386.1	10.40921631	3.63	1.792200809
18	12	2007	250	22.7	23.846	34.732	385.4618225	386.1	-0.63817749	4.25999	-0.105766052
19	10	2000	245.82001	22.713	NaN	NaN	NaN	NaN	NaN	NaN	9.56
19	10	2000	245.82001	22.713	24.21	34.24	427.59	368.45	59.14	3.13	9.559826335
31	10	2018	246.65323	22.71553	NaN	NaN	NaN	NaN	NaN	NaN	4.29
31	10	2018	246.65323	22.71553	28.52	34.598	442.42001	406	36.42001	0.325	4.285533867
24	11	2005	243.40608	22.72104	20.96	33.561	385.91	378.35	7.56	8.9	1.567901333
19	10	2000	245.815	22.73	NaN	NaN	NaN	NaN	NaN	NaN	9.42
19	10	2000	245.815	22.73	24.3	34.27	427.14999	368.45	58.69999	3.92	9.424029809
31	10	2018	246.60754	22.73652	NaN	NaN	NaN	NaN	NaN	NaN	4.72
31	10	2018	246.60754	22.73652	28.56	34.569	446.23001	406	40.23001	1.45	4.720792912
24	11	2005	243.35661	22.74257	20.93	33.56	385.42999	378.35	7.07999	7.8	1.471757044
19	10	2000	245.811	22.745	NaN	NaN	NaN	NaN	NaN	NaN	9.41
19	10	2000	245.811	22.745	24.28	34.26	426.97	368.45	58.52	1.38	9.409558562
31	10	2018	246.56207	22.75736	NaN	NaN	NaN	NaN	NaN	NaN	4.36
31	10	2018	246.56207	22.75736	28.53	34.508	443.09	406	37.09	1.55	4.36290975
19	10	2000	245.806	22.762	NaN	NaN	NaN	NaN	NaN	NaN	9.23
19	10	2000	245.806	22.762	24.25	34.25	425.70001	368.45	57.25001	1.12	9.226360784
24	11	2005	243.30672	22.76402	20.99	33.569	385.73999	378.35	7.38999	8.3	1.529046011
24	11	2016	250	22.77	NaN	NaN	NaN	NaN	NaN	NaN	2.06
24	11	2016	250	22.77	27.33	34.486	419.6178284	403.53	16.08782837	0.86	2.064634181
31	10	2018	246.5161	22.77857	NaN	NaN	NaN	NaN	NaN	NaN	4.42
31	10	2018	246.5161	22.77857	28.57	34.485	443.64001	406	37.64001	1.825	4.415276139
24	11	2005	243.25693	22.78525	21.08	33.628	387.29999	378.35	8.94999	7.7	1.83852941
17	12	2007	250	22.799	NaN	NaN	NaN	NaN	NaN	NaN	4.93
17	12	2007	250	22.799	NaN	NaN	NaN	NaN	NaN	NaN	4.27
31	10	2018	246.46988	22.79941	NaN	NaN	NaN	NaN	NaN	NaN	4.3
31	10	2018	246.46988	22.79941	28.57	34.494	442.67999	406	36.67999	2.15	4.30249669
24	11	2005	243.20682	22.80609	21.16	33.657	386.32001	378.35	7.97001	7.6	1.626955593
31	10	2018	246.42355	22.82004	NaN	NaN	NaN	NaN	NaN	NaN	4.37
31	10	2018	246.42355	22.82004	28.55	34.486	443.23999	406	37.23999	3.8	4.374645783
19	10	2000	245.789	22.821	NaN	NaN	NaN	NaN	NaN	NaN	7.49
19	10	2000	245.789	22.821	24.66	34.46	416.39999	368.45	47.94999	1.77	7.488487098
24	11	2005	243.15608	22.82704	21.17	33.665	386.62	378.35	8.27	5.7	1.68683405
19	10	2000	245.784	22.838	NaN	NaN	NaN	NaN	NaN	NaN	7.5
19	10	2000	245.784	22.838	24.64	34.46	416.42001	368.45	47.97001	1.72	7.502744675
31	10	2018	246.37726	22.84104	NaN	NaN	NaN	NaN	NaN	NaN	4.35
31	10	2018	246.37726	22.84104	28.56	34.483	443.06	406	37.06	3	4.350416242
24	11	2005	243.10536	22.84817	21.16	33.67	386.47	378.35	8.12	6.4	1.657474319
19	10	2000	245.77901	22.854	NaN	NaN	NaN	NaN	NaN	NaN	7.59
19	10	2000	245.77901	22.854	24.61	34.45	416.85001	368.45	48.40001	2.74001	7.58721922
31	10	2018	246.33167	22.86222	NaN	NaN	NaN	NaN	NaN	NaN	4.31
31	10	2018	246.33167	22.86222	28.58	34.47	442.75	406	36.75	0.325	4.308042578
8	10	2002	247.492	22.865	NaN	NaN	NaN	NaN	NaN	NaN	0.47
8	10	2002	247.492	22.865	NaN	NaN	NaN	NaN	NaN	NaN	0.42
8	10	2002	247.492	22.865	NaN	NaN	NaN	NaN	NaN	NaN	0.37
8	10	2002	247.492	22.865	NaN	NaN	NaN	NaN	NaN	NaN	0.36
8	10	2002	247.492	22.865	NaN	NaN	NaN	NaN	NaN	NaN	0.41
8	10	2002	247.492	22.865	NaN	NaN	NaN	NaN	NaN	NaN	0.48
8	10	2002	247.492	22.865	NaN	NaN	NaN	NaN	NaN	NaN	0.53
8	10	2002	247.492	22.865	NaN	NaN	NaN	NaN	NaN	NaN	0.58
8	10	2002	247.492	22.865	NaN	NaN	NaN	NaN	NaN	NaN	0.6
8	10	2002	247.492	22.865	NaN	NaN	NaN	NaN	NaN	NaN	0.59
8	10	2002	247.492	22.865	NaN	NaN	NaN	NaN	NaN	NaN	0.62
8	10	2002	247.492	22.865	NaN	NaN	NaN	NaN	NaN	NaN	0.63
8	10	2002	247.492	22.865	NaN	NaN	NaN	NaN	NaN	NaN	0.61
8	10	2002	247.492	22.865	NaN	NaN	NaN	NaN	NaN	NaN	0.64
8	10	2002	247.492	22.865	NaN	NaN	NaN	NaN	NaN	NaN	0.7
8	10	2002	247.492	22.865	NaN	NaN	NaN	NaN	NaN	NaN	0.72
8	10	2002	247.492	22.865	NaN	NaN	NaN	NaN	NaN	NaN	0.72
8	10	2002	247.492	22.865	NaN	NaN	NaN	NaN	NaN	NaN	0.72
8	10	2002	247.492	22.865	NaN	NaN	NaN	NaN	NaN	NaN	0.72
8	10	2002	247.492	22.865	NaN	NaN	NaN	NaN	NaN	NaN	0.75
8	10	2002	247.492	22.865	NaN	NaN	NaN	NaN	NaN	NaN	0.74
8	10	2002	247.492	22.865	NaN	NaN	NaN	NaN	NaN	NaN	0.72
8	10	2002	247.492	22.865	NaN	NaN	NaN	NaN	NaN	NaN	1.03
8	10	2002	247.492	22.865	NaN	NaN	NaN	NaN	NaN	NaN	0.98
8	10	2002	247.492	22.865	NaN	NaN	NaN	NaN	NaN	NaN	0.94
8	10	2002	247.492	22.865	NaN	NaN	NaN	NaN	NaN	NaN	0.97
8	10	2002	247.492	22.865	NaN	NaN	NaN	NaN	NaN	NaN	0.96
8	10	2002	247.492	22.865	NaN	NaN	NaN	NaN	NaN	NaN	0.98
8	10	2002	247.492	22.865	NaN	NaN	NaN	NaN	NaN	NaN	1.05
8	10	2002	247.492	22.865	NaN	NaN	NaN	NaN	NaN	NaN	1.07
8	10	2002	247.492	22.865	NaN	NaN	NaN	NaN	NaN	NaN	1.09
8	10	2002	247.492	22.865	28.41	34.06	379.75	370.55	9.2	2.65001	1.093729173
8	10	2002	247.492	22.865	28.36	34.06	379.54999	370.55	8.99999	1.77	1.073826146
8	10	2002	247.492	22.865	28.32	34.06	379.35001	370.55	8.80001	2.92	1.053007542
8	10	2002	247.492	22.865	28.34	34.06	379.16	370.55	8.61	1.97	1.028781724
8	10	2002	247.492	22.865	28.35	34.06	378.76001	370.55	8.21001	0.68001	0.980278987
8	10	2002	247.492	22.865	28.36	34.06	378.76001	370.55	8.21001	3.83	0.979570355
8	10	2002	247.492	22.865	28.37	34.06	378.66	370.55	8.11	5.8	0.9669383
8	10	2002	247.492	22.865	28.36	34.06	378.57001	370.55	8.02001	5.15001	0.956900667
8	10	2002	247.492	22.865	28.36	34.06	378.47	370.55	7.92	2.77	0.944968059
8	10	2002	247.492	22.865	28.32	34.06	376.79001	370.55	6.24001	3.05	0.746678423
8	10	2002	247.492	22.865	28.32	34.06	376.70001	370.55	6.15001	2.17	0.73590904
8	10	2002	247.492	22.865	28.41	34.06	376.60001	370.55	6.05001	2.73	0.719247004
8	10	2002	247.492	22.865	28.4	34.06	376.60001	370.55	6.05001	4.17	0.719767138
8	10	2002	247.492	22.865	28.41	34.06	376.60001	370.55	6.05001	3.7	0.719247004
8	10	2002	247.492	22.865	28.35	34.06	376.60001	370.55	6.05001	2.8	0.722373989
8	10	2002	247.492	22.865	28.31	34.06	376.60001	370.55	6.05001	2.68001	0.724466911
8	10	2002	247.492	22.865	28.41	34.06	376.39999	370.55	5.84999	1.95	0.695467905
8	10	2002	247.492	22.865	28.43	34.06	375.91	370.55	5.36	2.5	0.636295596
8	10	2002	247.492	22.865	28.36	34.06	375.81	370.55	5.26	0.90001	0.627592423
8	10	2002	247.492	22.865	28.34	34.06	375.70999	370.55	5.15999	0.45	0.616550918
8	10	2002	247.492	22.865	28.45	34.06	375.70999	370.55	5.15999	0.72	0.611667257
8	10	2002	247.492	22.865	28.35	34.06	375.60999	370.55	5.05999	0.38	0.604165144
8	10	2002	247.492	22.865	28.36	34.06	375.51999	370.55	4.96999	1.23	0.592990127
8	10	2002	247.492	22.865	28.34	34.06	375.42001	370.55	4.87001	0.37	0.581902123
8	10	2002	247.492	22.865	28.33	34.06	375.01999	370.55	4.46999	3.24001	0.534491426
8	10	2002	247.492	22.865	28.33	34.06	374.53	370.55	3.98	0.09999	0.475901708
8	10	2002	247.492	22.865	28.26	34.06	374.42999	370.55	3.87999	3.27	0.466298606
8	10	2002	247.492	22.865	28.3	34.06	374.04001	370.55	3.49001	3.65001	0.418218558
8	10	2002	247.492	22.865	28.34	34.06	373.94	370.55	3.39	0.33	0.4050604
8	10	2002	247.492	22.865	28.34	34.06	373.64999	370.55	3.09999	3.63	0.37040802
8	10	2002	247.492	22.865	28.34	34.06	373.54999	370.55	2.99999	0.42	0.358459336
17	12	2007	250	22.867	NaN	NaN	NaN	NaN	NaN	NaN	6.74
17	12	2007	250	22.867	NaN	NaN	NaN	NaN	NaN	NaN	5.83
24	11	2005	243.0545	22.86956	21.16	33.681	389.17001	378.35	10.82001	5.3	2.208494873
19	10	2000	245.774	22.87	NaN	NaN	NaN	NaN	NaN	NaN	7.8
24	11	2016	250	22.87	NaN	NaN	NaN	NaN	NaN	NaN	4.61
24	11	2016	250	22.87	26.293	34.363	436.8250732	403.53	33.29507324	4.50999	4.611698365
19	10	2000	245.774	22.87	24.49	34.41	417.73001	368.45	49.28001	4.72	7.795747741
31	10	2018	246.28589	22.88317	NaN	NaN	NaN	NaN	NaN	NaN	4.33
31	10	2018	246.28589	22.88317	28.56	34.486	442.85999	406	36.85999	1.675	4.326881564
24	11	2005	243.00389	22.89121	20.99	33.625	387.48001	378.35	9.13001	6.9	1.888580771
31	10	2018	246.23914	22.90349	NaN	NaN	NaN	NaN	NaN	NaN	4.57
31	10	2018	246.23914	22.90349	28.57	34.494	444.92001	406	38.92001	2.1	4.565246997
24	11	2005	242.95349	22.91266	20.94	33.607	386.47	378.35	8.12	8.2	1.686282187
31	10	2018	246.19244	22.92433	NaN	NaN	NaN	NaN	NaN	NaN	4.64
31	10	2018	246.19244	22.92433	28.59	34.471	445.59	406	39.59	0.45	4.637594765
18	10	2000	245.758	22.929	NaN	NaN	NaN	NaN	NaN	NaN	8.36
18	10	2000	245.758	22.929	24.1	34.28	419.73999	368.45	51.28999	5.12	8.357663367
24	11	2005	242.90338	22.93412	21.06	33.643	396.59	378.35	18.24	8.1	3.752420019
31	10	2018	246.14575	22.94562	NaN	NaN	NaN	NaN	NaN	NaN	4.68
31	10	2018	246.14575	22.94562	28.57	34.434	445.85999	406	39.85999	0.1	4.676711154
18	10	2000	245.75301	22.946	NaN	NaN	NaN	NaN	NaN	NaN	8.41
18	10	2000	245.75301	22.946	24.04	34.27	419.81	368.45	51.36	3.44	8.406998056
24	11	2005	242.8528	22.95595	21.17	33.684	396.45	378.35	18.1	8.8	3.691538044
31	10	2018	246.09941	22.96702	NaN	NaN	NaN	NaN	NaN	NaN	4.6
31	10	2018	246.09941	22.96702	28.57	34.443	445.17999	406	39.17999	2.475	4.59674994
24	11	2005	242.80226	22.97794	21.25	33.703	397.19	378.35	18.84	9	3.818576196
24	11	2005	242.75191	22.99973	21.44	33.778	396.91	378.35	18.56	8.7	3.706098904
31	10	2018	246.00638	23.01128	NaN	NaN	NaN	NaN	NaN	NaN	4.14
31	10	2018	246.00638	23.01128	28.61	34.46	441.42999	406	35.42999	1.5	4.144498217
24	11	2005	242.70097	23.02157	21.43	33.786	395.62	378.35	17.27	8.9	3.451026183
31	10	2018	245.95943	23.03338	NaN	NaN	NaN	NaN	NaN	NaN	4.24
31	10	2018	245.95943	23.03338	28.6	34.492	442.23001	406	36.23001	2.05	4.240558838
24	11	2005	242.64969	23.0434	21.08	33.657	403.7	378.35	25.35	9.6	5.206763303
31	10	2018	245.91214	23.05532	NaN	NaN	NaN	NaN	NaN	NaN	3.94
31	10	2018	245.91214	23.05532	28.63	34.474	439.72	406	33.72	3.625	3.938542683
24	11	2005	242.59898	23.06527	21.08	33.622	403.77	378.35	25.42	7.8	5.221984886
31	10	2018	245.86464	23.07693	NaN	NaN	NaN	NaN	NaN	NaN	2.85
31	10	2018	245.86464	23.07693	28.64	34.437	430.39001	406	24.39001	7.675	2.84718461
24	11	2005	242.54883	23.08711	21.48	33.706	396.67	378.35	18.32	8.5	3.648188533
31	10	2018	245.8175	23.09859	NaN	NaN	NaN	NaN	NaN	NaN	3.47
31	10	2018	245.8175	23.09859	28.64	34.438	435.76001	406	29.76001	1.3	3.474040333
24	11	2005	242.49902	23.10902	21.56	33.712	396.45	378.35	18.1	8.2	3.582266186
31	10	2018	245.76971	23.11949	NaN	NaN	NaN	NaN	NaN	NaN	4.74
31	10	2018	245.76971	23.11949	28.6	34.421	446.48999	406	40.48999	0.25	4.740616568
24	11	2005	242.4487	23.13098	21.51	33.722	396.26	378.35	17.91	10.4	3.558094105
31	10	2018	245.72189	23.14052	NaN	NaN	NaN	NaN	NaN	NaN	4.03
31	10	2018	245.72189	23.14052	28.59	34.43	440.35999	406	34.35999	1.45	4.025657833
24	11	2005	242.39839	23.15257	21.58	33.711	394.77	378.35	16.42	9.9	3.244813012
31	10	2018	245.6741	23.16168	NaN	NaN	NaN	NaN	NaN	NaN	4.49
31	10	2018	245.6741	23.16168	28.59	34.437	444.29001	406	38.29001	3.45	4.485968738
24	11	2005	242.34828	23.17421	21.68	33.71	396.62	378.35	18.27	12.6	3.582907181
30	10	2018	245.62579	23.183	NaN	NaN	NaN	NaN	NaN	NaN	4.22
30	10	2018	245.62579	23.183	28.56	34.443	441.95001	406	35.95001	1.475	4.220842084
24	11	2005	242.29877	23.19594	21.66	33.707	405.74	378.35	27.39	15	5.379712049
30	10	2018	245.57722	23.20485	NaN	NaN	NaN	NaN	NaN	NaN	3.55
30	10	2018	245.57722	23.20485	28.61	34.446	436.32001	406	30.32001	1.35	3.546960856
24	11	2005	242.24962	23.21683	21.6	33.706	413.24	378.35	34.89	14.7	6.8843489
30	10	2018	245.52945	23.22798	NaN	NaN	NaN	NaN	NaN	NaN	3.09
30	10	2018	245.52945	23.22798	28.53	34.443	432.22	406	26.22	0.825	3.0851302
24	11	2005	242.19968	23.23702	21.6	33.731	415.44	378.35	37.09	13.8	7.317602575
30	10	2018	245.48221	23.25083	NaN	NaN	NaN	NaN	NaN	NaN	3.71
30	10	2018	245.48221	23.25083	28.54	NaN	433.19	406	27.19	3.3	3.707367348
24	11	2005	242.14944	23.25721	21.58	33.717	414.72	378.35	36.37	11.7	7.187003246
30	10	2018	245.43504	23.27261	NaN	NaN	NaN	NaN	NaN	NaN	3.04
30	10	2018	245.43504	23.27261	28.73	34.352	432.19	406	26.19	1.975	3.038632286
24	11	2005	242.09903	23.27802	21.59	33.717	415.14	378.35	36.79	12.2	7.264437783
30	10	2018	245.38745	23.29378	NaN	NaN	NaN	NaN	NaN	NaN	3.17
30	10	2018	245.38745	23.29378	28.65	34.294	433.17001	406	27.17001	4.3	3.171369568
24	11	2005	242.04854	23.29906	21.56	33.717	415.03	378.35	36.68	12.2	7.25936476
30	10	2018	245.33955	23.3147	NaN	NaN	NaN	NaN	NaN	NaN	3.28
30	10	2018	245.33955	23.3147	28.62	34.288	434	406	28	7.225	3.275416316
24	11	2005	241.99794	23.32018	21.69	33.8	415	378.35	36.65	12	7.178926066
24	11	2005	241.9474	23.34116	21.97	33.945	415.41	378.35	37.06	12.4	7.101062466
24	11	2005	241.89708	23.36194	21.7	33.815	417.67	378.35	39.32	12.3	7.695506235
24	11	2005	241.84698	23.38291	21.58	33.748	416.84	378.35	38.49	12.5	7.604848086
24	11	2005	241.79706	23.40419	21.63	33.76	419.62	378.35	41.27	12.8	8.122541788
24	11	2005	241.74734	23.42541	21.95	33.901	419.04	378.35	40.69	12	7.810070958
24	11	2005	241.69701	23.44709	22.19	34.032	417.68	378.35	39.33	11.8	7.40796545
24	11	2005	241.64667	23.46858	22.12	34.017	417.59	378.35	39.24	11	7.430962025
24	11	2005	241.59616	23.49011	21.82	33.929	416.58	378.35	38.23	11.4	7.410047998
15	12	1995	239	23.5	NaN	NaN	NaN	NaN	NaN	NaN	-1.64
24	11	2005	241.5459	23.51151	21.72	33.887	416.28	378.35	37.93	11.8	7.409676499
24	11	2005	241.49557	23.53285	21.84	33.944	416.32	378.35	37.97	12.7	7.347924644
24	11	2005	241.44537	23.5542	21.65	33.864	416.51	378.35	38.16	12.7	7.495387239
24	11	2005	241.39536	23.57562	21.76	33.899	417.85	378.35	39.5	12.7	7.692415538
24	11	2005	241.34549	23.59687	21.73	33.89	417.02	378.35	38.67	12.4	7.548363892
24	11	2005	241.29541	23.61815	21.67	33.861	416.26	378.35	37.91	10.7	7.435008278
24	11	2005	241.24477	23.63955	21.71	33.874	415.8	378.35	37.45	10.8	7.321936557
24	11	2005	241.19388	23.66101	21.78	33.917	415.84	378.35	37.49	10.8	7.289235891
24	11	2005	241.1432	23.6824	21.46	33.832	417.15	378.35	38.8	11.2	7.733875263
24	11	2005	241.09264	23.7037	21.36	33.795	419.04	378.35	40.69	10.6	8.174417771
24	11	2005	241.04225	23.72482	21.41	33.803	418.31	378.35	39.96	11.1	7.996745425
24	11	2005	240.99156	23.74617	21.4	33.795	419.26	378.35	40.91	11.5	8.193439714
24	11	2005	240.94077	23.76738	21.47	33.802	421.59	378.35	43.24	12.7	8.613473741
24	11	2005	240.89021	23.7883	21.56	33.81	419.96	378.35	41.61	13.5	8.231543012
24	11	2005	240.83987	23.80903	21.58	33.815	414.2	378.35	35.85	13.4	7.081055375
NaN	12	NaN	247.5	24	23.37	34.37	370.79	370.73	0.06	5.76	0.010321711
30	10	2018	243.81413	24.00604	28.69	34.209	434.76001	406	28.76001	1	3.348507379
30	10	2018	243.76607	24.02962	28.67	34.199	435.10999	406	29.10999	0.75	3.394295031
30	10	2018	243.71799	24.05313	28.71	34.207	436.67001	406	30.67001	0.35	3.565769843
30	10	2018	243.66954	24.07643	28.715	34.209	437.35999	406	31.35999	1.325	3.644642618
30	10	2018	243.6203	24.09891	28.72	34.175	438.60001	406	32.60001	0.375	3.787943767
30	10	2018	243.57016	24.12106	28.74	34.06	438.56	406	32.56	0.15	3.779706346
30	10	2018	243.51964	24.1433	28.74	34.044	438.04001	406	32.04001	1.475	3.719599026
30	10	2018	243.4691	24.16553	28.79	34.029	438.45001	406	32.45001	3.175	3.753880033
30	10	2018	243.41873	24.18749	28.78	34.01	439.10001	406	33.10001	3.325	3.832147407
30	10	2018	243.36813	24.20938	28.72	33.99	440.04999	406	34.04999	3.175	3.959566417
30	10	2018	243.31764	24.23192	28.68	33.986	440.57999	406	34.57999	2.85	4.03288906
30	10	2018	243.26785	24.25472	28.65	33.978	440.20999	406	34.20999	1.65	3.998522064
30	10	2018	243.21846	24.27716	28.7	33.983	437.10999	406	31.10999	0.175	3.623015374
30	10	2018	243.1693	24.29967	28.66	33.98	432.14999	406	26.14999	2.15	3.054224229
30	10	2018	243.12044	24.32191	28.66	33.964	431.01001	406	25.01001	2.7	2.921279431
30	10	2018	243.07161	24.34391	28.67	33.965	427	406	21	3	2.451112564
30	10	2018	243.02393	24.36621	28.65	33.973	427.39999	406	21.39999	1.9	2.501321104
30	10	2018	242.97644	24.38792	28.61	33.973	423.54999	406	17.54999	0.7	2.05724817
30	10	2018	242.92873	24.40803	28.6	33.976	421.94	406	15.94	0.15	1.869846978
30	10	2018	242.88135	24.42845	28.62	33.97	422.73001	406	16.73001	0.9	1.959738361
30	10	2018	242.8338	24.44908	28.63	33.968	423.38	406	17.38	0.5	2.034426022
30	10	2018	242.78583	24.46965	28.64	33.962	421.85999	406	15.85999	0.525	1.855208646
30	10	2018	242.73795	24.49036	28.64	33.982	421.47	406	15.47	0.9	1.809434432
30	10	2018	242.69011	24.51251	28.63	34.014	421.23001	406	15.23001	0.975	1.782405393
30	10	2018	242.64261	24.53463	28.63	33.954	420.32001	406	14.32001	2.35	1.676337937
30	10	2018	242.59538	24.5568	28.66	33.957	420.45001	406	14.45001	1.825	1.68787562
30	10	2018	242.54808	24.57877	28.64	33.992	421.32999	406	15.32999	2.275	1.792981264
30	10	2018	242.50085	24.60072	28.67	34.084	419.67001	406	13.67001	2.325	1.59474353
30	10	2018	242.4536	24.62242	28.66	34.1	417.64001	406	11.64001	0.075	1.358810551
30	10	2018	242.4068	24.64404	28.68	34.107	416.70001	406	10.70001	3.575	1.247239754
30	10	2018	242.36035	24.66577	28.72	34.145	414.34	406	8.34	1.125	0.969187407
30	10	2018	242.31352	24.68741	28.71	34.157	415.25	406	9.25	2.225	1.07565831
30	10	2018	242.26627	24.70857	28.77	34.153	415.26999	406	9.26999	1.1	1.073346853
30	10	2018	242.21811	24.72903	28.8	34.15	415.48999	406	9.48999	0.625	1.096460123
30	10	2018	242.16963	24.74955	28.78	34.137	416.34	406	10.34	0.05	1.196459594
30	10	2018	242.12074	24.77034	28.69	34.078	416.98999	406	10.98999	1.7	1.28027657
30	10	2018	242.07204	24.79144	28.79	34.059	418.54999	406	12.54999	0.575	1.451620372
30	10	2018	242.02388	24.81353	28.78	34.043	422.01001	406	16.01001	0.475	1.853293532
30	10	2018	241.97627	24.83599	28.84	34.059	422.73001	406	16.73001	0.325	1.928148922
30	10	2018	241.92892	24.85841	28.78	34.115	421.35999	406	15.35999	0.15	1.777499199
30	10	2018	241.8813	24.88058	28.81	34.135	420.10001	406	14.10001	0.925	1.628026153
30	10	2018	241.83372	24.90241	28.81	34.137	419.78	406	13.78	0.825	1.591063268
30	10	2018	241.786	24.92403	28.78	34.144	419	406	13	1.95	1.504207709
30	10	2018	241.73839	24.94547	28.72	34.156	420.14001	406	14.14001	1.975	1.643126212
30	10	2018	241.69078	24.96674	28.7	34.152	419.23999	406	13.23999	1.925	1.540787924
30	10	2018	241.64278	24.98733	28.76	34.153	418.82999	406	12.82999	2.1	1.486621095
10	10	2002	245.81799	25.005	23.59	33.77	413.72	370.55	43.17	4.82001	7.324757437
30	10	2018	241.59479	25.00812	28.76	34.153	418.82001	406	12.82001	0.625	1.485464704
10	10	2002	245.814	25.01	23.71	33.77	414.07001	370.55	43.52001	4.19	7.318062695
30	10	2018	241.54724	25.02941	28.8	34.153	420.47	406	14.47	0.225	1.671821978
22	10	2002	245.082	25.034	24.08	33.94	408.04999	370.55	37.49999	4.82001	6.12908116
10	10	2002	245.791	25.04	23.88	33.82	416.42001	370.55	45.87001	3.02	7.61403178
10	10	2002	245.787	25.046	23.84	33.82	417.04999	370.55	46.49999	0.95	7.741721587
22	10	2002	245.07401	25.05	24.1	33.95	408.13	370.55	37.58	4.19	6.132723928
30	10	2018	241.49983	25.05056	28.78	34.145	419.54999	406	13.54999	0.925	1.567839384
10	10	2002	245.78299	25.051	23.8	33.81	417.56	370.55	47.01	0.46001	7.850436908
10	10	2002	245.78101	25.054	23.84	33.82	417.45999	370.55	46.90999	0.34999	7.809981943
10	10	2002	245.77701	25.06	23.85	33.8	418.64001	370.55	48.09001	1.72	8.001178276
22	10	2002	245.067	25.064	24.11	33.95	408.07001	370.55	37.52001	3.02	6.118368094
10	10	2002	245.769	25.07	23.82	33.81	418.23999	370.55	47.68999	2.07001	7.952086447
30	10	2018	241.45238	25.07175	28.77	34.152	420.17001	406	14.17001	5.775	1.64071384
10	10	2002	245.765	25.076	23.82	33.81	417.60999	370.55	47.05999	2.42	7.847036845
10	10	2002	245.761	25.081	23.81	33.82	417.69	370.55	47.14	2.5	7.865905114
10	10	2002	245.757	25.086	23.74	33.84	417.98999	370.55	47.43999	2.3	7.956814636
10	10	2002	245.755	25.089	23.72	33.83	419.13	370.55	48.58	1.25	8.160597033
30	10	2018	241.40463	25.0931	28.79	34.152	418.48001	406	12.48001	2.525	1.442950326
10	10	2002	245.75101	25.095	23.64	33.84	417.29999	370.55	46.74999	2.68001	7.900020874
10	10	2002	245.746	25.1	23.57	33.83	417.92999	370.55	47.37999	1.32001	8.048955491
10	10	2002	245.742	25.105	23.4	33.87	414.13	370.55	43.58	3.5	7.497081097
10	10	2002	245.73801	25.11	23.44	33.83	412.32001	370.55	41.77001	4.85001	7.165460026
30	10	2018	241.35732	25.11482	28.79	34.133	418.26001	406	12.26001	0.15	1.417629239
10	10	2002	245.73401	25.116	23.52	33.81	411.54999	370.55	40.99999	4.48	6.991909348
10	10	2002	245.73001	25.121	23.61	33.81	410.57999	370.55	40.02999	2.35001	6.780586244
10	10	2002	245.728	25.124	23.63	33.81	409.98999	370.55	39.43999	2.87	6.670643289
22	10	2002	245.048	25.127	24.1	33.99	407.92999	370.55	37.37999	0.95	6.09898708
10	10	2002	245.72299	25.129	23.63	33.82	410.04001	370.55	39.49001	1.45	6.67880177
10	10	2002	245.71899	25.134	23.64	33.83	408.91	370.55	38.36	3.60001	6.482535813
30	10	2018	241.31091	25.13639	28.81	34.131	417.92001	406	11.92001	2	1.37634093
10	10	2002	245.715	25.139	23.71	33.81	409.07999	370.55	38.52999	3.07001	6.47780167
22	10	2002	245.04001	25.142	24.05	33.99	407.16	370.55	36.61	0.46001	5.995681652
10	10	2002	245.711	25.144	23.76	33.81	410.73001	370.55	40.18001	2.3	6.729974204
10	10	2002	245.70599	25.15	23.66	33.84	413.54001	370.55	42.99001	2.85001	7.253767171
10	10	2002	245.702	25.155	23.43	33.87	414.64999	370.55	44.09999	6.09	7.569468356
22	10	2002	245.041	25.157	23.99	34	406.04001	370.55	35.49001	0.34999	5.838089067
10	10	2002	245.7	25.158	23.35	33.86	414.20999	370.55	43.65999	4.25	7.539439357
30	10	2018	241.26474	25.15827	28.85	34.145	418.51001	406	12.51001	0.6	1.44022038
10	10	2002	245.696	25.163	23.4	33.81	411.60001	370.55	41.05001	1.73	7.063763758
10	10	2002	245.692	25.168	23.55	33.78	413.14999	370.55	42.59999	2.12	7.24942202
10	10	2002	245.688	25.173	23.61	33.8	414.45999	370.55	43.90999	1.79001	7.438146296
22	10	2002	245.034	25.173	23.9	34.01	405.07001	370.55	34.52001	1.72	5.71657392
10	10	2002	245.683	25.179	23.67	33.81	415.98999	370.55	45.43999	2.83	7.662453021
30	10	2018	241.21741	25.17987	28.77	34.032	417.14999	406	11.14999	2.875	1.291697236
30	10	2018	241.16953	25.20061	28.81	33.962	416.92999	406	10.92999	3.3	1.26294341
30	10	2018	241.12187	25.22106	28.79	34.001	418.20999	406	12.20999	3.35	1.412644936
22	10	2002	245.006	25.241	23.97	33.95	405.31	370.55	34.76	2.07001	5.727838626
30	10	2018	241.0744	25.24156	28.78	34.041	419.07001	406	13.07001	1.475	1.512976744
22	10	2002	245.009	25.258	23.92	33.94	405.32001	370.55	34.77001	2.42	5.751188216
30	10	2018	241.02707	25.26308	28.77	33.981	418.92999	406	12.92999	5.825	1.498233341
22	10	2002	245	25.273	23.9	33.91	405.92999	370.55	35.37999	2.5	5.861627895
30	10	2018	240.97935	25.28522	28.8	33.971	418.79999	406	12.79999	5.9	1.480028562
19	10	1998	242.504	25.31	22.04	34.24	394.44	364.4	30.04	1.39	5.717628786
19	10	1998	242.498	25.325	22.29	34.3	391.17001	364.4	26.77001	0.69	4.997960983
30	10	2018	240.88403	25.32769	28.75	33.956	416.98001	406	10.98001	1.2	1.274256875
22	10	2002	244.98199	25.339	23.9	33.89	406.98001	370.55	36.43001	2.3	6.036135158
19	10	1998	242.491	25.341	21.97	34.18	389.78	364.4	25.38	0.95	4.857824309
30	10	2018	240.83597	25.34793	28.75	33.95	416.31	406	10.31	0.1	1.196531389
22	10	2002	244.97501	25.355	23.84	33.87	406.48001	370.55	35.93001	1.25	5.980591771
30	10	2018	240.78819	25.3692	28.71	33.921	416.04001	406	10.04001	3.925	1.168709887
22	10	2002	244.979	25.373	23.79	33.84	406.70001	370.55	36.15001	2.68001	6.040573201
22	10	2002	244.97101	25.386	23.79	33.82	406.82001	370.55	36.27001	1.32001	6.061171474
30	10	2018	240.7411	25.39191	28.67	33.936	416.13	406	10.13	2.875	1.182517275
19	10	1998	242.467	25.398	21.6	34.03	388.84	364.4	24.44	0.31999	4.815220466
19	10	1998	242.461	25.414	21.25	33.9	389.22	364.4	24.82	1.17	5.026061752
30	10	2018	240.69449	25.41545	28.67	33.966	415.91	406	9.91	1.85	1.156686723
19	10	1998	242.45399	25.429	21.33	33.92	387.79999	364.4	23.39999	1.31	4.709061091
30	10	2018	240.64763	25.43847	28.75	34.025	415.60001	406	9.60001	1.375	1.11377472
22	10	2002	244.952	25.44	23.97	33.86	408.03	370.55	37.48	3.5	6.178549638
19	10	1998	242.44701	25.444	21.31	33.93	386.92999	364.4	22.52999	1.53999	4.540735829
22	10	2002	244.944	25.456	23.98	33.86	408.20001	370.55	37.65001	4.85001	6.201941764
22	10	2002	244.948	25.473	23.98	33.86	408.45999	370.55	37.90999	4.48	6.244767273
30	10	2018	240.5509	25.48079	28.74	34.096	415.85001	406	9.85001	1.475	1.143255351
22	10	2002	244.94	25.486	23.98	33.86	408.44	370.55	37.89	2.35001	6.241474397
15	12	1995	239	25.5	NaN	NaN	NaN	NaN	NaN	NaN	-2.69
30	10	2018	240.50209	25.50143	28.82	34.126	416.31	406	10.31	0.35	1.189609258
19	10	1998	242.423	25.502	NaN	NaN	NaN	NaN	NaN	NaN	4.26
19	10	1998	242.423	25.502	21.29	33.91	385.48001	364.4	21.08001	0.14	4.255424032
19	10	1998	242.416	25.517	NaN	NaN	NaN	NaN	NaN	NaN	4.3
19	10	1998	242.416	25.517	21.07	33.81	385.32999	364.4	20.92999	0.37	4.299186971
19	10	1998	242.409	25.532	NaN	NaN	NaN	NaN	NaN	NaN	4.23
19	10	1998	242.409	25.532	21.01	33.76	384.88	364.4	20.48	0.67	4.227213016
30	10	2018	240.40312	25.5422	NaN	NaN	NaN	NaN	NaN	NaN	1.21
30	10	2018	240.40312	25.5422	28.78	34.185	416.45999	406	10.45999	0.2	1.210094675
19	10	1998	242.403	25.547	NaN	NaN	NaN	NaN	NaN	NaN	4.28
19	10	1998	242.403	25.547	21.05	33.76	385.19	364.4	20.79	0.67	4.278000067
22	10	2002	244.925	25.554	NaN	NaN	NaN	NaN	NaN	NaN	6.41
22	10	2002	244.925	25.554	23.78	33.84	408.88	370.55	38.33	2.87	6.409637591
30	10	2018	240.3537	25.56323	NaN	NaN	NaN	NaN	NaN	NaN	1.22
30	10	2018	240.3537	25.56323	28.75	34.506	416.53	406	10.53	0.925	1.219151603
22	10	2002	244.918	25.572	NaN	NaN	NaN	NaN	NaN	NaN	6.41
22	10	2002	244.918	25.572	23.74	33.84	408.76001	370.55	38.21001	1.45	6.408727464
30	10	2018	240.30496	25.58614	NaN	NaN	NaN	NaN	NaN	NaN	1.18
30	10	2018	240.30496	25.58614	28.7	34.543	416.12	406	10.12	2.65	1.175727593
22	10	2002	244.91	25.588	NaN	NaN	NaN	NaN	NaN	NaN	6.31
22	10	2002	244.91	25.588	23.73	33.84	408.16	370.55	37.61	3.60001	6.312814941
18	10	1998	242.37601	25.603	NaN	NaN	NaN	NaN	NaN	NaN	4.53
18	10	1998	242.37601	25.603	21	33.75	386.32999	364.4	21.92999	0.06999	4.530198729
22	10	2002	244.91501	25.604	NaN	NaN	NaN	NaN	NaN	NaN	6.27
22	10	2002	244.91501	25.604	23.73	33.85	407.88	370.55	37.33	3.07001	6.265534436
30	10	2018	240.25627	25.60858	NaN	NaN	NaN	NaN	NaN	NaN	1.13
30	10	2018	240.25627	25.60858	28.65	34.58	415.69	406	9.69	3.825	1.129658838
18	10	1998	242.369	25.618	NaN	NaN	NaN	NaN	NaN	NaN	4.78
18	10	1998	242.369	25.618	20.8	33.68	387.19	364.4	22.79	0.05	4.78259702
30	10	2018	240.20749	25.63067	NaN	NaN	NaN	NaN	NaN	NaN	1.65
30	10	2018	240.20749	25.63067	28.65	34.56	420.16	406	14.16	3.25	1.650912632
18	10	1998	242.362	25.634	NaN	NaN	NaN	NaN	NaN	NaN	4.07
18	10	1998	242.362	25.634	20.72	33.66	383.64999	364.4	19.24999	0.25999	4.065133684
18	10	1998	242.355	25.649	NaN	NaN	NaN	NaN	NaN	NaN	3.88
18	10	1998	242.355	25.649	20.67	33.66	382.70001	364.4	18.30001	0.40001	3.879492348
30	10	2018	240.15857	25.65299	NaN	NaN	NaN	NaN	NaN	NaN	1.84
30	10	2018	240.15857	25.65299	28.6	34.556	421.69	406	15.69	3.5	1.835938493
22	10	2002	244.89	25.66	NaN	NaN	NaN	NaN	NaN	NaN	6.31
22	10	2002	244.89	25.66	23.74	33.86	408.17001	370.55	37.62001	2.3	6.309201169
30	10	2018	240.10992	25.67558	NaN	NaN	NaN	NaN	NaN	NaN	1.7
30	10	2018	240.10992	25.67558	28.71	34.562	420.66	406	14.66	3.35	1.701811848
22	10	2002	244.89301	25.676	NaN	NaN	NaN	NaN	NaN	NaN	6.26
22	10	2002	244.89301	25.676	23.73	33.87	407.82999	370.55	37.27999	2.85001	6.256576101
22	10	2002	244.886	25.692	NaN	NaN	NaN	NaN	NaN	NaN	6.21
22	10	2002	244.886	25.692	23.73	33.87	407.54999	370.55	36.99999	6.09	6.209584637
30	10	2018	240.06102	25.69751	NaN	NaN	NaN	NaN	NaN	NaN	1.59
30	10	2018	240.06102	25.69751	28.71	34.584	419.69	406	13.69	1.275	1.589058942
18	10	1998	242.328	25.704	NaN	NaN	NaN	NaN	NaN	NaN	3.8
18	10	1998	242.328	25.704	20.69	33.7	382.37	364.4	17.97	0.06999	3.802938873
22	10	2002	244.87799	25.708	NaN	NaN	NaN	NaN	NaN	NaN	6.2
22	10	2002	244.87799	25.708	23.74	33.87	407.54001	370.55	36.99001	4.25	6.203264872
30	10	2018	240.0119	25.71925	NaN	NaN	NaN	NaN	NaN	NaN	1.87
30	10	2018	240.0119	25.71925	28.64	34.569	422	406	16	0.35	1.86671218
18	10	1998	242.313	25.734	NaN	NaN	NaN	NaN	NaN	NaN	3.93
18	10	1998	242.313	25.734	20.72	33.72	383	364.4	18.6	0.14	3.92678005
30	10	2018	239.96165	25.7385	NaN	NaN	NaN	NaN	NaN	NaN	1.82
30	10	2018	239.96165	25.7385	28.64	34.595	421.62	406	15.62	0.425	1.822174229
18	10	1998	242.30499	25.749	NaN	NaN	NaN	NaN	NaN	NaN	3.89
18	10	1998	242.30499	25.749	20.78	33.75	382.91	364.4	18.51	1.72	3.8891622
30	10	2018	239.911	25.75618	NaN	NaN	NaN	NaN	NaN	NaN	2.02
30	10	2018	239.911	25.75618	28.61	34.613	423.23999	406	17.23999	4.7	2.015358885
30	10	2018	239.86008	25.77382	NaN	NaN	NaN	NaN	NaN	NaN	1.98
30	10	2018	239.86008	25.77382	28.62	34.459	422.98001	406	16.98001	2.275	1.984848288
22	10	2002	244.882	25.774	NaN	NaN	NaN	NaN	NaN	NaN	6.42
22	10	2002	244.882	25.774	23.74	33.86	408.81	370.55	38.26	1.73	6.416533029
30	10	2018	239.80887	25.79163	NaN	NaN	NaN	NaN	NaN	NaN	1.97
30	10	2018	239.80887	25.79163	28.66	34.464	422.88	406	16.88	0.5	1.967428852
22	10	2002	244.883	25.792	NaN	NaN	NaN	NaN	NaN	NaN	6.45
22	10	2002	244.883	25.792	23.74	33.86	409.03	370.55	38.48	2.12	6.453428933
18	10	1998	242.278	25.804	NaN	NaN	NaN	NaN	NaN	NaN	3.89
18	10	1998	242.278	25.804	20.86	33.77	383.04999	364.4	18.64999	3.99001	3.894085531
22	10	2002	244.87399	25.808	NaN	NaN	NaN	NaN	NaN	NaN	6.44
22	10	2002	244.87399	25.808	23.66	33.87	408.70999	370.55	38.15999	1.79001	6.437918869
30	10	2018	239.7578	25.80949	NaN	NaN	NaN	NaN	NaN	NaN	2.11
30	10	2018	239.7578	25.80949	28.64	34.385	424.04001	406	18.04001	0.075	2.106383474
18	10	1998	242.271	25.819	NaN	NaN	NaN	NaN	NaN	NaN	3.92
18	10	1998	242.271	25.819	20.86	33.77	383.17999	364.4	18.77999	2.03999	3.921229305
22	10	2002	244.87601	25.825	NaN	NaN	NaN	NaN	NaN	NaN	6.37
22	10	2002	244.87601	25.825	23.61	33.86	408.14001	370.55	37.59001	2.83	6.365846004
30	10	2018	239.70639	25.82742	NaN	NaN	NaN	NaN	NaN	NaN	2.24
30	10	2018	239.70639	25.82742	28.59	34.283	425.13	406	19.13	1.425	2.242710436
18	10	1998	242.26401	25.834	NaN	NaN	NaN	NaN	NaN	NaN	3.83
18	10	1998	242.26401	25.834	20.75	33.76	382.57999	364.4	18.17999	1.74001	3.828510179
30	10	2018	239.6563	25.84569	NaN	NaN	NaN	NaN	NaN	NaN	2.11
30	10	2018	239.6563	25.84569	28.62	34.295	424.07001	406	18.07001	4.5	2.113750907
18	10	1998	242.259	25.849	NaN	NaN	NaN	NaN	NaN	NaN	3.67
18	10	1998	242.259	25.849	20.67	33.72	381.73001	364.4	17.33001	1.49001	3.672836905
30	10	2018	239.60631	25.8648	NaN	NaN	NaN	NaN	NaN	NaN	1.85
30	10	2018	239.60631	25.8648	28.62	34.347	421.79999	406	15.79999	3.875	1.847800965
30	10	2018	239.55571	25.88387	NaN	NaN	NaN	NaN	NaN	NaN	1.5
30	10	2018	239.55571	25.88387	28.55	34.27	418.79001	406	12.79001	2.875	1.503860671
30	10	2018	239.50476	25.90298	NaN	NaN	NaN	NaN	NaN	NaN	1.27
30	10	2018	239.50476	25.90298	28.52	34.286	416.82001	406	10.82001	2.95	1.274897827
18	10	1998	242.233	25.905	NaN	NaN	NaN	NaN	NaN	NaN	3.67
18	10	1998	242.233	25.905	20.56	33.65	381.57001	364.4	17.17001	1.61	3.671235645
18	10	1998	242.226	25.92	NaN	NaN	NaN	NaN	NaN	NaN	3.93
30	10	2018	239.45436	25.92252	NaN	NaN	NaN	NaN	NaN	NaN	0.9
30	10	2018	239.45436	25.92252	28.51	34.277	413.64001	406	7.64001	4.7	0.900890756
18	10	1998	242.21899	25.935	NaN	NaN	NaN	NaN	NaN	NaN	3.87
18	10	1998	242.21899	25.935	20.75	33.72	382.76001	364.4	18.36001	0.42	3.867136671
30	10	2018	239.4039	25.9421	NaN	NaN	NaN	NaN	NaN	NaN	0.91
30	10	2018	239.4039	25.9421	28.54	34.277	413.70001	406	7.70001	5.15	0.906000718
18	10	1998	242.211	25.95	NaN	NaN	NaN	NaN	NaN	NaN	3.61
18	10	1998	242.211	25.95	21.01	33.82	381.89001	364.4	17.49001	1.17	3.609057802
18	10	1998	242.183	26.005	NaN	NaN	NaN	NaN	NaN	NaN	3.59
18	10	1998	242.183	26.005	20.97	33.8	381.72	364.4	17.32	0.75	3.585339608
18	10	1998	242.175	26.02	NaN	NaN	NaN	NaN	NaN	NaN	3.72
18	10	1998	242.175	26.02	21.01	33.81	382.42999	364.4	18.02999	1.49001	3.720654408
18	10	1998	242.16701	26.035	NaN	NaN	NaN	NaN	NaN	NaN	3.98
18	10	1998	242.16701	26.035	21.04	33.83	383.72	364.4	19.32	0.72	3.977291281
18	10	1998	242.159	26.05	NaN	NaN	NaN	NaN	NaN	NaN	4.04
18	10	1998	242.159	26.05	21.05	33.84	384.04999	364.4	19.64999	0.94	4.041924068
18	10	1998	242.13	26.106	NaN	NaN	NaN	NaN	NaN	NaN	4.21
18	10	1998	242.13	26.106	21.07	33.86	384.89999	364.4	20.49999	1.09	4.209889315
29	10	2018	238.59428	26.23346	NaN	NaN	NaN	NaN	NaN	NaN	1.51
29	10	2018	238.59428	26.23346	28.61	34.266	418.89999	406	12.89999	2.3	1.510262231
29	10	2018	238.39337	26.30912	NaN	NaN	NaN	NaN	NaN	NaN	1.51
29	10	2018	238.39337	26.30912	28.57	34.311	418.87	406	12.87	1.8	1.510815953
29	10	2018	238.34322	26.3282	NaN	NaN	NaN	NaN	NaN	NaN	1.51
29	10	2018	238.34322	26.3282	28.58	34.353	418.91	406	12.91	0.825	1.514144462
29	10	2018	238.2923	26.34611	NaN	NaN	NaN	NaN	NaN	NaN	1.45
29	10	2018	238.2923	26.34611	28.55	34.313	418.29999	406	12.29999	1.275	1.445976297
29	10	2018	238.24142	26.3641	NaN	NaN	NaN	NaN	NaN	NaN	1.51
29	10	2018	238.24142	26.3641	28.53	34.346	418.85999	406	12.85999	2.45	1.513779526
29	10	2018	238.1904	26.38201	NaN	NaN	NaN	NaN	NaN	NaN	1.61
29	10	2018	238.1904	26.38201	28.51	34.361	419.62	406	13.62	0.45	1.605455875
29	10	2018	238.13907	26.40006	NaN	NaN	NaN	NaN	NaN	NaN	1.53
29	10	2018	238.13907	26.40006	28.54	34.29	418.98001	406	12.98001	2.45	1.527172164
29	10	2018	238.08765	26.41807	NaN	NaN	NaN	NaN	NaN	NaN	1.56
29	10	2018	238.08765	26.41807	28.56	34.268	419.29999	406	13.29999	2.675	1.56270924
29	10	2018	238.0363	26.43607	NaN	NaN	NaN	NaN	NaN	NaN	1.45
29	10	2018	238.0363	26.43607	28.55	34.318	418.37	406	12.37	0.3	1.454175347
29	10	2018	237.98476	26.45406	NaN	NaN	NaN	NaN	NaN	NaN	1.43
29	10	2018	237.98476	26.45406	28.55	34.307	418.20001	406	12.20001	1.6	1.434259738
29	10	2018	237.93338	26.47259	NaN	NaN	NaN	NaN	NaN	NaN	1.46
29	10	2018	237.93338	26.47259	28.6	34.307	418.48001	406	12.48001	1.325	1.461890602
29	10	2018	237.88222	26.49157	NaN	NaN	NaN	NaN	NaN	NaN	1.33
29	10	2018	237.88222	26.49157	28.61	34.307	417.34	406	11.34	2.75	1.327393004
29	10	2018	237.83119	26.51036	NaN	NaN	NaN	NaN	NaN	NaN	1.21
29	10	2018	237.83119	26.51036	28.63	34.232	416.32001	406	10.32001	1.1	1.206645378
29	10	2018	237.78078	26.52997	NaN	NaN	NaN	NaN	NaN	NaN	0.99
29	10	2018	237.78078	26.52997	28.61	34.165	414.45001	406	8.45001	1.025	0.989711704
29	10	2018	237.73007	26.54909	NaN	NaN	NaN	NaN	NaN	NaN	1.15
29	10	2018	237.73007	26.54909	28.63	34.16	415.84	406	9.84	3.125	1.150877177
29	10	2018	237.67902	26.56811	NaN	NaN	NaN	NaN	NaN	NaN	1.07
29	10	2018	237.67902	26.56811	28.62	34.149	415.10001	406	9.10001	4.125	1.065147452
29	10	2018	237.6279	26.58694	NaN	NaN	NaN	NaN	NaN	NaN	1.03
29	10	2018	237.6279	26.58694	28.6	34.167	414.82999	406	8.82999	1.2	1.034954987
29	10	2018	237.57674	26.60517	NaN	NaN	NaN	NaN	NaN	NaN	1.45
29	10	2018	237.57674	26.60517	28.57	34.167	418.31	406	12.31	2.75	1.445972155
29	10	2018	237.52531	26.6228	NaN	NaN	NaN	NaN	NaN	NaN	1.57
29	10	2018	237.52531	26.6228	28.54	34.167	419.35999	406	13.35999	2.125	1.572710668
29	10	2018	237.47418	26.6413	NaN	NaN	NaN	NaN	NaN	NaN	1.42
29	10	2018	237.47418	26.6413	28.54	34.169	418.10001	406	12.10001	2.6	1.424376151
29	10	2018	237.42311	26.65991	NaN	NaN	NaN	NaN	NaN	NaN	1.43
29	10	2018	237.42311	26.65991	28.55	34.159	418.17999	406	12.17999	3.3	1.432817714
29	10	2018	237.37225	26.67851	NaN	NaN	NaN	NaN	NaN	NaN	1.45
29	10	2018	237.37225	26.67851	28.54	34.172	418.29999	406	12.29999	1.475	1.447898504
29	10	2018	237.32185	26.69702	NaN	NaN	NaN	NaN	NaN	NaN	1.38
29	10	2018	237.32185	26.69702	28.53	34.218	417.67999	406	11.67999	0.375	1.375636081
29	10	2018	237.27151	26.71547	NaN	NaN	NaN	NaN	NaN	NaN	1.55
29	10	2018	237.27151	26.71547	28.54	34.251	419.17999	406	13.17999	0.8	1.550961058
29	10	2018	237.22078	26.7338	NaN	NaN	NaN	NaN	NaN	NaN	1.5
29	10	2018	237.22078	26.7338	28.53	34.41	418.78	406	12.78	1.575	1.503949675
29	10	2018	237.16962	26.75255	NaN	NaN	NaN	NaN	NaN	NaN	1.62
29	10	2018	237.16962	26.75255	28.53	34.334	419.73001	406	13.73001	4.775	1.616275033
29	10	2018	237.11833	26.77132	NaN	NaN	NaN	NaN	NaN	NaN	1.62
29	10	2018	237.11833	26.77132	28.52	34.284	419.76999	406	13.76999	4.1	1.622501398
29	10	2018	237.06705	26.7903	NaN	NaN	NaN	NaN	NaN	NaN	1.37
29	10	2018	237.06705	26.7903	28.52	34.247	417.60999	406	11.60999	1.425	1.368208929
29	10	2002	240.741	26.858	NaN	NaN	NaN	NaN	NaN	NaN	2.97
29	10	2002	240.741	26.858	22.01	33.7	386.10001	370.55	15.55001	2.95	2.97380803
29	10	2002	240.75101	26.873	NaN	NaN	NaN	NaN	NaN	NaN	3.07
29	10	2002	240.75101	26.873	21.99	33.7	386.60001	370.55	16.05001	3.82001	3.074108136
29	10	2002	240.761	26.888	NaN	NaN	NaN	NaN	NaN	NaN	3.26
29	10	2002	240.761	26.888	21.75	33.7	387.28	370.55	16.73	1.93001	3.26354845
29	10	2002	240.758	26.904	NaN	NaN	NaN	NaN	NaN	NaN	3.34
29	10	2002	240.758	26.904	21.67	33.7	387.54999	370.55	16.99999	0.55	3.336549811
29	10	2002	240.782	26.957	NaN	NaN	NaN	NaN	NaN	NaN	3.78
29	10	2002	240.782	26.957	21.56	33.7	389.64999	370.55	19.09999	2.65001	3.780388097
29	10	2002	240.79001	26.973	NaN	NaN	NaN	NaN	NaN	NaN	4.17
29	10	2002	240.79001	26.973	21.34	33.7	391.25	370.55	20.7	6.72	4.166736156
29	10	2002	240.8	26.987	NaN	NaN	NaN	NaN	NaN	NaN	4.32
29	10	2002	240.8	26.987	21.24	33.7	391.85999	370.55	21.30999	2.63	4.322584048
10	10	2002	244.243	27.001	NaN	NaN	NaN	NaN	NaN	NaN	7.45
10	10	2002	244.243	27.001	23.51	33.87	414.19	370.55	43.64	7.5	7.445686036
10	10	2002	244.239	27.007	NaN	NaN	NaN	NaN	NaN	NaN	7.42
10	10	2002	244.239	27.007	23.42	33.85	413.73001	370.55	43.18001	6.28	7.417796674
29	10	2002	240.79401	27.014	NaN	NaN	NaN	NaN	NaN	NaN	4.41
29	10	2002	240.79401	27.014	21.18	33.7	392.20999	370.55	21.65999	1.63	4.413885434
22	10	2002	244.47699	27.027	NaN	NaN	NaN	NaN	NaN	NaN	3.95
22	10	2002	244.47699	27.027	21.65	33.52	390.64999	370.55	20.09999	7.5	3.954286379
10	10	2002	244.22	27.036	NaN	NaN	NaN	NaN	NaN	NaN	7.49
10	10	2002	244.22	27.036	23.3	33.86	413.78	370.55	43.23	3.35001	7.493284379
10	10	2002	244.216	27.042	NaN	NaN	NaN	NaN	NaN	NaN	7.19
10	10	2002	244.216	27.042	23.27	33.86	411.91	370.55	41.36	3.29001	7.185331647
22	10	2002	244.48199	27.043	NaN	NaN	NaN	NaN	NaN	NaN	3.48
22	10	2002	244.48199	27.043	21.62	33.51	388.19	370.55	17.64	6.28	3.478462414
10	10	2002	244.213	27.047	NaN	NaN	NaN	NaN	NaN	NaN	6.82
10	10	2002	244.213	27.047	23.29	33.85	409.88	370.55	39.33	3.5	6.822711433
10	10	2002	244.209	27.053	NaN	NaN	NaN	NaN	NaN	NaN	6.85
10	10	2002	244.209	27.053	23.34	33.85	410.16	370.55	39.61	3.33	6.845515781
22	10	2002	244.474	27.057	NaN	NaN	NaN	NaN	NaN	NaN	3.29
22	10	2002	244.474	27.057	21.62	33.51	387.20999	370.55	16.65999	3.35001	3.28521253
10	10	2002	244.205	27.059	NaN	NaN	NaN	NaN	NaN	NaN	6.76
10	10	2002	244.205	27.059	23.4	33.87	409.82001	370.55	39.27001	2.57001	6.755632163
10	10	2002	244.20099	27.064	NaN	NaN	NaN	NaN	NaN	NaN	6.68
10	10	2002	244.20099	27.064	23.43	33.89	409.48001	370.55	38.93001	3.17	6.681471303
29	10	2002	240.817	27.066	NaN	NaN	NaN	NaN	NaN	NaN	4.16
29	10	2002	240.817	27.066	21.19	33.7	390.98999	370.55	20.43999	1.78	4.16207228
10	10	2002	244.19699	27.07	NaN	NaN	NaN	NaN	NaN	NaN	6.61
10	10	2002	244.19699	27.07	23.45	33.88	409.14001	370.55	38.59001	4.42	6.613482726
10	10	2002	244.19501	27.073	NaN	NaN	NaN	NaN	NaN	NaN	6.65
22	10	2002	244.468	27.073	NaN	NaN	NaN	NaN	NaN	NaN	3.7
10	10	2002	244.19501	27.073	23.42	33.88	409.26001	370.55	38.71001	4.27	6.649002902
22	10	2002	244.468	27.073	21.61	33.52	389.28	370.55	18.73	3.29001	3.696058085
10	10	2002	244.192	27.078	NaN	NaN	NaN	NaN	NaN	NaN	6.7
10	10	2002	244.192	27.078	23.36	33.87	409.35999	370.55	38.80999	2.97	6.696580173
29	10	2002	240.825	27.082	NaN	NaN	NaN	NaN	NaN	NaN	4.09
29	10	2002	240.825	27.082	21.2	33.7	390.63	370.55	20.08	4.67	4.085628001
10	10	2002	244.188	27.084	NaN	NaN	NaN	NaN	NaN	NaN	6.84
10	10	2002	244.188	27.084	23.36	33.82	410.16	370.55	39.61	4.47	6.836167313
10	10	2002	244.18399	27.09	NaN	NaN	NaN	NaN	NaN	NaN	7.16
10	10	2002	244.18399	27.09	23.35	33.8	411.98001	370.55	41.43001	4.85001	7.156298184
10	10	2002	244.181	27.095	NaN	NaN	NaN	NaN	NaN	NaN	7.45
10	10	2002	244.181	27.095	23.37	33.79	413.73001	370.55	43.18001	5.57001	7.447720307
29	10	2002	240.83301	27.097	NaN	NaN	NaN	NaN	NaN	NaN	4.04
29	10	2002	240.83301	27.097	21.21	33.7	390.44	370.55	19.89	2.90001	4.043859974
10	10	2002	244.177	27.101	NaN	NaN	NaN	NaN	NaN	NaN	7.58
10	10	2002	244.177	27.101	23.38	33.79	414.51001	370.55	43.96001	2.93001	7.576562903
10	10	2002	244.173	27.107	NaN	NaN	NaN	NaN	NaN	NaN	7.72
10	10	2002	244.173	27.107	23.34	33.8	415.20001	370.55	44.65001	4.45	7.718292109
29	10	2002	240.83	27.112	NaN	NaN	NaN	NaN	NaN	NaN	4.06
29	10	2002	240.83	27.112	21.24	33.7	390.57001	370.55	20.02001	1.73	4.060920529
10	10	2002	244.16901	27.113	NaN	NaN	NaN	NaN	NaN	NaN	7.77
10	10	2002	244.16901	27.113	23.34	33.8	415.48999	370.55	44.93999	6.5	7.768418645
10	10	2002	244.16699	27.116	NaN	NaN	NaN	NaN	NaN	NaN	7.79
10	10	2002	244.16699	27.116	23.36	33.79	415.67001	370.55	45.12001	4.88	7.78818049
10	10	2002	244.164	27.121	NaN	NaN	NaN	NaN	NaN	NaN	7.6
10	10	2002	244.164	27.121	23.37	33.81	414.63	370.55	44.08	2.68001	7.602262999
10	10	2002	244.16	27.127	NaN	NaN	NaN	NaN	NaN	NaN	7.53
10	10	2002	244.16	27.127	23.37	33.82	414.23999	370.55	43.68999	4.3	7.534658814
10	10	2002	244.157	27.133	NaN	NaN	NaN	NaN	NaN	NaN	7.45
10	10	2002	244.157	27.133	23.36	33.83	413.70999	370.55	43.15999	3.18001	7.44851191
22	10	2002	244.452	27.136	NaN	NaN	NaN	NaN	NaN	NaN	3.37
22	10	2002	244.452	27.136	21.53	33.53	387.51999	370.55	16.96999	3.5	3.36916201
10	10	2002	244.153	27.139	NaN	NaN	NaN	NaN	NaN	NaN	7.35
10	10	2002	244.153	27.139	23.35	33.84	413.12	370.55	42.57	5.3	7.351879731
10	10	2002	244.149	27.145	NaN	NaN	NaN	NaN	NaN	NaN	7.13
10	10	2002	244.149	27.145	23.34	33.85	411.79001	370.55	41.24001	3.47	7.127218865
10	10	2002	244.146	27.15	NaN	NaN	NaN	NaN	NaN	NaN	6.99
10	10	2002	244.146	27.15	23.35	33.85	411	370.55	40.45	3.7	6.985437447
22	10	2002	244.44501	27.152	NaN	NaN	NaN	NaN	NaN	NaN	3.19
22	10	2002	244.44501	27.152	21.53	33.51	386.62	370.55	16.07	3.33	3.190774724
10	10	2002	244.144	27.153	NaN	NaN	NaN	NaN	NaN	NaN	6.93
10	10	2002	244.144	27.153	23.35	33.85	410.66	370.55	40.11	5	6.92672178
10	10	2002	244.14099	27.159	NaN	NaN	NaN	NaN	NaN	NaN	6.91
10	10	2002	244.14099	27.159	23.37	33.85	410.62	370.55	40.07	5.28	6.909426707
10	10	2002	244.13699	27.165	NaN	NaN	NaN	NaN	NaN	NaN	6.88
10	10	2002	244.13699	27.165	23.37	33.86	410.47	370.55	39.92	3.37	6.883250048
22	10	2002	244.44901	27.169	NaN	NaN	NaN	NaN	NaN	NaN	2.25
22	10	2002	244.44901	27.169	21.57	33.5	381.94	370.55	11.39	2.57001	2.254727253
10	10	2002	244.133	27.171	NaN	NaN	NaN	NaN	NaN	NaN	6.77
10	10	2002	244.133	27.171	23.37	33.86	409.82999	370.55	39.27999	3.40001	6.772895618
29	10	2002	240.849	27.175	NaN	NaN	NaN	NaN	NaN	NaN	3.8
29	10	2002	240.849	27.175	21.55	33.7	389.72	370.55	19.17	2.08	3.797150369
10	10	2002	244.13	27.176	NaN	NaN	NaN	NaN	NaN	NaN	6.8
10	10	2002	244.13	27.176	23.36	33.87	409.95999	370.55	39.40999	4.17	6.800108881
10	10	2002	244.12601	27.182	NaN	NaN	NaN	NaN	NaN	NaN	6.89
10	10	2002	244.12601	27.182	23.29	33.88	410.29999	370.55	39.74999	3.33	6.894631569
22	10	2002	244.442	27.184	NaN	NaN	NaN	NaN	NaN	NaN	2.48
22	10	2002	244.442	27.184	21.6	33.51	383.13	370.55	12.58	3.17	2.484470793
10	10	2002	244.123	27.188	NaN	NaN	NaN	NaN	NaN	NaN	6.63
10	10	2002	244.123	27.188	23.26	33.88	408.67001	370.55	38.12001	3.13	6.626839276
18	10	2000	244.47301	27.189	NaN	NaN	NaN	NaN	NaN	NaN	4.78
29	10	2002	240.858	27.189	NaN	NaN	NaN	NaN	NaN	NaN	3.73
18	10	2000	244.47301	27.189	20.99	33.84	391.57999	368.45	23.12999	5.04001	4.779783727
29	10	2002	240.858	27.189	21.59	33.7	389.45001	370.55	18.90001	3.87	3.732228298
18	10	2000	244.468	27.205	NaN	NaN	NaN	NaN	NaN	NaN	4.82
29	10	2002	240.867	27.205	NaN	NaN	NaN	NaN	NaN	NaN	3.68
18	10	2000	244.468	27.205	21.06	33.86	391.91	368.45	23.46	6.79001	4.821468685
29	10	2002	240.867	27.205	21.61	33.7	389.20999	370.55	18.65999	4.45	3.679197006
29	10	2002	240.864	27.22	NaN	NaN	NaN	NaN	NaN	NaN	3.7
29	10	2002	240.864	27.22	21.62	33.7	389.32999	370.55	18.77999	2.52	3.700026071
22	10	2002	244.429	27.239	NaN	NaN	NaN	NaN	NaN	NaN	5.38
22	10	2002	244.429	27.239	21.75	33.52	398.09	370.55	27.54	4.42	5.376714824
22	10	2002	244.423	27.254	NaN	NaN	NaN	NaN	NaN	NaN	5.47
22	10	2002	244.423	27.254	21.69	33.54	398.42999	370.55	27.87999	4.27	5.46760152
18	10	2000	244.44901	27.268	NaN	NaN	NaN	NaN	NaN	NaN	4.87
18	10	2000	244.44901	27.268	21.29	33.93	392.56	368.45	24.11	3.32001	4.866639766
22	10	2002	244.416	27.27	NaN	NaN	NaN	NaN	NaN	NaN	5.59
22	10	2002	244.416	27.27	21.66	33.53	399.01001	370.55	28.46001	2.97	5.594422731
29	10	2002	240.88501	27.271	NaN	NaN	NaN	NaN	NaN	NaN	3.44
29	10	2002	240.88501	27.271	21.75	33.7	388.17001	370.55	17.62001	2.02	3.437164156
18	10	2000	244.444	27.284	NaN	NaN	NaN	NaN	NaN	NaN	4.8
18	10	2000	244.444	27.284	21.3	33.93	392.23001	368.45	23.78001	6.12	4.796347351
29	10	2002	240.89499	27.286	NaN	NaN	NaN	NaN	NaN	NaN	3.43
29	10	2002	240.89499	27.286	21.79	33.7	388.17001	370.55	17.62001	3	3.426681619
22	10	2002	244.409	27.287	NaN	NaN	NaN	NaN	NaN	NaN	5.55
22	10	2002	244.409	27.287	21.62	33.53	398.70001	370.55	28.15001	4.47	5.550439339
18	10	2000	244.439	27.301	NaN	NaN	NaN	NaN	NaN	NaN	4.66
18	10	2000	244.439	27.301	21.26	33.92	391.48001	368.45	23.03001	6.19	4.659577753
29	10	2002	240.892	27.311	NaN	NaN	NaN	NaN	NaN	NaN	3.39
29	10	2002	240.892	27.311	21.84	33.7	388.03	370.55	17.48	0.93001	3.386504956
18	10	2000	244.43401	27.317	NaN	NaN	NaN	NaN	NaN	NaN	4.51
18	10	2000	244.43401	27.317	21.21	33.91	390.67001	368.45	22.22001	5.24001	4.513203125
29	10	2002	240.90201	27.327	NaN	NaN	NaN	NaN	NaN	NaN	3.38
29	10	2002	240.90201	27.327	21.89	33.7	388.07001	370.55	17.52001	0.3	3.381335307
22	10	2002	244.39	27.352	NaN	NaN	NaN	NaN	NaN	NaN	4.53
22	10	2002	244.39	27.352	21.59	33.52	393.47	370.55	22.92	4.85001	4.529812397
22	10	2002	244.392	27.369	NaN	NaN	NaN	NaN	NaN	NaN	4.06
22	10	2002	244.392	27.369	21.58	33.52	391.07001	370.55	20.52001	5.57001	4.058593202
29	10	2002	240.923	27.378	NaN	NaN	NaN	NaN	NaN	NaN	3.1
29	10	2002	240.923	27.378	21.86	33.7	386.56	370.55	16.01	0.34999	3.096983917
18	10	2000	244.41499	27.379	NaN	NaN	NaN	NaN	NaN	NaN	4.44
18	10	2000	244.41499	27.379	20.91	33.83	389.79999	368.45	21.34999	2.85001	4.439446132
22	10	2002	244.382	27.388	NaN	NaN	NaN	NaN	NaN	NaN	3.36
22	10	2002	244.382	27.388	21.61	33.51	387.59	370.55	17.04	2.93001	3.362718909
29	10	2002	240.93201	27.392	NaN	NaN	NaN	NaN	NaN	NaN	3.08
29	10	2002	240.93201	27.392	21.82	33.7	386.44	370.55	15.89	2.18001	3.083166658
18	10	2000	244.41	27.395	NaN	NaN	NaN	NaN	NaN	NaN	4.38
18	10	2000	244.41	27.395	20.89	33.83	389.48999	368.45	21.03999	0.47	4.381740045
22	10	2002	244.37201	27.404	NaN	NaN	NaN	NaN	NaN	NaN	2.78
22	10	2002	244.37201	27.404	21.58	33.53	384.63	370.55	14.08	4.45	2.784714268
29	10	2002	240.929	27.408	NaN	NaN	NaN	NaN	NaN	NaN	3.07
29	10	2002	240.929	27.408	21.77	33.7	386.32999	370.55	15.77999	3.7	3.073530404
18	10	2000	244.40401	27.413	NaN	NaN	NaN	NaN	NaN	NaN	4.34
18	10	2000	244.40401	27.413	20.86	33.83	389.23001	368.45	20.78001	6.2	4.337625799
29	10	2002	240.939	27.423	NaN	NaN	NaN	NaN	NaN	NaN	3.01
29	10	2002	240.939	27.423	21.68	33.7	385.92001	370.55	15.37001	2.60001	3.014332204
18	10	2000	244.399	27.429	NaN	NaN	NaN	NaN	NaN	NaN	4.3
18	10	2000	244.399	27.429	20.85	33.82	389.04999	368.45	20.59999	7.42	4.303567305
22	10	2002	244.36099	27.46	NaN	NaN	NaN	NaN	NaN	NaN	1.37
22	10	2002	244.36099	27.46	21.54	33.53	377.44	370.55	6.89	6.5	1.366869302
22	10	2002	244.351	27.477	NaN	NaN	NaN	NaN	NaN	NaN	0.77
22	10	2002	244.351	27.477	21.46	33.55	374.39999	370.55	3.84999	4.88	0.768402517
29	10	2002	240.95599	27.486	NaN	NaN	NaN	NaN	NaN	NaN	2.67
29	10	2002	240.95599	27.486	21.58	33.7	384.06	370.55	13.51	0.93001	2.669892888
18	10	2000	244.38	27.49	NaN	NaN	NaN	NaN	NaN	NaN	4.29
18	10	2000	244.38	27.49	20.85	33.83	388.98001	368.45	20.53001	6.09	4.28874927
22	10	2002	244.34	27.493	NaN	NaN	NaN	NaN	NaN	NaN	0.32
22	10	2002	244.34	27.493	21.35	33.55	372.13	370.55	1.58	2.68001	0.318016493
29	10	2002	240.965	27.499	NaN	NaN	NaN	NaN	NaN	NaN	2.69
29	10	2002	240.965	27.499	21.56	33.7	384.14999	370.55	13.59999	0.25	2.691794096
18	10	2000	244.375	27.506	NaN	NaN	NaN	NaN	NaN	NaN	4.3
18	10	2000	244.375	27.506	20.86	33.83	389.07001	368.45	20.62001	6.34	4.304227349
22	10	2002	244.341	27.509	NaN	NaN	NaN	NaN	NaN	NaN	-0.05
22	10	2002	244.341	27.509	21.3	33.52	370.29999	370.55	-0.25001	4.3	-0.050521555
29	10	2002	240.961	27.514	NaN	NaN	NaN	NaN	NaN	NaN	2.74
29	10	2002	240.961	27.514	21.57	33.7	384.41	370.55	13.86	0.92	2.741158068
18	10	2000	244.37	27.523	NaN	NaN	NaN	NaN	NaN	NaN	4.34
18	10	2000	244.37	27.523	20.87	33.83	389.23999	368.45	20.78999	6.07001	4.336361571
29	10	2002	240.96899	27.529	NaN	NaN	NaN	NaN	NaN	NaN	2.85
29	10	2002	240.96899	27.529	21.58	33.7	384.98001	370.55	14.43001	0.97	2.851708444
18	10	2000	244.36501	27.539	NaN	NaN	NaN	NaN	NaN	NaN	4.32
18	10	2000	244.36501	27.539	20.86	33.83	389.16	368.45	20.71	4.82001	4.32301189
22	10	2002	244.31799	27.574	NaN	NaN	NaN	NaN	NaN	NaN	2.39
22	10	2002	244.31799	27.574	21.93	33.5	382.98001	370.55	12.43001	3.18001	2.393862027
29	10	2002	240.989	27.589	NaN	NaN	NaN	NaN	NaN	NaN	2.91
29	10	2002	240.989	27.589	21.51	33.7	385.22	370.55	14.67	0.5	2.914713813
22	10	2002	244.30899	27.591	NaN	NaN	NaN	NaN	NaN	NaN	3.44
22	10	2002	244.30899	27.591	22.03	33.57	388.53	370.55	17.98	5.3	3.435335237
18	10	2000	244.345	27.599	NaN	NaN	NaN	NaN	NaN	NaN	4.26
18	10	2000	244.345	27.599	20.74	33.81	388.67001	368.45	20.22001	4.52	4.260421806
29	10	2002	240.998	27.604	NaN	NaN	NaN	NaN	NaN	NaN	2.91
29	10	2002	240.998	27.604	21.49	33.7	385.16	370.55	14.61	4.3	2.907242849
22	10	2002	244.30899	27.607	NaN	NaN	NaN	NaN	NaN	NaN	3.97
22	10	2002	244.30899	27.607	22.02	33.65	391.29999	370.55	20.74999	3.47	3.966147756
18	10	2000	244.34	27.616	NaN	NaN	NaN	NaN	NaN	NaN	4.17
18	10	2000	244.34	27.616	20.75	33.81	388.26001	368.45	19.81001	4.45	4.170809068
29	10	2002	240.995	27.619	NaN	NaN	NaN	NaN	NaN	NaN	2.93
29	10	2002	240.995	27.619	21.49	33.7	385.26999	370.55	14.71999	1.97	2.929129751
22	10	2002	244.298	27.624	NaN	NaN	NaN	NaN	NaN	NaN	4.36
22	10	2002	244.298	27.624	21.89	33.69	393.14001	370.55	22.59001	3.7	4.360037555
18	10	2000	244.33501	27.633	NaN	NaN	NaN	NaN	NaN	NaN	4.08
18	10	2000	244.33501	27.633	20.71	33.8	387.78	368.45	19.33	5.02	4.082538665
18	10	2000	244.33	27.649	NaN	NaN	NaN	NaN	NaN	NaN	3.97
18	10	2000	244.33	27.649	20.62	33.8	387.10001	368.45	18.65001	6.99001	3.966441718
22	10	2002	244.27301	27.677	NaN	NaN	NaN	NaN	NaN	NaN	3.34
22	10	2002	244.27301	27.677	21.63	33.58	387.51001	370.55	16.96001	5	3.340741729
22	10	2002	244.274	27.693	NaN	NaN	NaN	NaN	NaN	NaN	3.36
22	10	2002	244.274	27.693	21.7	33.57	387.72	370.55	17.17	5.28	3.36420732
22	10	2002	244.26401	27.708	NaN	NaN	NaN	NaN	NaN	NaN	3.26
22	10	2002	244.26401	27.708	21.76	33.58	387.26001	370.55	16.71001	3.37	3.258955443
18	10	2000	244.313	27.711	NaN	NaN	NaN	NaN	NaN	NaN	3.77
18	10	2000	244.313	27.711	20.42	33.79	385.89001	368.45	17.44001	5.22	3.767211715
22	10	2002	244.265	27.724	NaN	NaN	NaN	NaN	NaN	NaN	3.21
22	10	2002	244.265	27.724	21.77	33.6	387.04001	370.55	16.49001	3.40001	3.213298619
18	10	2000	244.308	27.726	NaN	NaN	NaN	NaN	NaN	NaN	4.28
18	10	2000	244.308	27.726	20.32	33.78	388.09	368.45	19.64	3.04001	4.275696633
18	10	2000	244.302	27.742	NaN	NaN	NaN	NaN	NaN	NaN	5.55
18	10	2000	244.302	27.742	19.75	33.72	392.85001	368.45	24.40001	1.37	5.554947628
18	10	2000	244.297	27.758	NaN	NaN	NaN	NaN	NaN	NaN	6.31
18	10	2000	244.297	27.758	19.09	33.68	394.75	368.45	26.3	3.37	6.307563752
22	10	2002	244.242	27.787	NaN	NaN	NaN	NaN	NaN	NaN	2.27
22	10	2002	244.242	27.787	21.68	33.58	382.13	370.55	11.58	4.17	2.272296303
22	10	2002	244.23199	27.805	NaN	NaN	NaN	NaN	NaN	NaN	2.39
22	10	2002	244.23199	27.805	21.65	33.58	382.69	370.55	12.14	3.33	2.387653018
18	10	2000	244.278	27.818	NaN	NaN	NaN	NaN	NaN	NaN	6.92
18	10	2000	244.278	27.818	18.94	33.67	396.98001	368.45	28.53001	4.34	6.924337343
22	10	2002	244.224	27.819	NaN	NaN	NaN	NaN	NaN	NaN	2.39
22	10	2002	244.224	27.819	21.58	33.57	382.64001	370.55	12.09001	3.13	2.390698252
18	10	2000	244.274	27.833	NaN	NaN	NaN	NaN	NaN	NaN	5.64
18	10	2000	244.274	27.833	19.19	33.71	392.14999	368.45	23.69999	4.22	5.638525874
18	10	2000	244.269	27.85	NaN	NaN	NaN	NaN	NaN	NaN	4.4
18	10	2000	244.269	27.85	20.35	33.77	388.73001	368.45	20.28001	4.8	4.404957406
18	10	2000	244.265	27.866	NaN	NaN	NaN	NaN	NaN	NaN	4.42
18	10	2000	244.265	27.866	20.21	33.76	388.57999	368.45	20.12999	5.44	4.42041897
17	10	2000	244.246	27.926	NaN	NaN	NaN	NaN	NaN	NaN	4.51
17	10	2000	244.246	27.926	19.74	33.73	388.23999	368.45	19.78999	6.32001	4.508740122
17	10	2000	244.241	27.941	NaN	NaN	NaN	NaN	NaN	NaN	3.73
17	10	2000	244.241	27.941	19.92	33.73	385.04999	368.45	16.59999	6.89	3.729111709
17	10	2000	244.23599	27.958	NaN	NaN	NaN	NaN	NaN	NaN	3.26
17	10	2000	244.23599	27.958	19.9	33.73	382.95999	368.45	14.50999	6.92	3.264698536
17	10	2000	244.231	27.974	NaN	NaN	NaN	NaN	NaN	NaN	2.91
17	10	2000	244.231	27.974	19.93	33.73	381.41	368.45	12.96	3.60001	2.909132034
NaN	10	NaN	242.5	28	21.23	33.81	375.27	367.01	8.26	6.19	1.675921181
NaN	11	NaN	242.5	28	21.09	33.72	374.16	369.82	4.34	6.27	0.890469392
NaN	12	NaN	242.5	28	19.98	33.67	362.8	371.73	-8.93	6.19	-1.997267799
17	10	2000	244.213	28.035	NaN	NaN	NaN	NaN	NaN	NaN	3.78
17	10	2000	244.213	28.035	19.9	33.73	385.26001	368.45	16.81001	4.15001	3.782195235
15	12	1995	239	28.5	NaN	NaN	NaN	NaN	NaN	NaN	-1.82
15	12	1995	240	28.5	NaN	NaN	NaN	NaN	NaN	NaN	-3.23
15	12	1995	241	28.5	NaN	NaN	NaN	NaN	NaN	NaN	-4.11
15	12	1995	242	28.5	NaN	NaN	NaN	NaN	NaN	NaN	-3.23
11	10	2002	242.314	30.001	NaN	NaN	NaN	NaN	NaN	NaN	2.02
11	10	2002	242.314	30.001	21.59	33.57	380.76999	370.55	10.21999	5.95	2.019371536
11	10	2002	242.31	30.006	NaN	NaN	NaN	NaN	NaN	NaN	1.95
11	10	2002	242.31	30.006	21.57	33.57	380.38	370.55	9.83	5.62	1.94528843
23	10	2002	243.56601	30.01	NaN	NaN	NaN	NaN	NaN	NaN	3.07
23	10	2002	243.56601	30.01	20.84	33.48	385.23001	370.55	14.68001	5	3.074017885
11	10	2002	242.30701	30.011	NaN	NaN	NaN	NaN	NaN	NaN	2.01
11	10	2002	242.30701	30.011	21.59	33.56	380.73001	370.55	10.18001	2.05	2.011564362
11	10	2002	242.30499	30.014	NaN	NaN	NaN	NaN	NaN	NaN	2.05
11	10	2002	242.30499	30.014	21.59	33.56	380.92999	370.55	10.37999	3.62	2.0510803
11	10	2002	242.302	30.019	NaN	NaN	NaN	NaN	NaN	NaN	2.08
11	10	2002	242.302	30.019	21.6	33.56	381.09	370.55	10.54	4.42	2.081105183
23	10	2002	243.55899	30.024	NaN	NaN	NaN	NaN	NaN	NaN	3.83
23	10	2002	243.55899	30.024	20.94	33.48	388.95999	370.55	18.40999	4.29001	3.825452148
11	10	2002	242.298	30.025	NaN	NaN	NaN	NaN	NaN	NaN	2.19
11	10	2002	242.298	30.025	21.57	33.56	381.64001	370.55	11.09001	5.67	2.194736548
11	10	2002	242.295	30.03	NaN	NaN	NaN	NaN	NaN	NaN	1.85
11	10	2002	242.295	30.03	21.49	33.58	379.82001	370.55	9.27001	5.45	1.845657558
11	10	2002	242.291	30.035	NaN	NaN	NaN	NaN	NaN	NaN	1.75
11	10	2002	242.291	30.035	21.45	33.57	379.29001	370.55	8.74001	4.7	1.745556715
23	10	2002	243.564	30.039	NaN	NaN	NaN	NaN	NaN	NaN	4.35
23	10	2002	243.564	30.039	21.15	33.48	391.82001	370.55	21.27001	1.82001	4.348838541
11	10	2002	242.28799	30.041	NaN	NaN	NaN	NaN	NaN	NaN	1.66
11	10	2002	242.28799	30.041	21.44	33.56	378.84	370.55	8.29	4.25	1.657026433
11	10	2002	242.28601	30.043	NaN	NaN	NaN	NaN	NaN	NaN	1.7
11	10	2002	242.28601	30.043	21.43	33.56	379.06	370.55	8.51	2.90001	1.702305034
11	10	2002	242.282	30.049	NaN	NaN	NaN	NaN	NaN	NaN	1.55
11	10	2002	242.282	30.049	21.42	33.56	378.28	370.55	7.73	2.67	1.547462997
11	10	2002	242.27899	30.054	NaN	NaN	NaN	NaN	NaN	NaN	1.47
23	10	2002	243.556	30.054	NaN	NaN	NaN	NaN	NaN	NaN	4.85
23	10	2002	243.556	30.054	21.27	33.48	394.48001	370.55	23.93001	1.54001	4.847779005
11	10	2002	242.27899	30.054	21.42	33.56	377.89001	370.55	7.34001	4.33	1.469391186
11	10	2002	242.27499	30.059	NaN	NaN	NaN	NaN	NaN	NaN	1.44
11	10	2002	242.27499	30.059	21.42	33.56	377.73001	370.55	7.18001	7.62	1.437360904
11	10	2002	242.256	30.089	NaN	NaN	NaN	NaN	NaN	NaN	2.39
11	10	2002	242.256	30.089	21.73	33.56	382.79999	370.55	12.24999	6.37	2.394818287
11	10	2002	242.25299	30.094	NaN	NaN	NaN	NaN	NaN	NaN	2.33
11	10	2002	242.25299	30.094	21.75	33.56	382.5	370.55	11.95	5.25	2.332605024
11	10	2002	242.25101	30.096	NaN	NaN	NaN	NaN	NaN	NaN	2.31
11	10	2002	242.25101	30.096	21.76	33.56	382.39999	370.55	11.84999	6.25	2.311317332
11	10	2002	242.24701	30.102	NaN	NaN	NaN	NaN	NaN	NaN	2.35
11	10	2002	242.24701	30.102	21.77	33.56	382.63	370.55	12.08	6.7	2.354381595
11	10	2002	242.244	30.107	NaN	NaN	NaN	NaN	NaN	NaN	2.24
11	10	2002	242.244	30.107	21.74	33.57	382.01001	370.55	11.46001	5.15001	2.238567022
11	10	2002	242.241	30.112	NaN	NaN	NaN	NaN	NaN	NaN	2.3
11	10	2002	242.241	30.112	21.76	33.56	382.32999	370.55	11.77999	2.32001	2.297663969
23	10	2002	243.54001	30.114	NaN	NaN	NaN	NaN	NaN	NaN	5.4
23	10	2002	243.54001	30.114	21.39	33.48	397.44	370.55	26.89	3.52	5.397475755
11	10	2002	242.237	30.118	NaN	NaN	NaN	NaN	NaN	NaN	2.26
11	10	2002	242.237	30.118	21.77	33.56	382.17001	370.55	11.62001	3.62	2.26472994
11	10	2002	242.23401	30.123	NaN	NaN	NaN	NaN	NaN	NaN	2.25
11	10	2002	242.23401	30.123	21.76	33.56	382.07001	370.55	11.52001	4.62	2.246955379
11	10	2002	242.23001	30.128	NaN	NaN	NaN	NaN	NaN	NaN	2.19
11	10	2002	242.23001	30.128	21.74	33.57	381.75	370.55	11.2	3.95	2.187777379
23	10	2002	243.53299	30.129	NaN	NaN	NaN	NaN	NaN	NaN	5.27
23	10	2002	243.53299	30.129	21.34	33.56	396.70001	370.55	26.15001	4.17	5.267174066
11	10	2002	242.229	30.131	NaN	NaN	NaN	NaN	NaN	NaN	2.19
11	10	2002	242.229	30.131	21.74	33.56	381.75	370.55	11.2	3	2.187877845
11	10	2002	242.22501	30.136	NaN	NaN	NaN	NaN	NaN	NaN	2.23
11	10	2002	242.22501	30.136	21.73	33.57	381.97	370.55	11.42	5.25	2.232456426
11	10	2002	242.222	30.142	NaN	NaN	NaN	NaN	NaN	NaN	2.2
11	10	2002	242.222	30.142	21.72	33.56	381.81	370.55	11.26	6.15001	2.202962189
23	10	2002	243.526	30.145	NaN	NaN	NaN	NaN	NaN	NaN	5.08
23	10	2002	243.526	30.145	21.28	33.54	395.66	370.55	25.11	4.82001	5.081512149
11	10	2002	242.218	30.147	NaN	NaN	NaN	NaN	NaN	NaN	2.19
11	10	2002	242.218	30.147	21.72	33.56	381.75	370.55	11.2	3.65001	2.191223491
11	10	2002	242.215	30.152	NaN	NaN	NaN	NaN	NaN	NaN	2.32
11	10	2002	242.215	30.152	21.71	33.56	382.39999	370.55	11.84999	4.2	2.320162988
11	10	2002	242.211	30.158	NaN	NaN	NaN	NaN	NaN	NaN	2.17
11	10	2002	242.211	30.158	21.67	33.56	381.59	370.55	11.04	3.35001	2.168190264
23	10	2002	243.53101	30.16	NaN	NaN	NaN	NaN	NaN	NaN	4.88
23	10	2002	243.53101	30.16	21.26	33.54	394.64001	370.55	24.09001	4.55	4.882591094
11	10	2002	242.20801	30.163	NaN	NaN	NaN	NaN	NaN	NaN	2.21
11	10	2002	242.20801	30.163	21.69	33.55	381.81	370.55	11.26	5.12	2.208120048
11	10	2002	242.205	30.168	NaN	NaN	NaN	NaN	NaN	NaN	2.16
11	10	2002	242.205	30.168	21.69	33.55	381.54999	370.55	10.99999	5.22	2.157131301
11	10	2002	242.203	30.171	NaN	NaN	NaN	NaN	NaN	NaN	2.22
11	10	2002	242.203	30.171	21.69	33.55	381.88	370.55	11.33	3.05	2.22184726
17	10	2000	243.52901	30.223	NaN	NaN	NaN	NaN	NaN	NaN	4.28
23	10	2002	243.51599	30.223	NaN	NaN	NaN	NaN	NaN	NaN	4.4
23	10	2002	243.51599	30.223	21.2	33.54	392.14999	370.55	21.59999	3.35001	4.398141726
17	10	2000	243.52901	30.223	19.43	33.69	386.78	368.45	18.33	5.87	4.27970711
23	10	2002	243.509	30.238	NaN	NaN	NaN	NaN	NaN	NaN	4.74
23	10	2002	243.509	30.238	21.26	33.54	393.92999	370.55	23.37999	2.14	4.738683419
17	10	2000	243.524	30.239	NaN	NaN	NaN	NaN	NaN	NaN	4.27
17	10	2000	243.524	30.239	19.44	33.68	386.76001	368.45	18.31001	5.32001	4.271880847
23	10	2002	243.504	30.255	NaN	NaN	NaN	NaN	NaN	NaN	5.08
23	10	2002	243.504	30.255	21.33	33.52	395.76001	370.55	25.21001	1.77	5.082673166
23	10	2002	243.49701	30.269	NaN	NaN	NaN	NaN	NaN	NaN	4.87
23	10	2002	243.49701	30.269	21.27	33.57	394.62	370.55	24.07	3.3	4.874115505
17	10	2000	243.504	30.301	NaN	NaN	NaN	NaN	NaN	NaN	4.38
17	10	2000	243.504	30.301	19.42	33.68	387.19	368.45	18.74	4.29001	4.379080247
17	10	2000	243.49899	30.317	NaN	NaN	NaN	NaN	NaN	NaN	4.44
17	10	2000	243.49899	30.317	19.36	33.67	387.37	368.45	18.92	5.64	4.442262331
23	10	2002	243.479	30.318	NaN	NaN	NaN	NaN	NaN	NaN	-0.22
23	10	2002	243.479	30.318	19.79	33.61	369.60001	370.55	-0.94999	6.43001	-0.215711171
17	10	2000	243.493	30.334	NaN	NaN	NaN	NaN	NaN	NaN	4.43
23	10	2002	243.481	30.334	NaN	NaN	NaN	NaN	NaN	NaN	1.62
17	10	2000	243.493	30.334	19.37	33.67	387.35001	368.45	18.90001	7.17	4.434078903
23	10	2002	243.481	30.334	19.57	33.49	377.56	370.55	7.01	5.55	1.620320184
17	10	2000	243.48801	30.35	NaN	NaN	NaN	NaN	NaN	NaN	4.38
17	10	2000	243.48801	30.35	19.38	33.67	387.13	368.45	18.68	5.52	4.379016834
23	10	2002	243.474	30.36	NaN	NaN	NaN	NaN	NaN	NaN	1.85
23	10	2002	243.474	30.36	19.3	33.48	378.39999	370.55	7.84999	4.58	1.853488415
23	10	2002	243.46701	30.374	NaN	NaN	NaN	NaN	NaN	NaN	1.32
23	10	2002	243.46701	30.374	19.27	33.42	376.14001	370.55	5.59001	4.77	1.323371389
17	10	2000	243.46899	30.411	NaN	NaN	NaN	NaN	NaN	NaN	4.08
17	10	2000	243.46899	30.411	19.48	33.69	385.98999	368.45	17.53999	1.77	4.079196154
23	10	2002	243.44901	30.426	NaN	NaN	NaN	NaN	NaN	NaN	-8.52
23	10	2002	243.44901	30.426	19.28	33.39	334.53	370.55	-36.02	5.42	-8.521808523
17	10	2000	243.464	30.427	NaN	NaN	NaN	NaN	NaN	NaN	3.97
17	10	2000	243.464	30.427	19.45	33.69	385.47	368.45	17.02	1.12	3.967605345
23	10	2002	243.44101	30.439	NaN	NaN	NaN	NaN	NaN	NaN	-12.37
23	10	2002	243.44101	30.439	19.32	33.43	318.10999	370.55	-52.44001	4.04001	-12.36520483
17	10	2000	243.45799	30.444	NaN	NaN	NaN	NaN	NaN	NaN	3.75
17	10	2000	243.45799	30.444	19.39	33.69	384.44	368.45	15.99	4.09	3.745121798
23	10	2002	243.44299	30.452	NaN	NaN	NaN	NaN	NaN	NaN	-13.13
23	10	2002	243.44299	30.452	19.27	33.46	315.07999	370.55	-55.47001	1.35001	-13.12943358
17	10	2000	243.453	30.46	NaN	NaN	NaN	NaN	NaN	NaN	3.58
17	10	2000	243.453	30.46	19.26	33.68	383.57001	368.45	15.12001	7.84	3.577949607
23	10	2002	243.433	30.477	NaN	NaN	NaN	NaN	NaN	NaN	-13.35
23	10	2002	243.433	30.477	19.16	33.48	314.60999	370.55	-55.94001	2.62	-13.35476268
17	10	2000	243.43401	30.521	NaN	NaN	NaN	NaN	NaN	NaN	3.95
23	10	2002	243.41	30.521	NaN	NaN	NaN	NaN	NaN	NaN	-5.22
17	10	2000	243.43401	30.521	19.42	33.69	385.34	368.45	16.89	7.40001	3.946595699
23	10	2002	243.41	30.521	18.75	33.43	349.39999	370.55	-21.15001	3.43001	-5.216944043
17	10	2000	243.42799	30.536	NaN	NaN	NaN	NaN	NaN	NaN	3.9
23	10	2002	243.41	30.536	NaN	NaN	NaN	NaN	NaN	NaN	-3.99
17	10	2000	243.42799	30.536	19.41	33.69	385.12	368.45	16.67	5.69	3.898253165
23	10	2002	243.41	30.536	18.87	33.37	354.20999	370.55	-16.34001	2.65001	-3.993448867
17	10	2000	243.422	30.553	NaN	NaN	NaN	NaN	NaN	NaN	3.84
17	10	2000	243.422	30.553	19.42	33.69	384.89999	368.45	16.44999	6.87	3.843780923
23	10	2002	243.401	30.56	NaN	NaN	NaN	NaN	NaN	NaN	-2.61
23	10	2002	243.401	30.56	18.98	33.38	359.79001	370.55	-10.75999	2.55	-2.606785773
17	10	2000	243.416	30.569	NaN	NaN	NaN	NaN	NaN	NaN	3.78
17	10	2000	243.416	30.569	19.44	33.7	384.66	368.45	16.21	5.92	3.781576702
23	10	2002	243.392	30.572	NaN	NaN	NaN	NaN	NaN	NaN	-1.46
23	10	2002	243.392	30.572	19.12	33.38	364.45001	370.55	-6.09999	3.82001	-1.461563225
23	10	2002	243.383	30.62	NaN	NaN	NaN	NaN	NaN	NaN	1.07
23	10	2002	243.383	30.62	19.11	33.39	375.01999	370.55	4.46999	4.90001	1.071809401
17	10	2000	243.395	30.63	NaN	NaN	NaN	NaN	NaN	NaN	3.49
17	10	2000	243.395	30.63	19.45	33.7	383.42001	368.45	14.97001	4.67	3.489560062
23	10	2002	243.37601	30.635	NaN	NaN	NaN	NaN	NaN	NaN	1.45
23	10	2002	243.37601	30.635	19.19	33.39	376.62	370.55	6.07	3.53	1.44629804
17	10	2000	243.39	30.646	NaN	NaN	NaN	NaN	NaN	NaN	3.48
17	10	2000	243.39	30.646	19.44	33.7	383.35001	368.45	14.90001	4.12	3.475973515
23	10	2002	243.368	30.66	NaN	NaN	NaN	NaN	NaN	NaN	1.49
23	10	2002	243.368	30.66	19.26	33.39	376.82001	370.55	6.27001	2.53	1.485732574
17	10	2000	243.38499	30.663	NaN	NaN	NaN	NaN	NaN	NaN	3.5
17	10	2000	243.38499	30.663	19.41	33.69	383.42001	368.45	14.97001	6	3.500713189
23	10	2002	243.36	30.673	NaN	NaN	NaN	NaN	NaN	NaN	1.8
23	10	2002	243.36	30.673	19.23	33.4	378.14001	370.55	7.59001	3.37	1.802690932
17	10	2000	243.38	30.678	NaN	NaN	NaN	NaN	NaN	NaN	3.51
17	10	2000	243.38	30.678	19.38	33.69	383.44	368.45	14.99	6.77	3.513667859
23	10	2002	243.34399	30.72	NaN	NaN	NaN	NaN	NaN	NaN	1.78
23	10	2002	243.34399	30.72	19.92	33.34	378.45001	370.55	7.90001	2.82001	1.777930807
23	10	2002	243.347	30.734	NaN	NaN	NaN	NaN	NaN	NaN	2
23	10	2002	243.347	30.734	20.08	33.32	379.57001	370.55	9.02001	3.05	2.004992613
17	10	2000	243.362	30.739	NaN	NaN	NaN	NaN	NaN	NaN	3.49
17	10	2000	243.362	30.739	19.28	33.67	383.22	368.45	14.77	4.22	3.489785487
17	10	2000	243.35699	30.754	NaN	NaN	NaN	NaN	NaN	NaN	3.51
17	10	2000	243.35699	30.754	19.28	33.67	383.29001	368.45	14.84001	3.35001	3.506327117
23	10	2002	243.341	30.759	NaN	NaN	NaN	NaN	NaN	NaN	2.04
23	10	2002	243.341	30.759	20.19	33.35	379.82999	370.55	9.27999	2.12	2.044897598
17	10	2000	243.35201	30.771	NaN	NaN	NaN	NaN	NaN	NaN	3.55
17	10	2000	243.35201	30.771	19.27	33.67	383.48001	368.45	15.03001	4.57001	3.554017912
17	10	2000	243.34801	30.787	NaN	NaN	NaN	NaN	NaN	NaN	3.62
17	10	2000	243.34801	30.787	19.27	33.67	383.73999	368.45	15.28999	4.17	3.615493158
17	10	2000	243.33099	30.847	NaN	NaN	NaN	NaN	NaN	NaN	3.97
17	10	2000	243.33099	30.847	19.44	33.69	385.48001	368.45	17.03001	3.04001	3.97306003
17	10	2000	243.327	30.863	NaN	NaN	NaN	NaN	NaN	NaN	4.08
17	10	2000	243.327	30.863	19.44	33.68	385.92001	368.45	17.47001	4.52	4.075901713
17	10	2000	243.32201	30.88	NaN	NaN	NaN	NaN	NaN	NaN	4.05
17	10	2000	243.32201	30.88	19.44	33.67	385.81	368.45	17.36	4.62	4.050425003
17	10	2000	243.317	30.895	NaN	NaN	NaN	NaN	NaN	NaN	4
17	10	2000	243.317	30.895	19.43	33.67	385.59	368.45	17.14	5.7	4.002239321
17	10	2000	243.298	30.954	NaN	NaN	NaN	NaN	NaN	NaN	4.1
17	10	2000	243.298	30.954	19.41	33.67	385.98999	368.45	17.53999	4.09	4.102082985
17	10	2000	243.29201	30.97	NaN	NaN	NaN	NaN	NaN	NaN	4.15
17	10	2000	243.29201	30.97	19.41	33.67	386.17999	368.45	17.72999	5.42	4.146518345
17	10	2000	243.287	30.986	NaN	NaN	NaN	NaN	NaN	NaN	4.17
17	10	2000	243.287	30.986	19.43	33.68	386.29001	368.45	17.84001	3.22	4.165498703
17	10	2000	243.28101	31.002	NaN	NaN	NaN	NaN	NaN	NaN	4.2
17	10	2000	243.28101	31.002	19.43	33.68	386.42001	368.45	17.97001	1.07001	4.195852656
17	10	2000	243.25999	31.061	NaN	NaN	NaN	NaN	NaN	NaN	3.92
17	10	2000	243.25999	31.061	19.41	33.69	385.23001	368.45	16.78001	0.92	3.92397883
1	11	2005	240.28	31.671	NaN	NaN	NaN	NaN	NaN	NaN	-3.01
1	11	2005	240.28	31.671	17.666	33.352	367.175415	378.35	-11.17458496	6.25999	-3.007119296
17	10	2000	243.04601	31.733	NaN	NaN	NaN	NaN	NaN	NaN	3.17
17	10	2000	243.04601	31.733	19.23	33.67	381.79999	368.45	13.34999	8.44	3.166723716
17	10	2000	243.03999	31.75	NaN	NaN	NaN	NaN	NaN	NaN	3.09
17	10	2000	243.03999	31.75	19.17	33.67	381.42999	368.45	12.97999	7.12	3.093558532
17	10	2000	243.036	31.766	NaN	NaN	NaN	NaN	NaN	NaN	3.04
17	10	2000	243.036	31.766	19.16	33.67	381.20999	368.45	12.75999	2.87	3.043525439
17	10	2000	243.017	31.826	NaN	NaN	NaN	NaN	NaN	NaN	3.08
17	10	2000	243.017	31.826	19.19	33.68	381.39001	368.45	12.94001	5.37	3.079024346
17	10	2000	243.01199	31.842	NaN	NaN	NaN	NaN	NaN	NaN	3.04
17	10	2000	243.01199	31.842	19.19	33.69	381.20999	368.45	12.75999	3.79001	3.036046925
1	11	2005	240.64	31.848	NaN	NaN	NaN	NaN	NaN	NaN	-7.39
1	11	2005	240.64	31.848	17.88	33.382	350.3950195	378.35	-27.95498047	6.06	-7.393257087
17	10	2000	243.007	31.859	NaN	NaN	NaN	NaN	NaN	NaN	2.97
17	10	2000	243.007	31.859	19.19	33.69	380.95001	368.45	12.50001	5.12	2.97418861
17	10	2000	243.002	31.874	NaN	NaN	NaN	NaN	NaN	NaN	2.89
17	10	2000	243.002	31.874	19.2	33.69	380.60001	368.45	12.15001	2.44	2.888632566
1	11	2005	240.74001	31.906	NaN	NaN	NaN	NaN	NaN	NaN	-4.23
1	11	2005	240.74001	31.906	18.256	33.415	361.8806458	378.35	-16.46935425	4.95	-4.225699601
17	10	2000	242.979	31.932	NaN	NaN	NaN	NaN	NaN	NaN	2.81
17	10	2000	242.979	31.932	19.16	33.68	380.23999	368.45	11.78999	0.05	2.812028181
17	10	2000	242.972	31.949	NaN	NaN	NaN	NaN	NaN	NaN	2.35
17	10	2000	242.972	31.949	19.11	33.67	378.25	368.45	9.8	3.47	2.346748225
29	11	2016	239.10001	31.95	NaN	NaN	NaN	NaN	NaN	NaN	-10.41
29	11	2016	239.10001	31.95	NaN	NaN	NaN	NaN	NaN	NaN	-9.87
29	11	2016	239.10001	31.95	NaN	NaN	NaN	NaN	NaN	NaN	-9.65
29	11	2016	239.10001	31.95	16.689	33.405	370.3897095	403.53	-33.14029053	3.56999	-9.652230593
29	11	2016	239.10001	31.95	16.947	33.418	368.9306641	403.53	-34.59933594	4.87	-9.866470766
29	11	2016	239.10001	31.95	16.95	33.4215	367.0036621	403.53	-36.52633789	4.74001	-10.41326133
17	10	2000	242.966	31.964	NaN	NaN	NaN	NaN	NaN	NaN	1.9
17	10	2000	242.966	31.964	18.82	33.66	376.22	368.45	7.77	6.10001	1.903906043
17	10	2000	242.96001	31.981	NaN	NaN	NaN	NaN	NaN	NaN	1.89
17	10	2000	242.96001	31.981	18.68	33.64	376.06	368.45	7.61	7.56	1.88570875
17	10	2000	242.937	32.039	NaN	NaN	NaN	NaN	NaN	NaN	0.22
17	10	2000	242.937	32.039	18.56	33.62	369.34	368.45	0.89	5.52	0.222671127
17	10	2000	242.931	32.056	NaN	NaN	NaN	NaN	NaN	NaN	-0.17
17	10	2000	242.931	32.056	18.4	33.6	367.78	368.45	-0.67	6.45	-0.169794963
17	10	2000	242.927	32.072	NaN	NaN	NaN	NaN	NaN	NaN	-0.08
17	10	2000	242.927	32.072	18.16	33.58	368.14001	368.45	-0.30999	5.37	-0.080087635
17	10	2000	242.925	32.089	NaN	NaN	NaN	NaN	NaN	NaN	0.16
17	10	2000	242.925	32.089	16.83	33.5	369	368.45	0.55	4.94	0.158282105
17	10	2000	242.91299	32.15	NaN	NaN	NaN	NaN	NaN	NaN	0.95
17	10	2000	242.91299	32.15	16.32	33.55	371.63	368.45	3.18	5.09	0.95399888
17	10	2000	242.908	32.165	NaN	NaN	NaN	NaN	NaN	NaN	0.89
17	10	2000	242.908	32.165	16.53	33.48	371.45999	368.45	3.00999	6.89	0.88784683
17	10	2000	242.903	32.182	NaN	NaN	NaN	NaN	NaN	NaN	0.67
17	10	2000	242.903	32.182	16.98	33.51	370.79999	368.45	2.34999	6.65001	0.668038973
17	10	2000	242.89799	32.198	NaN	NaN	NaN	NaN	NaN	NaN	0.99
17	10	2000	242.89799	32.198	16.46	33.51	371.79999	368.45	3.34999	5.97	0.993686094
17	10	2000	242.879	32.258	NaN	NaN	NaN	NaN	NaN	NaN	2.41
17	10	2000	242.879	32.258	16.66	33.5	376.70999	368.45	8.25999	5.74001	2.410374542
17	10	2000	242.873	32.274	NaN	NaN	NaN	NaN	NaN	NaN	3.58
17	10	2000	242.873	32.274	16.43	33.49	380.48999	368.45	12.03999	7.2	3.580498895
17	10	2000	242.868	32.29	NaN	NaN	NaN	NaN	NaN	NaN	3.57
17	10	2000	242.868	32.29	16.2	33.47	380.23001	368.45	11.78001	7.44	3.570474283
17	10	2000	242.862	32.306	NaN	NaN	NaN	NaN	NaN	NaN	2.82
17	10	2000	242.862	32.306	16.37	33.48	377.89999	368.45	9.44999	4.02	2.82430349
29	11	2016	239.91	32.34	NaN	NaN	NaN	NaN	NaN	NaN	-10.78
29	11	2016	239.91	32.34	NaN	NaN	NaN	NaN	NaN	NaN	-10.5
29	11	2016	239.91	32.34	NaN	NaN	NaN	NaN	NaN	NaN	-14.91
29	11	2016	239.91	32.34	16.73	33.253	367.3905945	403.53	-36.13940552	3.81999	-10.49811067
29	11	2016	239.91	32.34	16.734	33.2582	366.3908081	403.53	-37.13919189	3.77	-10.78474152
29	11	2016	239.91	32.34	16.726	33.255	352.2050781	403.53	-51.32492188	2.24001	-14.91407638
1	11	2005	241.66	32.366	NaN	NaN	NaN	NaN	NaN	NaN	-10.1
1	11	2005	241.66	32.366	18.089	33.365	339.5187073	378.35	-38.83129272	3.78	-10.0997387
9	10	2000	242.756	32.612	NaN	NaN	NaN	NaN	NaN	NaN	1.83
9	10	2000	242.756	32.612	16.18	33.45	374.48001	368.45	6.03001	4.85001	1.830864628
9	10	2000	242.702	32.615	NaN	NaN	NaN	NaN	NaN	NaN	1.94
9	10	2000	242.702	32.615	18.8	33.62	376.34	368.45	7.89	4.49001	1.936742346
9	10	2000	242.688	32.616	NaN	NaN	NaN	NaN	NaN	NaN	2.07
9	10	2000	242.688	32.616	19.24	33.61	377.17999	368.45	8.72999	5.52	2.069773544
9	10	2000	242.673	32.617	NaN	NaN	NaN	NaN	NaN	NaN	2.11
9	10	2000	242.673	32.617	19.31	33.63	377.38	368.45	8.93	4.59	2.105353579
9	10	2000	242.659	32.619	NaN	NaN	NaN	NaN	NaN	NaN	2.18
9	10	2000	242.659	32.619	19.52	33.65	377.85001	368.45	9.40001	3.12	2.179669127
9	10	2000	242.60201	32.621	NaN	NaN	NaN	NaN	NaN	NaN	2.43
9	10	2000	242.60201	32.621	19.85	33.64	379.20001	368.45	10.75001	3.15001	2.429203835
9	10	2000	242.58501	32.622	NaN	NaN	NaN	NaN	NaN	NaN	2.26
9	10	2000	242.58501	32.622	19.87	33.64	378.45999	368.45	10.00999	3.14	2.258446748
16	10	2006	266.75006	9.78788	NaN	NaN	NaN	NaN	NaN	NaN	9.33
16	10	2006	266.70453	9.80017	NaN	NaN	NaN	NaN	NaN	NaN	9.4
16	10	2006	266.65787	9.81165	NaN	NaN	NaN	NaN	NaN	NaN	9.08
16	10	2006	266.61035	9.82155	NaN	NaN	NaN	NaN	NaN	NaN	9.02
16	10	2006	266.56271	9.83138	NaN	NaN	NaN	NaN	NaN	NaN	9.07
16	10	2006	266.51584	9.84131	NaN	NaN	NaN	NaN	NaN	NaN	8.99
16	10	2006	266.4693	9.85111	NaN	NaN	NaN	NaN	NaN	NaN	8.06
16	10	2006	266.42249	9.86135	NaN	NaN	NaN	NaN	NaN	NaN	7.71
16	10	2006	266.37576	9.87175	NaN	NaN	NaN	NaN	NaN	NaN	7.62
16	10	2006	266.32941	9.88215	NaN	NaN	NaN	NaN	NaN	NaN	7.59
16	10	2006	266.28333	9.89258	NaN	NaN	NaN	NaN	NaN	NaN	7.47
16	10	2006	266.2374	9.90297	NaN	NaN	NaN	NaN	NaN	NaN	7.23
16	10	2006	266.19095	9.91322	NaN	NaN	NaN	NaN	NaN	NaN	7.13
16	10	2006	266.14423	9.92337	NaN	NaN	NaN	NaN	NaN	NaN	6.63
16	10	2006	266.09714	9.93333	NaN	NaN	NaN	NaN	NaN	NaN	6.17
16	10	2006	266.05038	9.94283	NaN	NaN	NaN	NaN	NaN	NaN	6.03
16	10	2006	266.00372	9.95228	NaN	NaN	NaN	NaN	NaN	NaN	5.95
16	10	2006	265.95688	9.96158	NaN	NaN	NaN	NaN	NaN	NaN	5.82
16	10	2006	265.90961	9.97099	NaN	NaN	NaN	NaN	NaN	NaN	5.68
16	10	2006	265.86301	9.98009	NaN	NaN	NaN	NaN	NaN	NaN	4.98
16	10	2006	265.81787	9.9889	NaN	NaN	NaN	NaN	NaN	NaN	4.82
16	10	2006	265.77252	9.99793	NaN	NaN	NaN	NaN	NaN	NaN	4.16
16	10	2006	265.72797	10.00669	NaN	NaN	NaN	NaN	NaN	NaN	3.49
16	10	2006	265.6839	10.01603	NaN	NaN	NaN	NaN	NaN	NaN	3.23
16	10	2006	265.64014	10.02728	NaN	NaN	NaN	NaN	NaN	NaN	2.81
16	10	2006	265.59662	10.03864	NaN	NaN	NaN	NaN	NaN	NaN	2.79
16	10	2006	265.37048	10.09464	NaN	NaN	NaN	NaN	NaN	NaN	1.77
16	10	2006	265.32535	10.10541	NaN	NaN	NaN	NaN	NaN	NaN	1.97
16	10	2006	265.28116	10.11575	NaN	NaN	NaN	NaN	NaN	NaN	2.23
16	10	2006	265.23615	10.1268	NaN	NaN	NaN	NaN	NaN	NaN	2.25
16	10	2006	265.1911	10.13809	NaN	NaN	NaN	NaN	NaN	NaN	2.41
16	10	2006	265.14557	10.14951	NaN	NaN	NaN	NaN	NaN	NaN	2.44
16	10	2006	265.10098	10.16124	NaN	NaN	NaN	NaN	NaN	NaN	2.36
16	10	2006	265.05713	10.17311	NaN	NaN	NaN	NaN	NaN	NaN	2.39
16	10	2006	265.01266	10.18543	NaN	NaN	NaN	NaN	NaN	NaN	2.6
16	10	2006	264.96854	10.1979	NaN	NaN	NaN	NaN	NaN	NaN	2.74
16	10	2006	264.92511	10.21008	NaN	NaN	NaN	NaN	NaN	NaN	2.7
16	10	2006	264.88226	10.2222	NaN	NaN	NaN	NaN	NaN	NaN	2.8
16	10	2006	264.83844	10.23318	NaN	NaN	NaN	NaN	NaN	NaN	2.95
16	10	2006	264.79489	10.24335	NaN	NaN	NaN	NaN	NaN	NaN	2.96
16	10	2006	264.75125	10.2537	NaN	NaN	NaN	NaN	NaN	NaN	2.84
16	10	2006	264.70685	10.26457	NaN	NaN	NaN	NaN	NaN	NaN	2.58
16	10	2006	264.66324	10.27527	NaN	NaN	NaN	NaN	NaN	NaN	2.42
16	10	2006	264.6203	10.28574	NaN	NaN	NaN	NaN	NaN	NaN	2.47
16	10	2006	264.57672	10.29643	NaN	NaN	NaN	NaN	NaN	NaN	2.58
16	10	2006	264.53278	10.30734	NaN	NaN	NaN	NaN	NaN	NaN	2.76
16	10	2006	264.48965	10.31781	NaN	NaN	NaN	NaN	NaN	NaN	2.4
16	10	2006	264.44543	10.32854	NaN	NaN	NaN	NaN	NaN	NaN	1.94
16	10	2006	264.40103	10.33932	NaN	NaN	NaN	NaN	NaN	NaN	1.94
16	10	2006	264.35678	10.35061	NaN	NaN	NaN	NaN	NaN	NaN	2.04
16	10	2006	264.31195	10.36215	NaN	NaN	NaN	NaN	NaN	NaN	2.09
16	10	2006	264.26706	10.37379	NaN	NaN	NaN	NaN	NaN	NaN	2.1
16	10	2006	264.22229	10.38534	NaN	NaN	NaN	NaN	NaN	NaN	2.29
16	10	2006	264.17776	10.3971	NaN	NaN	NaN	NaN	NaN	NaN	2.71
16	10	2006	264.13242	10.40911	NaN	NaN	NaN	NaN	NaN	NaN	3.16
16	10	2006	264.08749	10.42081	NaN	NaN	NaN	NaN	NaN	NaN	3.16
16	10	2006	264.04221	10.43296	NaN	NaN	NaN	NaN	NaN	NaN	3.08
16	10	2006	263.99695	10.44477	NaN	NaN	NaN	NaN	NaN	NaN	3.13
16	10	2006	263.50439	10.5512	NaN	NaN	NaN	NaN	NaN	NaN	4.27
16	10	2006	263.46054	10.5613	NaN	NaN	NaN	NaN	NaN	NaN	4.43
16	10	2006	263.41785	10.57139	NaN	NaN	NaN	NaN	NaN	NaN	4.33
16	10	2006	263.37424	10.58152	NaN	NaN	NaN	NaN	NaN	NaN	4.48
16	10	2006	263.33109	10.59144	NaN	NaN	NaN	NaN	NaN	NaN	4.15
16	10	2006	263.28714	10.60147	NaN	NaN	NaN	NaN	NaN	NaN	3.93
16	10	2006	263.24341	10.61143	NaN	NaN	NaN	NaN	NaN	NaN	3.44
16	10	2006	263.20029	10.62146	NaN	NaN	NaN	NaN	NaN	NaN	2.59
16	10	2006	263.15674	10.63196	NaN	NaN	NaN	NaN	NaN	NaN	1.87
16	10	2006	263.11346	10.64271	NaN	NaN	NaN	NaN	NaN	NaN	1.81
16	10	2006	263.07059	10.6534	NaN	NaN	NaN	NaN	NaN	NaN	1.81
16	10	2006	263.02859	10.66376	NaN	NaN	NaN	NaN	NaN	NaN	1.66
16	10	2006	262.98575	10.67435	NaN	NaN	NaN	NaN	NaN	NaN	2.5
16	10	2006	262.94406	10.685	NaN	NaN	NaN	NaN	NaN	NaN	3
16	10	2006	262.90445	10.69536	NaN	NaN	NaN	NaN	NaN	NaN	2.68
16	10	2006	262.86533	10.70533	NaN	NaN	NaN	NaN	NaN	NaN	2.46
16	10	2006	262.82523	10.71525	NaN	NaN	NaN	NaN	NaN	NaN	2.58
16	10	2006	262.78595	10.72483	NaN	NaN	NaN	NaN	NaN	NaN	3.48
16	10	2006	262.7467	10.73423	NaN	NaN	NaN	NaN	NaN	NaN	5.2
16	10	2006	262.7081	10.74324	NaN	NaN	NaN	NaN	NaN	NaN	5.2
16	10	2006	262.66913	10.75192	NaN	NaN	NaN	NaN	NaN	NaN	3.93
16	10	2006	262.63208	10.76029	NaN	NaN	NaN	NaN	NaN	NaN	3.42
16	10	2006	262.59457	10.76882	NaN	NaN	NaN	NaN	NaN	NaN	2.28
16	10	2006	262.55783	10.77696	NaN	NaN	NaN	NaN	NaN	NaN	1.87
16	10	2006	262.5202	10.78466	NaN	NaN	NaN	NaN	NaN	NaN	2.91
16	10	2006	262.48331	10.79199	NaN	NaN	NaN	NaN	NaN	NaN	3.14
16	10	2006	262.29825	10.82934	NaN	NaN	NaN	NaN	NaN	NaN	3.22
16	10	2006	262.26233	10.83702	NaN	NaN	NaN	NaN	NaN	NaN	2.85
16	10	2006	262.22629	10.84481	NaN	NaN	NaN	NaN	NaN	NaN	2.91
16	10	2006	262.18909	10.85301	NaN	NaN	NaN	NaN	NaN	NaN	2.63
16	10	2006	262.15228	10.8612	NaN	NaN	NaN	NaN	NaN	NaN	2.36
16	10	2006	262.11526	10.86943	NaN	NaN	NaN	NaN	NaN	NaN	2.13
16	10	2006	262.07883	10.8778	NaN	NaN	NaN	NaN	NaN	NaN	2.19
16	10	2006	262.04095	10.88617	NaN	NaN	NaN	NaN	NaN	NaN	2.12
16	10	2006	262.00375	10.89446	NaN	NaN	NaN	NaN	NaN	NaN	1.98
16	10	2006	261.96683	10.90306	NaN	NaN	NaN	NaN	NaN	NaN	1.94
16	10	2006	261.92966	10.91177	NaN	NaN	NaN	NaN	NaN	NaN	1.9
16	10	2006	261.89389	10.92052	NaN	NaN	NaN	NaN	NaN	NaN	1.95
16	10	2006	261.85895	10.92944	NaN	NaN	NaN	NaN	NaN	NaN	2.01
16	10	2006	261.82245	10.93858	NaN	NaN	NaN	NaN	NaN	NaN	2.09
16	10	2006	261.78619	10.94716	NaN	NaN	NaN	NaN	NaN	NaN	2.23
16	10	2006	261.75027	10.95541	NaN	NaN	NaN	NaN	NaN	NaN	2.04
16	10	2006	261.71423	10.96354	NaN	NaN	NaN	NaN	NaN	NaN	2.16
16	10	2006	261.67688	10.97174	NaN	NaN	NaN	NaN	NaN	NaN	2.26
16	10	2006	261.63919	10.97994	NaN	NaN	NaN	NaN	NaN	NaN	1.88
16	10	2006	261.60236	10.98776	NaN	NaN	NaN	NaN	NaN	NaN	1.97
16	10	2006	261.56491	10.9957	NaN	NaN	NaN	NaN	NaN	NaN	1.83
16	10	2006	261.52701	11.0037	NaN	NaN	NaN	NaN	NaN	NaN	1.88
16	10	2006	261.48978	11.01155	NaN	NaN	NaN	NaN	NaN	NaN	1.99
16	10	2006	261.45309	11.01907	NaN	NaN	NaN	NaN	NaN	NaN	2.16
16	10	2006	261.41605	11.02674	NaN	NaN	NaN	NaN	NaN	NaN	2.27
16	10	2006	261.37784	11.0344	NaN	NaN	NaN	NaN	NaN	NaN	2.28
16	10	2006	261.34055	11.04173	NaN	NaN	NaN	NaN	NaN	NaN	1.86
16	10	2006	261.30536	11.0486	NaN	NaN	NaN	NaN	NaN	NaN	1.59
16	10	2006	261.26843	11.05523	NaN	NaN	NaN	NaN	NaN	NaN	1.59
16	10	2006	261.23029	11.06211	NaN	NaN	NaN	NaN	NaN	NaN	1.61
16	10	2006	261.19342	11.06855	NaN	NaN	NaN	NaN	NaN	NaN	1.5
16	10	2006	261.15717	11.07487	NaN	NaN	NaN	NaN	NaN	NaN	1.56
16	10	2006	260.73773	11.15289	NaN	NaN	NaN	NaN	NaN	NaN	0.5
16	10	2006	260.69821	11.16134	NaN	NaN	NaN	NaN	NaN	NaN	0.63
16	10	2006	260.65802	11.17036	NaN	NaN	NaN	NaN	NaN	NaN	0.8
5	12	2002	265.74701	11.176	NaN	NaN	NaN	NaN	NaN	NaN	1.61
16	10	2006	260.61746	11.17987	NaN	NaN	NaN	NaN	NaN	NaN	0.71
5	12	2002	265.74701	11.18	NaN	NaN	NaN	NaN	NaN	NaN	1.49
5	12	2002	265.74701	11.184	NaN	NaN	NaN	NaN	NaN	NaN	1.38
5	12	2002	265.74701	11.188	NaN	NaN	NaN	NaN	NaN	NaN	1.43
16	10	2006	260.57666	11.18982	NaN	NaN	NaN	NaN	NaN	NaN	0.62
5	12	2002	265.74701	11.192	NaN	NaN	NaN	NaN	NaN	NaN	1.35
5	12	2002	265.74799	11.195	NaN	NaN	NaN	NaN	NaN	NaN	1.35
5	12	2002	265.74799	11.199	NaN	NaN	NaN	NaN	NaN	NaN	1.31
16	10	2006	260.53638	11.19981	NaN	NaN	NaN	NaN	NaN	NaN	0.59
5	12	2002	265.74799	11.203	NaN	NaN	NaN	NaN	NaN	NaN	1.26
5	12	2002	265.74799	11.207	NaN	NaN	NaN	NaN	NaN	NaN	1.42
16	10	2006	260.49677	11.20945	NaN	NaN	NaN	NaN	NaN	NaN	0.9
5	12	2002	265.74899	11.211	NaN	NaN	NaN	NaN	NaN	NaN	1.39
5	12	2002	265.74899	11.214	NaN	NaN	NaN	NaN	NaN	NaN	1.39
5	12	2002	265.74899	11.218	NaN	NaN	NaN	NaN	NaN	NaN	1.47
16	10	2006	260.45663	11.21907	NaN	NaN	NaN	NaN	NaN	NaN	1.16
5	12	2002	265.74899	11.222	NaN	NaN	NaN	NaN	NaN	NaN	1.26
5	12	2002	265.75	11.226	NaN	NaN	NaN	NaN	NaN	NaN	1.41
5	12	2002	265.75	11.229	NaN	NaN	NaN	NaN	NaN	NaN	1.33
16	10	2006	260.41785	11.22963	NaN	NaN	NaN	NaN	NaN	NaN	1.13
5	12	2002	265.75	11.233	NaN	NaN	NaN	NaN	NaN	NaN	1.45
5	12	2002	265.75	11.236	NaN	NaN	NaN	NaN	NaN	NaN	1.5
5	12	2002	265.75101	11.24	NaN	NaN	NaN	NaN	NaN	NaN	1.42
16	10	2006	260.37924	11.24287	NaN	NaN	NaN	NaN	NaN	NaN	1.19
5	12	2002	265.75101	11.244	NaN	NaN	NaN	NaN	NaN	NaN	1.55
5	12	2002	265.75101	11.248	NaN	NaN	NaN	NaN	NaN	NaN	1.53
5	12	2002	265.75101	11.251	NaN	NaN	NaN	NaN	NaN	NaN	1.57
5	12	2002	265.75201	11.255	NaN	NaN	NaN	NaN	NaN	NaN	1.44
16	10	2006	260.34082	11.25625	NaN	NaN	NaN	NaN	NaN	NaN	1.14
5	12	2002	265.75201	11.259	NaN	NaN	NaN	NaN	NaN	NaN	1.35
5	12	2002	265.75201	11.263	NaN	NaN	NaN	NaN	NaN	NaN	1.46
5	12	2002	265.75201	11.266	NaN	NaN	NaN	NaN	NaN	NaN	1.36
16	10	2006	260.30298	11.26942	NaN	NaN	NaN	NaN	NaN	NaN	1.01
16	10	2006	260.26492	11.28256	NaN	NaN	NaN	NaN	NaN	NaN	1.04
16	10	2006	260.22549	11.29623	NaN	NaN	NaN	NaN	NaN	NaN	1.26
16	10	2006	260.18674	11.30981	NaN	NaN	NaN	NaN	NaN	NaN	1.21
16	10	2006	260.14743	11.32381	NaN	NaN	NaN	NaN	NaN	NaN	1.24
16	10	2006	260.10886	11.33798	NaN	NaN	NaN	NaN	NaN	NaN	1.16
16	10	2006	260.07092	11.35212	NaN	NaN	NaN	NaN	NaN	NaN	1.12
16	10	2006	260.03174	11.36657	NaN	NaN	NaN	NaN	NaN	NaN	1.14
16	10	2006	259.99222	11.38143	NaN	NaN	NaN	NaN	NaN	NaN	1.24
5	12	2002	265.763	11.383	NaN	NaN	NaN	NaN	NaN	NaN	0
5	12	2002	265.763	11.387	NaN	NaN	NaN	NaN	NaN	NaN	-0.06
5	12	2002	265.763	11.39	NaN	NaN	NaN	NaN	NaN	NaN	-0.01
16	10	2006	259.95337	11.39394	NaN	NaN	NaN	NaN	NaN	NaN	1.64
5	12	2002	265.763	11.394	NaN	NaN	NaN	NaN	NaN	NaN	-0.05
5	12	2002	265.76401	11.398	NaN	NaN	NaN	NaN	NaN	NaN	-0.17
5	12	2002	265.76401	11.402	NaN	NaN	NaN	NaN	NaN	NaN	-0.12
16	10	2006	259.91422	11.40306	NaN	NaN	NaN	NaN	NaN	NaN	1.82
16	10	2006	259.87354	11.41274	NaN	NaN	NaN	NaN	NaN	NaN	2.06
16	10	2006	259.83316	11.42253	NaN	NaN	NaN	NaN	NaN	NaN	1.69
16	10	2006	259.79227	11.43227	NaN	NaN	NaN	NaN	NaN	NaN	1.38
16	10	2006	259.75153	11.44224	NaN	NaN	NaN	NaN	NaN	NaN	1.44
16	10	2006	259.5491	11.4918	NaN	NaN	NaN	NaN	NaN	NaN	1.49
16	10	2006	259.50891	11.50195	NaN	NaN	NaN	NaN	NaN	NaN	1.63
16	10	2006	259.46835	11.51181	NaN	NaN	NaN	NaN	NaN	NaN	1.48
16	10	2006	259.42712	11.51989	NaN	NaN	NaN	NaN	NaN	NaN	1.65
16	10	2006	259.38516	11.52765	NaN	NaN	NaN	NaN	NaN	NaN	1.72
16	10	2006	259.34265	11.53549	NaN	NaN	NaN	NaN	NaN	NaN	1.71
16	10	2006	259.29926	11.54322	NaN	NaN	NaN	NaN	NaN	NaN	1.82
16	10	2006	259.25534	11.5514	NaN	NaN	NaN	NaN	NaN	NaN	1.91
16	10	2006	259.21127	11.5599	NaN	NaN	NaN	NaN	NaN	NaN	2
16	10	2006	259.16855	11.56852	NaN	NaN	NaN	NaN	NaN	NaN	2.06
16	10	2006	259.12531	11.57719	NaN	NaN	NaN	NaN	NaN	NaN	2.12
16	10	2006	259.08258	11.58574	NaN	NaN	NaN	NaN	NaN	NaN	2.17
16	10	2006	259.0401	11.59459	NaN	NaN	NaN	NaN	NaN	NaN	2.15
16	10	2006	258.99713	11.60345	NaN	NaN	NaN	NaN	NaN	NaN	2.21
16	10	2006	258.95334	11.61256	NaN	NaN	NaN	NaN	NaN	NaN	2.18
16	10	2006	258.90952	11.62189	NaN	NaN	NaN	NaN	NaN	NaN	2.11
16	10	2006	258.86588	11.6312	NaN	NaN	NaN	NaN	NaN	NaN	2.12
16	10	2006	258.82162	11.64079	NaN	NaN	NaN	NaN	NaN	NaN	1.98
16	10	2006	258.77859	11.6506	NaN	NaN	NaN	NaN	NaN	NaN	1.97
16	10	2006	258.73557	11.66194	NaN	NaN	NaN	NaN	NaN	NaN	2.01
16	10	2006	258.69153	11.67379	NaN	NaN	NaN	NaN	NaN	NaN	1.96
16	10	2006	258.64673	11.68557	NaN	NaN	NaN	NaN	NaN	NaN	2.07
16	10	2006	258.6015	11.6973	NaN	NaN	NaN	NaN	NaN	NaN	2.27
16	10	2006	258.55563	11.70908	NaN	NaN	NaN	NaN	NaN	NaN	2.34
16	10	2006	258.51093	11.72081	NaN	NaN	NaN	NaN	NaN	NaN	2.32
16	10	2006	258.46585	11.7325	NaN	NaN	NaN	NaN	NaN	NaN	2.16
16	10	2006	258.42017	11.74414	NaN	NaN	NaN	NaN	NaN	NaN	2.18
16	10	2006	258.37366	11.75609	NaN	NaN	NaN	NaN	NaN	NaN	2.3
16	10	2006	258.32709	11.76793	NaN	NaN	NaN	NaN	NaN	NaN	2.48
16	10	2006	258.2804	11.77991	NaN	NaN	NaN	NaN	NaN	NaN	2.48
16	10	2006	258.2337	11.79184	NaN	NaN	NaN	NaN	NaN	NaN	2.43
16	10	2006	258.18646	11.80379	NaN	NaN	NaN	NaN	NaN	NaN	2.38
16	10	2006	257.67096	11.92025	NaN	NaN	NaN	NaN	NaN	NaN	1.39
16	10	2006	257.62277	11.93027	NaN	NaN	NaN	NaN	NaN	NaN	1.15
16	10	2006	257.57474	11.9403	NaN	NaN	NaN	NaN	NaN	NaN	1.07
16	10	2006	257.52853	11.9501	NaN	NaN	NaN	NaN	NaN	NaN	0.86
16	10	2006	257.4816	11.95984	NaN	NaN	NaN	NaN	NaN	NaN	0.63
16	10	2006	257.43436	11.96969	NaN	NaN	NaN	NaN	NaN	NaN	0.49
16	10	2006	257.3877	11.97933	NaN	NaN	NaN	NaN	NaN	NaN	0.63
16	10	2006	257.34476	11.98827	NaN	NaN	NaN	NaN	NaN	NaN	0.73
16	10	2006	257.30023	11.99761	NaN	NaN	NaN	NaN	NaN	NaN	0.48
16	10	2006	257.25482	12.00864	NaN	NaN	NaN	NaN	NaN	NaN	0.55
16	10	2006	257.20804	12.02031	NaN	NaN	NaN	NaN	NaN	NaN	0.55
16	10	2006	257.16113	12.03187	NaN	NaN	NaN	NaN	NaN	NaN	0.52
16	10	2006	257.11621	12.0429	NaN	NaN	NaN	NaN	NaN	NaN	0.5
16	10	2006	257.07086	12.05401	NaN	NaN	NaN	NaN	NaN	NaN	0.41
16	10	2006	257.02545	12.06521	NaN	NaN	NaN	NaN	NaN	NaN	0.4
16	10	2006	256.98035	12.0744	NaN	NaN	NaN	NaN	NaN	NaN	0.48
16	10	2006	256.93655	12.08294	NaN	NaN	NaN	NaN	NaN	NaN	0.52
16	10	2006	256.89362	12.09142	NaN	NaN	NaN	NaN	NaN	NaN	0.55
16	10	2006	256.84985	12.10002	NaN	NaN	NaN	NaN	NaN	NaN	0.64
16	10	2006	256.8075	12.10919	NaN	NaN	NaN	NaN	NaN	NaN	0.59
16	10	2006	256.76514	12.11875	NaN	NaN	NaN	NaN	NaN	NaN	0.64
10	12	2002	257.70099	12.119	NaN	NaN	NaN	NaN	NaN	NaN	-1.92
10	12	2002	257.69501	12.123	NaN	NaN	NaN	NaN	NaN	NaN	-1.8
10	12	2002	257.69	12.126	NaN	NaN	NaN	NaN	NaN	NaN	-1.82
16	10	2006	256.72202	12.12875	NaN	NaN	NaN	NaN	NaN	NaN	0.67
10	12	2002	257.68399	12.13	NaN	NaN	NaN	NaN	NaN	NaN	-1.88
10	12	2002	257.681	12.132	NaN	NaN	NaN	NaN	NaN	NaN	-1.81
10	12	2002	257.67599	12.135	NaN	NaN	NaN	NaN	NaN	NaN	-1.81
16	10	2006	256.6777	12.13858	NaN	NaN	NaN	NaN	NaN	NaN	0.69
10	12	2002	257.67099	12.139	NaN	NaN	NaN	NaN	NaN	NaN	-1.93
10	12	2002	257.66501	12.142	NaN	NaN	NaN	NaN	NaN	NaN	-1.87
27	11	2018	252.54424	12.14345	NaN	NaN	NaN	NaN	NaN	NaN	2.89
10	12	2002	257.66	12.146	NaN	NaN	NaN	NaN	NaN	NaN	-1.91
10	12	2002	257.65698	12.148	NaN	NaN	NaN	NaN	NaN	NaN	-1.93
16	10	2006	256.63281	12.14834	NaN	NaN	NaN	NaN	NaN	NaN	0.53
27	11	2018	252.48999	12.14884	NaN	NaN	NaN	NaN	NaN	NaN	3.01
10	12	2002	257.65201	12.151	NaN	NaN	NaN	NaN	NaN	NaN	-1.95
27	11	2018	252.43578	12.15425	NaN	NaN	NaN	NaN	NaN	NaN	2.99
10	12	2002	257.646	12.155	NaN	NaN	NaN	NaN	NaN	NaN	-2
16	10	2006	256.58749	12.15787	NaN	NaN	NaN	NaN	NaN	NaN	0.54
10	12	2002	257.64099	12.158	NaN	NaN	NaN	NaN	NaN	NaN	-1.96
27	11	2018	252.38206	12.15994	NaN	NaN	NaN	NaN	NaN	NaN	2.9
10	12	2002	257.638	12.16	NaN	NaN	NaN	NaN	NaN	NaN	-1.97
10	12	2002	257.633	12.163	NaN	NaN	NaN	NaN	NaN	NaN	-1.99
27	11	2018	252.32857	12.16549	NaN	NaN	NaN	NaN	NaN	NaN	2.97
10	12	2002	257.62701	12.167	NaN	NaN	NaN	NaN	NaN	NaN	-2.01
16	10	2006	256.54184	12.16712	NaN	NaN	NaN	NaN	NaN	NaN	0.51
10	12	2002	257.62201	12.17	NaN	NaN	NaN	NaN	NaN	NaN	-1.98
27	11	2018	252.27448	12.17075	NaN	NaN	NaN	NaN	NaN	NaN	3.12
10	12	2002	257.616	12.174	NaN	NaN	NaN	NaN	NaN	NaN	-1.98
27	11	2018	252.22072	12.17599	NaN	NaN	NaN	NaN	NaN	NaN	3.07
10	12	2002	257.608	12.179	NaN	NaN	NaN	NaN	NaN	NaN	-2.01
27	11	2018	252.16638	12.18128	NaN	NaN	NaN	NaN	NaN	NaN	3.02
10	12	2002	257.603	12.183	NaN	NaN	NaN	NaN	NaN	NaN	-2.05
10	12	2002	257.59698	12.186	NaN	NaN	NaN	NaN	NaN	NaN	-2
27	11	2018	252.11229	12.18774	NaN	NaN	NaN	NaN	NaN	NaN	2.98
10	12	2002	257.595	12.188	NaN	NaN	NaN	NaN	NaN	NaN	-1.96
10	12	2002	257.58899	12.191	NaN	NaN	NaN	NaN	NaN	NaN	-1.97
10	12	2002	257.58398	12.195	NaN	NaN	NaN	NaN	NaN	NaN	-1.95
27	11	2018	252.05818	12.19697	NaN	NaN	NaN	NaN	NaN	NaN	2.86
10	12	2002	257.57901	12.199	NaN	NaN	NaN	NaN	NaN	NaN	-1.89
10	12	2002	257.573	12.202	NaN	NaN	NaN	NaN	NaN	NaN	-1.89
27	11	2018	252.00389	12.20658	NaN	NaN	NaN	NaN	NaN	NaN	3.03
16	10	2006	256.31735	12.21336	NaN	NaN	NaN	NaN	NaN	NaN	0.49
27	11	2018	251.94989	12.21596	NaN	NaN	NaN	NaN	NaN	NaN	3.11
10	12	2002	257.54901	12.218	NaN	NaN	NaN	NaN	NaN	NaN	-1.83
10	12	2002	257.54401	12.221	NaN	NaN	NaN	NaN	NaN	NaN	-1.81
16	10	2006	256.272	12.22258	NaN	NaN	NaN	NaN	NaN	NaN	0.59
10	12	2002	257.53799	12.225	NaN	NaN	NaN	NaN	NaN	NaN	-1.81
27	11	2018	251.89613	12.22526	NaN	NaN	NaN	NaN	NaN	NaN	2.6
10	12	2002	257.53601	12.227	NaN	NaN	NaN	NaN	NaN	NaN	-1.79
16	10	2006	256.22794	12.23166	NaN	NaN	NaN	NaN	NaN	NaN	0.49
27	11	2018	251.8419	12.23399	NaN	NaN	NaN	NaN	NaN	NaN	2.43
16	10	2006	256.18488	12.24054	NaN	NaN	NaN	NaN	NaN	NaN	0.56
27	11	2018	251.78752	12.24255	NaN	NaN	NaN	NaN	NaN	NaN	2.23
16	10	2006	256.14175	12.24947	NaN	NaN	NaN	NaN	NaN	NaN	0.67
27	11	2018	251.7339	12.2513	NaN	NaN	NaN	NaN	NaN	NaN	2.13
16	10	2006	256.09982	12.25824	NaN	NaN	NaN	NaN	NaN	NaN	0.65
27	11	2018	251.68013	12.26002	NaN	NaN	NaN	NaN	NaN	NaN	2.58
16	10	2006	256.05826	12.26678	NaN	NaN	NaN	NaN	NaN	NaN	1.03
27	11	2018	251.62589	12.26973	NaN	NaN	NaN	NaN	NaN	NaN	2.76
16	10	2006	256.01605	12.27535	NaN	NaN	NaN	NaN	NaN	NaN	1.63
27	11	2018	251.57217	12.27954	NaN	NaN	NaN	NaN	NaN	NaN	1.66
16	10	2006	255.97377	12.28392	NaN	NaN	NaN	NaN	NaN	NaN	1.89
27	11	2018	251.51884	12.28856	NaN	NaN	NaN	NaN	NaN	NaN	0.99
16	10	2006	255.93172	12.29213	NaN	NaN	NaN	NaN	NaN	NaN	1.73
27	11	2018	251.46547	12.29755	NaN	NaN	NaN	NaN	NaN	NaN	0.71
16	10	2006	255.88928	12.30047	NaN	NaN	NaN	NaN	NaN	NaN	1.56
27	11	2018	251.41235	12.30674	NaN	NaN	NaN	NaN	NaN	NaN	0.49
16	10	2006	255.84578	12.30896	NaN	NaN	NaN	NaN	NaN	NaN	1.49
27	11	2018	251.3595	12.31621	NaN	NaN	NaN	NaN	NaN	NaN	0.36
16	10	2006	255.80228	12.31738	NaN	NaN	NaN	NaN	NaN	NaN	1.36
16	10	2006	255.7589	12.32578	NaN	NaN	NaN	NaN	NaN	NaN	1.42
27	11	2018	251.30701	12.32596	NaN	NaN	NaN	NaN	NaN	NaN	0.75
16	10	2006	255.71477	12.33374	NaN	NaN	NaN	NaN	NaN	NaN	1.48
27	11	2018	251.25462	12.3359	NaN	NaN	NaN	NaN	NaN	NaN	0.6
16	10	2006	255.67073	12.34125	NaN	NaN	NaN	NaN	NaN	NaN	1.35
27	11	2018	251.20213	12.34479	NaN	NaN	NaN	NaN	NaN	NaN	0.32
16	10	2006	255.62633	12.34862	NaN	NaN	NaN	NaN	NaN	NaN	1.15
27	11	2018	251.14993	12.35292	NaN	NaN	NaN	NaN	NaN	NaN	-0.01
16	10	2006	255.58095	12.35611	NaN	NaN	NaN	NaN	NaN	NaN	1.11
27	11	2018	251.09766	12.36109	NaN	NaN	NaN	NaN	NaN	NaN	-0.44
16	10	2006	255.53584	12.3637	NaN	NaN	NaN	NaN	NaN	NaN	1.12
27	11	2018	251.04543	12.36884	NaN	NaN	NaN	NaN	NaN	NaN	-0.54
16	10	2006	255.49149	12.37119	NaN	NaN	NaN	NaN	NaN	NaN	1.23
27	11	2018	250.99321	12.3762	NaN	NaN	NaN	NaN	NaN	NaN	-0.13
16	10	2006	255.44702	12.37838	NaN	NaN	NaN	NaN	NaN	NaN	1.26
16	10	2006	255.40205	12.38596	NaN	NaN	NaN	NaN	NaN	NaN	1.31
16	10	2006	255.3575	12.39521	NaN	NaN	NaN	NaN	NaN	NaN	1.31
16	10	2006	255.31247	12.40454	NaN	NaN	NaN	NaN	NaN	NaN	1.15
16	10	2006	255.26697	12.41404	NaN	NaN	NaN	NaN	NaN	NaN	1.08
16	10	2006	255.22084	12.42352	NaN	NaN	NaN	NaN	NaN	NaN	1.07
18	10	2006	255.1743	12.43326	NaN	NaN	NaN	NaN	NaN	NaN	1.13
18	10	2006	255.12726	12.44407	NaN	NaN	NaN	NaN	NaN	NaN	1.17
18	10	2006	255.08072	12.45498	NaN	NaN	NaN	NaN	NaN	NaN	1.14
18	10	2006	255.03387	12.46586	NaN	NaN	NaN	NaN	NaN	NaN	1.14
18	10	2006	254.98677	12.47646	NaN	NaN	NaN	NaN	NaN	NaN	0.96
18	10	2006	254.93932	12.48691	NaN	NaN	NaN	NaN	NaN	NaN	0.89
10	12	2002	256.99899	12.575	NaN	NaN	NaN	NaN	NaN	NaN	-0.91
10	12	2002	256.99298	12.578	NaN	NaN	NaN	NaN	NaN	NaN	-0.9
10	12	2002	256.98801	12.582	NaN	NaN	NaN	NaN	NaN	NaN	-0.9
10	12	2002	256.98499	12.583	NaN	NaN	NaN	NaN	NaN	NaN	-0.88
10	12	2002	256.98001	12.587	NaN	NaN	NaN	NaN	NaN	NaN	-0.83
10	12	2002	256.97501	12.59	NaN	NaN	NaN	NaN	NaN	NaN	-0.8
10	12	2002	256.96899	12.593	NaN	NaN	NaN	NaN	NaN	NaN	-0.78
10	12	2002	256.96399	12.597	NaN	NaN	NaN	NaN	NaN	NaN	-0.77
10	12	2002	256.96201	12.599	NaN	NaN	NaN	NaN	NaN	NaN	-0.76
10	12	2002	256.95599	12.602	NaN	NaN	NaN	NaN	NaN	NaN	-0.73
10	12	2002	256.95099	12.605	NaN	NaN	NaN	NaN	NaN	NaN	-0.65
10	12	2002	256.94598	12.609	NaN	NaN	NaN	NaN	NaN	NaN	-0.71
10	12	2002	256.94299	12.61	NaN	NaN	NaN	NaN	NaN	NaN	-0.73
18	10	2006	254.407	12.61218	NaN	NaN	NaN	NaN	NaN	NaN	0.55
10	12	2002	256.93799	12.614	NaN	NaN	NaN	NaN	NaN	NaN	-0.77
10	12	2002	256.93298	12.617	NaN	NaN	NaN	NaN	NaN	NaN	-0.76
10	12	2002	256.92801	12.621	NaN	NaN	NaN	NaN	NaN	NaN	-0.81
10	12	2002	256.922	12.624	NaN	NaN	NaN	NaN	NaN	NaN	-0.77
18	10	2006	254.35841	12.62468	NaN	NaN	NaN	NaN	NaN	NaN	0.6
10	12	2002	256.91501	12.629	NaN	NaN	NaN	NaN	NaN	NaN	-0.86
10	12	2002	256.91	12.632	NaN	NaN	NaN	NaN	NaN	NaN	-0.87
10	12	2002	256.905	12.636	NaN	NaN	NaN	NaN	NaN	NaN	-0.84
10	12	2002	256.90201	12.637	NaN	NaN	NaN	NaN	NaN	NaN	-0.88
18	10	2006	254.30974	12.63704	NaN	NaN	NaN	NaN	NaN	NaN	0.57
10	12	2002	256.897	12.641	NaN	NaN	NaN	NaN	NaN	NaN	-0.88
10	12	2002	256.892	12.644	NaN	NaN	NaN	NaN	NaN	NaN	-0.92
10	12	2002	256.88699	12.647	NaN	NaN	NaN	NaN	NaN	NaN	-0.97
18	10	2006	254.26064	12.64933	NaN	NaN	NaN	NaN	NaN	NaN	0.74
18	10	2006	254.21147	12.66187	NaN	NaN	NaN	NaN	NaN	NaN	0.93
10	12	2002	256.86301	12.662	NaN	NaN	NaN	NaN	NaN	NaN	-1.31
10	12	2002	256.858	12.666	NaN	NaN	NaN	NaN	NaN	NaN	-1.4
10	12	2002	256.853	12.669	NaN	NaN	NaN	NaN	NaN	NaN	-1.46
10	12	2002	256.84698	12.672	NaN	NaN	NaN	NaN	NaN	NaN	-1.58
18	10	2006	254.16248	12.67438	NaN	NaN	NaN	NaN	NaN	NaN	0.98
10	12	2002	256.84201	12.676	NaN	NaN	NaN	NaN	NaN	NaN	-1.68
10	12	2002	256.83899	12.677	NaN	NaN	NaN	NaN	NaN	NaN	-1.68
18	10	2006	254.11336	12.6868	NaN	NaN	NaN	NaN	NaN	NaN	1.06
18	10	2006	254.06355	12.69934	NaN	NaN	NaN	NaN	NaN	NaN	1.22
18	10	2006	254.01328	12.71193	NaN	NaN	NaN	NaN	NaN	NaN	1.31
18	10	2006	253.96332	12.7247	NaN	NaN	NaN	NaN	NaN	NaN	1.38
18	10	2006	253.91357	12.73753	NaN	NaN	NaN	NaN	NaN	NaN	1.43
18	10	2006	253.86398	12.75071	NaN	NaN	NaN	NaN	NaN	NaN	1.52
18	10	2006	253.81429	12.76393	NaN	NaN	NaN	NaN	NaN	NaN	1.56
18	10	2006	253.7646	12.77708	NaN	NaN	NaN	NaN	NaN	NaN	1.66
18	10	2006	253.71506	12.7904	NaN	NaN	NaN	NaN	NaN	NaN	1.61
18	10	2006	253.66536	12.80392	NaN	NaN	NaN	NaN	NaN	NaN	1.55
18	10	2006	253.6153	12.81737	NaN	NaN	NaN	NaN	NaN	NaN	1.41
18	10	2006	253.5656	12.83069	NaN	NaN	NaN	NaN	NaN	NaN	1.39
18	10	2006	253.51546	12.84436	NaN	NaN	NaN	NaN	NaN	NaN	1.36
28	11	2018	247.67276	12.84606	NaN	NaN	NaN	NaN	NaN	NaN	-2.23
28	11	2018	247.61867	12.85289	NaN	NaN	NaN	NaN	NaN	NaN	-1.95
18	10	2006	253.46518	12.85825	NaN	NaN	NaN	NaN	NaN	NaN	1.33
28	11	2018	247.56441	12.85965	NaN	NaN	NaN	NaN	NaN	NaN	-1.84
28	11	2018	247.51019	12.86587	NaN	NaN	NaN	NaN	NaN	NaN	-1.86
28	11	2018	247.45558	12.87162	NaN	NaN	NaN	NaN	NaN	NaN	-2.33
18	10	2006	253.41525	12.8721	NaN	NaN	NaN	NaN	NaN	NaN	1.39
28	11	2018	247.40129	12.87721	NaN	NaN	NaN	NaN	NaN	NaN	-2.67
28	11	2018	247.34718	12.88207	NaN	NaN	NaN	NaN	NaN	NaN	-2.51
18	10	2006	253.36552	12.8862	NaN	NaN	NaN	NaN	NaN	NaN	1.48
28	11	2018	247.29279	12.88848	NaN	NaN	NaN	NaN	NaN	NaN	-2.33
28	11	2018	247.23869	12.89828	NaN	NaN	NaN	NaN	NaN	NaN	-2.43
18	10	2006	253.31569	12.90055	NaN	NaN	NaN	NaN	NaN	NaN	1.53
28	11	2018	247.18437	12.90678	NaN	NaN	NaN	NaN	NaN	NaN	-2.4
28	11	2018	247.13043	12.91449	NaN	NaN	NaN	NaN	NaN	NaN	-2.45
18	10	2006	253.26622	12.91503	NaN	NaN	NaN	NaN	NaN	NaN	1.38
28	11	2018	247.07617	12.92162	NaN	NaN	NaN	NaN	NaN	NaN	-2.5
28	11	2018	247.02174	12.92876	NaN	NaN	NaN	NaN	NaN	NaN	-2.41
18	10	2006	253.2169	12.92967	NaN	NaN	NaN	NaN	NaN	NaN	1.39
28	11	2018	246.9673	12.9367	NaN	NaN	NaN	NaN	NaN	NaN	-2.51
28	11	2018	246.91304	12.94397	NaN	NaN	NaN	NaN	NaN	NaN	-2.66
18	10	2006	253.16718	12.94446	NaN	NaN	NaN	NaN	NaN	NaN	1.45
28	11	2018	246.85803	12.94991	NaN	NaN	NaN	NaN	NaN	NaN	-2.7
28	11	2018	246.80244	12.95544	NaN	NaN	NaN	NaN	NaN	NaN	-2.5
28	11	2018	246.74733	12.96145	NaN	NaN	NaN	NaN	NaN	NaN	-2.71
28	11	2018	246.69214	12.96873	NaN	NaN	NaN	NaN	NaN	NaN	-3.53
28	11	2018	246.63646	12.97612	NaN	NaN	NaN	NaN	NaN	NaN	-3.47
28	11	2018	246.58076	12.98335	NaN	NaN	NaN	NaN	NaN	NaN	-3.26
28	11	2018	246.5256	12.99058	NaN	NaN	NaN	NaN	NaN	NaN	-3.04
28	11	2018	246.47037	12.998	NaN	NaN	NaN	NaN	NaN	NaN	-2.79
28	11	2018	246.4149	13.00598	NaN	NaN	NaN	NaN	NaN	NaN	-2.85
18	10	2006	252.91595	13.01135	NaN	NaN	NaN	NaN	NaN	NaN	1.12
28	11	2018	246.35968	13.01374	28.1	NaN	384.19	408.02	-23.83	2.4	-3.356620974
28	11	2018	246.35968	13.01374	NaN	NaN	NaN	NaN	NaN	NaN	-3.36
28	11	2018	246.30365	13.02024	NaN	NaN	NaN	NaN	NaN	NaN	-2.96
18	10	2006	252.86583	13.02469	NaN	NaN	NaN	NaN	NaN	NaN	1.05
28	11	2018	246.24799	13.02665	NaN	NaN	NaN	NaN	NaN	NaN	0.4
18	10	2006	252.81543	13.03838	NaN	NaN	NaN	NaN	NaN	NaN	1.05
18	10	2006	252.76495	13.05247	NaN	NaN	NaN	NaN	NaN	NaN	1.17
18	10	2006	252.71454	13.06665	NaN	NaN	NaN	NaN	NaN	NaN	1.3
18	10	2006	252.66389	13.08094	NaN	NaN	NaN	NaN	NaN	NaN	1.27
18	10	2006	252.61308	13.09534	NaN	NaN	NaN	NaN	NaN	NaN	1.14
18	10	2006	252.56248	13.10989	NaN	NaN	NaN	NaN	NaN	NaN	0.93
18	10	2006	252.51201	13.12338	NaN	NaN	NaN	NaN	NaN	NaN	0.78
18	10	2006	252.46069	13.13437	NaN	NaN	NaN	NaN	NaN	NaN	0.68
18	10	2006	252.40958	13.14529	NaN	NaN	NaN	NaN	NaN	NaN	0.68
18	10	2006	252.35857	13.15604	NaN	NaN	NaN	NaN	NaN	NaN	0.76
18	10	2006	252.30766	13.16673	NaN	NaN	NaN	NaN	NaN	NaN	0.85
18	10	2006	252.25638	13.17714	NaN	NaN	NaN	NaN	NaN	NaN	0.86
18	10	2006	252.20508	13.18727	NaN	NaN	NaN	NaN	NaN	NaN	0.81
18	10	2006	252.15352	13.19737	NaN	NaN	NaN	NaN	NaN	NaN	0.6
18	10	2006	252.10179	13.20767	NaN	NaN	NaN	NaN	NaN	NaN	0.64
18	10	2006	252.04997	13.21807	NaN	NaN	NaN	NaN	NaN	NaN	0.56
18	10	2006	251.99829	13.22886	NaN	NaN	NaN	NaN	NaN	NaN	0.56
18	10	2006	251.94716	13.24177	NaN	NaN	NaN	NaN	NaN	NaN	0.55
18	10	2006	251.89638	13.25493	NaN	NaN	NaN	NaN	NaN	NaN	0.46
18	10	2006	251.84572	13.26826	NaN	NaN	NaN	NaN	NaN	NaN	0.38
18	10	2006	251.79532	13.28153	NaN	NaN	NaN	NaN	NaN	NaN	0.34
18	10	2006	251.74512	13.2947	NaN	NaN	NaN	NaN	NaN	NaN	0.29
18	10	2006	251.69467	13.30792	NaN	NaN	NaN	NaN	NaN	NaN	0.26
18	10	2006	251.64388	13.32108	NaN	NaN	NaN	NaN	NaN	NaN	0.21
18	10	2006	251.593	13.33416	NaN	NaN	NaN	NaN	NaN	NaN	0.45
18	10	2006	251.54228	13.34719	NaN	NaN	NaN	NaN	NaN	NaN	0.68
18	10	2006	251.49156	13.36022	NaN	NaN	NaN	NaN	NaN	NaN	1.29
18	10	2006	251.44064	13.37318	NaN	NaN	NaN	NaN	NaN	NaN	1.51
18	10	2006	251.39024	13.38577	NaN	NaN	NaN	NaN	NaN	NaN	1.88
18	10	2006	251.34015	13.3977	NaN	NaN	NaN	NaN	NaN	NaN	1.66
18	10	2006	250.78116	13.51959	NaN	NaN	NaN	NaN	NaN	NaN	1.55
18	10	2006	250.7303	13.5301	NaN	NaN	NaN	NaN	NaN	NaN	1.57
18	10	2006	250.67911	13.54029	NaN	NaN	NaN	NaN	NaN	NaN	1.56
18	10	2006	250.62788	13.55013	NaN	NaN	NaN	NaN	NaN	NaN	1.57
18	10	2006	250.57607	13.55989	NaN	NaN	NaN	NaN	NaN	NaN	1.66
18	10	2006	250.52399	13.56991	NaN	NaN	NaN	NaN	NaN	NaN	1.73
18	10	2006	250.47191	13.58021	NaN	NaN	NaN	NaN	NaN	NaN	1.74
18	10	2006	250.41988	13.59047	NaN	NaN	NaN	NaN	NaN	NaN	1.64
18	10	2006	250.36775	13.60047	NaN	NaN	NaN	NaN	NaN	NaN	1.65
18	10	2006	250.31566	13.61013	NaN	NaN	NaN	NaN	NaN	NaN	1.82
18	10	2006	250.26314	13.61975	NaN	NaN	NaN	NaN	NaN	NaN	1.69
18	10	2006	250.21097	13.62959	NaN	NaN	NaN	NaN	NaN	NaN	1.62
18	10	2006	250.1591	13.63951	NaN	NaN	NaN	NaN	NaN	NaN	1.42
18	10	2006	250.10719	13.64943	NaN	NaN	NaN	NaN	NaN	NaN	1.43
18	10	2006	250.05522	13.65947	NaN	NaN	NaN	NaN	NaN	NaN	1.28
18	10	2006	250.00333	13.66935	NaN	NaN	NaN	NaN	NaN	NaN	1.01
18	10	2006	249.95168	13.67899	NaN	NaN	NaN	NaN	NaN	NaN	0.86
18	10	2006	249.8999	13.68817	NaN	NaN	NaN	NaN	NaN	NaN	0.76
18	10	2006	249.84813	13.69707	NaN	NaN	NaN	NaN	NaN	NaN	0.75
18	10	2006	249.79683	13.70596	NaN	NaN	NaN	NaN	NaN	NaN	0.43
18	10	2006	249.74564	13.71528	NaN	NaN	NaN	NaN	NaN	NaN	0.38
18	10	2006	249.69482	13.72655	NaN	NaN	NaN	NaN	NaN	NaN	0.49
18	10	2006	249.64407	13.73812	NaN	NaN	NaN	NaN	NaN	NaN	0.54
18	10	2006	249.59352	13.75008	NaN	NaN	NaN	NaN	NaN	NaN	0.54
18	10	2006	249.5428	13.76232	NaN	NaN	NaN	NaN	NaN	NaN	0.53
18	10	2006	249.49205	13.7747	NaN	NaN	NaN	NaN	NaN	NaN	0.45
18	10	2006	249.44107	13.78717	NaN	NaN	NaN	NaN	NaN	NaN	0.51
18	10	2006	249.38997	13.79984	NaN	NaN	NaN	NaN	NaN	NaN	0.52
18	10	2006	249.33905	13.81239	NaN	NaN	NaN	NaN	NaN	NaN	0.51
18	10	2006	249.28813	13.82466	NaN	NaN	NaN	NaN	NaN	NaN	0.38
18	10	2006	249.2373	13.83671	NaN	NaN	NaN	NaN	NaN	NaN	0.22
7	10	2002	253.843	13.843	NaN	NaN	NaN	NaN	NaN	NaN	0.84
7	10	2002	253.83899	13.848	NaN	NaN	NaN	NaN	NaN	NaN	0.68
18	10	2006	249.18646	13.84898	NaN	NaN	NaN	NaN	NaN	NaN	0.26
7	10	2002	253.838	13.851	NaN	NaN	NaN	NaN	NaN	NaN	0.54
7	10	2002	253.834	13.857	NaN	NaN	NaN	NaN	NaN	NaN	0.44
18	10	2006	249.13612	13.86182	NaN	NaN	NaN	NaN	NaN	NaN	0.58
7	10	2002	253.83099	13.863	NaN	NaN	NaN	NaN	NaN	NaN	0.36
7	10	2002	253.828	13.869	NaN	NaN	NaN	NaN	NaN	NaN	0.36
7	10	2002	253.82401	13.874	NaN	NaN	NaN	NaN	NaN	NaN	0.25
18	10	2006	249.08589	13.87503	NaN	NaN	NaN	NaN	NaN	NaN	0.57
7	10	2002	253.821	13.88	NaN	NaN	NaN	NaN	NaN	NaN	0.24
7	10	2002	253.817	13.886	NaN	NaN	NaN	NaN	NaN	NaN	0.22
18	10	2006	249.03558	13.88838	NaN	NaN	NaN	NaN	NaN	NaN	0.47
7	10	2002	253.812	13.894	NaN	NaN	NaN	NaN	NaN	NaN	0.3
7	10	2002	253.80899	13.9	NaN	NaN	NaN	NaN	NaN	NaN	0.2
18	10	2006	248.98547	13.9018	NaN	NaN	NaN	NaN	NaN	NaN	0.31
7	10	2002	253.802	13.911	NaN	NaN	NaN	NaN	NaN	NaN	0.25
18	10	2006	248.93484	13.91526	NaN	NaN	NaN	NaN	NaN	NaN	0.6
7	10	2002	253.79901	13.917	NaN	NaN	NaN	NaN	NaN	NaN	0.26
7	10	2002	253.795	13.923	NaN	NaN	NaN	NaN	NaN	NaN	0.24
7	10	2002	253.79199	13.928	NaN	NaN	NaN	NaN	NaN	NaN	0.27
18	10	2006	248.88414	13.92873	NaN	NaN	NaN	NaN	NaN	NaN	0.67
7	10	2002	253.79001	13.931	NaN	NaN	NaN	NaN	NaN	NaN	0.22
7	10	2002	253.787	13.937	NaN	NaN	NaN	NaN	NaN	NaN	0.28
7	10	2002	253.784	13.942	NaN	NaN	NaN	NaN	NaN	NaN	0.23
18	10	2006	248.83394	13.9421	NaN	NaN	NaN	NaN	NaN	NaN	0.55
7	10	2002	253.78	13.948	NaN	NaN	NaN	NaN	NaN	NaN	0.15
7	10	2002	253.77701	13.953	NaN	NaN	NaN	NaN	NaN	NaN	0.15
18	10	2006	248.78474	13.95555	NaN	NaN	NaN	NaN	NaN	NaN	0.45
7	10	2002	253.77301	13.959	NaN	NaN	NaN	NaN	NaN	NaN	0.17
7	10	2002	253.76999	13.965	NaN	NaN	NaN	NaN	NaN	NaN	0.16
7	10	2002	253.76801	13.967	NaN	NaN	NaN	NaN	NaN	NaN	0.09
18	10	2006	248.73579	13.96946	NaN	NaN	NaN	NaN	NaN	NaN	0.3
7	10	2002	253.765	13.973	NaN	NaN	NaN	NaN	NaN	NaN	0
7	10	2002	253.76199	13.979	NaN	NaN	NaN	NaN	NaN	NaN	-0.02
18	10	2006	248.68703	13.9835	NaN	NaN	NaN	NaN	NaN	NaN	0.23
7	10	2002	253.758	13.984	NaN	NaN	NaN	NaN	NaN	NaN	-0.03
7	10	2002	253.755	13.99	NaN	NaN	NaN	NaN	NaN	NaN	0.04
7	10	2002	253.752	13.995	NaN	NaN	NaN	NaN	NaN	NaN	0.06
18	10	2006	248.63828	13.99759	NaN	NaN	NaN	NaN	NaN	NaN	0.24
7	10	2002	253.748	14.001	NaN	NaN	NaN	NaN	NaN	NaN	0.14
7	10	2002	253.74701	14.004	NaN	NaN	NaN	NaN	NaN	NaN	0.09
18	10	2006	248.58937	14.01162	NaN	NaN	NaN	NaN	NaN	NaN	0.32
18	10	2006	248.54021	14.02559	NaN	NaN	NaN	NaN	NaN	NaN	0.62
7	10	2002	253.728	14.035	NaN	NaN	NaN	NaN	NaN	NaN	0.53
18	10	2006	248.49084	14.03837	NaN	NaN	NaN	NaN	NaN	NaN	0.89
7	10	2002	253.72501	14.04	NaN	NaN	NaN	NaN	NaN	NaN	0.45
7	10	2002	253.72101	14.046	NaN	NaN	NaN	NaN	NaN	NaN	0.37
18	10	2006	248.44054	14.04951	NaN	NaN	NaN	NaN	NaN	NaN	1.1
7	10	2002	253.718	14.051	NaN	NaN	NaN	NaN	NaN	NaN	0.39
7	10	2002	253.715	14.057	NaN	NaN	NaN	NaN	NaN	NaN	0.49
7	10	2002	253.713	14.06	NaN	NaN	NaN	NaN	NaN	NaN	0.56
18	10	2006	248.38943	14.06056	NaN	NaN	NaN	NaN	NaN	NaN	0.96
7	10	2002	253.709	14.065	NaN	NaN	NaN	NaN	NaN	NaN	0.46
7	10	2002	253.70599	14.071	NaN	NaN	NaN	NaN	NaN	NaN	0.53
18	10	2006	248.3378	14.07173	NaN	NaN	NaN	NaN	NaN	NaN	1.19
7	10	2002	253.702	14.076	NaN	NaN	NaN	NaN	NaN	NaN	0.56
7	10	2002	253.69901	14.082	NaN	NaN	NaN	NaN	NaN	NaN	0.48
18	10	2006	248.28603	14.08291	NaN	NaN	NaN	NaN	NaN	NaN	1.16
7	10	2002	253.696	14.087	NaN	NaN	NaN	NaN	NaN	NaN	0.42
7	10	2002	253.692	14.093	NaN	NaN	NaN	NaN	NaN	NaN	0.33
18	10	2006	248.23474	14.09408	NaN	NaN	NaN	NaN	NaN	NaN	0.91
7	10	2002	253.69101	14.095	NaN	NaN	NaN	NaN	NaN	NaN	0.34
7	10	2002	253.687	14.101	NaN	NaN	NaN	NaN	NaN	NaN	0.35
18	10	2006	248.18347	14.10509	NaN	NaN	NaN	NaN	NaN	NaN	0.77
7	10	2002	253.68399	14.106	NaN	NaN	NaN	NaN	NaN	NaN	0.23
7	10	2002	253.681	14.112	NaN	NaN	NaN	NaN	NaN	NaN	0.17
18	10	2006	248.13179	14.11604	NaN	NaN	NaN	NaN	NaN	NaN	0.83
7	10	2002	253.677	14.117	NaN	NaN	NaN	NaN	NaN	NaN	0.23
7	10	2002	253.67401	14.123	NaN	NaN	NaN	NaN	NaN	NaN	0.23
18	10	2006	248.08011	14.12689	NaN	NaN	NaN	NaN	NaN	NaN	0.66
7	10	2002	253.67099	14.128	NaN	NaN	NaN	NaN	NaN	NaN	0.26
7	10	2002	253.66699	14.134	NaN	NaN	NaN	NaN	NaN	NaN	0.37
7	10	2002	253.666	14.136	NaN	NaN	NaN	NaN	NaN	NaN	0.39
18	10	2006	248.02797	14.13785	NaN	NaN	NaN	NaN	NaN	NaN	0.39
7	10	2002	253.662	14.142	NaN	NaN	NaN	NaN	NaN	NaN	0.38
7	10	2002	253.659	14.148	NaN	NaN	NaN	NaN	NaN	NaN	0.37
18	10	2006	247.97589	14.1488	NaN	NaN	NaN	NaN	NaN	NaN	0.33
7	10	2002	253.65601	14.153	NaN	NaN	NaN	NaN	NaN	NaN	0.34
7	10	2002	253.65201	14.159	NaN	NaN	NaN	NaN	NaN	NaN	0.39
20	10	2006	247.92372	14.15999	NaN	NaN	NaN	NaN	NaN	NaN	0.37
7	10	2002	253.649	14.164	NaN	NaN	NaN	NaN	NaN	NaN	0.46
7	10	2002	253.64801	14.167	NaN	NaN	NaN	NaN	NaN	NaN	0.47
20	10	2006	247.87158	14.17288	NaN	NaN	NaN	NaN	NaN	NaN	0.46
7	10	2002	253.644	14.173	NaN	NaN	NaN	NaN	NaN	NaN	0.38
7	10	2002	253.64099	14.178	NaN	NaN	NaN	NaN	NaN	NaN	0.38
7	10	2002	253.638	14.184	NaN	NaN	NaN	NaN	NaN	NaN	0.27
20	10	2006	247.81996	14.18571	NaN	NaN	NaN	NaN	NaN	NaN	0.83
20	10	2006	247.76826	14.19836	NaN	NaN	NaN	NaN	NaN	NaN	0.87
20	10	2006	247.7173	14.2109	NaN	NaN	NaN	NaN	NaN	NaN	0.93
20	10	2006	247.66676	14.2233	NaN	NaN	NaN	NaN	NaN	NaN	0.97
20	10	2006	247.11116	14.36206	NaN	NaN	NaN	NaN	NaN	NaN	0.91
20	10	2006	247.06047	14.3754	NaN	NaN	NaN	NaN	NaN	NaN	0.71
20	10	2006	247.00937	14.3887	NaN	NaN	NaN	NaN	NaN	NaN	0.48
20	10	2006	246.9577	14.40215	NaN	NaN	NaN	NaN	NaN	NaN	0.38
20	10	2006	246.90559	14.41552	NaN	NaN	NaN	NaN	NaN	NaN	0.48
21	12	2007	250	14.416	NaN	NaN	NaN	NaN	NaN	NaN	-0.82
21	12	2007	250	14.416	NaN	NaN	NaN	NaN	NaN	NaN	-0.88
21	12	2007	250	14.416	NaN	NaN	NaN	NaN	NaN	NaN	-0.71
20	10	2006	246.85332	14.42857	NaN	NaN	NaN	NaN	NaN	NaN	0.68
20	10	2006	246.80095	14.44127	NaN	NaN	NaN	NaN	NaN	NaN	0.79
20	10	2006	246.74817	14.45366	NaN	NaN	NaN	NaN	NaN	NaN	0.97
20	10	2006	246.69547	14.46609	NaN	NaN	NaN	NaN	NaN	NaN	1.03
20	10	2006	246.64288	14.47858	NaN	NaN	NaN	NaN	NaN	NaN	0.96
20	10	2006	246.59013	14.4913	NaN	NaN	NaN	NaN	NaN	NaN	0.74
29	11	2016	250	14.499	NaN	NaN	NaN	NaN	NaN	NaN	-2.37
29	11	2016	250	14.499	NaN	NaN	NaN	NaN	NaN	NaN	-1.26
20	10	2006	246.53741	14.50413	NaN	NaN	NaN	NaN	NaN	NaN	0.69
20	10	2006	246.48442	14.51696	NaN	NaN	NaN	NaN	NaN	NaN	0.67
20	10	2006	246.43132	14.52993	NaN	NaN	NaN	NaN	NaN	NaN	0.83
20	10	2006	246.37828	14.54296	NaN	NaN	NaN	NaN	NaN	NaN	0.87
20	10	2006	246.32533	14.55573	NaN	NaN	NaN	NaN	NaN	NaN	0.8
20	10	2006	246.27231	14.56851	NaN	NaN	NaN	NaN	NaN	NaN	0.66
20	10	2006	246.21944	14.58135	NaN	NaN	NaN	NaN	NaN	NaN	0.74
20	10	2006	246.16682	14.59457	NaN	NaN	NaN	NaN	NaN	NaN	0.92
20	10	2006	246.11455	14.60799	NaN	NaN	NaN	NaN	NaN	NaN	1.83
20	10	2006	246.06221	14.62056	NaN	NaN	NaN	NaN	NaN	NaN	2.37
20	10	2006	246.00937	14.63215	NaN	NaN	NaN	NaN	NaN	NaN	2.83
20	10	2006	245.95644	14.64371	NaN	NaN	NaN	NaN	NaN	NaN	2.93
20	10	2006	245.90372	14.65516	NaN	NaN	NaN	NaN	NaN	NaN	2.82
20	10	2006	245.85115	14.66661	NaN	NaN	NaN	NaN	NaN	NaN	2.72
20	10	2006	245.79868	14.67817	NaN	NaN	NaN	NaN	NaN	NaN	2.59
20	10	2006	245.53801	14.73654	NaN	NaN	NaN	NaN	NaN	NaN	1.95
20	10	2006	245.48598	14.74843	NaN	NaN	NaN	NaN	NaN	NaN	1.58
20	10	2006	245.43384	14.76029	NaN	NaN	NaN	NaN	NaN	NaN	1.28
20	10	2006	245.38142	14.77218	NaN	NaN	NaN	NaN	NaN	NaN	1.3
20	10	2006	245.3286	14.78395	NaN	NaN	NaN	NaN	NaN	NaN	1.22
20	10	2006	245.27588	14.79591	NaN	NaN	NaN	NaN	NaN	NaN	1.38
20	10	2006	245.22305	14.80782	NaN	NaN	NaN	NaN	NaN	NaN	1.28
20	10	2006	245.17014	14.81988	NaN	NaN	NaN	NaN	NaN	NaN	1.1
20	10	2006	245.11743	14.83179	NaN	NaN	NaN	NaN	NaN	NaN	1.28
20	10	2006	245.06494	14.84323	NaN	NaN	NaN	NaN	NaN	NaN	1.91
20	10	2006	245.01283	14.85438	NaN	NaN	NaN	NaN	NaN	NaN	1.85
20	10	2006	244.96089	14.8651	NaN	NaN	NaN	NaN	NaN	NaN	2.26
20	10	2006	244.9091	14.87579	NaN	NaN	NaN	NaN	NaN	NaN	1.9
20	10	2006	244.85712	14.88621	NaN	NaN	NaN	NaN	NaN	NaN	1.72
20	10	2006	244.80542	14.8966	NaN	NaN	NaN	NaN	NaN	NaN	1.75
20	10	2006	244.75394	14.90676	NaN	NaN	NaN	NaN	NaN	NaN	1.28
20	10	2006	244.70241	14.91704	NaN	NaN	NaN	NaN	NaN	NaN	0.9
20	10	2006	244.65102	14.92745	NaN	NaN	NaN	NaN	NaN	NaN	0.89
20	10	2006	244.59981	14.93744	NaN	NaN	NaN	NaN	NaN	NaN	1.23
20	10	2006	244.54857	14.9473	NaN	NaN	NaN	NaN	NaN	NaN	0.9
20	10	2006	244.49709	14.95761	NaN	NaN	NaN	NaN	NaN	NaN	0.78
20	10	2006	244.44548	14.96822	NaN	NaN	NaN	NaN	NaN	NaN	0.78
20	10	2006	244.39403	14.97896	NaN	NaN	NaN	NaN	NaN	NaN	0.77
20	10	2006	244.34286	14.98994	NaN	NaN	NaN	NaN	NaN	NaN	0.9
21	12	2007	250	15	NaN	NaN	NaN	NaN	NaN	NaN	-1.46
21	12	2007	250	15	NaN	NaN	NaN	NaN	NaN	NaN	-2.17
28	11	2016	250	15	NaN	NaN	NaN	NaN	NaN	NaN	-0.85
20	10	2006	244.29192	15.00106	NaN	NaN	NaN	NaN	NaN	NaN	0.99
20	10	2006	244.24098	15.0124	NaN	NaN	NaN	NaN	NaN	NaN	1.05
20	10	2006	244.18987	15.02376	NaN	NaN	NaN	NaN	NaN	NaN	0.98
20	10	2006	244.13843	15.03515	NaN	NaN	NaN	NaN	NaN	NaN	0.93
20	10	2006	244.08681	15.04656	NaN	NaN	NaN	NaN	NaN	NaN	0.91
20	10	2006	244.03531	15.05824	NaN	NaN	NaN	NaN	NaN	NaN	0.94
20	10	2006	243.98373	15.07001	NaN	NaN	NaN	NaN	NaN	NaN	0.94
20	10	2006	243.93182	15.08183	NaN	NaN	NaN	NaN	NaN	NaN	0.95
20	10	2006	243.36787	15.20924	NaN	NaN	NaN	NaN	NaN	NaN	-0.02
20	10	2006	243.31583	15.22067	NaN	NaN	NaN	NaN	NaN	NaN	0.04
20	10	2006	243.26353	15.23254	NaN	NaN	NaN	NaN	NaN	NaN	0.11
20	10	2006	243.21136	15.24497	NaN	NaN	NaN	NaN	NaN	NaN	0.05
20	10	2006	243.15926	15.25752	NaN	NaN	NaN	NaN	NaN	NaN	0.02
20	10	2006	243.10721	15.26998	NaN	NaN	NaN	NaN	NaN	NaN	0.03
20	10	2006	243.05502	15.28195	NaN	NaN	NaN	NaN	NaN	NaN	0.02
20	10	2006	243.00253	15.29366	NaN	NaN	NaN	NaN	NaN	NaN	0.05
20	10	2006	242.94992	15.30545	NaN	NaN	NaN	NaN	NaN	NaN	0.05
20	10	2006	242.8974	15.31731	NaN	NaN	NaN	NaN	NaN	NaN	-0.03
20	10	2006	242.84511	15.32943	NaN	NaN	NaN	NaN	NaN	NaN	0.02
20	10	2006	242.79266	15.34167	NaN	NaN	NaN	NaN	NaN	NaN	0.05
20	10	2006	242.74013	15.35361	NaN	NaN	NaN	NaN	NaN	NaN	0.12
7	12	2002	265.91299	15.355	NaN	NaN	NaN	NaN	NaN	NaN	-0.4
7	12	2002	265.91199	15.356	NaN	NaN	NaN	NaN	NaN	NaN	-0.39
7	12	2002	265.914	15.357	NaN	NaN	NaN	NaN	NaN	NaN	-0.42
7	12	2002	265.91199	15.357	NaN	NaN	NaN	NaN	NaN	NaN	-0.42
7	12	2002	265.91199	15.357	NaN	NaN	NaN	NaN	NaN	NaN	-0.44
7	12	2002	265.914	15.359	NaN	NaN	NaN	NaN	NaN	NaN	-0.42
7	12	2002	265.91299	15.361	NaN	NaN	NaN	NaN	NaN	NaN	-0.39
7	12	2002	265.91199	15.363	NaN	NaN	NaN	NaN	NaN	NaN	-0.33
7	12	2002	265.91	15.365	NaN	NaN	NaN	NaN	NaN	NaN	-0.29
20	10	2006	242.68803	15.36577	NaN	NaN	NaN	NaN	NaN	NaN	0.14
7	12	2002	265.909	15.367	NaN	NaN	NaN	NaN	NaN	NaN	-0.35
7	12	2002	265.90698	15.368	NaN	NaN	NaN	NaN	NaN	NaN	-0.33
7	12	2002	265.90201	15.371	NaN	NaN	NaN	NaN	NaN	NaN	-0.48
7	12	2002	265.89801	15.373	NaN	NaN	NaN	NaN	NaN	NaN	-0.49
7	12	2002	265.89398	15.374	NaN	NaN	NaN	NaN	NaN	NaN	-0.5
7	12	2002	265.89099	15.376	NaN	NaN	NaN	NaN	NaN	NaN	-0.54
7	12	2002	265.88699	15.378	NaN	NaN	NaN	NaN	NaN	NaN	-0.6
20	10	2006	242.63618	15.37836	NaN	NaN	NaN	NaN	NaN	NaN	0.13
7	12	2002	265.884	15.38	NaN	NaN	NaN	NaN	NaN	NaN	-0.61
7	12	2002	265.888	15.385	NaN	NaN	NaN	NaN	NaN	NaN	-0.66
7	12	2002	265.89099	15.388	NaN	NaN	NaN	NaN	NaN	NaN	-0.71
7	12	2002	265.89398	15.391	NaN	NaN	NaN	NaN	NaN	NaN	-0.65
20	10	2006	242.58473	15.39164	NaN	NaN	NaN	NaN	NaN	NaN	0.82
7	12	2002	265.896	15.394	NaN	NaN	NaN	NaN	NaN	NaN	-0.71
7	12	2002	265.90201	15.4	NaN	NaN	NaN	NaN	NaN	NaN	-0.63
7	12	2002	265.905	15.403	NaN	NaN	NaN	NaN	NaN	NaN	-0.73
20	10	2006	242.53258	15.40446	NaN	NaN	NaN	NaN	NaN	NaN	0.87
7	12	2002	265.90799	15.406	NaN	NaN	NaN	NaN	NaN	NaN	-0.78
7	12	2002	265.91101	15.41	NaN	NaN	NaN	NaN	NaN	NaN	-0.85
7	12	2002	265.914	15.413	NaN	NaN	NaN	NaN	NaN	NaN	-0.81
7	12	2002	265.91699	15.416	NaN	NaN	NaN	NaN	NaN	NaN	-0.81
20	10	2006	242.47964	15.41693	NaN	NaN	NaN	NaN	NaN	NaN	0.71
7	12	2002	265.91998	15.419	NaN	NaN	NaN	NaN	NaN	NaN	-0.85
7	12	2002	265.923	15.422	NaN	NaN	NaN	NaN	NaN	NaN	-0.84
7	12	2002	265.92599	15.425	NaN	NaN	NaN	NaN	NaN	NaN	-0.9
7	12	2002	265.92902	15.428	NaN	NaN	NaN	NaN	NaN	NaN	-0.82
20	10	2006	242.42647	15.42941	NaN	NaN	NaN	NaN	NaN	NaN	0.59
20	10	2006	242.37309	15.4419	NaN	NaN	NaN	NaN	NaN	NaN	0.67
20	10	2006	242.31926	15.45452	NaN	NaN	NaN	NaN	NaN	NaN	0.8
20	10	2006	242.26549	15.4674	NaN	NaN	NaN	NaN	NaN	NaN	1
20	10	2006	242.21191	15.48027	NaN	NaN	NaN	NaN	NaN	NaN	1
20	10	2006	242.15903	15.49304	NaN	NaN	NaN	NaN	NaN	NaN	1.37
28	11	2016	250	15.501	NaN	NaN	NaN	NaN	NaN	NaN	-2.12
20	10	2006	242.10635	15.50531	NaN	NaN	NaN	NaN	NaN	NaN	2.13
20	10	2006	242.0538	15.51741	NaN	NaN	NaN	NaN	NaN	NaN	2.1
20	10	2006	241.7888	15.57833	NaN	NaN	NaN	NaN	NaN	NaN	1.98
21	12	2007	250	15.583	NaN	NaN	NaN	NaN	NaN	NaN	-2.6
21	12	2007	250	15.583	NaN	NaN	NaN	NaN	NaN	NaN	-2.15
21	12	2007	250	15.583	NaN	NaN	NaN	NaN	NaN	NaN	-2.45
20	10	2006	241.73491	15.59107	NaN	NaN	NaN	NaN	NaN	NaN	1.95
20	10	2006	241.68027	15.60402	NaN	NaN	NaN	NaN	NaN	NaN	2.07
20	10	2006	241.62555	15.61674	NaN	NaN	NaN	NaN	NaN	NaN	2.22
20	10	2006	241.57097	15.6293	NaN	NaN	NaN	NaN	NaN	NaN	2.39
20	10	2006	241.51648	15.64191	NaN	NaN	NaN	NaN	NaN	NaN	2.69
20	10	2006	241.46228	15.65431	NaN	NaN	NaN	NaN	NaN	NaN	3.03
20	10	2006	241.40793	15.66647	NaN	NaN	NaN	NaN	NaN	NaN	3.19
20	10	2006	241.35341	15.67836	NaN	NaN	NaN	NaN	NaN	NaN	3.25
20	10	2006	241.29901	15.69036	NaN	NaN	NaN	NaN	NaN	NaN	3.28
20	10	2006	241.24492	15.70226	NaN	NaN	NaN	NaN	NaN	NaN	3.4
20	10	2006	241.19102	15.71421	NaN	NaN	NaN	NaN	NaN	NaN	3.33
20	10	2006	241.13713	15.7261	NaN	NaN	NaN	NaN	NaN	NaN	3.33
20	10	2006	241.08357	15.73786	NaN	NaN	NaN	NaN	NaN	NaN	3.46
20	10	2006	241.03027	15.74992	NaN	NaN	NaN	NaN	NaN	NaN	3.69
20	10	2006	240.97685	15.76328	NaN	NaN	NaN	NaN	NaN	NaN	3.94
20	10	2006	240.92293	15.77678	NaN	NaN	NaN	NaN	NaN	NaN	4.07
20	10	2006	240.86909	15.79044	NaN	NaN	NaN	NaN	NaN	NaN	4.3
20	10	2006	240.81549	15.80382	NaN	NaN	NaN	NaN	NaN	NaN	5.59
20	10	2006	240.76224	15.81693	NaN	NaN	NaN	NaN	NaN	NaN	5.92
20	10	2006	240.70924	15.82986	NaN	NaN	NaN	NaN	NaN	NaN	2.48
2	11	2018	261.12805	15.83331	NaN	NaN	NaN	NaN	NaN	NaN	-1.09
20	10	2006	240.65654	15.84294	NaN	NaN	NaN	NaN	NaN	NaN	2.23
2	11	2018	261.07986	15.85202	NaN	NaN	NaN	NaN	NaN	NaN	-1
20	10	2006	240.60388	15.856	NaN	NaN	NaN	NaN	NaN	NaN	2.16
20	10	2006	240.55115	15.86902	NaN	NaN	NaN	NaN	NaN	NaN	2.34
2	11	2018	261.03232	15.87187	NaN	NaN	NaN	NaN	NaN	NaN	-0.71
20	10	2006	240.49846	15.88221	NaN	NaN	NaN	NaN	NaN	NaN	3.59
2	11	2018	260.98499	15.89279	NaN	NaN	NaN	NaN	NaN	NaN	-1.13
20	10	2006	240.4458	15.89557	NaN	NaN	NaN	NaN	NaN	NaN	3.22
20	10	2006	240.39325	15.90921	NaN	NaN	NaN	NaN	NaN	NaN	3.03
2	11	2018	260.93707	15.91395	NaN	NaN	NaN	NaN	NaN	NaN	-1.79
20	10	2006	240.34085	15.9225	NaN	NaN	NaN	NaN	NaN	NaN	2.76
20	10	2006	240.28838	15.93454	NaN	NaN	NaN	NaN	NaN	NaN	2.11
2	11	2018	260.88895	15.93514	NaN	NaN	NaN	NaN	NaN	NaN	-2.12
20	10	2006	240.23624	15.94634	NaN	NaN	NaN	NaN	NaN	NaN	1.61
2	11	2018	260.84097	15.95629	NaN	NaN	NaN	NaN	NaN	NaN	-2.33
20	10	2006	240.18468	15.95814	NaN	NaN	NaN	NaN	NaN	NaN	1.57
20	10	2006	240.13345	15.96975	NaN	NaN	NaN	NaN	NaN	NaN	1.54
2	11	2018	260.79297	15.97724	NaN	NaN	NaN	NaN	NaN	NaN	-2.17
2	11	2018	260.74542	15.99792	NaN	NaN	NaN	NaN	NaN	NaN	-2.13
2	11	2018	260.69785	16.01825	NaN	NaN	NaN	NaN	NaN	NaN	-1.86
2	11	2018	260.65039	16.03832	NaN	NaN	NaN	NaN	NaN	NaN	-2.01
2	11	2018	260.60318	16.05807	NaN	NaN	NaN	NaN	NaN	NaN	-2.11
2	11	2018	260.55624	16.07783	NaN	NaN	NaN	NaN	NaN	NaN	-2.11
2	11	2018	260.50925	16.09772	NaN	NaN	NaN	NaN	NaN	NaN	-2.05
20	10	2006	239.56018	16.11441	NaN	NaN	NaN	NaN	NaN	NaN	3.13
2	11	2018	260.46252	16.11764	NaN	NaN	NaN	NaN	NaN	NaN	-1.93
20	10	2006	239.50778	16.12821	NaN	NaN	NaN	NaN	NaN	NaN	3.4
2	11	2018	260.41611	16.13762	NaN	NaN	NaN	NaN	NaN	NaN	-1.83
20	10	2006	239.45551	16.14197	NaN	NaN	NaN	NaN	NaN	NaN	3.46
20	10	2006	239.40303	16.15563	NaN	NaN	NaN	NaN	NaN	NaN	3.42
2	11	2018	260.36923	16.15774	NaN	NaN	NaN	NaN	NaN	NaN	-1.56
21	12	2007	250	16.166	NaN	NaN	NaN	NaN	NaN	NaN	-1.29
21	12	2007	250	16.166	NaN	NaN	NaN	NaN	NaN	NaN	-1.1
20	10	2006	239.35063	16.16907	NaN	NaN	NaN	NaN	NaN	NaN	3.66
2	11	2018	260.32196	16.17829	NaN	NaN	NaN	NaN	NaN	NaN	-1.79
20	10	2006	239.29779	16.1826	NaN	NaN	NaN	NaN	NaN	NaN	3.82
20	10	2006	239.24455	16.19637	NaN	NaN	NaN	NaN	NaN	NaN	3.53
2	11	2018	260.27469	16.19841	NaN	NaN	NaN	NaN	NaN	NaN	-0.9
20	10	2006	239.19174	16.21043	NaN	NaN	NaN	NaN	NaN	NaN	3.33
2	11	2018	260.22644	16.21873	NaN	NaN	NaN	NaN	NaN	NaN	-0.31
20	10	2006	239.13918	16.2243	NaN	NaN	NaN	NaN	NaN	NaN	3.36
20	10	2006	239.08655	16.23805	NaN	NaN	NaN	NaN	NaN	NaN	3.29
2	11	2018	260.1785	16.23844	NaN	NaN	NaN	NaN	NaN	NaN	0.28
20	10	2006	239.034	16.25157	NaN	NaN	NaN	NaN	NaN	NaN	3.14
2	11	2018	260.13055	16.25782	NaN	NaN	NaN	NaN	NaN	NaN	0.31
20	10	2006	238.98157	16.26504	NaN	NaN	NaN	NaN	NaN	NaN	2.72
2	11	2018	260.08264	16.27712	NaN	NaN	NaN	NaN	NaN	NaN	-0.04
20	10	2006	238.9292	16.27843	NaN	NaN	NaN	NaN	NaN	NaN	2.6
2	11	2018	260.03491	16.29642	NaN	NaN	NaN	NaN	NaN	NaN	-0.03
2	11	2018	259.98697	16.31598	NaN	NaN	NaN	NaN	NaN	NaN	0.5
2	11	2018	259.93936	16.33639	NaN	NaN	NaN	NaN	NaN	NaN	0.4
2	11	2018	259.89215	16.35701	NaN	NaN	NaN	NaN	NaN	NaN	-1.8
2	11	2018	259.84491	16.37761	NaN	NaN	NaN	NaN	NaN	NaN	-1.61
2	11	2018	259.79761	16.39829	NaN	NaN	NaN	NaN	NaN	NaN	-1.4
2	11	2018	259.75031	16.41867	NaN	NaN	NaN	NaN	NaN	NaN	-1.89
2	11	2018	259.70291	16.43881	NaN	NaN	NaN	NaN	NaN	NaN	-2.04
2	11	2018	259.65549	16.45907	NaN	NaN	NaN	NaN	NaN	NaN	-1.82
2	11	2018	259.60834	16.47964	NaN	NaN	NaN	NaN	NaN	NaN	-1.57
20	11	2005	258.22086	16.26303	28.45	34.613	372.17	378.35	-6.18	11.1	-0.730837814
20	11	2005	258.12665	16.30623	28.1	34.601	373.2	378.35	-5.15	10	-0.624678395
20	11	2005	258.17395	16.28465	28.23	34.575	372.12	378.35	-6.23	10.2	-0.748685423
20	11	2005	257.98474	16.37201	28.06	34.551	372.9	378.35	-5.45	10.1	-0.663128627
20	11	2005	257.70752	16.49918	28.38	34.55	370.04	378.35	-8.31	7.7	-0.987980035
20	11	2005	258.07941	16.32792	28.02	34.506	374.29	378.35	-4.06	9.9	-0.495530459
20	11	2005	258.26785	16.24121	28.63	34.497	372.77	378.35	-5.58	10.9	-0.651687325
20	11	2005	257.93832	16.3944	27.9	34.487	370.9	378.35	-7.45	10.5	-0.917305631
20	11	2005	258.03201	16.34986	27.93	34.474	374.04	378.35	-4.31	9.2	-0.529559501
20	10	2006	240.60388	15.856	27.26	34.465	380.75	364.01001	16.73999	9.1	2.15950486
20	10	2006	240.55115	15.86902	27.24	34.452	382.17999	364.04999	18.13	9.7	2.342362208
20	11	2005	257.8002	16.45833	28.24	34.445	368.51	378.35	-9.84	8.2	-1.182322075
20	11	2005	257.89218	16.41613	27.95	34.444	369.57	378.35	-8.78	10.2	-1.07735461
20	11	2005	257.8461	16.43739	28.19	34.443	368.62	378.35	-9.73	9.1	-1.173353033
20	11	2005	264.50272	13.37544	20.11	34.433	394.55	378.35	16.2	16.6	3.57400648
20	10	2006	240.23624	15.94634	27.22	34.432	376.56	364.13	12.43	11.1	1.608414524
20	10	2006	240.65654	15.84294	27.19	34.428	381.29001	364.07999	17.21002	8.2	2.231850393
20	10	2006	240.28838	15.93454	27.2	34.425	380.41	364.14999	16.26001	9.8	2.107141741
20	10	2006	240.4458	15.89557	27.15	34.424	388.82999	364.07999	24.75	9.9	3.219085277
20	10	2006	240.18468	15.95814	27.25	34.424	376.28	364.09	12.19	10.4	1.573970657
20	10	2006	240.49846	15.88221	27.21	34.422	391.79001	364.04999	27.74002	9.7	3.592269985
20	10	2006	240.13345	15.96975	27.23	34.416	376.06	364.14999	11.91001	11.7	1.540114118
20	11	2005	264.55051	13.35328	20.3	34.415	401.51	378.35	23.16	16.3	5.03497254
20	10	2006	240.34085	15.9225	27.15	34.409	385.39999	364.16	21.23999	9.9	2.762739995
20	11	2005	259.35953	15.71249	29.34	34.406	374.28	378.35	-4.07	8.1	-0.451829147
20	11	2005	264.59814	13.33155	20.42	34.404	400.41	378.35	22.06	16.2	4.751608639
20	10	2006	240.39325	15.90921	27.11	34.402	387.34	364.14001	23.19999	9.6	3.026586746
20	11	2005	264.64587	13.3099	20.6	34.388	400.39	378.35	22.04	16.2	4.681898541
20	10	2006	240.70924	15.82986	27.09	34.384	383.17999	364.22	18.95999	8	2.477255908
20	11	2005	264.69366	13.28825	20.74	34.379	401.15	378.35	22.8	15.8	4.791392019
20	11	2005	259.4054	15.68719	29.48	34.378	372.86	378.35	-5.49	8.4	-0.603449721
20	11	2005	257.75403	16.47886	28.18	34.378	369.21	378.35	-9.14	7.6	-1.103311822
20	11	2005	264.45575	13.39713	19.75	34.377	395.85	378.35	17.5	16.4	3.971878381
20	10	2006	240.76224	15.81693	26.87	34.372	409.06	364.44	44.62	8.1	5.924575494
20	11	2005	264.74261	13.26702	20.94	34.363	401.67	378.35	23.32	15.3	4.825972346
20	11	2005	259.31384	15.73776	29.05	34.354	375.14	378.35	-3.21	8.5	-0.363942935
20	10	2006	239.56018	16.11441	27.21	34.349	388.91	364.73999	24.17001	12	3.130958392
20	11	2005	264.40973	13.41763	19.96	34.344	396.44	378.35	18.09	16.4	4.039587958
20	11	2005	264.79236	13.24609	21.37	34.339	401.36	378.35	23.01	15.6	4.607488736
20	11	2005	264.36438	13.43747	20.17	34.322	399.73	378.35	21.38	15.8	4.697251941
20	11	2005	264.84241	13.22506	21.55	34.312	404.08	378.35	25.73	15.8	5.082214275
20	10	2006	239.50778	16.12821	27.19	34.298	390.95001	364.76999	26.18002	8.9	3.397034494
20	11	2005	259.26743	15.76249	29.37	34.296	375.72	378.35	-2.63	8.3	-0.291476732
20	11	2005	264.89249	13.2043	21.79	34.288	406.63	378.35	28.28	15.8	5.48497769
20	11	2005	259.22028	15.78643	29.42	34.281	376.14	378.35	-2.21	8.7	-0.244067365
20	10	2006	239.45551	16.14197	27.25	34.281	391.56	364.81	26.75	9.7	3.456109162
20	11	2005	259.17233	15.81033	29.49	34.275	376.95	378.35	-1.4	8.1	-0.15384228
20	11	2005	258.31613	16.21996	29.17	34.275	373.88	378.35	-4.47	10.5	-0.502613631
20	10	2006	239.40303	16.15563	27.25	34.274	391.29999	364.85001	26.44998	9	3.41745076
20	11	2005	264.94266	13.18369	21.71	34.273	412.6	378.35	34.25	15.7	6.684036073
20	11	2005	259.07605	15.85849	29.45	34.273	378.15	378.35	-0.2	8.5	-0.022040804
20	11	2005	259.12433	15.83425	29.48	34.269	377.23	378.35	-1.12	8.5	-0.123165271
20	11	2005	259.02826	15.88251	29.4	34.262	377.68	378.35	-0.67	8.4	-0.074105546
20	11	2005	264.9928	13.16318	21.91	34.259	414.71	378.35	36.36	15.7	6.988794636
20	11	2005	264.31943	13.45714	20.6	34.254	398.63	378.35	20.28	15.5	4.3107037
20	11	2005	265.04306	13.14283	21.98	34.244	413.94	378.35	35.59	15.8	6.804872728
20	10	2006	240.81549	15.80382	26.51	34.244	405.70999	364.72	40.98999	7.9	5.590893622
20	10	2006	238.98157	16.26504	27.24	34.229	386.12	365.12	21	7.5	2.715800023
20	11	2005	258.98114	15.90621	29.37	34.227	377.14	378.35	-1.21	8.4	-0.134140902
20	10	2006	239.034	16.25157	27.29	34.227	389.48999	365.09	24.39999	7.7	3.14405584
20	10	2006	238.9292	16.27843	27.14	34.224	385.17999	365.20001	19.97998	7	2.602842953
20	11	2005	265.09341	13.1225	22.29	34.215	410.43	378.35	32.08	15.6	5.991663253
20	10	2006	239.35063	16.16907	27.24	34.2	393.26001	364.92999	28.33002	9	3.664209403
20	10	2006	239.08655	16.23805	27.29	34.2	390.62	365.07999	25.54001	7.5	3.291340113
20	11	2005	263.90558	13.63914	24.57	34.196	379.12	378.35	0.77	14.9	0.1212026
20	11	2005	265.14386	13.10221	22.4	34.193	402.67	378.35	24.32	15.7	4.505012571
20	11	2005	263.85968	13.66102	25.05	34.179	378.88	378.35	0.53	14.5	0.080514231
20	11	2005	265.19437	13.08206	22.54	34.177	401.17	378.35	22.82	15.7	4.182857874
20	11	2005	258.69858	16.04823	29.24	34.177	376.25	378.35	-2.1	7.7	-0.235040509
20	10	2006	239.29779	16.1826	27.29	34.175	394.62	364.98001	29.63999	8.7	3.820120524
20	11	2005	258.65103	16.07091	29.2	34.17	376.6	378.35	-1.75	8.1	-0.196436842
20	11	2005	265.29578	13.04222	22.7	34.16	399.9	378.35	21.55	15.6	3.90284887
20	11	2005	265.2449	13.06221	22.72	34.158	400.1	378.35	21.75	15.5	3.933156219
20	10	2006	239.13918	16.2243	27.29	34.158	391.14999	365.07999	26.07	7.8	3.360254844
20	11	2005	263.26385	13.8901	27.6	34.15	384.15	378.35	5.8	9.3	0.730935855
20	11	2005	265.34659	13.02223	22.91	34.148	401.86	378.35	23.51	15.3	4.191064565
20	11	2005	263.81326	13.68321	25.37	34.143	379.75	378.35	1.4	14	0.207740856
20	11	2005	258.79175	16.00158	29.33	34.143	374.89	378.35	-3.46	6.9	-0.384817427
28	11	2016	250	16.001	29.558	34.142	447.4848938	403.53	43.9548938	1.15001	4.809313872
20	11	2005	258.74515	16.02518	29.2	34.14	375.41	378.35	-2.94	8.8	-0.33005617
20	11	2005	264.27441	13.4767	21.35	34.139	397.41	378.35	19.06	15.9	3.825928918
20	10	2006	240.86909	15.79044	26.36	34.139	396.01001	364.85001	31.16	7.7	4.299058887
20	10	2006	239.24455	16.19637	27.22	34.135	392.29999	365.09	27.20999	7.7	3.525475633
20	11	2005	265.64944	12.90257	23.31	34.13	392.9	378.35	14.55	14.1	2.517054059
20	11	2005	265.3974	13.00208	23.1	34.129	403.16	378.35	24.81	14.7	4.360313538
20	11	2005	258.36456	16.19896	29.47	34.129	374.05	378.35	-4.3	10.2	-0.473488067
20	11	2005	259.45166	15.66154	29.52	34.126	372.12	378.35	-6.23	9	-0.683560152
20	11	2005	265.59958	12.92234	23.25	34.124	396.1	378.35	17.75	13.7	3.084594911
20	10	2006	239.19174	16.21043	27.24	34.12	390.88	365.13	25.75	8	3.331671049
20	11	2005	265.44815	12.98197	23.21	34.115	402.57	378.35	24.22	13.9	4.221802212
20	11	2005	265.54935	12.94198	23.33	34.112	402.27	378.35	23.92	13.7	4.132126076
20	11	2005	265.49884	12.96187	23.34	34.109	402.49	378.35	24.14	13.7	4.167055815
20	11	2005	263.7662	13.70559	25.68	34.107	379.87	378.35	1.52	13.4	0.220485007
20	11	2005	263.61746	13.76312	27.17	34.102	379.32	378.35	0.97	11.1	0.126155477
20	11	2005	258.60339	16.09311	29.32	34.096	375.23	378.35	-3.12	7.9	-0.347321887
20	11	2005	265.69922	12.88245	23.27	34.09	396.03	378.35	17.68	13.8	3.068287171
20	10	2006	240.92293	15.77678	26.47	34.089	394.5	364.76001	29.73999	7.8	4.071102727
20	11	2005	263.56705	13.78126	28.07	34.081	379.42	378.35	1.07	11.3	0.130362509
20	11	2005	263.71799	13.72676	25.75	34.066	379.06	378.35	0.71	12.1	0.1024788
20	11	2005	264.22906	13.49649	21.82	34.064	396.99	378.35	18.64	15.8	3.610718123
20	11	2005	258.55603	16.1147	29.36	34.059	375.34	378.35	-3.01	8	-0.334168186
20	11	2005	262.79492	14.06694	29.21	34.058	389.02	378.35	10.67	10	1.197415341
20	10	2006	240.97685	15.76328	26.56	34.056	393.70001	364.73001	28.97	8.1	3.940223235
20	11	2005	262.8396	14.04966	29.19	34.048	417.65	378.35	39.3	10.2	4.416882846
20	11	2005	258.83893	15.97792	29.32	34.048	375.2	378.35	-3.15	6.5	-0.3507333
20	10	2006	245.95644	14.64371	27.97	34.043	388.44	364.54001	23.89999	10.1	2.933497662
20	11	2005	265.74838	12.8623	23.18	34.042	402.52	378.35	24.17	13.3	4.224002485
20	10	2006	241.08357	15.73786	26.45	34.042	390.13	364.92999	25.20001	8.3	3.455396377
20	10	2006	241.03027	15.74992	26.51	34.041	391.85001	364.84	27.01001	8.1	3.687358883
20	11	2005	265.79715	12.84226	23.41	34.039	399.98	378.35	21.63	13.3	3.715380859
20	10	2006	245.90372	14.65516	27.95	34.039	387.51001	364.54999	22.96002	10.4	2.822263855
20	10	2006	245.85115	14.66661	27.95	34.039	386.64999	364.54001	22.10998	10.2	2.717776265
20	10	2006	241.13713	15.7261	26.48	34.038	389.35999	364.98999	24.37	8.4	3.334310352
20	11	2005	263.21561	13.90817	28.18	34.033	384.27	378.35	5.92	8.8	0.715682878
20	11	2005	258.93393	15.93004	29.37	34.032	375.8	378.35	-2.55	7.2	-0.282928664
7	10	2002	253.843	13.843	28.81	34.03	377.79001	370.55	7.24001	0.93001	0.836328043
7	10	2002	253.702	14.076	29.02	34.03	375.42999	370.55	4.87999	0.22	0.555247625
7	10	2002	253.69901	14.082	28.99	34.03	374.75	370.55	4.2	1.7	0.478911201
7	10	2002	253.696	14.087	28.94	34.03	374.26001	370.55	3.71001	2.28999	0.42456525
20	10	2006	245.79868	14.67817	27.94	34.029	385.54999	364.48999	21.06	10.1	2.590701946
20	11	2005	263.31238	13.87147	27.14	34.025	383.32	378.35	4.97	10	0.648017142
20	10	2006	246.00937	14.63215	27.97	34.022	387.57999	364.54001	23.03998	10.5	2.828196535
20	10	2006	245.06494	14.84323	27.71	34.021	379.44	364.19	15.25	10.3	1.907626728
20	10	2006	241.19102	15.71421	26.54	34.021	389.51001	365.07999	24.43002	8.7	3.328118048
7	10	2002	253.83899	13.848	28.79	34.02	376.45001	370.55	5.90001	0.87	0.682550935
7	10	2002	253.728	14.035	29.02	34.02	375.23999	370.55	4.68999	0.40001	0.533652163
7	10	2002	253.72501	14.04	29.06	34.02	374.51001	370.55	3.96001	0.78	0.449295821
7	10	2002	253.70599	14.071	29.06	34.02	375.25	370.55	4.7	1.58	0.533253794
7	10	2002	253.692	14.093	28.9	34.02	373.42999	370.55	2.87999	0.67999	0.330544763
7	10	2002	253.68399	14.106	28.93	34.02	372.60001	370.55	2.05001	1.22	0.234777645
7	10	2002	253.649	14.164	29.04	34.02	374.64001	370.55	4.09001	3.17	0.464713781
7	10	2002	253.64801	14.167	29	34.02	374.67999	370.55	4.12999	3.35001	0.470609428
20	10	2006	245.53801	14.73654	28.02	34.019	380.29999	364.35001	15.94998	10	1.950828528
20	10	2006	241.40793	15.66647	26.56	34.016	388.66	365.19	23.47	9	3.19272629
20	10	2006	241.29901	15.69036	26.55	34.016	389.26999	365.20001	24.06998	9.1	3.276741906
7	10	2002	253.838	13.851	28.78	34.01	375.23001	370.55	4.68001	1.3	0.541827274
7	10	2002	253.752	13.995	28.99	34.01	371.07001	370.55	0.52001	4.3	0.059299983
7	10	2002	253.72101	14.046	29.11	34.01	373.79001	370.55	3.24001	0.85001	0.366301495
7	10	2002	253.718	14.051	29.14	34.01	374.04001	370.55	3.49001	0.28	0.393714934
7	10	2002	253.709	14.065	29.04	34.01	374.56	370.55	4.01	1.48	0.455642399
7	10	2002	253.69101	14.095	28.92	34.01	373.54999	370.55	2.99999	1.40001	0.343836513
7	10	2002	253.687	14.101	28.94	34.01	373.59	370.55	3.04	2	0.347920598
7	10	2002	253.677	14.117	29.03	34.01	372.57999	370.55	2.02999	1.34	0.230826802
7	10	2002	253.67401	14.123	29.06	34.01	372.62	370.55	2.07	2.14	0.234868629
7	10	2002	253.67099	14.128	29.07	34.01	372.82001	370.55	2.27001	3.98	0.257377114
7	10	2002	253.66699	14.134	29.1	34.01	373.79001	370.55	3.24001	1.48	0.366565098
7	10	2002	253.666	14.136	29.09	34.01	373.98001	370.55	3.43001	2	0.388340414
7	10	2002	253.662	14.142	29.07	34.01	373.87	370.55	3.32	0.27	0.376426544
7	10	2002	253.65201	14.159	29.1	34.01	373.95999	370.55	3.40999	5.5	0.385796129
20	10	2006	241.46228	15.65431	26.55	34.01	387.48001	365.20001	22.28	9.2	3.033144729
20	10	2006	241.35341	15.67836	26.57	34.009	389.14999	365.23999	23.91	9.1	3.250301402
20	10	2006	241.24492	15.70226	26.56	34.009	390.14001	365.14001	25	9	3.400963368
20	11	2005	263.51617	13.79956	28.19	34.005	378.9	378.35	0.55	11.2	0.066450717
20	10	2006	245.01283	14.85438	27.59	34.001	378.97	364.29001	14.67999	10.1	1.852566428
7	10	2002	253.834	13.857	28.78	34	374.32001	370.55	3.77001	2.22	0.436490918
7	10	2002	253.83099	13.863	28.8	34	373.63	370.55	3.08	3.48	0.356087863
7	10	2002	253.828	13.869	28.83	34	373.67001	370.55	3.12001	0.55	0.359934292
7	10	2002	253.82401	13.874	28.81	34	372.67999	370.55	2.12999	0.23	0.246076944
7	10	2002	253.80899	13.9	28.82	34	372.29001	370.55	1.74001	2.89	0.200877841
7	10	2002	253.787	13.937	28.86	34	372.98001	370.55	2.43001	2.98	0.27972822
7	10	2002	253.784	13.942	28.84	34	372.56	370.55	2.01	2.98	0.23171293
7	10	2002	253.78	13.948	28.81	34	371.82999	370.55	1.27999	1	0.147876764
7	10	2002	253.758	13.984	28.94	34	370.29999	370.55	-0.25001	5.7	-0.028614261
7	10	2002	253.755	13.99	28.99	34	370.87	370.55	0.32	3.52	0.036493157
7	10	2002	253.748	14.001	29.01	34	371.81	370.55	1.26	3.5	0.143485062
7	10	2002	253.74701	14.004	29.03	34	371.34	370.55	0.79	0.89	0.089833435
7	10	2002	253.715	14.057	29.13	34	374.92999	370.55	4.37999	0.09999	0.494491972
7	10	2002	253.713	14.06	29.11	34	375.47	370.55	4.92	2.97	0.556257661
7	10	2002	253.681	14.112	28.98	34	372.04999	370.55	1.49999	1.7	0.171183744
7	10	2002	253.659	14.148	29.07	34	373.81	370.55	3.26	6.12	0.36963946
7	10	2002	253.65601	14.153	29.09	34	373.59	370.55	3.04	10.22	0.344198801
7	10	2002	253.644	14.173	29	34	373.89999	370.55	3.34999	3.55	0.381761653
7	10	2002	253.64099	14.178	28.99	34	373.87	370.55	3.32	3.72	0.378616509
7	10	2002	253.638	14.184	28.97	34	372.94	370.55	2.39	2.40001	0.272951052
20	10	2006	245.48598	14.74843	27.99	33.997	377.20999	364.34	12.86999	8.9	1.577694583
20	11	2005	265.84567	12.82236	23.67	33.996	399.03	378.35	20.68	13.5	3.484299606
20	11	2005	262.74945	14.08301	29.09	33.994	387.17	378.35	8.82	10	0.99865503
20	10	2006	246.06221	14.62056	28	33.992	383.88	364.5	19.38	10.6	2.37406744
20	11	2005	263.66791	13.74496	26.08	33.991	378.68	378.35	0.33	11.4	0.046504509
7	10	2002	253.821	13.88	28.83	33.99	372.60001	370.55	2.05001	3.05	0.236505822
7	10	2002	253.817	13.886	28.84	33.99	372.48001	370.55	1.93001	3.27	0.222501215
7	10	2002	253.812	13.894	28.84	33.99	373.12	370.55	2.57	2.62	0.296282466
7	10	2002	253.802	13.911	28.85	33.99	372.72	370.55	2.17	2.40001	0.249988225
7	10	2002	253.79901	13.917	28.84	33.99	372.82001	370.55	2.27001	0.90001	0.261698117
7	10	2002	253.795	13.923	28.87	33.99	372.66	370.55	2.11	0.43001	0.242726015
7	10	2002	253.79199	13.928	28.87	33.99	372.88	370.55	2.33	1.35001	0.268033941
7	10	2002	253.79001	13.931	28.87	33.99	372.5	370.55	1.95	1.35001	0.224320251
7	10	2002	253.77701	13.953	28.83	33.99	371.89001	370.55	1.34001	0.37	0.154594449
7	10	2002	253.76999	13.965	28.86	33.99	371.97	370.55	1.42	5.67	0.163468914
7	10	2002	253.76801	13.967	28.85	33.99	371.29999	370.55	0.74999	7.22	0.086400308
7	10	2002	253.765	13.973	28.85	33.99	370.59	370.55	0.04	7.02	0.004608078
7	10	2002	253.76199	13.979	28.91	33.99	370.35999	370.55	-0.19001	5.35001	-0.021795092
20	10	2006	245.27588	14.79591	28	33.989	375.35001	364.10001	11.25	10.5	1.378153007
20	10	2006	245.38142	14.77218	27.98	33.985	374.92001	364.29999	10.62002	9.6	1.302889146
20	10	2006	241.51648	15.64191	26.58	33.984	385.01999	365.25	19.76999	9.1	2.685841012
20	10	2006	245.3286	14.78395	27.97	33.981	374.14999	364.23001	9.91998	9.7	1.217910367
7	10	2002	253.77301	13.959	28.86	33.98	372.01001	370.55	1.46001	1.25	0.168082027
20	11	2005	258.88644	15.95401	29.26	33.979	375.48	378.35	-2.87	6.8	-0.321031856
20	10	2006	243.93182	15.08183	27.92	33.975	371.57999	363.89999	7.68	9.4	0.94634996
20	10	2006	245.43384	14.76029	27.97	33.972	374.81	364.37	10.44	9.6	1.281804941
20	10	2006	244.24098	15.0124	27.93	33.971	372.34	363.85001	8.48999	9.5	1.045418679
20	10	2006	243.98373	15.07001	27.93	33.967	371.56	363.91	7.65	9.9	0.942002448
20	10	2006	245.11743	14.83179	27.8	33.964	374.39001	364.10999	10.28002	10.7	1.277870225
20	10	2006	244.03531	15.05824	27.94	33.963	371.51999	363.87	7.64999	9.4	0.941334577
20	10	2006	244.18987	15.02376	27.93	33.962	371.79999	363.81	7.98999	9.5	0.983889286
20	10	2006	246.11455	14.60799	27.99	33.96	379.44	364.48999	14.95001	10.7	1.832971532
20	10	2006	244.29192	15.00106	27.94	33.96	371.85999	363.85001	8.00998	9.6	0.9856443
2	11	2018	260.03491	16.29642	28.17	33.959	407.76999	408.02	-0.25001	3.4	-0.03025586
20	10	2006	244.13843	15.03515	27.93	33.956	371.39001	363.82999	7.56002	9.4	0.930966856
20	10	2006	244.08681	15.04656	27.93	33.953	371.26999	363.85999	7.41	9.5	0.912504727
2	11	2018	259.89215	16.35701	28.26	33.946	393.04001	408.02	-14.97999	1.6	-1.801186121
2	11	2018	259.98697	16.31598	28.27	33.943	412.17999	408.02	4.15999	1	0.499839645
20	10	2006	241.57097	15.6293	26.65	33.94	382.95999	365.28	17.67999	9.2	2.390095267
2	11	2018	260.36923	16.15774	28.29	33.94	395.04999	408.02	-12.97001	10.475	-1.556165754
20	10	2006	244.96089	14.8651	27.47	33.937	382.10001	364.34	17.76001	10.3	2.261527941
2	11	2018	259.93936	16.33639	28.23	33.935	411.38	408.02	3.36	0.3	0.404901991
20	11	2005	263.46515	13.81784	27.82	33.934	379.92	378.35	1.57	10.8	0.19490296
20	11	2005	262.65582	14.10924	29.06	33.933	389.05	378.35	10.7	9.4	1.21445506
20	11	2005	265.89444	12.80222	24.16	33.931	399.26	378.35	20.91	13.6	3.397381183
20	10	2006	244.34286	14.98994	27.94	33.931	371.17001	363.87	7.30001	9.5	0.898393806
20	11	2005	263.16833	13.92461	29.38	33.93	388.84	378.35	10.49	8.2	1.163561204
20	11	2005	262.70276	14.09616	29.06	33.928	388.72	378.35	10.37	10	1.177025071
2	11	2018	260.08264	16.27712	28.28	33.927	407.70999	408.02	-0.31001	5	-0.037224582
2	11	2018	259.84491	16.37761	28.22	33.924	394.70001	408.02	-13.31999	6.525	-1.606384526
2	11	2018	260.32196	16.17829	28.28	33.921	393.10999	408.02	-14.91001	9	-1.790372081
20	11	2005	262.60931	14.12274	28.93	33.92	389.13	378.35	10.78	9.4	1.235109624
2	11	2018	259.65549	16.45907	28.1	33.917	393.07001	408.02	-14.94999	0.625	-1.81875286
20	11	2005	258.41315	16.17803	29.36	33.902	373.69	378.35	-4.66	10.3	-0.517696392
20	10	2006	245.17014	14.81988	27.81	33.897	372.95999	364.13	8.82999	10.5	1.097144597
20	10	2006	241.62555	15.61674	26.74	33.897	381.76999	365.22	16.54999	9.1	2.223075596
2	11	2018	259.79761	16.39829	28.3	33.891	396.34	408.02	-11.68	9.35	-1.400670321
20	11	2005	262.88541	14.03135	29.69	33.888	407.08	378.35	28.73	8	3.117256046
20	10	2006	245.22305	14.80782	27.82	33.885	374.48999	364.17999	10.31	10.8	1.280175963
20	11	2005	258.50873	16.1359	29.21	33.885	375.84	378.35	-2.51	8.4	-0.281886894
20	10	2006	244.9091	14.87579	27.64	33.884	379.29999	364.19	15.10999	10.4	1.900879672
2	11	2018	259.70291	16.43881	28.16	33.883	391.17001	408.02	-16.84999	2.975	-2.041309163
20	10	2006	244.39403	14.97896	27.94	33.882	370.17999	363.89999	6.28	9.3	0.773027675
7	12	2002	265.909	15.367	30.06	33.879	370.44	373.79	-3.35	0.64999	-0.354002215
20	11	2005	262.9321	14.01213	29.77	33.878	418.08	378.35	39.73	6.7	4.286335075
2	11	2018	259.75031	16.41867	28.33	33.874	392.19	408.02	-15.83	3.35	-1.894363349
7	12	2002	265.91	15.365	30.06	33.872	371	373.79	-2.79	2.75	-0.294834453
2	11	2018	260.46252	16.11764	28.21	33.871	392.03	408.02	-15.99	5.3	-1.930224403
2	11	2018	260.41611	16.13762	28.31	33.871	392.73001	408.02	-15.28999	7.475	-1.832413701
20	11	2005	265.94321	12.78172	24.47	33.87	401.41	378.35	23.06	13.7	3.662206336
20	10	2006	244.85712	14.88621	27.64	33.865	377.79999	364.16	13.63999	10.6	1.716091057
2	11	2018	259.60834	16.47964	28.07	33.864	395.10999	408.02	-12.91001	0.35	-1.574355637
20	11	2005	262.13165	14.32314	28.03	33.863	431.75	378.35	53.4	8.6	6.530980601
20	10	2006	244.80542	14.8966	27.72	33.86	378.07001	364.07999	13.99002	10.7	1.749966749
21	12	2007	250	15	27.217	33.859	374.8101501	386.1	-11.28984985	4.74001	-1.46485676
2	11	2018	260.50925	16.09772	28.18	33.859	391.04999	408.02	-16.97001	6.125	-2.053086529
2	11	2018	260.22644	16.21873	28.25	33.859	405.42001	408.02	-2.59999	5.075	-0.312965192
7	12	2002	265.91199	15.357	29.95	33.858	369.84	373.79	-3.95	0.18001	-0.42073619
2	11	2018	260.27469	16.19841	28.17	33.857	400.60999	408.02	-7.41001	8.15	-0.897144055
20	11	2005	262.08881	14.34701	27.94	33.856	430.37	378.35	52.02	8.9	6.404048589
21	12	2007	250	15	27.21	33.854	369.3790283	386.1	-16.72097168	4.87	-2.170698654
7	12	2002	265.91199	15.363	30.05	33.853	370.64001	373.79	-3.14999	2.87	-0.333141124
20	11	2005	263.02612	13.97497	29.74	33.852	383.79	378.35	5.44	6.7	0.588229897
7	12	2002	265.91199	15.356	29.95	33.851	370.09	373.79	-3.7	3.62	-0.394118999
7	12	2002	265.90698	15.368	30.06	33.851	370.64001	373.79	-3.14999	3.25	-0.332906116
20	11	2005	262.17496	14.30116	27.94	33.85	419.22	378.35	40.87	8.4	5.031531389
20	10	2006	241.68027	15.60402	26.85	33.85	380.75	365.19	15.56	9	2.073786133
20	11	2005	262.04605	14.37129	27.92	33.849	426.29	378.35	47.94	8.7	5.910516968
20	11	2005	262.00339	14.39594	27.99	33.847	423.68	378.35	45.33	8.8	5.560479556
7	12	2002	265.914	15.357	29.98	33.847	369.88	373.79	-3.91	2.52	-0.415602944
20	11	2005	263.36255	13.85306	26.98	33.845	380.78	378.35	2.43	10.4	0.320809414
7	12	2002	265.914	15.359	30	33.845	369.85001	373.79	-3.93999	2.47	-0.41819614
20	11	2005	261.96051	14.42118	28	33.843	427.73	378.35	49.38	9.4	6.052994239
7	12	2002	265.91199	15.357	29.96	33.843	369.62	373.79	-4.17	0.68001	-0.443880437
7	12	2002	265.91299	15.361	30.03	33.84	370.12	373.79	-3.67	1.34999	-0.388713293
20	11	2005	262.21796	14.28052	27.85	33.839	409.97	378.35	31.62	9.4	3.91844559
20	11	2005	261.41129	14.70382	30.06	33.839	424.79	378.35	46.44	8.9	4.908251963
7	12	2002	265.90201	15.371	29.94	33.839	369.28	373.79	-4.51	0.25	-0.480767044
7	12	2002	265.91299	15.355	29.96	33.836	370.04999	373.79	-3.74001	4.87	-0.398121457
20	11	2005	261.91782	14.44685	28	33.835	433.85	378.35	55.5	9.2	6.803418492
16	10	2006	263.99695	10.44477	27.97	33.831	389.97	364.48001	25.48999	18.3	3.131526274
7	12	2002	265.896	15.394	29.77	33.831	367.17001	373.79	-6.61999	1.24001	-0.714350725
21	12	2007	250	14.416	27.152	33.828	379.3242493	386.1	-6.775750732	3.77	-0.883447864
28	11	2016	250	15.501	29.505	33.828	384.2279663	403.53	-19.30203369	4.06999	-2.122802837
20	11	2005	262.97906	13.9933	29.7	33.827	398.47	378.35	20.12	5.7	2.182057864
21	12	2007	250	14.416	27.223	33.826	379.7541504	386.1	-6.345849609	3.56999	-0.823131767
7	12	2002	265.89398	15.391	29.76	33.826	367.75	373.79	-6.04	0.15001	-0.652245663
20	11	2005	262.51782	14.15133	28.52	33.825	412.45	378.35	34.1	9.5	4.025902871
20	11	2005	258.46118	16.15755	29.3	33.823	374.59	378.35	-3.76	10.4	-0.419657451
21	12	2007	250	14.416	27.271	33.822	380.6318054	386.1	-5.46819458	4.12	-0.706825402
20	11	2005	261.87469	14.47301	28.12	33.822	436.37	378.35	58.02	8.9	7.051142963
7	12	2002	265.89099	15.388	29.74	33.822	367.26999	373.79	-6.52001	1.60001	-0.705101687
20	11	2005	263.41409	13.83573	27.34	33.821	383.32	378.35	4.97	10.6	0.639210353
20	10	2006	244.44548	14.96822	27.95	33.821	370.28	363.89999	6.38001	9.8	0.78497611
20	11	2005	263.07349	13.95728	29.65	33.82	391.44	378.35	13.09	7.1	1.424775428
20	10	2006	241.73491	15.59107	26.9	33.82	379.89999	365.22	14.67999	8.9	1.949624269
20	11	2005	261.36121	14.72415	30.05	33.819	428.69	378.35	50.34	8.6	5.324694989
7	12	2002	265.905	15.403	29.82	33.818	366.97	373.79	-6.82	1.12	-0.733345099
20	10	2006	242.10635	15.50531	26.93	33.817	381.54001	365.48001	16.06	9.1	2.128261138
7	12	2002	265.888	15.385	29.73	33.816	367.69	373.79	-6.1	2.42	-0.660169346
20	11	2005	262.2608	14.26023	27.78	33.814	417.56	378.35	39.21	9.5	4.88430323
7	12	2002	265.89801	15.373	29.91	33.814	369.23001	373.79	-4.55999	1.3	-0.48719126
7	12	2002	265.89099	15.376	29.81	33.812	368.78	373.79	-5.01	0.15001	-0.539117667
16	10	2006	264.04221	10.43296	27.99	33.811	389.48999	364.41	25.07999	17.4	3.076957667
20	11	2005	260.15674	15.29987	30.15	33.811	386.62	378.35	8.27	9.4	0.868563061
20	10	2006	242.0538	15.51741	26.99	33.81	381.32999	365.42001	15.90998	9.6	2.099229392
7	12	2002	265.90201	15.4	29.84	33.809	367.94	373.79	-5.85	0.97	-0.628166823
7	12	2002	265.90799	15.406	29.84	33.809	366.54001	373.79	-7.24999	3.24001	-0.77849627
16	10	2006	264.08749	10.42081	27.99	33.808	390.16	364.42999	25.73001	17.9	3.156746833
20	11	2005	263.121	13.94056	29.52	33.808	393.44	378.35	15.09	7.3	1.65792746
7	12	2002	265.884	15.38	29.74	33.808	368.17001	373.79	-5.61999	2.22	-0.6078058
7	12	2002	265.91101	15.41	29.85	33.808	365.85001	373.79	-7.93999	4.17	-0.851981629
16	10	2006	264.57672	10.29643	28.02	33.806	385.17001	364.06	21.11001	17.9	2.584326786
7	12	2002	265.89398	15.374	29.86	33.806	369.14001	373.79	-4.64999	1.35001	-0.49860348
20	11	2005	262.56363	14.13669	28.65	33.805	385.32	378.35	6.97	9.8	0.815271117
7	12	2002	265.88699	15.378	29.76	33.805	368.20999	373.79	-5.58001	1.12	-0.602626101
20	11	2005	260.8306	14.96816	30.08	33.804	430.65	378.35	52.3	9.2	5.520524899
16	10	2006	262.82523	10.71525	27.47	33.803	385.38	365.14001	20.23999	17.9	2.578826753
20	11	2005	260.78238	14.9917	30.12	33.797	427.94	378.35	49.59	10	5.219699295
20	11	2005	260.73383	15.01532	30.22	33.797	420.27	378.35	41.92	9.5	4.381008577
20	11	2005	260.44656	15.15923	30.24	33.797	429.57	378.35	51.22	10	5.345311462
20	11	2005	260.87894	14.94453	30.06	33.795	423.74	378.35	45.39	8.9	4.798170011
16	10	2006	264.13242	10.40911	27.98	33.794	390.10999	364.37	25.73999	17.8	3.160453274
20	11	2005	260.20483	15.27657	30.21	33.794	387.33	378.35	8.98	9.1	0.93917041
20	10	2006	241.7888	15.57833	26.96	33.792	380.19	365.20001	14.98999	9.5	1.982334297
16	10	2006	262.59457	10.76882	27.67	33.791	382.89999	364.73999	18.16	17.7	2.280525152
20	11	2005	261.46158	14.68356	29.96	33.791	430.43	378.35	52.08	9.3	5.544936
20	11	2005	260.92728	14.92118	30.06	33.791	420.4	378.35	42.05	9.9	4.445174312
20	11	2005	260.39838	15.18295	30.24	33.791	427.84	378.35	49.49	9.8	5.164899708
2	11	2018	260.13055	16.25782	28.24	33.791	410.57001	408.02	2.55001	4.25	0.307261391
21	12	2007	250	16.166	26.994	33.789	376.2929993	386.1	-9.807000732	2.8	-1.293717749
21	12	2007	250	16.166	26.995	33.788	377.7982788	386.1	-8.301721191	4.06999	-1.095069469
20	11	2005	262.4722	14.16705	28.37	33.787	420.86	378.35	42.51	10	5.074343088
20	10	2006	246.16682	14.59457	28.18	33.787	371.89001	364.32001	7.57	10.9	0.916127729
20	11	2005	260.25339	15.25327	30.23	33.787	388.09	378.35	9.74	9.3	1.017232928
20	11	2005	260.97556	14.89828	30.09	33.786	421.64	378.35	43.29	9.4	4.566560749
20	11	2005	260.35001	15.20659	30.25	33.786	421.13	378.35	42.78	9.8	4.461539353
16	10	2006	262.94406	10.685	27.32	33.785	388.79999	365.5	23.29999	17.8	3.001537744
20	11	2005	261.16705	14.80845	30.1	33.785	427.36	378.35	49.01	8.8	5.16628233
20	11	2005	261.02374	14.87572	30.14	33.785	427.28	378.35	48.93	9.1	5.143144056
20	11	2005	260.68536	15.03899	30.24	33.785	424.16	378.35	45.81	9.8	4.780966802
20	11	2005	261.21457	14.78623	30.07	33.784	430.35	378.35	52	9.7	5.49324363
20	10	2006	244.49709	14.95761	27.95	33.782	370.14001	363.84	6.30001	9.9	0.775264003
20	11	2005	260.30185	15.23	30.26	33.782	400.68	378.35	22.33	10	2.327182124
20	11	2005	261.31131	14.74447	30.02	33.778	431.32	378.35	52.97	8.3	5.615875239
2	11	2018	260.1785	16.23844	28.2	33.777	410.31	408.02	2.29	2.875	0.276748606
16	10	2006	264.70685	10.26457	27.94	33.776	385.01001	364.06	20.95001	17.4	2.579995094
20	11	2005	261.83051	14.4989	28.57	33.776	434.13	378.35	55.78	8.7	6.563121159
20	10	2006	244.59981	14.93744	27.85	33.776	373.79999	363.85999	9.94	10	1.232130966
20	11	2005	261.07175	14.85325	30.14	33.775	428.33	378.35	49.98	9.5	5.253733928
20	10	2006	244.75394	14.90676	27.81	33.775	374.29999	363.97	10.32999	10.2	1.284201563
7	12	2002	265.914	15.413	29.89	33.775	366.22	373.79	-7.57	2.19	-0.810073364
20	11	2005	262.30325	14.24014	27.69	33.774	416.05	378.35	37.7	9.7	4.727824243
20	11	2005	261.26224	14.76478	30.08	33.773	433.88	378.35	55.53	9.1	5.862235755
16	10	2006	264.6203	10.28574	28.01	33.772	384.17001	364.01001	20.16	18.3	2.470177798
16	10	2006	262.78595	10.72483	27.44	33.772	392.45999	365.23001	27.22998	17.2	3.477489448
20	11	2005	260.6373	15.06299	30.29	33.769	432.78	378.35	54.43	9.8	5.6607643
20	11	2005	262.38638	14.20148	28.26	33.767	413.05	378.35	34.7	9.4	4.175532482
20	11	2005	261.11948	14.8309	30.11	33.767	426.7	378.35	48.35	9.7	5.093460268
7	12	2002	265.91699	15.416	29.9	33.766	366.25	373.79	-7.54	0.78999	-0.806316975
20	11	2005	262.34482	14.22066	27.74	33.764	407.81	378.35	29.46	9.9	3.681240439
20	11	2005	261.5119	14.6632	29.73	33.763	438.18	378.35	59.83	8.4	6.476527671
20	10	2006	244.65102	14.92745	27.86	33.759	371.13	363.91	7.22	10.1	0.894384963
16	10	2006	265.6839	10.01603	27.93	33.758	390.48001	364.23999	26.24002	16.5	3.234056883
16	10	2006	262.98575	10.67435	27.26	33.757	384.89001	365.57001	19.32	17.6	2.500036884
16	10	2006	265.59662	10.03864	28.02	33.755	386.85999	364.07999	22.78	16.7	2.789385203
20	10	2006	244.70241	14.91704	27.87	33.755	371.20001	363.91	7.29001	10	0.902418063
16	10	2006	262.66913	10.75192	27.54	33.754	395.95999	364.98999	30.97	17.6	3.926758531
16	10	2006	262.63208	10.76029	27.56	33.754	391.95999	364.91	27.04999	17	3.424746644
7	12	2002	265.91998	15.419	29.89	33.753	365.85001	373.79	-7.93999	0.47	-0.849745575
20	11	2005	260.10922	15.32346	29.98	33.752	387.73	378.35	9.38	9	0.997422896
7	12	2002	265.923	15.422	29.9	33.752	365.95999	373.79	-7.83001	1.97	-0.837379902
20	11	2005	262.4292	14.18464	28.19	33.75	414.92	378.35	36.57	9.5	4.423234824
20	11	2005	260.01456	15.3689	29.84	33.75	398.19	378.35	19.84	9.5	2.130931192
16	10	2006	264.66324	10.27527	28.01	33.749	383.73999	363.98999	19.75	18.2	2.42018178
20	10	2006	244.54857	14.9473	27.86	33.749	371.14001	363.87	7.27001	10.1	0.900619016
16	10	2006	262.7081	10.74324	27.48	33.746	405.97	365.10999	40.86001	17.9	5.203577509
16	10	2006	262.86533	10.70533	27.42	33.745	384.41	365.14999	19.26001	18.6	2.463531874
20	11	2005	259.96628	15.39174	29.83	33.745	400.75	378.35	22.4	9	2.407663096
7	12	2002	265.92599	15.425	29.91	33.743	365.39999	373.79	-8.39001	3.39999	-0.896661861
16	10	2006	262.7467	10.73423	27.44	33.742	405.85001	365.13	40.72001	16.4	5.20095458
28	11	2018	246.4149	13.00598	28.1	33.74	384.62	408.02	-23.4	1.225	-2.84892349
7	12	2002	265.92902	15.428	29.94	33.74	366.12	373.79	-7.67	3.22	-0.817966626
20	10	2006	242.15903	15.49304	27	33.737	375.82999	365.48001	10.34998	9.1	1.365058764
16	10	2006	262.55783	10.77696	27.76	33.736	379.62	364.64001	14.97999	18.4	1.869368381
16	10	2006	264.53278	10.30734	27.96	33.735	386.62	364.20001	22.41999	18.3	2.757510381
28	11	2018	247.67276	12.84606	28.11	33.735	389.64999	408.02	-18.37001	2.4	-2.234956354
16	10	2006	265.64014	10.02728	28	33.734	387.07999	364.14001	22.93998	16.6	2.813305958
28	11	2018	247.61867	12.85289	28.12	33.734	391.95001	408.02	-16.06999	2.575	-1.953720798
20	11	2005	260.06223	15.34634	29.75	33.732	392.82	378.35	14.47	9	1.564324888
16	10	2006	264.17776	10.3971	28.08	33.731	386.38	364.19	22.19	17.9	2.705630587
16	10	2006	265.72797	10.00669	27.92	33.729	392.59	364.29001	28.29999	15.8	3.490915455
28	11	2018	247.56441	12.85965	28.11	33.729	392.88	408.02	-15.14	0.3	-1.842030371
28	11	2016	250	15	29.469	33.723	395.8366089	403.53	-7.693391113	3.64	-0.848672585
16	10	2006	264.75125	10.2537	27.94	33.722	387.17001	364.13	23.04001	17.8	2.838041958
16	10	2006	262.90445	10.69536	27.35	33.722	386.17999	365.31	20.86999	18.4	2.683370543
16	10	2006	264.83844	10.23318	28.1	33.72	388.04999	363.84	24.20999	18.5	2.947793581
20	11	2005	260.58945	15.08709	30.17	33.72	432.33	378.35	53.98	9.3	5.663382482
28	11	2018	247.51019	12.86587	28.12	33.715	392.75	408.02	-15.27	0.8	-1.856613809
16	10	2006	265.77252	9.99793	27.83	33.708	397.84	364.37	33.47	15.6	4.156086584
28	11	2018	247.45558	12.87162	28.11	33.708	388.87	408.02	-19.15	0.55	-2.330124317
20	11	2005	260.49442	15.13544	30.12	33.708	433.16	378.35	54.81	9.7	5.771311646
16	10	2006	265.37048	10.09464	28.03	33.706	378.45999	364	14.45999	17	1.769701258
28	11	2018	246.47037	12.998	28.11	33.706	385.12	408.02	-22.9	3.55	-2.786439056
20	11	2005	260.54196	15.11133	30.1	33.703	431.07	378.35	52.72	9.6	5.559290519
20	11	2005	265.99203	12.76073	25.14	33.701	406.75	378.35	28.4	13.2	4.294846738
28	11	2018	246.5256	12.99058	28.105	33.699	383.01999	408.02	-25.00001	5.975	-3.043159481
16	10	2006	262.48331	10.79199	27.75	33.698	389.73999	364.60001	25.13998	18	3.140040611
28	11	2018	247.34718	12.88207	28.1	33.698	387.38	408.02	-20.64	1.8	-2.513352684
28	11	2018	247.40129	12.87721	28.11	33.696	386.04999	408.02	-21.97001	1.2	-2.673394709
28	11	2018	246.24799	13.02665	28.09	33.695	381.76001	378.46	3.30001	4.125	0.40214189
20	11	2005	259.918	15.41482	29.79	33.689	404.05	378.35	25.7	8.4	2.770940299
2	11	2018	260.55624	16.07783	28.23	33.687	390.5	408.02	-17.52	3.95	-2.113535115
28	11	2018	247.29279	12.88848	28.11	33.685	388.85001	408.02	-19.16999	2.325	-2.332788444
28	11	2018	246.58076	12.98335	28.1	33.684	381.28	408.02	-26.74	5.925	-3.256352536
16	10	2006	264.88226	10.2222	28.13	33.678	386.81	363.76001	23.04999	18.5	2.800967502
16	10	2006	264.48965	10.31781	28.08	33.677	383.79999	364.14999	19.65	17.6	2.396487153
16	10	2006	264.79489	10.24335	28.04	33.676	388.16	363.98001	24.17999	18.5	2.957533028
16	10	2006	264.44543	10.32854	28.21	33.676	380.09	364.04001	16.04999	17.3	1.939097271
20	11	2005	259.87021	15.43849	29.81	33.675	394.7	378.35	16.35	8.5	1.760418495
16	10	2006	264.22229	10.38534	28.21	33.674	382.97	364.03	18.94	18	2.288276773
28	11	2018	246.30365	13.02024	28.09	33.673	383.70999	408.02	-24.31001	0.325	-2.962719141
20	10	2006	246.21944	14.58135	28.29	33.672	370.35001	364.20999	6.14002	11.1	0.73754278
16	10	2006	263.02859	10.66376	27.29	33.67	378.44	365.60999	12.83001	17.9	1.657225921
28	11	2018	246.63646	12.97612	28.1	33.668	379.54999	408.02	-28.47001	4.425	-3.467269959
20	11	2005	259.49796	15.6357	29.58	33.667	371.54	378.35	-6.81	7.8	-0.74544436
16	10	2006	263.15674	10.63196	27.46	33.664	380.16	365.47	14.69	16.5	1.874184139
16	10	2006	263.20029	10.62146	27.45	33.663	385.85999	365.59	20.26999	17.3	2.587986042
28	11	2018	246.9673	12.9367	28.11	33.663	387.42999	408.02	-20.59001	6.2	-2.505828274
16	10	2006	263.11346	10.64271	27.42	33.66	379.60999	365.48001	14.12998	17.8	1.808022664
16	10	2006	263.07059	10.6534	27.34	33.658	379.67999	365.57999	14.1	17.7	1.814741795
16	10	2006	262.5202	10.78466	27.74	33.657	387.92001	364.64001	23.28	18.1	2.910355009
16	10	2006	265.28116	10.11575	28.06	33.656	382.23999	364.01001	18.22998	17.1	2.226730474
28	11	2018	247.23869	12.89828	28.11	33.654	388.07001	408.02	-19.94999	1.6	-2.4280315
16	10	2006	265.32535	10.10541	28.05	33.653	380	363.85999	16.14001	16.7	1.972902721
16	10	2006	264.92511	10.21008	28.15	33.652	386.03	363.76999	22.26001	18.4	2.701358711
20	11	2005	261.78729	14.52186	29.04	33.651	434.61	378.35	56.26	8.4	6.402452426
16	10	2006	263.28714	10.60147	27.41	33.649	396.32001	365.62	30.70001	18	3.931314249
28	11	2018	247.02174	12.92876	28.11	33.649	388.20001	408.02	-19.81999	3.2	-2.412261842
20	10	2006	246.69547	14.46609	28.54	33.649	372.39999	363.66	8.73999	11.3	1.031148238
28	11	2018	246.69214	12.96873	28.1	33.647	379.07001	408.02	-28.94999	4	-3.526045092
28	11	2018	246.91304	12.94397	28.11	33.646	386.20001	408.02	-21.81999	6.3	-2.655713322
16	10	2006	265.23615	10.1268	28.13	33.645	382.57001	364.09	18.48001	16.6	2.245956992
16	10	2006	263.33109	10.59144	27.43	33.644	397.95999	365.48999	32.47	18.7	4.152013339
20	11	2005	259.77585	15.48612	29.73	33.642	387.63	378.35	9.28	8.1	1.005065249
20	10	2006	247.11116	14.36206	28.48	33.635	371.48999	363.79001	7.69998	13.2	0.912449388
16	10	2006	263.24341	10.61143	27.4	33.634	392.51999	365.66	26.85999	17.4	3.442306979
16	10	2006	263.37424	10.58152	27.43	33.632	400.48001	365.41	35.07001	18.2	4.484716745
27	11	2018	250.99321	12.3762	28.15	33.632	406.98001	408.02	-1.03999	0.675	-0.126218663
20	11	2005	259.823	15.46232	29.74	33.632	388.26	378.35	9.91	8.7	1.072574244
16	10	2006	263.50439	10.5512	27.46	33.63	398.79999	365.35999	33.44	18.2	4.266983492
16	10	2006	264.26706	10.37379	28.24	33.629	381.37	363.97	17.4	17.5	2.098064805
28	11	2018	247.18437	12.90678	28.12	33.629	388.29999	408.02	-19.72001	3.85	-2.398562367
20	10	2006	246.64288	14.47858	28.52	33.627	371.79999	363.67999	8.12	11.6	0.959477572
16	10	2006	265.1911	10.13809	28.16	33.625	383.85999	363.95999	19.9	16.8	2.413493004
28	11	2018	247.13043	12.91449	28.11	33.625	387.92999	408.02	-20.09001	4.2	-2.445379124
28	11	2018	246.74733	12.96145	28.1	33.625	385.76999	408.02	-22.25001	6.075	-2.710259887
16	10	2006	265.81787	9.9889	27.74	33.623	403.03	364.45999	38.57001	15.8	4.822550538
20	10	2006	246.74817	14.45366	28.56	33.623	371.87	363.67001	8.19999	11.2	0.966150083
20	10	2006	242.21191	15.48027	27.14	33.623	373.06	365.41	7.65	9.1	0.999202476
16	10	2006	263.41785	10.57139	27.44	33.619	399.29999	365.39001	33.90998	19	4.333463413
28	11	2018	247.07617	12.92162	28.11	33.619	387.51001	408.02	-20.50999	4.3	-2.496564288
2	11	2018	261.03232	15.87187	28.35	33.617	402.10999	408.02	-5.91001	0.625	-0.707006332
2	11	2018	260.60318	16.05807	28.3	33.616	390.47	408.02	-17.55	1.375	-2.107099994
2	11	2018	260.98499	15.89279	28.27	33.615	398.64999	408.02	-9.37001	0.975	-1.127438467
16	10	2006	265.14557	10.14951	28.25	33.614	384.06	363.79999	20.26001	17.3	2.441310545
16	10	2006	263.46054	10.5613	27.44	33.611	400	365.35999	34.64001	17.5	4.426910337
NaN	10	NaN	242.5	12	27.81	33.61	373.49	367.3	6.19	4.81	0.770077644
16	10	2006	264.40103	10.33932	28.2	33.609	380.04001	364.03	16.01001	17.6	1.936227935
20	10	2006	243.26353	15.23254	27.87	33.608	365.42001	364.57001	0.85	9	0.105287084
20	10	2006	246.37828	14.54296	28.5	33.607	371.37	364.01999	7.35001	11	0.869824679
20	10	2006	242.58473	15.39164	27.28	33.607	371.79999	365.45001	6.34998	7.8	0.821036986
28	11	2018	246.85803	12.94991	28.11	33.604	385.79999	408.02	-22.22001	4.6	-2.70489057
16	10	2006	265.01266	10.18543	28.17	33.603	385.20001	363.78	21.42001	17.7	2.596207124
16	10	2006	265.10098	10.16124	28.26	33.6	383.26999	363.69	19.57999	17.3	2.357804003
NaN	10	NaN	262.5	12	28.85	33.6	370.94	367.3	3.64	4.75	0.420036631
28	11	2018	246.80244	12.95544	28.11	33.6	387.45999	408.02	-20.56001	6.275	-2.502858381
16	10	2006	264.96854	10.1979	28.15	33.599	386.29001	363.75	22.54001	17.3	2.735964191
2	11	2018	260.93707	15.91395	28.33	33.599	393.10999	408.02	-14.91001	3.4	-1.786385063
20	11	2005	259.54388	15.60975	29.63	33.596	369.75	378.35	-8.6	7.8	-0.938298493
16	10	2006	264.35678	10.35061	28.26	33.595	380.85001	363.89001	16.96	17.8	2.042351316
20	10	2006	246.80095	14.44127	28.52	33.594	370.35001	363.66	6.69001	10.7	0.790618937
20	10	2006	243.31583	15.22067	27.87	33.594	364.87	364.56	0.31	9.1	0.038401148
18	10	2006	250.21097	13.62959	29.01	33.593	378.41	364.23001	14.17999	10.9	1.617589634
18	10	2006	250.10719	13.64943	29	33.591	376.67999	364.16	12.51999	9.4	1.429265334
2	11	2018	260.65039	16.03832	28.2	33.591	391.35999	408.02	-16.66001	4.2	-2.014994558
18	10	2006	250.31566	13.61013	29	33.589	380.17001	364.20001	15.97	11.2	1.82312947
20	10	2006	246.32533	14.55573	28.47	33.589	370.79999	364.01999	6.78	10.5	0.804171629
20	10	2006	246.43132	14.52993	28.51	33.587	371.01999	364	7.01999	10.8	0.830240331
27	11	2018	251.04543	12.36884	28.15	33.585	403.54999	408.02	-4.47001	6.175	-0.542614077
20	10	2006	247.06047	14.3754	28.46	33.585	369.84	363.82001	6.01999	6.7	0.714555915
20	10	2006	243.21136	15.24497	27.85	33.584	365.07999	364.64999	0.43	9.1	0.053345794
20	10	2006	246.27231	14.56851	28.42	33.583	369.66	364.07999	5.58001	11.3	0.664255345
18	10	2006	250.26314	13.61975	29.01	33.582	379.04001	364.23001	14.81	10.4	1.689537864
10	12	2002	256.94299	12.61	28.93	33.581	367.42001	373.79	-6.36999	5.53999	-0.730896657
10	12	2002	256.94598	12.609	28.93	33.58	367.56	373.79	-6.23	2.49001	-0.714837178
10	12	2002	256.93799	12.614	28.92	33.58	367.10999	373.79	-6.68001	4.19	-0.767024278
10	12	2002	256.93298	12.617	28.92	33.58	367.17999	373.79	-6.61001	3.78999	-0.75898661
10	12	2002	256.92801	12.621	28.92	33.58	366.73001	373.79	-7.05999	1.59999	-0.810655034
10	12	2002	256.922	12.624	28.92	33.58	367.09	373.79	-6.7	0.87	-0.769319606
10	12	2002	256.96201	12.599	28.99	33.579	367.17001	373.79	-6.61999	5.62	-0.756312484
10	12	2002	256.95599	12.602	28.97	33.579	367.42001	373.79	-6.36999	3.62	-0.728799836
10	12	2002	256.95099	12.605	28.95	33.579	368.13	373.79	-5.66	3.22	-0.648502443
10	12	2002	256.91501	12.629	28.91	33.579	366.29001	373.79	-7.49999	0.37	-0.86180196
2	11	2018	260.88895	15.93514	28.32	33.579	390.31	408.02	-17.71	5.55	-2.123573827
10	12	2002	257.70099	12.119	28.71	33.578	357.31	373.79	-16.48	9.75	-1.921185174
10	12	2002	256.99899	12.575	28.92	33.578	365.88	373.79	-7.91	8.64	-0.90826421
10	12	2002	256.96899	12.593	28.99	33.578	366.98001	373.79	-6.80999	5.56999	-0.7780227
10	12	2002	256.96399	12.597	29	33.578	367.07999	373.79	-6.71001	7.92	-0.766048392
10	12	2002	256.91	12.632	28.92	33.578	366.23999	373.79	-7.55001	4.12	-0.866928429
16	10	2006	265.05713	10.17311	28.23	33.577	383.48999	363.69	19.79999	17.8	2.389716968
10	12	2002	256.99298	12.578	28.94	33.577	365.98001	373.79	-7.80999	9.09	-0.895493115
10	12	2002	256.98499	12.583	28.93	33.577	366.07999	373.79	-7.71001	4.37	-0.884666548
10	12	2002	256.98001	12.587	28.94	33.577	366.53	373.79	-7.26	3.47	-0.832431285
10	12	2002	256.97501	12.59	28.97	33.577	366.78	373.79	-7.01	3.31999	-0.802031179
18	10	2006	253.7646	12.77708	29.4	33.577	378.14999	363.19	14.95999	14.3	1.659489958
10	12	2002	256.98801	12.582	28.93	33.576	365.98001	373.79	-7.80999	6.62	-0.896142351
10	12	2002	256.905	12.636	28.93	33.576	366.51001	373.79	-7.27999	4.67	-0.835328515
20	10	2006	246.59013	14.4913	28.49	33.576	370.10999	363.89001	6.21998	11.8	0.736723568
10	12	2002	256.90201	12.637	28.92	33.575	366.10001	373.79	-7.68999	3.81999	-0.88301295
10	12	2002	257.69501	12.123	28.72	33.574	358.31	373.79	-15.48	10.27	-1.803337667
2	11	2018	260.74542	15.99792	28.23	33.574	390.38	408.02	-17.64	7.2	-2.129049206
10	12	2002	257.53601	12.227	28.67	33.573	358.51001	373.79	-15.27999	4.56999	-1.786479938
10	12	2002	256.897	12.641	28.88	33.573	366.16	373.79	-7.63	3	-0.878661174
10	12	2002	256.892	12.644	28.88	33.572	365.76001	373.79	-8.02999	5.06999	-0.92472748
18	10	2006	253.71506	12.7904	29.41	33.572	377.67999	363.17001	14.50998	14.3	1.608450039
20	10	2006	246.85332	14.42857	28.52	33.572	369.39001	363.63	5.76001	8.8	0.680776853
2	11	2018	260.69785	16.01825	28.26	33.572	392.59	408.02	-15.43	7.625	-1.858290531
10	12	2002	256.88699	12.647	28.88	33.57	365.35999	373.79	-8.43001	5.42	-0.970801795
20	10	2006	246.48442	14.51696	28.52	33.57	369.69	364	5.69	11.4	0.672508142
10	12	2002	257.69	12.126	28.72	33.569	358.16	373.79	-15.63	7.84	-1.820850946
18	10	2006	253.66536	12.80392	29.4	33.569	377.14001	363.14999	13.99002	14.3	1.551945489
10	12	2002	256.86301	12.662	28.79	33.568	362.48001	373.79	-11.30999	3.53999	-1.310951005
18	10	2006	250.05522	13.65947	29.05	33.568	375.35999	364.12	11.23999	8.8	1.27865709
20	11	2005	259.58994	15.58435	29.6	33.568	368.24	378.35	-10.11	8.4	-1.105552415
10	12	2002	257.53799	12.225	28.66	33.566	358.35999	373.79	-15.43001	6.97	-1.80537667
10	12	2002	256.858	12.666	28.8	33.566	361.67999	373.79	-12.11001	6.5	-1.402682126
20	10	2006	246.53741	14.50413	28.52	33.566	369.78	363.92999	5.85001	11.6	0.691431818
2	11	2018	260.79297	15.97724	28.27	33.565	389.98999	408.02	-18.03001	5.85	-2.169913477
16	10	2006	264.31195	10.36215	28.24	33.564	381.23001	363.92001	17.31	17.9	2.087798155
10	12	2002	257.68399	12.13	28.71	33.564	357.66	373.79	-16.13	4.52	-1.880496313
16	10	2006	255.22084	12.42352	29.27	33.564	371.39001	361.82999	9.56002	18.3	1.07048831
18	10	2006	255.1743	12.43326	29.26	33.564	371.95999	361.88	10.07999	17.1	1.129523766
10	12	2002	256.853	12.669	28.82	33.564	361.14999	373.79	-12.64001	8.7	-1.461973703
18	10	2006	253.81429	12.76393	29.4	33.563	377.23001	363.17999	14.05002	14.1	1.55864127
18	10	2006	255.12726	12.44407	29.27	33.562	372.31	361.88	10.43	16.8	1.167914747
10	12	2002	257.681	12.132	28.72	33.561	358.26001	373.79	-15.52999	4.89999	-1.809262188
10	12	2002	256.84698	12.672	28.84	33.561	360.14999	373.79	-13.64001	8.05	-1.575383028
2	11	2018	260.84097	15.95629	28.2	33.561	388.75	408.02	-19.27	5.125	-2.330969386
18	10	2006	255.03387	12.46586	29.27	33.56	372.35001	362.13	10.22001	16.1	1.14441057
10	12	2002	257.54401	12.221	28.66	33.559	358.35999	373.79	-15.43001	10.59	-1.805430949
20	10	2006	242.53258	15.40446	27.39	33.559	372.13	365.37	6.76	8.8	0.867258197
10	12	2002	256.84201	12.676	28.81	33.558	359.29001	373.79	-14.49999	6.37	-1.678356365
18	10	2006	253.86398	12.75071	29.41	33.557	376.95001	363.20999	13.74002	14.5	1.523196304
10	12	2002	257.67599	12.135	28.71	33.556	358.26001	373.79	-15.52999	6.81999	-1.810607059
10	12	2002	256.83899	12.677	28.81	33.556	359.25	373.79	-14.54	4.37	-1.683001907
18	10	2006	253.36552	12.8862	29.37	33.555	376.25	362.89999	13.35001	13.7	1.484230045
20	11	2005	259.72903	15.51013	29.59	33.555	391.28	378.35	12.93	8	1.415018347
20	11	2005	261.56097	14.64156	29.05	33.553	435.72	378.35	57.37	9.1	6.526808597
10	12	2002	257.54901	12.218	28.67	33.552	358.16	373.79	-15.63	11.73999	-1.827566624
10	12	2002	257.67099	12.139	28.65	33.551	357.35001	373.79	-16.43999	9.3	-1.925061732
20	10	2006	243.36787	15.20924	27.86	33.551	364.34	364.48999	-0.14999	9.6	-0.018596915
16	10	2006	258.32709	11.76793	28.18	33.55	384.32001	363.87	20.45001	15.3	2.477410806
NaN	10	NaN	252.5	12	29.17	33.55	369.33	367.3	2.03	5.04	0.228964215
16	10	2006	255.26697	12.41404	29.28	33.548	371.45999	361.76999	9.69	18.6	1.084337376
10	12	2002	257.66501	12.142	28.63	33.547	357.81	373.79	-15.98	7.89	-1.87393466
18	10	2006	253.6153	12.81737	29.38	33.547	375.79999	363.13	12.66999	14.4	1.40766339
18	10	2006	250.1591	13.63951	28.98	33.547	376.67001	364.22	12.45001	10.4	1.423593173
20	10	2006	242.26549	15.4674	27.27	33.547	373.09	365.34	7.75	9.6	1.003048829
10	12	2002	257.573	12.202	28.69	33.546	357.62	373.79	-16.17	8.62	-1.888028429
16	10	2006	255.3575	12.39521	29.24	33.546	373.29001	361.66	11.63001	19.1	1.305188024
16	10	2006	255.31247	12.40454	29.26	33.546	371.98999	361.70999	10.28	18.7	1.152024572
18	10	2006	255.08072	12.45498	29.27	33.545	372.14001	361.98999	10.15002	16.8	1.136646009
18	10	2006	254.06355	12.69934	29.34	33.545	374.28	363.35999	10.92001	13.7	1.216737761
18	10	2006	253.5656	12.83069	29.38	33.545	375.48001	363	12.48001	14.2	1.386568017
20	11	2005	259.68246	15.53454	29.61	33.545	367.87	378.35	-10.48	8.2	-1.145303488
18	10	2006	253.51546	12.84436	29.38	33.544	375.20001	362.94	12.26001	13.9	1.362131135
20	10	2006	246.90559	14.41552	28.52	33.544	367.81	363.70999	4.10001	7	0.484639454
10	12	2002	257.66	12.146	28.63	33.543	357.51001	373.79	-16.27999	5.37	-1.909146547
2	11	2018	261.07986	15.85202	28.29	33.543	399.69	408.02	-8.33	4.125	-1.001161204
20	10	2006	247.00937	14.3887	28.47	33.542	367.85999	363.81	4.04999	6.4	0.480464
10	12	2002	257.57901	12.199	28.66	33.541	357.67999	373.79	-16.11001	4.94	-1.885141961
18	10	2006	253.41525	12.8721	29.37	33.541	375.41	362.94	12.47	13.8	1.38647484
20	10	2006	243.15926	15.25752	27.82	33.541	364.89001	364.72	0.17001	9.1	0.021141359
NaN	10	NaN	247.5	12	28	33.54	354.86	367.3	-12.44	4.92	-1.526893477
NaN	12	NaN	247.5	12	27.26	33.54	361.61	369.62	-8.01	6.77	-1.03748687
10	12	2002	257.65698	12.148	28.63	33.538	357.35999	373.79	-16.43001	3.47	-1.92678071
18	10	2006	248.44054	14.04951	28.49	33.538	372.48999	363.20001	9.28998	9.6	1.10052868
20	11	2005	259.6362	15.55938	29.59	33.538	368.37	378.35	-9.98	8	-1.092258606
10	12	2002	257.58398	12.195	28.61	33.537	357.17001	373.79	-16.61999	3.14999	-1.951885206
18	10	2006	253.46518	12.85825	29.37	33.537	374.89001	362.92001	11.97	13.7	1.330905113
18	10	2006	254.11336	12.6868	29.35	33.535	372.85999	363.32999	9.53	14.3	1.06114175
16	10	2006	258.37366	11.75609	28.2	33.534	382.64001	363.66	18.98001	16.2	2.296158714
16	10	2006	258.2804	11.77991	28.13	33.534	384.48999	364.07001	20.41998	15.3	2.482920259
10	12	2002	257.65201	12.151	28.63	33.534	357.17001	373.79	-16.61999	4.17	-1.949093547
16	10	2006	258.42017	11.74414	28.24	33.533	381.70999	363.60999	18.1	16	2.183373835
10	12	2002	257.58899	12.191	28.6	33.533	357.01999	373.79	-16.77001	3.42	-1.970960532
18	10	2006	254.01328	12.71193	29.34	33.533	375.14001	363.37	11.77001	12.8	1.311514208
18	10	2006	253.31569	12.90055	29.37	33.533	376.60001	362.84	13.76001	13.6	1.529956545
16	10	2006	258.51093	11.72081	28.24	33.532	382.66	363.42001	19.23999	16.9	2.320899006
16	10	2006	255.40205	12.38596	29.21	33.532	373.28	361.67001	11.60999	19.2	1.305832626
20	10	2006	243.10721	15.26998	27.81	33.532	364.98999	364.76001	0.22998	9	0.028620733
10	12	2002	257.646	12.155	28.63	33.531	356.76999	373.79	-17.02001	2.67	-1.99603124
10	12	2002	257.64099	12.158	28.62	33.531	357.07001	373.79	-16.71999	6.06999	-1.962262572
18	10	2006	253.91357	12.73753	29.4	33.531	376.14001	363.26999	12.87002	12.1	1.427932435
18	10	2006	253.96332	12.7247	29.37	33.53	375.72	363.32999	12.39001	13.1	1.377645747
10	12	2002	257.595	12.188	28.6	33.529	357.12	373.79	-16.67	2.7	-1.959240149
18	10	2006	252.66389	13.08094	29.26	33.529	374.04001	362.73001	11.31	11.2	1.2675431
10	12	2002	257.638	12.16	28.63	33.528	356.97	373.79	-16.82	5.34	-1.97260038
18	10	2006	254.98677	12.47646	29.24	33.528	370.92999	362.37	8.55999	16	0.960726152
16	10	2006	258.86588	11.6312	28.33	33.527	381.34	363.62	17.72	17.5	2.12371209
10	12	2002	257.59698	12.186	28.59	33.526	356.76001	373.79	-17.02999	4.74001	-2.003021976
10	12	2002	257.633	12.163	28.64	33.525	356.82001	373.79	-16.96999	5.95	-1.988779991
18	10	2006	253.16718	12.94446	29.34	33.525	375.84	362.87	12.97	12.5	1.445276548
16	10	2006	258.95334	11.61256	28.32	33.524	381.76999	363.57001	18.19998	18.6	2.182843902
18	10	2006	248.3378	14.07173	28.61	33.524	373.23001	363.06	10.17001	8	1.194453249
10	12	2002	257.62701	12.167	28.64	33.523	356.62	373.79	-17.17	2	-2.01223724
10	12	2002	257.603	12.183	28.64	33.523	356.32001	373.79	-17.46999	6.47	-2.047394552
16	10	2006	258.55563	11.70908	28.24	33.521	383.01001	363.60001	19.41	17.3	2.341518248
10	12	2002	257.62201	12.17	28.65	33.521	356.87	373.79	-16.92	0.59	-1.981524448
18	10	2006	252.71454	13.06665	29.26	33.521	374.29001	362.73001	11.56	11	1.295605519
18	10	2006	252.61308	13.09534	29.25	33.521	372.89999	362.70001	10.19998	10.9	1.144001124
16	10	2006	258.2337	11.79184	28.15	33.52	384.16	364.17001	19.98999	15.6	2.427264179
NaN	12	NaN	262.5	12	25.38	33.52	438.98	369.62	69.36	6.32	10.31297962
16	10	2006	258.18646	11.80379	28.13	33.519	383.82001	364.23999	19.58002	15.8	2.380941524
10	12	2002	257.608	12.179	28.65	33.519	356.62	373.79	-17.17	3.95	-2.010819566
10	12	2002	257.616	12.174	28.66	33.518	356.87	373.79	-16.92	0.14999	-1.980120002
18	10	2006	250.00333	13.66935	29.03	33.518	372.98001	364.14999	8.83002	8.3	1.006162339
18	10	2006	248.49084	14.03837	28.5	33.516	370.67999	363.19	7.48999	11.8	0.886737484
27	11	2018	251.78752	12.24255	28.16	33.514	426.42999	408.02	18.40999	3.95	2.233853459
18	10	2006	254.21147	12.66187	29.33	33.514	371.54001	363.23999	8.30002	14.8	0.925598145
16	10	2006	258.46585	11.7325	28.26	33.513	381.42001	363.48999	17.93002	16.9	2.159926573
16	10	2006	255.71477	12.33374	29.12	33.513	374.69	361.64999	13.04001	19.9	1.476319244
20	10	2006	246.9577	14.40215	28.51	33.513	367.06	363.81	3.25	6.6	0.384493452
16	10	2006	255.49149	12.37119	29.19	33.512	372.57001	361.64999	10.92002	19.9	1.230101065
18	10	2006	254.16248	12.67438	29.34	33.512	372.12	363.29999	8.82001	14.4	0.982888211
16	10	2006	258.99713	11.60345	28.31	33.511	381.87	363.45999	18.41001	18	2.20975633
2	11	2018	261.12805	15.83331	28.32	33.511	398.97	408.02	-9.05	5.9	-1.085487148
NaN	12	NaN	252.5	12	28.16	33.51	360.9	369.62	-8.72	6.3	-1.0580961
18	10	2006	254.93932	12.48691	29.25	33.51	370.37	362.42001	7.94999	14.6	0.891690418
18	10	2006	253.2169	12.92967	29.34	33.51	375.34	362.88	12.46	13.1	1.388534881
16	10	2006	255.44702	12.37838	29.16	33.508	372.88	361.76001	11.11999	19.8	1.255354151
18	10	2006	250.36775	13.60047	28.96	33.508	378.63	364.20999	14.42001	10.6	1.651505047
16	10	2006	255.58095	12.35611	29.17	33.507	371.47	361.62	9.85	19.2	1.11118806
16	10	2006	255.53584	12.3637	29.19	33.506	371.57999	361.60999	9.97	19.3	1.123113496
18	10	2006	252.76495	13.05247	29.23	33.505	373.20001	362.78	10.42001	11.3	1.170440516
16	10	2006	258.90952	11.62189	28.33	33.503	381.23999	363.64001	17.59998	18.4	2.109546108
16	10	2006	266.65787	9.81165	27.35	33.502	435.51001	364.92001	70.59	16	9.084848294
16	10	2006	258.82162	11.64079	28.34	33.502	380.07001	363.57001	16.5	17.6	1.97627988
18	10	2006	248.28603	14.08291	28.67	33.502	372.92999	363.01999	9.91	7.6	1.158993896
20	10	2006	243.05502	15.28195	27.76	33.502	365.03	364.85999	0.17001	8.9	0.021237262
18	10	2006	248.38943	14.06056	28.53	33.501	371.31	363.14999	8.16001	9.3	0.964031142
16	10	2006	266.56271	9.83138	27.28	33.498	435	364.91	70.09	15.9	9.066772685
18	10	2006	253.26622	12.91503	29.34	33.497	375.23001	362.85999	12.37002	13.3	1.378583965
18	10	2006	254.26064	12.64933	29.3	33.494	369.75	363.12	6.63	15	0.741020162
16	10	2006	259.0401	11.59459	28.3	33.492	381.34	363.44	17.9	18.4	2.150271248
16	10	2006	258.6015	11.6973	28.23	33.492	382.31	363.51999	18.79001	17	2.268651519
16	10	2006	266.61035	9.82155	27.32	33.491	434.67999	364.73001	69.94998	15	9.022603865
16	10	2006	259.08258	11.58574	28.28	33.491	381.54001	363.51001	18.03	18.3	2.169034411
29	11	2016	250	14.499	29.485	33.491	382.0586243	403.53	-21.47137573	5.64	-2.368167975
20	10	2006	242.63618	15.37836	27.28	33.491	366.42999	365.45999	0.97	7.6	0.125482063
16	10	2006	255.7589	12.32578	29.12	33.49	374.23001	361.67999	12.55002	19.6	1.420984895
20	10	2006	242.47964	15.41693	27.43	33.49	370.89001	365.32001	5.57	9.1	0.712726109
18	10	2006	254.35841	12.62468	29.26	33.487	368.37	363.04999	5.32001	15.4	0.596335151
18	10	2006	252.91595	13.01135	29.28	33.487	372.76999	362.78	9.98999	12.3	1.118198019
16	10	2006	258.77859	11.6506	28.31	33.484	380	363.54999	16.45001	18.5	1.974727076
16	10	2006	255.67073	12.34125	29.12	33.484	373.53	361.60999	11.92001	19.6	1.349686174
18	10	2006	254.30974	12.63704	29.26	33.484	368.23999	363.13	5.10999	15.1	0.57280074
27	11	2018	251.09766	12.36109	28.15	33.483	404.39999	408.02	-3.62001	3.975	-0.439626268
29	11	2016	250	14.499	29.481	33.483	392.0747375	403.53	-11.45526245	4.89	-1.263854628
27	11	2018	252.43578	12.15425	28.19	33.482	432.69	408.02	24.67	3.125	2.987353441
16	10	2006	255.62633	12.34862	29.14	33.482	371.76001	361.57999	10.18002	18.9	1.151021885
20	10	2006	242.31926	15.45452	27.36	33.481	371.48001	365.28	6.20001	9.1	0.797425858
NaN	12	NaN	257.5	12	28.22	33.48	370.77	369.62	1.15	6.03	0.138955442
18	10	2006	254.407	12.61218	29.26	33.48	367.87	362.98999	4.88001	15.9	0.54703063
18	10	2006	249.95168	13.67899	29.05	33.48	371.73999	364.16	7.57999	9.5	0.862621442
16	10	2006	262.29825	10.82934	28.12	33.479	390.35999	363.89999	26.46	16.6	3.220439469
18	10	2006	252.81543	13.03838	29.24	33.479	372.12	362.79999	9.32001	11.8	1.046245386
16	10	2006	266.70453	9.80017	27.32	33.478	437.89001	365.01001	72.88	16.8	9.401069305
20	10	2006	247.81996	14.18571	28.61	33.478	370.23999	363.16	7.07999	7.7	0.831699173
18	10	2006	252.86583	13.02469	29.24	33.476	372.17001	362.79999	9.37002	11.5	1.051872875
16	10	2006	266.51584	9.84131	27.31	33.475	434.62	364.98999	69.63001	17	8.988503673
18	10	2006	252.25638	13.17714	29.2	33.473	370.14999	362.51999	7.63	10.6	0.859017283
16	10	2006	259.12531	11.57719	28.26	33.472	381.14001	363.51999	17.62002	19.5	2.122958069
16	10	2006	258.69153	11.67379	28.26	33.471	379.82999	363.53	16.29999	17.7	1.963921979
NaN	10	NaN	257.5	12	29.05	33.47	365.75	367.3	-1.55	4.88	-0.176401343
16	10	2006	260.18674	11.30981	28.95	33.469	374.44	363.85001	10.58999	17.3	1.213934548
16	10	2006	265.86301	9.98009	27.63	33.468	404.06	364.56	39.5	15.6	4.981815809
16	10	2006	255.80228	12.31738	29.1	33.465	373.76999	361.76001	12.00998	19.9	1.36194248
18	10	2006	249.8999	13.68817	29.08	33.465	370.75	364.10001	6.64999	9.5	0.755201083
18	10	2006	251.49156	13.36022	28.79	33.464	374.10999	362.98001	11.12998	10.2	1.290661455
20	10	2006	247.76826	14.19836	28.59	33.464	370.56	363.17001	7.38999	10.7	0.869422564
27	11	2018	251.7339	12.2513	28.17	33.463	425.62	408.02	17.6	2.85	2.134493573
18	10	2006	249.84813	13.69707	29.13	33.463	370.60001	364.01001	6.59	10.3	0.745706765
16	10	2006	258.73557	11.66194	28.28	33.462	380.20001	363.48999	16.71002	19.3	2.01049038
27	11	2018	252.48999	12.14884	28.18	33.462	432.89001	408.02	24.87001	2.875	3.014015317
16	10	2006	258.64673	11.68557	28.23	33.461	380.67999	363.51999	17.16	17.6	2.07212597
18	10	2006	252.56248	13.10989	29.2	33.461	370.89999	362.67001	8.22998	11.2	0.926613014
NaN	12	NaN	242.5	12	26.91	33.46	358.08	369.62	-11.54	7.28	-1.533902484
18	10	2006	248.54021	14.02559	28.51	33.46	368.42999	363.23001	5.19998	12.7	0.615327438
20	10	2006	243.00253	15.29366	27.73	33.459	365.29001	364.89999	0.39002	8	0.048835802
16	10	2006	260.22549	11.29623	28.94	33.458	374.95001	363.94	11.01001	17.3	1.263050693
16	10	2006	259.83316	11.42253	28.63	33.458	378.35999	363.95999	14.4	17.7	1.689297834
18	10	2006	252.30766	13.16673	29.21	33.458	370.04001	362.48001	7.56	11	0.850579028
16	10	2006	259.79227	11.43227	28.6	33.457	375.73001	364.01999	11.71002	17.3	1.376715165
18	10	2006	251.44064	13.37318	28.6	33.453	376.01001	363.19	12.82001	9.8	1.507239578
18	10	2006	252.20508	13.18727	29.22	33.452	369.70999	362.54999	7.16	10.3	0.805016422
18	10	2006	250.41988	13.59047	28.93	33.449	378.45999	364.17999	14.28	9.9	1.639422644
16	10	2006	259.16855	11.56852	28.27	33.448	380.59	363.47	17.12	18.9	2.061433666
16	10	2006	255.84578	12.30896	29.09	33.448	374.95001	361.78	13.17001	19.1	1.494674764
18	10	2006	252.51201	13.12338	29.17	33.446	369.57001	362.62	6.95001	10.8	0.784241674
16	10	2006	260.14743	11.32381	28.93	33.445	374.67001	363.85001	10.82	17.6	1.242216867
20	10	2006	247.7173	14.2109	28.62	33.444	370.98001	363.07999	7.90002	10.9	0.92749515
16	10	2006	261.96683	10.90306	28.37	33.443	379.48999	363.28	16.20999	18.7	1.937827578
18	10	2006	252.35857	13.15604	29.2	33.443	369.20999	362.47	6.73999	10.9	0.758913443
16	10	2006	259.29926	11.54322	28.36	33.441	378.85999	363.64999	15.21	16.5	1.819614983
18	10	2006	252.46069	13.13437	29.16	33.439	368.62	362.57999	6.04001	11.1	0.682067771
18	10	2006	251.34015	13.3977	28.63	33.439	377.41	363.23001	14.17999	12.2	1.663623742
18	10	2006	248.23474	14.09408	28.68	33.439	370.79999	363.01999	7.78	8.6	0.909475697
27	11	2018	251.68013	12.26002	28.16	33.437	429.26001	408.02	21.24001	4.25	2.578102874
18	10	2006	252.10179	13.20767	29.24	33.437	368.19	362.53	5.66	10.5	0.635494003
27	11	2018	252.54424	12.14345	28.18	33.436	431.84	408.02	23.82	3.2	2.887087856
18	10	2006	251.99829	13.22886	29.19	33.436	367.57001	362.57999	4.99002	10.5	0.5622903
18	10	2006	251.94716	13.24177	29.13	33.435	367.48999	362.64001	4.84998	10.8	0.548876425
18	10	2006	252.40958	13.14529	29.17	33.434	368.51001	362.48999	6.02002	10.7	0.67933608
27	11	2018	251.8419	12.23399	28.16	33.433	428.06	408.02	20.04	3.225	2.432488214
20	10	2006	247.66676	14.2233	28.67	33.433	371.38	363.06	8.32	12.9	0.973328659
18	10	2006	251.54228	13.34719	28.94	33.432	368.78	362.82001	5.95999	10.3	0.683796619
18	10	2006	252.15352	13.19737	29.21	33.43	367.89001	362.54999	5.34002	10.6	0.600879896
20	10	2006	242.68803	15.36577	27.44	33.43	366.44	365.34	1.1	6.8	0.140688115
20	10	2006	247.87158	14.17288	28.55	33.428	367.12	363.20999	3.91001	8.5	0.461410019
18	10	2006	252.04997	13.21807	29.23	33.427	367.5	362.51999	4.98001	10.6	0.559572053
16	10	2006	266.75006	9.78788	27.24	33.425	436.92001	365.04999	71.87002	10.1	9.327142488
16	10	2006	262.22629	10.84481	28.16	33.424	387.78	363.82999	23.95001	19.2	2.907204648
16	10	2006	262.04095	10.88617	28.3	33.424	381.14001	363.47	17.67001	17.3	2.123265695
16	10	2006	260.26492	11.28256	28.92	33.423	373.01001	363.95001	9.06	17.2	1.041003572
18	10	2006	251.39024	13.38577	28.58	33.423	379.23999	363.23999	16	12.2	1.884071003
16	10	2006	262.07883	10.8778	28.28	33.422	381.79001	363.57999	18.21002	17.9	2.191343041
16	10	2006	259.25534	11.5514	28.31	33.422	379.51001	363.60999	15.90002	16.7	1.909214257
18	10	2006	249.64407	13.73812	29.08	33.422	368.67001	363.89999	4.77002	11	0.541803309
20	10	2006	242.94992	15.30545	27.7	33.422	365.35999	364.95999	0.4	7.9	0.05020278
18	10	2006	250.47191	13.58021	28.94	33.42	379.25	364.09	15.16	9.5	1.739413894
16	10	2006	257.67096	11.92025	28.37	33.419	375.42999	363.82999	11.6	15.6	1.386868491
16	10	2006	259.21127	11.5599	28.28	33.416	380.13	363.51999	16.61001	17.3	1.998854019
27	11	2018	252.38206	12.15994	28.2	33.416	431.95001	408.02	23.93001	3.475	2.896473367
16	10	2006	266.4693	9.85111	27.39	33.415	427.72	364.92999	62.79001	17.5	8.060546856
16	10	2006	265.90961	9.97099	27.58	33.415	409.54999	364.69	44.85999	15.6	5.679741531
18	10	2006	249.69482	13.72655	29.1	33.414	368.19	363.91	4.28	10.4	0.485461648
20	10	2006	242.42647	15.42941	27.39	33.412	369.89001	365.31	4.58001	9.5	0.58795766
16	10	2006	259.75153	11.44224	28.6	33.411	376.10999	363.84	12.26999	17.1	1.442834529
16	10	2006	255.88928	12.30047	29.04	33.411	375.5	361.76999	13.73001	19.2	1.564095647
16	10	2006	262.00375	10.89446	28.34	33.41	379.82999	363.32001	16.50998	17.9	1.978259454
16	10	2006	266.42249	9.86135	27.41	33.409	424.85001	364.73001	60.12	17.4	7.706760278
16	10	2006	260.07092	11.35212	28.89	33.408	373.64999	363.94	9.70999	18.9	1.118174753
16	10	2006	262.26233	10.83702	28.16	33.407	387.31	363.79999	23.51001	18.1	2.854004144
16	10	2006	260.10886	11.33798	28.9	33.407	373.95999	363.84	10.11999	18	1.164554529
16	10	2006	261.41605	11.02674	28.49	33.403	382.82001	363.69	19.13001	17.9	2.267535307
16	10	2006	261.78619	10.94716	28.4	33.399	381.92001	363.23001	18.69	18.1	2.229880713
16	10	2006	255.93172	12.29213	29.02	33.397	376.89999	361.78	15.11999	19.9	1.725024999
20	10	2006	242.37309	15.4419	27.4	33.397	370.5	365.29001	5.20999	9.5	0.668388011
16	10	2006	262.15228	10.8612	28.25	33.396	383.22	363.67999	19.54001	18.1	2.356766625
16	10	2006	260.37924	11.24287	28.86	33.396	374.26001	363.98001	10.28	17.3	1.186439306
16	10	2006	261.92966	10.91177	28.36	33.395	379.13	363.29001	15.83999	18.9	1.895358092
16	10	2006	260.03174	11.36657	28.85	33.395	373.81	363.97	9.84	18.2	1.13648178
16	10	2006	259.87354	11.41274	28.7	33.395	381.56	363.92001	17.63999	17.6	2.059514967
16	10	2006	259.38516	11.52765	28.43	33.395	378.07001	363.63	14.44001	17.6	1.719115721
18	10	2006	251.593	13.33416	28.99	33.395	366.70001	362.73999	3.96002	10.5	0.452775896
16	10	2006	261.15717	11.07487	28.82	33.394	377.07999	363.60001	13.47998	18.1	1.560263467
16	10	2006	259.34265	11.53549	28.41	33.394	377.98001	363.64999	14.33002	17.7	1.708497677
16	10	2006	261.37784	11.0344	28.5	33.392	382.89999	363.69	19.20999	17.7	2.275478113
16	10	2006	266.37576	9.87175	27.37	33.391	424.01001	364.75	59.26001	17.4	7.619273428
18	10	2006	251.79532	13.28153	29.03	33.391	365.69	362.70001	2.98999	10.1	0.340888261
16	10	2006	260.41785	11.22963	28.87	33.39	373.82001	364.01999	9.80002	17.5	1.130257652
18	10	2006	251.89638	13.25493	29.07	33.389	366.70999	362.67999	4.03	10.5	0.458142296
18	10	2006	249.59352	13.75008	29.04	33.389	368.63	363.88	4.75	11.5	0.541161548
16	10	2006	261.82245	10.93858	28.36	33.388	380.70001	363.26001	17.44	18.6	2.086872665
16	10	2006	259.42712	11.51989	28.46	33.386	377.5	363.60001	13.89999	18.7	1.651303605
18	10	2006	251.74512	13.2947	28.98	33.384	365.32999	362.78	2.54999	10.3	0.291781437
16	10	2006	261.89389	10.92052	28.34	33.383	379.59	363.34	16.25	18.7	1.947334707
16	10	2006	259.50891	11.50195	28.47	33.383	377.39999	363.63	13.76999	20.2	1.63469869
20	10	2006	242.74013	15.35361	27.58	33.382	366.16	365.20001	0.95999	6.3	0.12156215
16	10	2006	260.30298	11.26942	28.9	33.381	372.72	363.97	8.75	17.9	1.007015533
18	10	2006	251.84572	13.26826	29.03	33.381	366.04999	362.70001	3.34998	10.1	0.381946999
21	12	2007	250	15.583	26.92	33.381	369.9252014	386.1	-16.17479858	5.64	-2.149134855
21	12	2007	250	15.583	26.911	33.381	367.6354065	386.1	-18.46459351	4.89	-2.454991876
16	10	2006	257.62277	11.93027	28.39	33.38	373.60001	363.98001	9.62	17.4	1.148674691
NaN	11	NaN	252.5	12	28.55	33.38	362.07	368.28	-6.21	5.12	-0.732977076
21	12	2007	250	15.583	26.919	33.38	366.5644226	386.1	-19.53557739	3.64	-2.595880294
16	10	2006	261.85895	10.92944	28.36	33.379	380.13	363.29999	16.83001	18.4	2.013959281
16	10	2006	261.67688	10.97174	28.44	33.379	382.39001	363.38	19.01001	17.8	2.261704473
18	10	2006	249.74564	13.71528	29.11	33.378	367.32999	363.94	3.38999	10.3	0.384294222
18	10	2006	250.52399	13.56991	28.96	33.377	379.10999	364	15.10999	10.6	1.731498333
20	10	2006	242.8974	15.31731	27.69	33.377	364.79999	365.04001	-0.24002	7.8	-0.030151964
18	10	2006	251.69467	13.30792	29	33.374	365.06	362.79999	2.26001	10.4	0.258239405
16	10	2006	262.18909	10.85301	28.2	33.373	385.5	363.79001	21.70999	19	2.628251294
27	11	2018	251.14993	12.35292	28.15	33.373	407.89999	408.02	-0.12001	2.7	-0.014581346
18	10	2006	251.64388	13.32108	28.94	33.373	364.59	362.76999	1.82001	11	0.208864634
18	10	2006	249.79683	13.70596	29.11	33.372	367.81	363.98001	3.82999	10.5	0.434184399
16	10	2006	262.11526	10.86943	28.27	33.371	381.29001	363.63	17.66001	18.4	2.127163043
16	10	2006	260.34082	11.25625	28.87	33.371	373.91	363.98999	9.92001	17.8	1.144189515
27	11	2016	250	16.5	29.25	33.371	385.6680603	403.53	-17.8619397	3.23	-2.004627789
16	10	2006	266.32941	9.88215	27.4	33.369	423.87	364.70001	59.16999	16.7	7.591824974
18	10	2006	248.18347	14.10509	28.72	33.368	369.64001	363	6.64001	9	0.774210096
16	10	2006	256.6777	12.13858	29.01	33.365	368.89001	362.82001	6.07	21.1	0.693114191
18	10	2006	248.13179	14.11604	28.75	33.365	370.06	362.95001	7.10999	8.4	0.82722671
18	10	2006	249.5428	13.76232	29.04	33.364	368.42001	363.81	4.61001	11.3	0.525268827
16	10	2006	261.34055	11.04173	28.53	33.363	379.38	363.67001	15.70999	18	1.857094705
16	10	2006	257.57474	11.9403	28.49	33.362	373.09	364.06	9.03	16.4	1.070540812
16	10	2006	261.45309	11.01907	28.46	33.361	381.84	363.66	18.18	17.7	2.159996527
16	10	2006	259.91422	11.40306	28.72	33.361	379.56	363.97	15.59	17.2	1.817813233
NaN	11	NaN	257.5	12	28.77	33.36	386.52	368.28	18.24	5.09	2.119156666
NaN	11	NaN	262.5	12	26.81	33.36	419.68	368.28	51.4	5.46	6.885234737
16	10	2006	260.45663	11.21907	28.85	33.356	374.17999	364.12	10.05999	17.4	1.162084007
16	10	2006	255.97377	12.28392	29.04	33.356	378.39001	361.79001	16.6	20.6	1.891484163
27	11	2018	251.89613	12.22526	28.17	33.355	429.45001	408.02	21.43001	0.35	2.600201888
20	11	2005	266.04092	12.73927	25.96	33.355	408.97	378.35	30.62	12.9	4.365515995
18	10	2006	249.44107	13.78717	29.02	33.355	368.09	363.66	4.43	11.8	0.505505228
16	10	2006	256.54184	12.16712	29.04	33.354	367.39001	362.89001	4.5	18.6	0.512756117
16	10	2006	256.58749	12.15787	29.02	33.352	367.67999	362.97	4.70999	19.6	0.537461654
16	10	2006	265.95688	9.96158	27.64	33.351	410.79999	364.60999	46.19	15.5	5.824296134
18	10	2006	249.49205	13.7747	29.04	33.348	367.72	363.75	3.97	11.8	0.452376451
16	10	2006	261.48978	11.01155	28.43	33.347	380.34	363.62	16.72	18.1	1.990965098
18	10	2006	249.38997	13.79984	29	33.341	368.17001	363.63	4.54001	11.7	0.518836222
16	10	2006	257.34476	11.98827	28.84	33.34	369.98999	363.67001	6.31998	19.8	0.730631852
18	10	2006	248.58937	14.01162	28.57	33.34	365.82999	363.14999	2.68	13.3	0.315922647
16	10	2006	256.272	12.22258	29.03	33.338	367.89001	362.69	5.20001	18.7	0.592986699
16	10	2006	259.99222	11.38143	28.78	33.336	374.70001	364.01001	10.69	17.9	1.24121597
16	10	2006	257.3877	11.97933	28.8	33.333	369.17001	363.70999	5.46002	16.5	0.633057192
16	10	2006	256.01605	12.27535	29.02	33.332	376.10999	361.82001	14.28998	20.2	1.630783392
20	10	2006	247.92372	14.15999	28.63	33.332	366.32999	363.14001	3.18998	10	0.374426687
16	10	2006	256.63281	12.14834	29.02	33.33	367.57001	362.92999	4.64002	19.9	0.529527144
20	10	2006	242.79266	15.34167	27.65	33.33	365.5	365.10999	0.39001	6.9	0.049146786
18	10	2006	248.08011	14.12689	28.7	33.329	368.57999	362.97	5.60999	7.8	0.655166617
20	11	2005	261.74304	14.54627	29.27	33.328	435.06	378.35	56.71	9	6.356529403
16	10	2006	261.75027	10.95541	28.4	33.327	380.37	363.31	17.06	18.4	2.036038723
16	10	2006	261.19342	11.06855	28.84	33.325	376.60001	363.64001	12.96	17.4	1.498358804
16	10	2006	260.73773	11.15289	28.94	33.325	368.34	364.01999	4.32001	17.4	0.495866935
18	10	2006	250.57607	13.55989	28.97	33.325	378.41	363.95999	14.45001	10.4	1.655045174
18	10	2006	248.88414	13.92873	28.77	33.325	369	363.22	5.78	11.7	0.67163184
16	10	2006	266.28333	9.89258	27.44	33.324	423.10001	364.70999	58.39002	16.9	7.471428485
16	10	2006	261.30536	11.0486	28.61	33.322	377.26001	363.73001	13.53	20	1.590459313
16	10	2006	259.5491	11.4918	28.48	33.322	376.20999	363.64999	12.56	18.3	1.490368951
16	10	2006	260.49677	11.20945	28.87	33.321	371.97	364.13	7.84	16.8	0.90447167
16	10	2006	260.65802	11.17036	28.91	33.32	371.04001	364.10001	6.94	15.5	0.798340319
16	10	2006	261.71423	10.96354	28.42	33.318	381.5	363.34	18.16	18.1	2.16427032
16	10	2006	261.63919	10.97994	28.43	33.318	379.32001	363.5	15.82001	18.1	1.884032346
18	10	2006	248.83394	13.9421	28.72	33.318	367.95999	363.22	4.73999	11.8	0.552790697
16	10	2006	266.00372	9.95228	27.68	33.317	411.82999	364.54001	47.28998	15.4	5.946562791
16	10	2006	257.43436	11.96969	28.79	33.317	368.01999	363.82999	4.19	16.3	0.486189741
16	10	2006	259.46835	11.51181	28.46	33.314	376.06	363.60999	12.45001	19.2	1.479506003
16	10	2006	261.23029	11.06211	28.71	33.313	377.48999	363.73001	13.75998	16.1	1.605919807
16	10	2006	257.4816	11.95984	28.71	33.311	369.29999	363.85999	5.44	18.7	0.634904902
16	10	2006	259.95337	11.39394	28.74	33.31	378.14001	364.07999	14.06002	17.7	1.637409682
18	10	2006	248.73579	13.96946	28.63	33.309	365.67001	363.13	2.54001	12.9	0.298165353
18	10	2006	248.68703	13.9835	28.59	33.308	365.07001	363.14999	1.92002	13.4	0.226039331
18	10	2006	248.63828	13.99759	28.58	33.307	365.17001	363.13	2.04001	13.3	0.240340046
20	10	2006	242.84511	15.32943	27.65	33.307	365.22	365.09	0.13	6.8	0.016383478
27	11	2018	251.20213	12.34479	28.15	33.306	410.64001	408.02	2.62001	2.55	0.318426188
16	10	2006	256.31735	12.21336	29.02	33.305	367.07001	362.76999	4.30002	18.2	0.490778242
27	11	2018	251.94989	12.21596	28.16	33.305	433.64001	408.02	25.62001	2.325	3.111518318
16	10	2006	261.52701	11.0037	28.46	33.303	379.34	363.56	15.78	18.1	1.875316577
16	10	2006	256.18488	12.24054	29.09	33.303	367.10001	362.13	4.97001	20.4	0.564400075
16	10	2006	261.26843	11.05523	28.62	33.302	377.35001	363.79001	13.56	17.1	1.592971959
16	10	2006	261.60236	10.98776	28.44	33.301	380.12	363.53	16.59	17.9	1.974448157
27	11	2018	251.62589	12.26973	28.16	33.3	430.76999	408.02	22.74999	1.375	2.763017616
18	10	2006	247.97589	14.1488	28.62	33.3	365.82001	363.04001	2.78	9.4	0.326585553
16	10	2006	256.72202	12.12875	28.95	33.297	368.69	362.85001	5.83999	21.6	0.669933422
18	10	2006	248.02797	14.13785	28.65	33.293	366.29001	363	3.29001	8.9	0.385675121
16	10	2006	260.69821	11.16134	28.92	33.291	369.56	364.07999	5.48001	16.1	0.63001501
16	10	2006	261.56491	10.9957	28.46	33.29	378.91	363.54999	15.36001	18.2	1.82550654
16	10	2006	257.20804	12.02031	28.94	33.289	368.66	363.84	4.82	17	0.553342951
16	10	2006	256.89362	12.09142	28.95	33.289	368.31	363.5	4.81	22.5	0.551797201
16	10	2006	257.25482	12.00864	28.89	33.286	368.54001	363.76001	4.78	18.7	0.550738952
20	11	2005	261.60782	14.61886	29.21	33.286	434.54	378.35	56.19	9.5	6.326606406
16	10	2006	257.52853	11.9501	28.64	33.284	371.25	363.88	7.37	17.6	0.864614021
16	10	2006	256.84985	12.10002	28.96	33.284	368.95999	363.37	5.58999	20.2	0.64082853
NaN	11	NaN	247.5	12	27.93	33.28	358.14	368.28	-10.14	5.54	-1.252333601
16	10	2006	257.16113	12.03187	28.97	33.28	368.26999	363.73001	4.53998	15.3	0.520090954
18	10	2006	248.93484	13.91526	28.84	33.28	368.42999	363.23999	5.19	11.7	0.600152963
18	10	2006	248.78474	13.95555	28.66	33.28	366.97	363.17001	3.79999	12.1	0.445161445
27	11	2018	252.32857	12.16549	28.2	33.278	432.56	408.02	24.54	3.975	2.97207593
18	10	2006	250.62788	13.55013	28.97	33.278	377.62	363.89999	13.72001	9.6	1.571750134
16	10	2006	256.05826	12.26678	29.03	33.277	370.94	361.92001	9.01999	20.8	1.028869172
16	10	2006	257.30023	11.99761	28.87	33.274	367.85999	363.70999	4.15	19.7	0.478866517
16	10	2006	266.05038	9.94283	27.64	33.273	412.42001	364.62	47.80001	15.9	6.029350792
16	10	2006	256.14175	12.24947	29.11	33.273	367.95001	362.01999	5.93002	20.9	0.672537481
16	10	2006	266.2374	9.90297	27.45	33.27	421.29999	364.79999	56.5	17.5	7.226023369
16	10	2006	260.61746	11.17987	28.9	33.27	370.22	364.09	6.13	16	0.705821851
16	10	2006	256.76514	12.11875	28.94	33.268	368.54001	362.94	5.60001	22.7	0.642947036
16	10	2006	256.22794	12.23166	29.08	33.268	366.59	362.31	4.28	19	0.486464515
16	10	2006	257.11621	12.0429	28.97	33.267	368	363.64001	4.35999	18.1	0.499499457
18	10	2006	249.33905	13.81239	29.01	33.266	368.04999	363.54999	4.5	11.8	0.514058537
18	10	2006	250.67911	13.54029	28.94	33.264	377.45001	363.87	13.58001	9.6	1.559171631
16	10	2006	256.93655	12.08294	28.96	33.262	367.95001	363.42999	4.52002	19.8	0.518217491
20	11	2005	266.08954	12.71756	26.24	33.262	413.59	378.35	35.24	12.8	4.92391739
16	10	2006	260.53638	11.19981	28.91	33.261	369.23999	364.10999	5.13	17.2	0.590276796
18	10	2006	250.7303	13.5301	28.92	33.26	377.51999	363.85999	13.66	9.4	1.570644528
16	10	2006	256.8075	12.10919	28.94	33.257	368.26999	363.09	5.17999	21.4	0.594751811
16	10	2006	260.57666	11.18982	28.88	33.256	369.44	364.10001	5.33999	17	0.615782337
16	10	2006	266.14423	9.92337	27.52	33.25	416.89999	364.76999	52.13	16.8	6.633824762
16	10	2006	266.09714	9.93333	27.63	33.25	413.54999	364.64999	48.9	17.2	6.173202717
18	10	2006	250.78116	13.51959	28.9	33.249	377.25	363.82999	13.42001	11.2	1.545348849
20	11	2005	261.65335	14.59506	29.46	33.244	434.26	378.35	55.91	9.2	6.184121442
16	10	2006	266.19095	9.91322	27.46	33.242	420.60999	364.81	55.79999	16.5	7.132172042
16	10	2006	257.02545	12.06521	28.97	33.238	367.04001	363.54001	3.5	17.9	0.401025033
16	10	2006	257.07086	12.05401	28.97	33.232	367.20999	363.62	3.58999	18.2	0.411346524
16	10	2006	256.98035	12.0744	28.96	33.228	367.64999	363.48999	4.16	18.8	0.477010847
27	11	2018	252.27448	12.17075	28.19	33.228	433.72	408.02	25.7	0.125	3.11549285
27	11	2018	251.57217	12.27954	28.16	33.227	421.70001	408.02	13.68001	0.125	1.661979859
16	10	2006	256.09982	12.25824	29.1	33.226	367.64001	361.87	5.77001	21	0.654993092
27	11	2018	252.00389	12.20658	28.16	33.217	432.92999	408.02	24.90999	0.1	3.026437069
20	11	2005	261.69809	14.57081	29.32	33.217	435.43	378.35	57.08	9.6	6.378070629
27	11	2018	251.25462	12.3359	28.15	33.194	412.92001	408.02	4.90001	5.025	0.595816948
18	10	2006	248.98547	13.9018	28.78	33.188	366.01001	363.32001	2.69	11.9	0.312534261
27	11	2018	252.05818	12.19697	28.17	33.187	431.60999	408.02	23.58999	1.3	2.864359148
27	11	2018	252.22072	12.17599	28.18	33.182	433.32001	408.02	25.30001	1.975	3.069835919
27	11	2018	251.51884	12.28856	28.16	33.178	416.13	408.02	8.11	0.775	0.985489692
27	11	2018	252.11229	12.18774	28.17	33.17	432.56	408.02	24.54	1.525	2.979930598
27	11	2018	251.41235	12.30674	28.15	33.17	412.04001	408.02	4.02001	0.125	0.488863972
27	11	2018	252.16638	12.18128	28.17	33.167	432.85001	408.02	24.83001	2.45	3.015186021
18	10	2006	249.03558	13.88838	28.85	33.167	367.37	363.31	4.06	11.9	0.469372695
18	10	2006	249.08589	13.87503	28.91	33.166	368.25	363.29001	4.95999	11.9	0.570947097
27	11	2018	251.46547	12.29755	28.16	33.165	413.89001	408.02	5.87001	0.675	0.713336509
NaN	11	NaN	242.5	12	27.8	33.16	358.52	368.28	-9.76	6.1	-1.217463946
20	11	2005	266.13803	12.69567	26.71	33.154	405.41	378.35	27.06	12.8	3.654697722
18	10	2006	249.13612	13.86182	28.95	33.153	368.39999	363.35999	5.04	11.7	0.578519276
20	11	2005	266.37524	12.58491	27.82	33.151	409.54	378.35	31.19	7.9	3.885150213
18	10	2006	249.28813	13.82466	28.9	33.15	366.85999	363.59	3.26999	11.9	0.376707529
27	11	2018	251.30701	12.32596	28.16	33.147	414.16	408.02	6.14	3.475	0.746204283
27	11	2018	251.3595	12.31621	28.15	33.145	410.95999	408.02	2.93999	1.75	0.357563878
20	11	2005	266.32806	12.6074	27.56	33.128	409.06	378.35	30.71	8	3.898724456
20	11	2005	266.42245	12.56235	28.04	33.12	409.76	378.35	31.41	9.6	3.851105573
18	10	2006	249.18646	13.84898	28.88	33.087	365.70999	363.48999	2.22	11.5	0.25618532
20	11	2005	266.28052	12.62997	27.37	33.083	406.89	378.35	28.54	7.9	3.674415071
18	10	2006	249.2373	13.83671	28.84	33.076	365.47	363.60001	1.86999	11.5	0.216428105
20	11	2005	266.18582	12.67399	27.08	33.072	404.32	378.35	25.97	12.6	3.415149646
20	11	2005	266.23306	12.65224	27.24	33.068	404.23	378.35	25.88	10.2	3.363884593
20	11	2005	266.4697	12.53973	28.21	33.004	412.44	378.35	34.09	9.9	4.130583146
20	11	2005	266.51685	12.51726	28.37	32.932	410.86	378.35	32.51	9.9	3.894982345
20	11	2005	266.56384	12.49477	28.55	32.891	403.68	378.35	25.33	10.4	2.996037114
20	11	2005	266.6109	12.47226	28.73	32.882	402.97	378.35	24.62	11	2.874554776
20	11	2005	266.65735	12.44893	28.79	32.858	403.95	378.35	25.6	11.2	2.976368455
20	11	2005	266.70209	12.42224	28.89	32.781	403.48	378.35	25.13	10.9	2.90168327
20	11	2005	266.89117	12.32919	29.15	32.698	401.93	378.35	23.58	11.2	2.673135105
20	11	2005	266.84335	12.35215	29.11	32.698	402.37	378.35	24.02	11.1	2.730867525
20	11	2005	266.79593	12.37504	29.05	32.698	402.75	378.35	24.4	11.2	2.786082156
20	11	2005	266.7486	12.39793	28.94	32.698	403.75	378.35	25.4	10.9	2.923345165
20	11	2005	266.93875	12.30649	29.21	32.697	402.76	378.35	24.41	11.4	2.755317464
20	11	2005	266.98624	12.28392	29.24	32.683	406.08	378.35	27.73	11.3	3.123506722
20	11	2005	267.03351	12.26148	29.28	32.625	403.02	378.35	24.67	11.2	2.771531635
20	11	2005	267.17474	12.19063	29.53	32.524	406.84	378.35	28.49	11.6	3.145064375
20	11	2005	267.0809	12.23887	29.4	32.475	403.65	378.35	25.3	11.3	2.819699411
20	11	2005	267.22116	12.16637	29.21	32.269	409.35	378.35	31	11.5	3.505573892
20	11	2005	267.26764	12.14226	28.99	32.088	410.15	378.35	31.8	11.4	3.656303488
20	11	2005	267.50107	12.02202	29.15	32.082	407.49	378.35	29.14	10.8	3.312146607
20	11	2005	267.40765	12.07018	29.08	32.082	407.99	378.35	29.64	11.4	3.386006073
20	11	2005	267.31427	12.11824	29	32.077	408.79	378.35	30.44	11.5	3.497575902
20	11	2005	267.4545	12.046	29.12	32.075	407.42	378.35	29.07	11.2	3.311435203
20	11	2005	267.36099	12.09431	29	32.075	409.15	378.35	30.8	11.5	3.538970425
20	11	2005	267.54745	11.99776	29.25	31.965	406.62	378.35	28.27	11.3	3.1918075
20	11	2005	267.59433	11.97334	29.29	31.708	408.41	378.35	30.06	11.1	3.387865138
2	11	2018	259.27472	16.61928	NaN	NaN	NaN	NaN	NaN	NaN	-2.04
2	11	2018	259.22787	16.63977	NaN	NaN	NaN	NaN	NaN	NaN	-1.42
2	11	2018	259.18149	16.6612	NaN	NaN	NaN	NaN	NaN	NaN	-1.29
2	11	2018	259.13458	16.68164	NaN	NaN	NaN	NaN	NaN	NaN	-1.55
2	11	2018	259.0874	16.70063	NaN	NaN	NaN	NaN	NaN	NaN	-1.25
2	11	2018	259.03989	16.71961	NaN	NaN	NaN	NaN	NaN	NaN	-1.3
2	11	2018	258.99243	16.73859	NaN	NaN	NaN	NaN	NaN	NaN	-1.16
20	12	2007	250	16.751	NaN	NaN	NaN	NaN	NaN	NaN	-1.86
20	12	2007	250	16.751	NaN	NaN	NaN	NaN	NaN	NaN	-0.26
2	11	2018	258.94504	16.75817	NaN	NaN	NaN	NaN	NaN	NaN	-1.28
20	10	2002	247.457	16.762	NaN	NaN	NaN	NaN	NaN	NaN	-1.85
20	10	2002	247.44901	16.777	NaN	NaN	NaN	NaN	NaN	NaN	-1.8
2	11	2018	258.89795	16.77862	NaN	NaN	NaN	NaN	NaN	NaN	-2.25
20	10	2002	247.44101	16.792	NaN	NaN	NaN	NaN	NaN	NaN	-1.81
2	11	2018	258.85098	16.7991	NaN	NaN	NaN	NaN	NaN	NaN	-2.32
2	11	2018	258.80399	16.81918	NaN	NaN	NaN	NaN	NaN	NaN	-2.35
2	11	2018	258.75674	16.83897	NaN	NaN	NaN	NaN	NaN	NaN	-2.9
20	10	2002	247.425	16.853	NaN	NaN	NaN	NaN	NaN	NaN	-1.77
2	11	2018	258.70914	16.85908	NaN	NaN	NaN	NaN	NaN	NaN	-3.78
20	10	2002	247.429	16.868	NaN	NaN	NaN	NaN	NaN	NaN	-1.78
1	11	2018	258.66153	16.87929	NaN	NaN	NaN	NaN	NaN	NaN	-3.82
20	10	2002	247.422	16.883	NaN	NaN	NaN	NaN	NaN	NaN	-1.75
20	10	2002	247.416	16.898	NaN	NaN	NaN	NaN	NaN	NaN	-1.76
1	11	2018	258.56653	16.91793	NaN	NaN	NaN	NaN	NaN	NaN	-3.8
1	11	2018	258.51892	16.93646	NaN	NaN	NaN	NaN	NaN	NaN	-2.31
1	11	2018	258.47174	16.95675	NaN	NaN	NaN	NaN	NaN	NaN	-3.94
20	10	2002	247.40201	16.958	NaN	NaN	NaN	NaN	NaN	NaN	-1.83
1	11	2018	258.42459	16.97721	NaN	NaN	NaN	NaN	NaN	NaN	-4.95
20	10	2002	247.399	16.99	NaN	NaN	NaN	NaN	NaN	NaN	-1.94
20	10	2002	247.397	16.994	NaN	NaN	NaN	NaN	NaN	NaN	-1.84
1	11	2018	258.37744	16.99756	NaN	NaN	NaN	NaN	NaN	NaN	-4.49
8	10	2002	251.909	17	NaN	NaN	NaN	NaN	NaN	NaN	0.74
27	11	2016	250	17	NaN	NaN	NaN	NaN	NaN	NaN	-1.52
27	11	2016	250	17	NaN	NaN	NaN	NaN	NaN	NaN	-1.55
8	10	2002	251.90601	17.005	NaN	NaN	NaN	NaN	NaN	NaN	0.79
1	11	2018	258.33047	17.01788	NaN	NaN	NaN	NaN	NaN	NaN	-5.52
8	10	2002	251.886	17.036	NaN	NaN	NaN	NaN	NaN	NaN	1
8	10	2002	251.884	17.038	NaN	NaN	NaN	NaN	NaN	NaN	0.93
1	11	2018	258.28271	17.03896	NaN	NaN	NaN	NaN	NaN	NaN	-5.35
8	10	2002	251.88	17.044	NaN	NaN	NaN	NaN	NaN	NaN	0.82
8	10	2002	251.877	17.05	NaN	NaN	NaN	NaN	NaN	NaN	0.8
20	10	2002	247.37601	17.051	NaN	NaN	NaN	NaN	NaN	NaN	-2.01
8	10	2002	251.873	17.055	NaN	NaN	NaN	NaN	NaN	NaN	0.78
1	11	2018	258.23572	17.05938	NaN	NaN	NaN	NaN	NaN	NaN	-3.04
8	10	2002	251.87	17.061	NaN	NaN	NaN	NaN	NaN	NaN	0.71
8	10	2002	251.866	17.066	NaN	NaN	NaN	NaN	NaN	NaN	0.78
20	10	2002	247.38	17.067	NaN	NaN	NaN	NaN	NaN	NaN	-2.06
8	10	2002	251.862	17.072	NaN	NaN	NaN	NaN	NaN	NaN	0.79
8	10	2002	251.86099	17.075	NaN	NaN	NaN	NaN	NaN	NaN	0.76
1	11	2018	258.18835	17.07968	NaN	NaN	NaN	NaN	NaN	NaN	-3.52
8	10	2002	251.85699	17.081	NaN	NaN	NaN	NaN	NaN	NaN	0.88
20	10	2002	247.373	17.082	NaN	NaN	NaN	NaN	NaN	NaN	-2.1
8	10	2002	251.854	17.086	NaN	NaN	NaN	NaN	NaN	NaN	0.78
8	10	2002	251.85001	17.092	NaN	NaN	NaN	NaN	NaN	NaN	2.34
8	10	2002	251.84601	17.098	NaN	NaN	NaN	NaN	NaN	NaN	3.21
20	10	2002	247.367	17.099	NaN	NaN	NaN	NaN	NaN	NaN	-2.02
1	11	2018	258.1413	17.09968	NaN	NaN	NaN	NaN	NaN	NaN	-3.74
8	10	2002	251.843	17.103	NaN	NaN	NaN	NaN	NaN	NaN	3.11
8	10	2002	251.83899	17.109	NaN	NaN	NaN	NaN	NaN	NaN	2.84
8	10	2002	251.83701	17.112	NaN	NaN	NaN	NaN	NaN	NaN	2.42
8	10	2002	251.834	17.117	NaN	NaN	NaN	NaN	NaN	NaN	2
1	11	2018	258.09433	17.11934	NaN	NaN	NaN	NaN	NaN	NaN	-4.22
8	10	2002	251.83	17.123	NaN	NaN	NaN	NaN	NaN	NaN	1.66
8	10	2002	251.827	17.128	NaN	NaN	NaN	NaN	NaN	NaN	1.49
8	10	2002	251.823	17.134	NaN	NaN	NaN	NaN	NaN	NaN	1.34
1	11	2018	258.04749	17.13895	NaN	NaN	NaN	NaN	NaN	NaN	-4.83
8	10	2002	251.819	17.139	NaN	NaN	NaN	NaN	NaN	NaN	1.24
8	10	2002	251.81601	17.145	NaN	NaN	NaN	NaN	NaN	NaN	1.17
8	10	2002	251.814	17.148	NaN	NaN	NaN	NaN	NaN	NaN	1.04
8	10	2002	251.811	17.154	NaN	NaN	NaN	NaN	NaN	NaN	1.06
20	10	2002	247.354	17.154	NaN	NaN	NaN	NaN	NaN	NaN	-1.59
1	11	2018	258.00073	17.15859	NaN	NaN	NaN	NaN	NaN	NaN	-4.17
8	10	2002	251.80701	17.159	NaN	NaN	NaN	NaN	NaN	NaN	1.03
8	10	2002	251.804	17.165	NaN	NaN	NaN	NaN	NaN	NaN	0.93
8	10	2002	251.8	17.17	NaN	NaN	NaN	NaN	NaN	NaN	0.88
20	10	2002	247.347	17.17	NaN	NaN	NaN	NaN	NaN	NaN	-1.5
8	10	2002	251.79599	17.176	NaN	NaN	NaN	NaN	NaN	NaN	0.93
1	11	2018	257.95377	17.17796	NaN	NaN	NaN	NaN	NaN	NaN	-5.48
8	10	2002	251.793	17.182	NaN	NaN	NaN	NaN	NaN	NaN	0.87
20	10	2002	247.34	17.187	NaN	NaN	NaN	NaN	NaN	NaN	-1.21
1	11	2018	257.90659	17.19721	NaN	NaN	NaN	NaN	NaN	NaN	-5.65
20	10	2002	247.34201	17.203	NaN	NaN	NaN	NaN	NaN	NaN	-0.92
1	11	2018	257.85886	17.21688	NaN	NaN	NaN	NaN	NaN	NaN	-6.31
1	11	2018	257.81158	17.23662	NaN	NaN	NaN	NaN	NaN	NaN	-5.38
30	11	2014	256.40836	17.24622	NaN	NaN	NaN	NaN	NaN	NaN	0.41
1	11	2018	257.76492	17.25649	NaN	NaN	NaN	NaN	NaN	NaN	-4.48
30	11	2014	256.36243	17.2655	NaN	NaN	NaN	NaN	NaN	NaN	0.75
20	10	2002	247.32199	17.266	NaN	NaN	NaN	NaN	NaN	NaN	0.65
1	11	2018	257.71869	17.27632	NaN	NaN	NaN	NaN	NaN	NaN	-4.89
20	10	2002	247.312	17.282	NaN	NaN	NaN	NaN	NaN	NaN	0.76
30	11	2014	256.31671	17.28527	NaN	NaN	NaN	NaN	NaN	NaN	0.64
20	10	2002	247.314	17.296	NaN	NaN	NaN	NaN	NaN	NaN	1.06
1	11	2018	257.67236	17.29644	NaN	NaN	NaN	NaN	NaN	NaN	-6.47
30	11	2014	256.27103	17.30537	NaN	NaN	NaN	NaN	NaN	NaN	0.78
20	10	2002	247.304	17.312	NaN	NaN	NaN	NaN	NaN	NaN	1.17
1	11	2018	257.62646	17.31655	NaN	NaN	NaN	NaN	NaN	NaN	-11.68
30	11	2014	256.22546	17.32544	NaN	NaN	NaN	NaN	NaN	NaN	0.79
20	12	2007	250	17.333	NaN	NaN	NaN	NaN	NaN	NaN	1.59
1	11	2018	257.58087	17.33653	NaN	NaN	NaN	NaN	NaN	NaN	-15.99
30	11	2014	256.18024	17.34515	NaN	NaN	NaN	NaN	NaN	NaN	0.71
1	11	2018	257.53491	17.35529	NaN	NaN	NaN	NaN	NaN	NaN	-15.7
30	11	2014	256.13449	17.36367	NaN	NaN	NaN	NaN	NaN	NaN	0.68
20	10	2002	247.28299	17.372	NaN	NaN	NaN	NaN	NaN	NaN	1.15
1	11	2018	257.48871	17.37391	NaN	NaN	NaN	NaN	NaN	NaN	-12.33
30	11	2014	256.08875	17.38213	NaN	NaN	NaN	NaN	NaN	NaN	0.5
20	10	2002	247.28299	17.389	NaN	NaN	NaN	NaN	NaN	NaN	1.13
1	11	2018	257.44254	17.39256	NaN	NaN	NaN	NaN	NaN	NaN	-10.4
30	11	2014	256.04288	17.40067	NaN	NaN	NaN	NaN	NaN	NaN	0.86
20	10	2002	247.27499	17.404	NaN	NaN	NaN	NaN	NaN	NaN	1.17
1	11	2018	257.39664	17.41093	NaN	NaN	NaN	NaN	NaN	NaN	-5.49
30	11	2014	255.99707	17.4193	NaN	NaN	NaN	NaN	NaN	NaN	1.07
20	10	2002	247.26599	17.42	NaN	NaN	NaN	NaN	NaN	NaN	1.06
1	11	2018	257.35107	17.42962	NaN	NaN	NaN	NaN	NaN	NaN	-5.12
30	11	2014	255.95139	17.43802	NaN	NaN	NaN	NaN	NaN	NaN	0.92
1	11	2018	257.30624	17.44859	NaN	NaN	NaN	NaN	NaN	NaN	-3.32
30	11	2014	255.90556	17.45675	NaN	NaN	NaN	NaN	NaN	NaN	0.71
1	11	2018	257.26184	17.46938	NaN	NaN	NaN	NaN	NaN	NaN	-1.72
20	10	2002	247.245	17.472	NaN	NaN	NaN	NaN	NaN	NaN	1.15
30	11	2014	255.85988	17.47595	NaN	NaN	NaN	NaN	NaN	NaN	0.82
20	10	2002	247.248	17.487	NaN	NaN	NaN	NaN	NaN	NaN	1.12
1	11	2018	257.21753	17.49084	NaN	NaN	NaN	NaN	NaN	NaN	-0.85
30	11	2014	255.81398	17.49538	NaN	NaN	NaN	NaN	NaN	NaN	0.09
20	10	2002	247.239	17.503	NaN	NaN	NaN	NaN	NaN	NaN	1.1
1	11	2018	257.172	17.50951	NaN	NaN	NaN	NaN	NaN	NaN	-1.23
30	11	2014	255.76791	17.51459	NaN	NaN	NaN	NaN	NaN	NaN	-1.16
20	10	2002	247.23001	17.518	NaN	NaN	NaN	NaN	NaN	NaN	1.11
1	11	2018	257.12589	17.52605	NaN	NaN	NaN	NaN	NaN	NaN	-1.07
30	11	2014	255.72186	17.53416	NaN	NaN	NaN	NaN	NaN	NaN	-0.99
1	11	2018	257.08005	17.54301	NaN	NaN	NaN	NaN	NaN	NaN	-0.75
30	11	2014	255.67581	17.55324	NaN	NaN	NaN	NaN	NaN	NaN	-0.94
1	11	2018	257.03427	17.56055	NaN	NaN	NaN	NaN	NaN	NaN	-0.79
30	11	2014	255.63048	17.57089	NaN	NaN	NaN	NaN	NaN	NaN	-0.77
1	11	2018	256.98895	17.57883	NaN	NaN	NaN	NaN	NaN	NaN	-0.49
30	11	2014	255.5856	17.58907	NaN	NaN	NaN	NaN	NaN	NaN	-0.95
1	11	2018	256.94424	17.59803	NaN	NaN	NaN	NaN	NaN	NaN	-1.03
30	11	2014	255.54095	17.60878	NaN	NaN	NaN	NaN	NaN	NaN	-0.68
1	11	2018	256.89966	17.6172	NaN	NaN	NaN	NaN	NaN	NaN	-1.42
30	11	2014	255.4953	17.62887	NaN	NaN	NaN	NaN	NaN	NaN	-0.75
1	11	2018	256.85526	17.63678	NaN	NaN	NaN	NaN	NaN	NaN	-1.41
30	11	2014	255.44901	17.64788	NaN	NaN	NaN	NaN	NaN	NaN	-1.01
30	11	2014	255.40208	17.66568	NaN	NaN	NaN	NaN	NaN	NaN	-1.16
30	11	2014	255.35513	17.68434	NaN	NaN	NaN	NaN	NaN	NaN	-1.21
27	11	2016	250	18	NaN	NaN	NaN	NaN	NaN	NaN	0.49
15	12	1995	243	18.5	NaN	NaN	NaN	NaN	NaN	NaN	-1.06
15	12	1995	247	19.5	NaN	NaN	NaN	NaN	NaN	NaN	-1.29
29	11	2014	248.09161	20.50114	NaN	NaN	NaN	NaN	NaN	NaN	2.69
31	10	2018	251.2588	20.50756	NaN	NaN	NaN	NaN	NaN	NaN	1.82
19	10	2000	246.468	20.511	NaN	NaN	NaN	NaN	NaN	NaN	6.48
29	11	2014	248.04288	20.51824	NaN	NaN	NaN	NaN	NaN	NaN	1.65
19	10	2000	246.463	20.528	NaN	NaN	NaN	NaN	NaN	NaN	6.49
21	10	2002	246.39099	20.53	NaN	NaN	NaN	NaN	NaN	NaN	8.02
31	10	2018	251.21556	20.5315	NaN	NaN	NaN	NaN	NaN	NaN	1.58
29	11	2014	247.99408	20.5358	NaN	NaN	NaN	NaN	NaN	NaN	1.43
19	10	2000	246.45799	20.544	NaN	NaN	NaN	NaN	NaN	NaN	6.53
21	10	2002	246.384	20.546	NaN	NaN	NaN	NaN	NaN	NaN	7.89
29	11	2014	247.94525	20.55297	NaN	NaN	NaN	NaN	NaN	NaN	1.45
31	10	2018	251.17242	20.55554	NaN	NaN	NaN	NaN	NaN	NaN	1.7
21	10	2002	246.377	20.558	NaN	NaN	NaN	NaN	NaN	NaN	7.55
19	10	2000	246.453	20.561	NaN	NaN	NaN	NaN	NaN	NaN	6.6
29	11	2014	247.89586	20.57047	NaN	NaN	NaN	NaN	NaN	NaN	1.53
21	10	2002	246.379	20.576	NaN	NaN	NaN	NaN	NaN	NaN	7.18
31	10	2018	251.12967	20.58005	NaN	NaN	NaN	NaN	NaN	NaN	2.32
29	11	2014	247.84636	20.58809	NaN	NaN	NaN	NaN	NaN	NaN	1.94
31	10	2018	251.08733	20.60526	NaN	NaN	NaN	NaN	NaN	NaN	2.61
29	11	2014	247.79657	20.60534	NaN	NaN	NaN	NaN	NaN	NaN	2.14
19	10	2000	246.435	20.621	NaN	NaN	NaN	NaN	NaN	NaN	7.34
29	11	2014	247.74651	20.62263	NaN	NaN	NaN	NaN	NaN	NaN	1.61
31	10	2018	251.04449	20.63037	NaN	NaN	NaN	NaN	NaN	NaN	3.02
19	10	2000	246.42999	20.638	NaN	NaN	NaN	NaN	NaN	NaN	7.74
21	10	2002	246.364	20.639	NaN	NaN	NaN	NaN	NaN	NaN	5.5
29	11	2014	247.69635	20.64004	NaN	NaN	NaN	NaN	NaN	NaN	1.55
19	10	2000	246.42599	20.654	NaN	NaN	NaN	NaN	NaN	NaN	8.11
31	10	2018	251.00061	20.65483	NaN	NaN	NaN	NaN	NaN	NaN	2.37
21	10	2002	246.35501	20.656	NaN	NaN	NaN	NaN	NaN	NaN	4.84
29	11	2014	247.64638	20.65744	NaN	NaN	NaN	NaN	NaN	NaN	1.62
21	10	2002	246.35001	20.671	NaN	NaN	NaN	NaN	NaN	NaN	4.59
29	11	2014	247.59636	20.67446	NaN	NaN	NaN	NaN	NaN	NaN	1.52
31	10	2018	250.95628	20.67839	NaN	NaN	NaN	NaN	NaN	NaN	2.06
21	10	2002	246.341	20.686	NaN	NaN	NaN	NaN	NaN	NaN	4.76
29	11	2014	247.54663	20.69145	NaN	NaN	NaN	NaN	NaN	NaN	1.52
31	10	2018	250.91191	20.70193	NaN	NaN	NaN	NaN	NaN	NaN	1.91
29	11	2014	247.49731	20.70887	NaN	NaN	NaN	NaN	NaN	NaN	1.32
31	10	2018	250.86714	20.72479	NaN	NaN	NaN	NaN	NaN	NaN	2.01
29	11	2014	247.44829	20.72659	NaN	NaN	NaN	NaN	NaN	NaN	1.49
19	10	2000	246.40401	20.731	NaN	NaN	NaN	NaN	NaN	NaN	6.03
21	10	2002	246.32599	20.741	NaN	NaN	NaN	NaN	NaN	NaN	6.31
29	11	2014	247.39951	20.74431	NaN	NaN	NaN	NaN	NaN	NaN	1.69
31	10	2018	250.82211	20.74759	NaN	NaN	NaN	NaN	NaN	NaN	2.06
19	10	2000	246.399	20.749	NaN	NaN	NaN	NaN	NaN	NaN	5.67
21	10	2002	246.33	20.757	NaN	NaN	NaN	NaN	NaN	NaN	6.65
29	11	2014	247.35048	20.76181	NaN	NaN	NaN	NaN	NaN	NaN	1.81
19	10	2000	246.394	20.765	NaN	NaN	NaN	NaN	NaN	NaN	5.49
31	10	2018	250.77695	20.77078	NaN	NaN	NaN	NaN	NaN	NaN	1.96
21	10	2002	246.321	20.773	NaN	NaN	NaN	NaN	NaN	NaN	7.15
29	11	2014	247.30148	20.77905	NaN	NaN	NaN	NaN	NaN	NaN	1.83
19	10	2000	246.38901	20.783	NaN	NaN	NaN	NaN	NaN	NaN	5.5
31	10	2018	250.73184	20.79407	NaN	NaN	NaN	NaN	NaN	NaN	1.82
29	11	2014	247.25313	20.79587	NaN	NaN	NaN	NaN	NaN	NaN	1.97
29	11	2014	247.20538	20.81271	NaN	NaN	NaN	NaN	NaN	NaN	1.38
31	10	2018	250.68658	20.81787	NaN	NaN	NaN	NaN	NaN	NaN	1.65
29	11	2014	247.15773	20.83027	NaN	NaN	NaN	NaN	NaN	NaN	1.37
19	12	2007	250	20.834	NaN	NaN	NaN	NaN	NaN	NaN	0.93
31	10	2018	250.64091	20.84198	NaN	NaN	NaN	NaN	NaN	NaN	1.8
19	10	2000	246.371	20.845	NaN	NaN	NaN	NaN	NaN	NaN	5.74
19	10	2000	246.366	20.863	NaN	NaN	NaN	NaN	NaN	NaN	5.83
31	10	2018	250.59482	20.86612	NaN	NaN	NaN	NaN	NaN	NaN	2.13
19	10	2000	246.36099	20.879	NaN	NaN	NaN	NaN	NaN	NaN	5.89
31	10	2018	250.5486	20.89062	NaN	NaN	NaN	NaN	NaN	NaN	2.18
19	10	2000	246.355	20.896	NaN	NaN	NaN	NaN	NaN	NaN	5.94
31	10	2018	250.50287	20.91502	NaN	NaN	NaN	NaN	NaN	NaN	1.92
31	10	2018	250.45702	20.93916	NaN	NaN	NaN	NaN	NaN	NaN	1.94
19	10	2000	246.33701	20.957	NaN	NaN	NaN	NaN	NaN	NaN	5.39
31	10	2018	250.41095	20.96328	NaN	NaN	NaN	NaN	NaN	NaN	1.98
19	10	2000	246.332	20.975	NaN	NaN	NaN	NaN	NaN	NaN	5.33
31	10	2018	250.36479	20.98743	NaN	NaN	NaN	NaN	NaN	NaN	2.12
25	11	2016	250	21	NaN	NaN	NaN	NaN	NaN	NaN	1.78
31	10	2018	250.31873	21.0117	NaN	NaN	NaN	NaN	NaN	NaN	3.14
31	10	2018	250.27275	21.03594	NaN	NaN	NaN	NaN	NaN	NaN	2.48
31	10	2018	250.22699	21.05978	NaN	NaN	NaN	NaN	NaN	NaN	3.35
31	10	2018	250.18129	21.08302	NaN	NaN	NaN	NaN	NaN	NaN	4.86
31	10	2018	250.13589	21.10665	NaN	NaN	NaN	NaN	NaN	NaN	4.83
31	10	2018	250.09012	21.13061	NaN	NaN	NaN	NaN	NaN	NaN	4.97
31	10	2018	250.04326	21.15387	NaN	NaN	NaN	NaN	NaN	NaN	5.7
18	12	2007	250	21.415	NaN	NaN	NaN	NaN	NaN	NaN	3.39
18	12	2007	250	21.415	NaN	NaN	NaN	NaN	NaN	NaN	0.71
19	10	1998	243.989	21.478	NaN	NaN	NaN	NaN	NaN	NaN	4.03
19	10	1998	243.989	21.495	NaN	NaN	NaN	NaN	NaN	NaN	3.77
25	11	2016	250	21.499	NaN	NaN	NaN	NaN	NaN	NaN	3.82
25	11	2016	250	21.499	NaN	NaN	NaN	NaN	NaN	NaN	2.94
19	10	1998	243.989	21.513	NaN	NaN	NaN	NaN	NaN	NaN	3.61
19	10	1998	243.991	21.55	NaN	NaN	NaN	NaN	NaN	NaN	3.75
19	10	1998	243.991	21.564	NaN	NaN	NaN	NaN	NaN	NaN	3.87
19	10	1998	243.991	21.582	NaN	NaN	NaN	NaN	NaN	NaN	3.82
19	10	1998	243.991	21.6	NaN	NaN	NaN	NaN	NaN	NaN	3.87
19	10	1998	243.99001	21.666	NaN	NaN	NaN	NaN	NaN	NaN	3.92
19	10	1998	243.99001	21.683	NaN	NaN	NaN	NaN	NaN	NaN	4
19	10	1998	243.99001	21.701	NaN	NaN	NaN	NaN	NaN	NaN	4.07
19	10	1998	243.989	21.719	NaN	NaN	NaN	NaN	NaN	NaN	4.2
19	10	1998	243.989	21.784	NaN	NaN	NaN	NaN	NaN	NaN	4.36
19	10	1998	243.98801	21.802	NaN	NaN	NaN	NaN	NaN	NaN	4.58
19	10	1998	243.98801	21.819	NaN	NaN	NaN	NaN	NaN	NaN	4.64
19	10	1998	243.98801	21.837	NaN	NaN	NaN	NaN	NaN	NaN	4.65
29	11	2014	244.07703	21.85975	NaN	NaN	NaN	NaN	NaN	NaN	0.8
29	11	2014	244.02827	21.87402	NaN	NaN	NaN	NaN	NaN	NaN	0.97
29	11	2014	243.97943	21.88831	NaN	NaN	NaN	NaN	NaN	NaN	1.36
19	10	1998	243.987	21.902	NaN	NaN	NaN	NaN	NaN	NaN	4.66
29	11	2014	243.93047	21.9033	NaN	NaN	NaN	NaN	NaN	NaN	1.2
29	11	2014	243.88176	21.91869	NaN	NaN	NaN	NaN	NaN	NaN	0.67
19	10	1998	243.987	21.92	NaN	NaN	NaN	NaN	NaN	NaN	4.81
29	11	2014	243.83333	21.93364	NaN	NaN	NaN	NaN	NaN	NaN	0.31
19	10	1998	243.987	21.938	NaN	NaN	NaN	NaN	NaN	NaN	5.07
29	11	2014	243.78502	21.94769	NaN	NaN	NaN	NaN	NaN	NaN	0.46
19	10	1998	243.987	21.955	NaN	NaN	NaN	NaN	NaN	NaN	5.16
29	11	2014	243.73674	21.96202	NaN	NaN	NaN	NaN	NaN	NaN	0.49
29	11	2014	243.68761	21.9766	NaN	NaN	NaN	NaN	NaN	NaN	0.3
18	12	2007	250	22.001	NaN	NaN	NaN	NaN	NaN	NaN	1.61
18	12	2007	250	22.001	NaN	NaN	NaN	NaN	NaN	NaN	1.22
25	11	2016	250	22.002	NaN	NaN	NaN	NaN	NaN	NaN	0.51
25	11	2016	250	22.002	NaN	NaN	NaN	NaN	NaN	NaN	0.93
19	10	1998	243.97501	22.018	NaN	NaN	NaN	NaN	NaN	NaN	5.19
31	10	2018	248.17261	22.01877	NaN	NaN	NaN	NaN	NaN	NaN	5.31
19	10	1998	243.968	22.034	NaN	NaN	NaN	NaN	NaN	NaN	5.26
31	10	2018	248.12613	22.04031	NaN	NaN	NaN	NaN	NaN	NaN	5.42
19	10	1998	243.961	22.051	NaN	NaN	NaN	NaN	NaN	NaN	5.1
31	10	2018	248.07945	22.06123	NaN	NaN	NaN	NaN	NaN	NaN	5.22
19	10	1998	243.95399	22.067	NaN	NaN	NaN	NaN	NaN	NaN	5.1
31	10	2018	248.03236	22.08197	NaN	NaN	NaN	NaN	NaN	NaN	3.92
31	10	2018	247.98595	22.10378	NaN	NaN	NaN	NaN	NaN	NaN	5.23
19	10	2000	245.99899	22.107	NaN	NaN	NaN	NaN	NaN	NaN	9.4
31	10	2018	247.93954	22.12538	NaN	NaN	NaN	NaN	NaN	NaN	4.64
19	10	1998	243.929	22.127	NaN	NaN	NaN	NaN	NaN	NaN	5.09
19	10	1998	243.922	22.142	NaN	NaN	NaN	NaN	NaN	NaN	5.05
29	11	2014	243.15169	22.14479	NaN	NaN	NaN	NaN	NaN	NaN	-1.04
31	10	2018	247.89279	22.14699	NaN	NaN	NaN	NaN	NaN	NaN	2.28
28	11	2014	243.10423	22.15687	NaN	NaN	NaN	NaN	NaN	NaN	-1
19	10	1998	243.916	22.157	NaN	NaN	NaN	NaN	NaN	NaN	4.33
19	10	2000	245.98199	22.165	NaN	NaN	NaN	NaN	NaN	NaN	9.03
31	10	2018	247.84604	22.16843	NaN	NaN	NaN	NaN	NaN	NaN	0.74
28	11	2014	243.05754	22.16909	NaN	NaN	NaN	NaN	NaN	NaN	-0.98
19	10	1998	243.909	22.172	NaN	NaN	NaN	NaN	NaN	NaN	4.27
19	10	2000	245.97701	22.182	NaN	NaN	NaN	NaN	NaN	NaN	8.96
28	11	2014	243.01068	22.18224	NaN	NaN	NaN	NaN	NaN	NaN	-0.9
31	10	2018	247.79959	22.18957	NaN	NaN	NaN	NaN	NaN	NaN	-0.27
28	11	2014	242.96327	22.19603	NaN	NaN	NaN	NaN	NaN	NaN	-0.74
19	10	2000	245.97301	22.197	NaN	NaN	NaN	NaN	NaN	NaN	9.1
28	11	2014	242.91548	22.21	NaN	NaN	NaN	NaN	NaN	NaN	-0.48
31	10	2018	247.75195	22.21124	NaN	NaN	NaN	NaN	NaN	NaN	-0.1
19	10	2000	245.968	22.214	NaN	NaN	NaN	NaN	NaN	NaN	9.28
28	11	2014	242.86769	22.22382	NaN	NaN	NaN	NaN	NaN	NaN	-0.37
31	10	2018	247.70477	22.23266	NaN	NaN	NaN	NaN	NaN	NaN	0.94
19	10	1998	243.87801	22.239	NaN	NaN	NaN	NaN	NaN	NaN	4.41
28	11	2014	242.81995	22.23903	NaN	NaN	NaN	NaN	NaN	NaN	-0.63
31	10	2018	247.65767	22.25371	NaN	NaN	NaN	NaN	NaN	NaN	2.62
28	11	2014	242.77196	22.25425	NaN	NaN	NaN	NaN	NaN	NaN	-0.94
28	11	2014	242.7234	22.26931	NaN	NaN	NaN	NaN	NaN	NaN	-1.09
19	10	2000	245.951	22.274	NaN	NaN	NaN	NaN	NaN	NaN	9.41
31	10	2018	247.61113	22.27526	NaN	NaN	NaN	NaN	NaN	NaN	3.28
28	11	2014	242.67397	22.2831	NaN	NaN	NaN	NaN	NaN	NaN	-1.07
19	10	2000	245.946	22.291	NaN	NaN	NaN	NaN	NaN	NaN	9.34
28	11	2014	242.62482	22.29734	NaN	NaN	NaN	NaN	NaN	NaN	-1.04
31	10	2018	247.56523	22.29789	NaN	NaN	NaN	NaN	NaN	NaN	4.45
19	10	2000	245.94099	22.306	NaN	NaN	NaN	NaN	NaN	NaN	9.39
28	11	2014	242.57607	22.31234	NaN	NaN	NaN	NaN	NaN	NaN	-1.09
31	10	2018	247.5195	22.32042	NaN	NaN	NaN	NaN	NaN	NaN	4.6
19	10	2000	245.936	22.323	NaN	NaN	NaN	NaN	NaN	NaN	9.49
28	11	2014	242.52722	22.32735	NaN	NaN	NaN	NaN	NaN	NaN	-1.19
28	11	2014	242.47858	22.34171	NaN	NaN	NaN	NaN	NaN	NaN	-1.13
31	10	2018	247.47377	22.34276	NaN	NaN	NaN	NaN	NaN	NaN	4.6
28	11	2014	242.43022	22.35582	NaN	NaN	NaN	NaN	NaN	NaN	-0.88
31	10	2018	247.42818	22.36469	NaN	NaN	NaN	NaN	NaN	NaN	4.55
28	11	2014	242.38214	22.36994	NaN	NaN	NaN	NaN	NaN	NaN	-0.72
19	10	2000	245.918	22.382	NaN	NaN	NaN	NaN	NaN	NaN	9.41
28	11	2014	242.33392	22.38434	NaN	NaN	NaN	NaN	NaN	NaN	-1.06
31	10	2018	247.38214	22.38611	NaN	NaN	NaN	NaN	NaN	NaN	4.72
28	11	2014	242.28604	22.39963	NaN	NaN	NaN	NaN	NaN	NaN	-1.11
19	10	2000	245.91299	22.4	NaN	NaN	NaN	NaN	NaN	NaN	9.25
31	10	2018	247.33571	22.40708	NaN	NaN	NaN	NaN	NaN	NaN	4.51
28	11	2014	242.23782	22.41405	NaN	NaN	NaN	NaN	NaN	NaN	-0.85
19	10	2000	245.909	22.416	NaN	NaN	NaN	NaN	NaN	NaN	9.19
31	10	2018	247.28922	22.42757	NaN	NaN	NaN	NaN	NaN	NaN	4.19
28	11	2014	242.18961	22.42766	NaN	NaN	NaN	NaN	NaN	NaN	1.59
19	10	2000	245.903	22.433	NaN	NaN	NaN	NaN	NaN	NaN	9.22
31	10	2018	247.24286	22.44759	NaN	NaN	NaN	NaN	NaN	NaN	4.21
31	10	2018	247.19705	22.46772	NaN	NaN	NaN	NaN	NaN	NaN	4.61
31	10	2018	247.15144	22.48805	NaN	NaN	NaN	NaN	NaN	NaN	5.04
19	10	2000	245.886	22.493	NaN	NaN	NaN	NaN	NaN	NaN	9.57
22	11	2005	246.93188	21.16974	25.96	34.871	340.05	378.35	-38.3	10.5	-5.424020148
22	11	2005	246.82979	21.21132	25.83	34.797	340.44	378.35	-37.91	10.8	-5.422111799
18	12	2007	250	22.001	23.371	34.781	395.488739	386.1	9.388739014	0.86	1.612007933
22	11	2005	246.88091	21.19048	25.8	34.778	340.39	378.35	-37.96	10.8	-5.441713742
18	12	2007	250	22.001	23.367	34.774	393.178009	386.1	7.078009033	2.36	1.215668563
31	10	2018	250.5486	20.89062	28.65	34.769	424.67999	406	18.67999	5.1	2.175943378
19	12	2007	250	20.834	24.579	34.757	392.0451355	386.1	5.945135498	1.93001	0.932829024
31	10	2018	250.68658	20.81787	28.68	34.752	420.23001	406	14.23001	5.175	1.654124213
19	10	1998	243.991	21.55	24.98	34.75	389.01001	364.4	24.61001	1.95999	3.748463841
31	10	2018	250.41095	20.96328	28.63	34.742	423.01001	406	17.01001	4.575	1.984506388
31	10	2018	250.36479	20.98743	28.6	34.739	424.14999	406	18.14999	5.025	2.12212033
26	11	2016	250	19.5	28.455	34.737	434.8597107	403.53	31.32971069	1.33	3.701691681
19	10	1998	243.989	21.513	24.95	34.73	388.04001	364.4	23.64001	2.41	3.60904668
19	10	1998	243.991	21.564	24.95	34.73	389.76999	364.4	25.36999	1.03999	3.873157337
31	10	2018	250.82211	20.74759	28.67	34.728	423.75	406	17.75	2.675	2.06499622
31	10	2018	250.73184	20.79407	28.68	34.727	421.69	406	15.69	2.35	1.824032109
31	10	2018	250.45702	20.93916	28.64	34.723	422.60999	406	16.60999	4.325	1.936597798
20	12	2007	250	18.5	25.027	34.722	389.8468933	386.1	3.746893311	2.2	0.568795784
19	10	1998	243.989	21.478	24.98	34.72	390.84	364.4	26.44	0.17	4.027736789
19	10	1998	243.989	21.495	24.94	34.72	389.07001	364.4	24.67001	1.56	3.769251519
19	10	1998	243.991	21.582	24.85	34.72	389.26001	364.4	24.86001	0.77	3.823688114
19	10	1998	243.989	21.719	24.58	34.72	391.17001	364.4	26.77001	0.44	4.20076607
31	10	2018	250.77695	20.77078	28.68	34.718	422.88	406	16.88	2.85	1.962450729
31	10	2018	250.04326	21.15387	28.61	34.718	454.81	406	48.81	2.65	5.703326466
18	12	2007	250	22.5	24.258	34.716	396.5215149	386.1	10.42151489	4.50999	1.675013492
31	10	2018	250.09012	21.13061	28.61	34.715	448.57001	406	42.57001	2.175	4.974263363
20	12	2007	250	18.5	25.012	34.714	393.0610046	386.1	6.961004639	1.08	1.057924159
31	10	2018	247.89279	22.14699	28.56	34.713	425.45001	406	19.45001	3.65	2.280949904
31	10	2018	250.31873	21.0117	28.61	34.71	432.84	406	26.84	1.875	3.136294714
19	10	1998	243.991	21.6	24.81	34.71	389.45999	364.4	25.05999	0.53999	3.866063258
19	10	1998	243.99001	21.666	24.78	34.71	389.76999	364.4	25.36999	1.59	3.922602181
19	10	1998	243.99001	21.683	24.77	34.71	390.22	364.4	25.82	1.06	3.995142078
19	10	1998	243.99001	21.701	24.63	34.71	390.45001	364.4	26.05001	1.09	4.072817452
19	10	1998	243.989	21.784	24.53	34.71	392.04999	364.4	27.64999	1.17	4.355192975
19	10	1998	243.87801	22.239	24.36	34.71	392.06	364.4	27.66	1.12	4.412187211
31	10	2018	247.84604	22.16843	28.54	34.709	412.32001	406	6.32001	5.6	0.742246522
31	10	2018	250.13589	21.10665	28.6	34.708	447.32001	406	41.32001	2.3	4.831832772
18	12	2007	250	21.415	23.607	34.705	390.3323975	386.1	4.232397461	3.25	0.714184212
22	11	2005	246.98267	21.1491	25.59	34.702	340.15	378.35	-38.2	10.8	-5.56331048
21	10	2002	246.444	20.321	27.84	34.7	394.67999	370.55	24.12999	1.22	2.981289603
19	10	1998	243.98801	21.802	24.49	34.7	393.37	364.4	28.97	0.47	4.576898451
19	10	1998	243.916	22.157	24.37	34.7	391.57999	364.4	27.17999	1.77	4.332588132
19	10	1998	243.909	22.172	24.37	34.7	391.20999	364.4	26.80999	0.12	4.273608802
31	10	2018	250.27275	21.03594	28.59	34.699	427.17999	406	21.17999	0.775	2.478605676
31	10	2018	248.07945	22.06123	28.59	34.696	450.57001	406	44.57001	0.975	5.215909179
31	10	2018	250.22699	21.05978	28.6	34.693	434.66	406	28.66	1.475	3.351626847
25	11	2016	250	21	28.585	34.692	418.7302246	403.53	15.20022461	4.56	1.779514278
31	10	2018	250.18129	21.08302	28.6	34.692	447.59	406	41.59	1.65	4.863738997
19	10	1998	243.987	21.902	24.41	34.69	393.73001	364.4	29.33001	1.94	4.661627648
19	10	1998	243.98801	21.837	24.4	34.68	393.64001	364.4	29.24001	1.02	4.650989647
19	10	1998	243.987	21.92	24.36	34.68	394.57001	364.4	30.17001	3.45999	4.81321928
31	10	2018	250.59482	20.86612	28.66	34.675	424.29999	406	18.29999	5.65	2.131002068
31	10	2018	250.50287	20.91502	28.65	34.675	422.48999	406	16.48999	3.225	1.921616409
19	10	1998	243.98801	21.819	24.38	34.67	393.53	364.4	29.13	1.09	4.640597804
31	10	2018	247.61113	22.27526	28.5	34.666	433.82001	406	27.82001	2.175	3.277346281
21	10	2002	246.44699	20.336	27.81	34.66	393.89001	370.55	23.34001	1.53	2.890470405
21	10	2002	246.439	20.35	27.76	34.66	393.91	370.55	23.36	1.45	2.903461566
31	10	2018	248.12613	22.04031	28.62	34.651	452.42999	406	46.42999	2.45	5.422876028
31	10	2018	250.86714	20.72479	28.7	34.649	423.29999	406	17.29999	2.825	2.008974461
31	10	2018	247.79959	22.18957	28.52	34.649	403.73001	406	-2.26999	1.025	-0.26705059
31	10	2018	250.64091	20.84198	28.69	34.647	421.48001	406	15.48001	4.15	1.798940235
22	11	2005	247.23384	21.04451	25.46	34.642	340.84	378.35	-37.51	11.1	-5.516892033
31	10	2018	248.03236	22.08197	28.59	34.633	439.47	406	33.47	1.6	3.917965462
19	10	1998	243.987	21.938	24.22	34.63	395.85999	364.4	31.45999	1.77	5.072744097
31	10	2018	248.17261	22.01877	28.62	34.627	451.48001	406	45.48001	5.05	5.312469182
19	12	2007	250	20.249	24.206	34.622	383.5741577	386.1	-2.525842285	5.93001	-0.407717345
18	12	2007	250	21.415	23.506	34.621	406.0103149	386.1	19.91031494	2.46001	3.38652209
31	10	2018	247.98595	22.10378	28.59	34.621	450.64999	406	44.64999	1.15	5.226953749
21	10	2002	246.45801	20.256	27.93	34.62	403.82001	370.55	33.27001	1.39999	4.085224822
19	12	2007	250	20.249	24.208	34.614	389.9060059	386.1	3.806005859	1.15001	0.614289796
31	10	2018	247.56523	22.29789	28.5	34.611	443.79999	406	37.79999	1.175	4.454095268
25	11	2016	250	22.002	28.144	34.608	411.1913147	403.53	7.661314697	3.25	0.926308935
22	11	2005	253.2961	18.427	27.77	34.603	342.86	378.35	-35.49	11.2	-4.409013043
31	10	2018	247.93954	22.12538	28.56	34.603	445.57001	406	39.57001	3.9	4.642666426
31	10	2018	251.04449	20.63037	28.72	34.596	432.06	406	26.06	3.35	3.022563451
31	10	2018	247.65767	22.25371	28.49	34.593	428.17999	406	22.17999	2.55	2.615630831
21	10	2002	246.466	20.24	27.93	34.59	406.48001	370.55	35.93001	1.74001	4.412419196
22	11	2005	247.03319	21.12836	25.43	34.589	340.45	378.35	-37.9	11.2	-5.587915854
31	10	2018	251.00061	20.65483	28.73	34.587	426.42001	406	20.42001	5.225	2.366794712
21	10	2002	246.43201	20.367	27.69	34.58	397.22	370.55	26.67	1.60001	3.33291296
31	10	2018	251.08733	20.60526	28.71	34.577	428.48001	406	22.48001	5.075	2.609432748
31	10	2018	250.95628	20.67839	28.73	34.573	423.73001	406	17.73001	1.175	2.055131967
21	10	2002	246.47501	20.226	27.9	34.57	409.20999	370.55	38.65999	0.72	4.75842736
31	10	2018	247.75195	22.21124	28.5	34.567	405.19	406	-0.81	0.225	-0.095462994
22	11	2005	253.34499	18.40707	27.81	34.566	342.41	378.35	-35.94	11.7	-4.452690355
31	10	2018	247.5195	22.32042	28.49	34.563	445.01001	406	39.01001	1.075	4.600946938
19	10	1998	243.922	22.142	24.01	34.56	395.20999	364.4	30.80999	0.87	5.047928566
31	10	2018	247.42818	22.36469	28.48	34.559	444.51999	406	38.51999	3.1	4.546513487
22	11	2005	253.39308	18.38656	27.9	34.544	340.28	378.35	-38.07	11.1	-4.686336568
31	10	2018	251.12967	20.58005	28.73	34.544	426.01001	406	20.01001	3.45	2.31970144
19	10	2000	246.554	20.216	26.36	34.54	413.23999	368.45	44.78999	2.22	6.168659528
19	10	1998	243.929	22.127	23.95	34.54	395.34	364.4	30.94	1.12	5.092446008
25	11	2016	250	22.002	27.62	34.534	407.5961304	403.53	4.066130371	2.46001	0.51083083
31	10	2018	247.38214	22.38611	28.5	34.532	446.03	406	40.03	4.275	4.718468052
21	10	2002	246.35501	20.656	27.57	34.53	408.91	370.55	38.36	4.02	4.836818952
21	10	2002	246.35001	20.671	27.5	34.53	406.75	370.55	36.2	2.15001	4.587749898
19	10	1998	243.987	21.955	23.97	34.53	395.79999	364.4	31.39999	2.70999	5.160676119
19	10	1998	243.95399	22.067	23.92	34.53	395.31	364.4	30.91	1.89	5.099149843
31	10	2018	247.47377	22.34276	28.49	34.526	445.03	406	39.03	0.325	4.604037543
22	11	2005	253.00346	18.54786	28.06	34.525	342.39	378.35	-35.96	12.7	-4.375923967
29	11	2014	243.97943	21.88831	25.67	34.523	406.66	397.28	9.38	3.35	1.359120571
20	11	2005	255.44759	17.45764	28.27	34.522	370.75	378.35	-7.6	6.2	-0.910893224
22	11	2005	253.0515	18.52739	28.05	34.522	342.21	378.35	-36.14	12.6	-4.401071979
22	11	2005	252.90869	18.58807	28.03	34.522	342.72	378.35	-35.63	13.2	-4.345256552
22	11	2005	252.86133	18.60811	27.99	34.522	342.32	378.35	-36.03	13.5	-4.406793217
19	10	2000	246.57899	20.126	26.3	34.52	433.26999	368.45	64.81999	1.50999	8.967406566
19	10	2000	246.563	20.184	26.31	34.52	426.07001	368.45	57.62001	2.56	7.96549675
19	10	2000	246.558	20.201	26.32	34.52	420.88	368.45	52.43	4.31	7.242709233
19	10	2000	246.549	20.233	26.3	34.52	411.29001	368.45	42.84001	1.42	5.926625212
19	10	1998	243.961	22.051	23.9	34.52	395.25	364.4	30.85	3.45999	5.097090831
31	10	2018	247.70477	22.23266	28.52	34.52	414	406	8	3.8	0.941673979
29	11	2014	243.93047	21.9033	25.64	34.519	405.53	397.28	8.25	4.95	1.198053971
29	11	2014	244.02827	21.87402	25.68	34.516	403.98001	397.28	6.70001	3.6	0.970117293
20	11	2005	255.49611	17.43663	28.34	34.514	371.74	378.35	-6.61	6.3	-0.788264177
22	11	2005	252.95584	18.56799	28.03	34.514	342.9	378.35	-35.45	12.9	-4.323454208
21	10	2002	246.49899	20.159	28.05	34.51	420.29001	370.55	49.74001	1.12	6.057573906
19	10	2000	246.51601	20.342	25.97	34.51	421.97	368.45	53.52	1.24001	7.585984096
21	10	2002	246.364	20.639	27.52	34.51	414.01001	370.55	43.46001	3.32001	5.500310806
19	10	1998	243.97501	22.018	23.92	34.51	395.85999	364.4	31.45999	2.28999	5.19034789
20	11	2005	255.39908	17.47842	28.2	34.509	370.6	378.35	-7.75	6.3	-0.93364015
31	10	2018	250.91191	20.70193	28.67	34.508	422.37	406	16.37	1.5	1.906250195
20	11	2005	255.8376	17.28792	28.39	34.507	380.17	378.35	1.82	6.7	0.21626442
22	11	2005	253.44041	18.36609	28.03	34.505	339.82	378.35	-38.53	11.9	-4.699271468
22	11	2005	252.8143	18.62796	27.96	34.503	342.19	378.35	-36.16	13.8	-4.432684978
20	11	2005	255.78845	17.30922	28.32	34.5	379.04	378.35	0.69	6.4	0.082408816
22	11	2005	251.69939	19.0818	27.97	34.5	343.89	378.35	-34.46	12.2	-4.221283839
21	10	2002	246.495	20.144	28.06	34.5	421.60001	370.55	51.05001	4.12	6.212878326
19	10	2000	246.521	20.325	26.03	34.5	420.59	368.45	52.14	4.66	7.358201236
19	10	2000	246.42599	20.654	25.8	34.5	424.92999	368.45	56.47999	0.22	8.106589483
19	10	1998	243.968	22.034	23.89	34.5	396.20999	364.4	31.80999	2.61	5.260104207
31	10	2018	247.33571	22.40708	28.53	34.5	444.34	406	38.34	5.075	4.510102871
22	11	2005	252.76759	18.64779	27.94	34.497	342.36	378.35	-35.99	12.9	-4.418361411
29	11	2014	244.07703	21.85975	25.66	34.497	402.82999	397.28	5.54999	2.825	0.804854185
21	10	2002	246.51001	20.103	28.08	34.49	422.73001	370.55	52.18001	0.56999	6.341482304
19	10	2000	246.42999	20.638	25.87	34.49	422.67999	368.45	54.22999	1.77	7.744015012
20	11	2005	256.27896	17.09836	28.27	34.489	377.25	378.35	-1.1	7.1	-0.131858575
29	11	2014	247.79657	20.60534	25.78	34.485	412.20001	397.28	14.92001	2.225	2.144769401
29	11	2014	243.88176	21.91869	25.65	34.481	401.91	397.28	4.63	5.85	0.671980466
21	10	2002	246.50101	20.119	28.08	34.48	422.45001	370.55	51.90001	1.19	6.307726256
19	10	2000	246.53101	20.292	26.07	34.48	420.38	368.45	51.93	1.61	7.307713137
19	10	2000	246.40401	20.731	25.98	34.48	411.01001	368.45	42.56001	0.64	6.028870562
20	11	2005	255.73935	17.33053	28.4	34.479	378.41	378.35	0.06	7	0.007125304
22	11	2005	253.48824	18.34526	28.06	34.478	340.53	378.35	-37.82	11.7	-4.603199974
22	11	2005	253.14865	18.48622	27.99	34.477	342.14	378.35	-36.21	12.6	-4.429671048
31	10	2018	247.28922	22.42757	28.54	34.477	441.60999	406	35.60999	7.6	4.186350284
29	11	2014	247.84636	20.58809	25.95	34.476	410.91	397.28	13.63	1.125	1.935063428
22	11	2005	247.18385	21.06572	25.14	34.476	340.13	378.35	-38.22	11.1	-5.75998723
20	11	2005	255.69093	17.35167	28.5	34.475	376.67	378.35	-1.68	6.5	-0.198075707
22	11	2005	253.53668	18.3243	28.12	34.474	340.48	378.35	-37.87	11.4	-4.589378516
22	11	2005	252.1423	18.90074	27.97	34.474	341.86	378.35	-36.49	12.9	-4.470457822
20	11	2005	255.59373	17.39389	28.51	34.473	375.36	378.35	-2.99	6.4	-0.35227612
22	11	2005	253.1976	18.46584	27.99	34.473	342.34	378.35	-36.01	11.9	-4.405280712
29	11	2014	248.09161	20.50114	25.69	34.473	415.85001	397.28	18.57001	4	2.687347562
19	12	2007	250	19.666	24.867	34.472	385.3535156	386.1	-0.746484375	2.36	-0.114798336
20	11	2005	256.22937	17.11886	28.31	34.471	377.52	378.35	-0.83	7.4	-0.09921356
20	11	2005	255.35077	17.49909	28.25	34.471	367.81	378.35	-10.54	6.7	-1.265372469
22	11	2005	253.24663	18.44614	27.95	34.471	342.58	378.35	-35.77	11.9	-4.388664206
19	10	2000	246.526	20.309	26.02	34.47	419.45999	368.45	51.00999	4.75999	7.20497347
19	10	2000	246.498	20.402	26.02	34.47	415.82001	368.45	47.37001	0.62	6.690839683
19	10	2000	246.435	20.621	25.92	34.47	420.06	368.45	51.61	0.64	7.343487653
21	10	2002	246.341	20.686	27.37	34.47	407.70999	370.55	37.15999	3.39	4.755400664
19	10	2000	245.97701	22.182	24.82	34.47	426.48999	368.45	58.03999	3.91	8.956925221
20	11	2005	255.64224	17.37265	28.47	34.469	376.68	378.35	-1.67	6.6	-0.197328907
20	11	2005	255.54492	17.41534	28.46	34.468	372.98	378.35	-5.37	6.5	-0.634985979
20	11	2005	255.98332	17.22378	28.41	34.465	379.25	378.35	0.9	7.2	0.106808792
20	11	2005	255.06622	17.62438	28.41	34.464	367.72	378.35	-10.63	8.7	-1.261535941
20	11	2005	255.93498	17.24525	28.41	34.462	378.46	378.35	0.11	7.7	0.013054577
22	11	2005	252.72055	18.66776	27.84	34.462	341.82	378.35	-36.53	13.2	-4.517982385
31	10	2018	247.15144	22.48805	28.57	34.462	448.98001	406	42.98001	5.475	5.042171295
22	11	2005	252.62552	18.70716	27.61	34.46	341.43	378.35	-36.92	12.8	-4.643148861
21	10	2002	246.539	20.003	28.06	34.46	426.5	370.55	55.95	1.2	6.810393406
21	10	2002	246.524	20.034	28.07	34.46	425.60999	370.55	55.05999	1.60001	6.697205714
21	10	2002	246.526	20.05	28.11	34.46	424.88	370.55	54.33	0.09999	6.589296283
19	10	2000	246.493	20.419	26.06	34.46	415.19	368.45	46.74	1.28999	6.582776604
20	11	2005	256.17996	17.13957	28.31	34.458	377.45	378.35	-0.9	8.6	-0.107586998
22	11	2005	253.10001	18.50686	27.91	34.456	342.27	378.35	-36.08	12.4	-4.43984361
22	11	2005	251.94621	18.97944	27.93	34.456	341.45	378.35	-36.9	12.6	-4.534168946
22	11	2005	252.6734	18.68775	27.8	34.455	341.29	378.35	-37.06	13.4	-4.596993794
22	11	2005	252.0937	18.92013	27.96	34.454	341.19	378.35	-37.16	12.7	-4.556236268
20	11	2005	256.03214	17.20226	28.38	34.452	379.11	378.35	0.76	8.2	0.090394933
22	11	2005	251.99561	18.95941	27.96	34.451	341.36	378.35	-36.99	12.8	-4.535451222
20	11	2005	255.88647	17.2666	28.36	34.45	378.63	378.35	0.28	6.7	0.033351868
22	11	2005	252.48363	18.76491	27.77	34.45	343	378.35	-35.35	12.5	-4.39453482
21	10	2002	246.53	20.019	28.08	34.45	426.20001	370.55	55.65001	1.72	6.764363692
19	10	2000	246.48801	20.434	26.05	34.45	414	368.45	45.55	1.14	6.420175458
19	10	2000	246.45799	20.544	26.07	34.45	414.85001	368.45	46.40001	0.12	6.530384061
19	10	2000	246.453	20.561	26.06	34.45	415.32001	368.45	46.87001	0.07001	6.60137824
29	11	2014	247.89586	20.57047	26.2	34.45	408.26001	397.28	10.98001	-0.5	1.530662611
19	10	2000	246.399	20.749	26.04	34.45	408.67999	368.45	40.22999	2.61	5.674497487
29	11	2014	247.30148	20.77905	26.39	34.45	410.60001	397.28	13.32001	7.35	1.831182648
29	11	2014	247.25313	20.79587	26.36	34.45	411.60999	397.28	14.32999	3.225	1.974366017
19	10	2000	245.98199	22.165	24.79	34.45	426.82999	368.45	58.37999	0.31999	9.030262978
29	11	2014	247.35048	20.76181	26.43	34.449	410.47	397.28	13.19	1.175	1.808011719
20	11	2005	256.13074	17.16026	28.34	34.448	377.62	378.35	-0.73	8.6	-0.08707966
22	11	2005	252.28932	18.84265	27.68	34.448	340.35	378.35	-38	13	-4.754980375
29	11	2014	243.73674	21.96202	25.47	34.448	400.63	397.28	3.35	2.65	0.492771794
31	10	2018	247.24286	22.44759	28.56	34.448	441.82001	406	35.82001	2.85	4.205488549
31	10	2018	247.19705	22.46772	28.58	34.447	445.29001	406	39.29001	2.75	4.606252293
20	11	2005	256.08151	17.18105	28.36	34.446	378.41	378.35	0.06	8.5	0.007146952
22	11	2005	252.43594	18.78415	27.75	34.446	343.17	378.35	-35.18	12.5	-4.379830977
19	12	2007	250	19.666	23.783	34.446	403.4949341	386.1	17.39493408	1.33	2.900234888
22	11	2005	252.24005	18.86211	27.64	34.445	340.97	378.35	-37.38	13.1	-4.691069987
29	11	2014	248.13988	20.48455	25.81	34.444	416.17001	397.28	18.89001	3.025	2.709965849
29	11	2014	248.04288	20.51824	26.13	34.443	409.07001	397.28	11.79001	4.85	1.652095603
29	11	2014	247.94525	20.55297	26.3	34.443	407.79001	397.28	10.51001	0.175	1.454481584
22	11	2005	252.04474	18.93956	27.96	34.442	341.21	378.35	-37.14	12.2	-4.554020511
29	11	2014	247.74651	20.62263	26.07	34.442	408.70999	397.28	11.42999	3.575	1.608725063
22	11	2005	252.53091	18.74553	27.77	34.441	342.98	378.35	-35.37	12.9	-4.397192708
29	11	2014	248.18826	20.46795	25.81	34.441	416.57001	397.28	19.29001	1.2	2.767386677
29	11	2014	247.59636	20.67446	26.46	34.441	408.39001	397.28	11.11001	7.5	1.519609374
22	11	2005	252.38754	18.8035	27.71	34.44	342.28	378.35	-36.07	12.5	-4.503811447
29	11	2014	248.2365	20.45134	25.86	34.44	414.38	397.28	17.1	2.325	2.444207931
19	10	2000	246.468	20.511	26.17	34.44	414.82999	368.45	46.37999	0.74001	6.480111474
19	10	2000	246.463	20.528	26.12	34.44	414.76001	368.45	46.31001	0.62	6.494121479
29	11	2014	247.69635	20.64004	26.33	34.44	408.51999	397.28	11.23999	1.125	1.55210709
22	11	2005	252.57828	18.72624	27.7	34.439	343.54	378.35	-34.81	12.8	-4.349660182
22	11	2005	252.19098	18.88153	27.7	34.439	342.03	378.35	-36.32	12.9	-4.538341218
29	11	2014	247.64638	20.65744	26.42	34.439	409.12	397.28	11.84	3.2	1.624221865
29	11	2014	243.83333	21.93364	25.55	34.438	399.41	397.28	2.13	6.875	0.311485689
20	11	2005	254.77661	17.75265	28.57	34.437	365.71	378.35	-12.64	8.2	-1.483012579
22	11	2005	252.33867	18.82303	27.71	34.436	340.63	378.35	-37.72	12.4	-4.709917273
22	11	2005	251.65001	19.10203	27.85	34.436	343.69	378.35	-34.66	12.2	-4.284077064
29	11	2014	247.39951	20.74431	26.49	34.436	409.64999	397.28	12.36999	1.425	1.68827192
29	11	2014	243.68761	21.9766	25.21	34.436	399.28	397.28	2	2.75	0.299909919
20	11	2005	255.01825	17.6453	28.42	34.435	368.09	378.35	-10.26	8.2	-1.216897803
29	11	2014	248.28418	20.43507	25.83	34.435	416.56	397.28	19.28	0.35	2.761957339
29	11	2014	247.99408	20.5358	26.39	34.435	407.66	397.28	10.38	2.95	1.42709576
22	11	2005	246.77858	21.23235	24.81	34.435	340.05	378.35	-38.3	10.6	-5.915892078
29	11	2014	243.78502	21.94769	25.53	34.434	400.39999	397.28	3.11999	0.825	0.456940561
22	11	2005	247.08347	21.10756	25.06	34.433	339.99	378.35	-38.36	11.3	-5.816510058
29	11	2014	247.54663	20.69145	26.45	34.432	408.42001	397.28	11.14001	5.95	1.524889309
20	11	2005	254.8734	17.7095	28.49	34.43	366.86	378.35	-11.49	7.5	-1.35593768
20	11	2005	254.82492	17.73103	28.51	34.43	365.47	378.35	-12.88	7.8	-1.51777787
19	10	2000	246.48399	20.452	26.07	34.43	414	368.45	45.55	2.29001	6.411318487
19	10	2000	246.394	20.765	26.08	34.43	407.48001	368.45	39.03001	4.75	5.489575087
19	10	2000	246.332	20.975	26	34.43	406.10999	368.45	37.65999	1.97	5.328097099
20	11	2005	254.92188	17.68806	28.49	34.429	368.05	378.35	-10.3	7.6	-1.215510722
31	10	2018	251.69994	20.27611	28.61	34.429	408.14999	406	2.14999	0.35	0.251533146
29	11	2014	247.20538	20.81271	26.44	34.427	407.34	397.28	10.06	0.475	1.37809239
20	11	2005	254.97017	17.66653	28.46	34.425	368.17	378.35	-10.18	7.7	-1.203976496
29	11	2014	247.15773	20.83027	26.47	34.425	407.28	397.28	10	1.275	1.366878852
19	10	2000	246.33701	20.957	26.01	34.42	406.54999	368.45	38.09999	2.49001	5.386626964
29	11	2014	248.33157	20.41883	25.95	34.418	410.39999	397.28	13.11999	4.45	1.863134103
22	11	2005	253.58531	18.30353	28.15	34.414	340.39	378.35	-37.96	10.9	-4.591493433
29	11	2014	247.49731	20.70887	26.51	34.411	406.92999	397.28	9.64999	5.2	1.315260287
29	11	2014	247.44829	20.72659	26.52	34.411	408.19	397.28	10.91	3.625	1.48590716
19	10	2000	246.38901	20.783	26.06	34.41	407.48001	368.45	39.03001	1.06	5.498128461
19	10	2000	246.371	20.845	26.06	34.41	409.20001	368.45	40.75001	0.47	5.740423581
19	10	2000	246.366	20.863	26.05	34.41	409.78	368.45	41.33	0.8	5.826403767
19	10	2000	246.36099	20.879	26.02	34.41	410.10999	368.45	41.65999	2.22	5.885878978
19	10	2000	246.355	20.896	26	34.41	410.39999	368.45	41.94999	1.02	5.935566012
31	10	2018	251.65459	20.29924	28.62	34.403	406.51999	406	0.51999	0.95	0.060797941
31	10	2018	251.17242	20.55554	28.73	34.399	420.69	406	14.69	4.725	1.704028458
31	10	2018	251.38837	20.43568	28.72	34.393	413.09	406	7.09	2.375	0.823048935
22	11	2005	247.28343	21.02269	24.99	34.392	340.54	378.35	-37.81	11.2	-5.763946579
22	11	2005	247.13365	21.08663	24.98	34.386	340.09	378.35	-38.26	11.4	-5.837022828
20	11	2005	255.30312	17.51938	28.45	34.384	367.33	378.35	-11.02	6.3	-1.304494483
22	11	2005	251.74889	19.06139	27.94	34.381	343.82	378.35	-34.53	13	-4.241251368
24	11	2005	245.62949	21.73417	24.23	34.38	340.2	378.35	-38.15	11.9	-6.153794209
19	10	2000	245.97301	22.197	24.61	34.38	426.45999	368.45	58.00999	0.29001	9.096535229
22	11	2005	253.63394	18.28262	28.29	34.379	338.21	378.35	-40.14	11.2	-4.806963112
26	11	2016	250	19	27.458	34.378	444.5720215	403.53	41.04202148	3.41	5.220757506
24	11	2005	245.67839	21.71234	24.3	34.372	340.22	378.35	-38.13	11.9	-6.118805225
21	10	2002	246.41699	20.418	27.31	34.37	417.72	370.55	47.17	1.67	6.065455003
24	11	2005	245.72771	21.6903	24.42	34.367	340.1	378.35	-38.25	11.5	-6.083627977
27	11	2016	250	17.5	28.916	34.365	425.54422	403.53	22.01421997	2.2	2.519998526
29	11	2014	248.37854	20.40254	26.09	34.365	407.12	397.28	9.84	5.6	1.383377804
22	11	2005	251.89664	18.99976	27.93	34.364	341.8	378.35	-36.55	13	-4.492950799
28	11	2014	242.62482	22.29734	25.19	34.361	390.38	397.28	-6.9	3.575	-1.036565725
26	11	2016	250	19	27.372	34.36	428.2521667	403.53	24.72216675	2.36	3.164775022
28	11	2014	242.67397	22.2831	25.11	34.36	390.17999	397.28	-7.10001	3.35	-1.072945481
22	11	2005	253.68245	18.26133	28.44	34.357	338.52	378.35	-39.83	10.4	-4.718839896
28	11	2014	242.77196	22.25425	25.28	34.357	390.95999	397.28	-6.32001	3.975	-0.943159228
24	11	2005	245.53174	21.77758	24.01	34.356	340.12	378.35	-38.23	12.1	-6.269380339
24	11	2005	245.5807	21.75588	24.12	34.355	340.85	378.35	-37.5	12.2	-6.099430505
28	11	2014	242.7234	22.26931	25.12	34.355	390.03	397.28	-7.25	2.55	-1.094826137
28	11	2014	242.57607	22.31234	25.17	34.355	390.03	397.28	-7.25	3.475	-1.09078576
28	11	2014	242.91548	22.21	25.37	34.354	394.01999	397.28	-3.26001	0.625	-0.483287701
28	11	2014	242.86769	22.22382	25.33	34.352	394.76001	397.28	-2.51999	3.125	-0.374689923
31	10	2018	251.74542	20.25343	28.61	34.351	410.16	406	4.16	1.1	0.486852813
28	11	2014	243.10423	22.15687	25.59	34.351	390.42001	397.28	-6.85999	2.15	-1.000619895
28	11	2014	242.52722	22.32735	25.05	34.351	389.42001	397.28	-7.85999	3.175	-1.193124923
21	10	2002	246.32599	20.741	27.31	34.35	419.62	370.55	49.07	3.73	6.310320377
28	11	2014	242.47858	22.34171	24.97	34.35	389.85001	397.28	-7.42999	1.325	-1.134556009
28	11	2014	243.05754	22.16909	25.6	34.349	390.54999	397.28	-6.73001	1.9	-0.98094616
29	11	2014	243.15169	22.14479	25.59	34.346	390.16	397.28	-7.12	1.375	-1.038568797
28	11	2014	242.81995	22.23903	25.3	34.346	393.07999	397.28	-4.20001	4.15	-0.62588891
28	11	2014	242.43022	22.35582	24.96	34.346	391.51001	397.28	-5.76999	0.45	-0.881743193
31	10	2018	251.21556	20.5315	28.73	34.344	419.63	406	13.63	0.425	1.581442538
24	11	2005	245.48302	21.79935	24.03	34.344	340.69	378.35	-37.66	12.2	-6.167026013
20	11	2005	253.73059	18.24021	28.5	34.34	338.87	378.35	-39.48	10.8	-4.657483506
31	10	2018	251.2588	20.50756	28.73	34.34	421.70001	406	15.70001	0.575	1.821650029
28	11	2014	243.01068	22.18224	25.54	34.339	391.12	397.28	-6.16	2	-0.901882643
28	11	2014	242.96327	22.19603	25.48	34.339	392.26999	397.28	-5.01001	1.125	-0.736765668
28	11	2014	242.38214	22.36994	25.01	34.338	392.54001	397.28	-4.73999	0.175	-0.721692577
28	11	2014	242.28604	22.39963	24.81	34.338	390.07001	397.28	-7.20999	2.925	-1.114151573
19	12	2007	250	19.081	26.22	34.337	379.6965027	386.1	-6.403497314	3.41	-0.891811307
28	11	2014	242.33392	22.38434	24.96	34.335	390.32999	397.28	-6.95001	4.125	-1.062120497
20	12	2007	250	17.333	26.252	34.333	397.5112	386.1	11.41119995	2.68001	1.585533166
24	11	2005	246.17125	21.49288	24.12	34.328	340.54	378.35	-37.81	10.4	-6.150598942
28	11	2014	242.23782	22.41405	24.64	34.327	391.82001	397.28	-5.45999	3.15	-0.854477432
26	11	2016	250	18.501	28.101	34.325	413.1635132	403.53	9.633513184	3.58	1.169823694
26	11	2016	250	18.501	27.985	34.323	415.3057861	403.53	11.77578613	3.15001	1.442047529
31	10	2018	251.30205	20.48359	28.73	34.323	424.34	406	18.34	0.875	2.128119608
22	11	2005	248.73447	20.36647	26.16	34.322	338.67	378.35	-39.68	10.2	-5.550959715
21	10	2002	246.41	20.444	27.29	34.32	421.39999	370.55	50.84999	1.03	6.549610478
22	11	2005	248.78484	20.34394	26.66	34.319	338.01	378.35	-40.34	10.8	-5.440383245
22	11	2005	248.58244	20.43238	25.32	34.319	338.22	378.35	-40.13	9.7	-5.972095509
20	11	2005	255.11411	17.60343	28.49	34.317	368.42	378.35	-9.93	8.9	-1.172411617
24	11	2005	246.22151	21.47091	24.2	34.317	341.23	378.35	-37.12	10.2	-6.00274762
22	11	2005	251.60069	19.12224	27.89	34.312	342.39	378.35	-35.96	12	-4.434263952
31	10	2018	251.34538	20.45958	28.72	34.311	419.92999	406	13.92999	2.075	1.617644482
24	11	2005	245.82536	21.64602	24.32	34.311	341.4	378.35	-36.95	11.5	-5.922246337
21	10	2002	246.379	20.576	27.4	34.31	426.76999	370.55	56.21999	1.75	7.183839882
19	10	2000	245.968	22.214	24.39	34.31	426.64999	368.45	58.19999	0.60001	9.279708611
22	11	2005	249.09288	20.21215	26.63	34.306	337.46	378.35	-40.89	8.2	-5.526986888
21	10	2002	246.33	20.757	27.21	34.3	421.88	370.55	51.33	1.75	6.650656833
31	10	2018	251.83739	20.20858	28.62	34.299	406.84	406	0.84	1.675	0.098257845
22	11	2005	248.68373	20.38878	25.47	34.297	339.18	378.35	-39.17	9.9	-5.765614991
22	11	2005	250.61501	19.54055	27.19	34.293	338.74	378.35	-39.61	11.7	-5.139777246
22	11	2005	249.85162	19.86812	27.21	34.292	340.15	378.35	-38.2	10.4	-4.949619231
31	10	2018	251.88324	20.18584	28.6	34.292	415.12	406	9.12	2.15	1.068372686
22	11	2005	248.53253	20.45461	25.33	34.292	337.72	378.35	-40.63	9.6	-6.042766568
8	10	2002	251.877	17.05	28.66	34.29	377.39001	370.55	6.84001	2.28999	0.797825457
8	10	2002	251.87	17.061	28.67	34.29	376.67001	370.55	6.12001	1.02	0.7133291
8	10	2002	251.866	17.066	28.68	34.29	377.25	370.55	6.7	0.28	0.78036771
8	10	2002	251.862	17.072	28.69	34.29	377.37	370.55	6.82	0.87	0.793771613
8	10	2002	251.86099	17.075	28.69	34.29	377.09	370.55	6.54	0.64999	0.761182749
8	10	2002	251.85699	17.081	28.68	34.29	378.13	370.55	7.58	1.05	0.882863768
8	10	2002	251.854	17.086	28.64	34.29	377.20999	370.55	6.65999	0.2	0.777949636
8	10	2002	251.85001	17.092	28.65	34.29	390.60999	370.55	20.05999	0.66	2.341505759
8	10	2002	251.84601	17.098	28.62	34.29	398.03	370.55	27.48	2.2	3.214559531
22	11	2005	249.04111	20.23429	26.79	34.29	337.41	378.35	-40.94	7.8	-5.469774258
29	11	2014	248.42545	20.38596	26.24	34.29	404.04999	397.28	6.76999	5.625	0.941665227
24	11	2005	245.28665	21.8874	23.74	34.29	335.76	378.35	-42.59	11.7	-7.128869492
20	11	2005	257.18988	16.71891	28.78	34.288	365.33	378.35	-13.02	6.9	-1.505591624
1	11	2018	252.29291	19.97035	28.48	34.286	432.25	408.02	24.23	4.8	2.863228073
24	11	2005	245.77664	21.66819	24.23	34.284	341.32	378.35	-37.03	11	-5.975707993
22	11	2005	250.71474	19.50114	27.22	34.282	338.64	378.35	-39.71	12.7	-5.14174843
31	10	2018	252.11017	20.0659	28.57	34.282	429.87	406	23.87	0.95	2.802461015
31	10	2018	252.06485	20.09042	28.58	34.282	428.5	406	22.5	3.5	2.639709515
8	10	2002	251.886	17.036	28.65	34.28	379.07999	370.55	8.52999	2.72	0.995707309
8	10	2002	251.884	17.038	28.66	34.28	378.51001	370.55	7.96001	1.8	0.928503231
8	10	2002	251.88	17.044	28.67	34.28	377.62	370.55	7.07	1.49001	0.824092334
8	10	2002	251.873	17.055	28.67	34.28	377.23001	370.55	6.68001	2.89	0.778634375
8	10	2002	251.843	17.103	28.59	34.28	397.07001	370.55	26.52001	2.55	3.109120236
8	10	2002	251.83899	17.109	28.59	34.28	394.76999	370.55	24.21999	1.97	2.839473327
8	10	2002	251.83701	17.112	28.58	34.28	391.17001	370.55	20.62001	1.8	2.419169092
22	11	2005	251.7982	19.04065	27.93	34.28	343.7	378.35	-34.65	12.9	-4.260940119
22	11	2005	249.14433	20.18973	26.84	34.28	337.5	378.35	-40.85	8	-5.438087641
22	11	2005	250.66536	19.52095	27.16	34.279	338.94	378.35	-39.41	12.4	-5.125331525
24	11	2005	246.12115	21.51468	24.22	34.279	340.51	378.35	-37.84	10.3	-6.111110274
22	11	2005	251.84753	19.02011	27.93	34.278	343.38	378.35	-34.97	12.9	-4.300328021
31	10	2018	252.24739	19.99361	28.47	34.277	430.42999	406	24.42999	3.475	2.889058908
31	10	2018	251.97443	20.13876	28.61	34.276	424.22	406	18.22	3	2.133009048
20	11	2005	257.14221	16.73889	28.73	34.275	365.06	378.35	-13.29	7.6	-1.542450191
24	11	2005	246.021	21.55812	24.24	34.274	340.26	378.35	-38.09	10.6	-6.14246332
22	11	2005	248.83525	20.32148	27.05	34.273	338.05	378.35	-40.3	10.7	-5.283421792
1	11	2018	252.60896	19.8029	28.41	34.272	420.45001	408.02	12.43001	6.525	1.476375879
22	11	2005	248.63283	20.41058	25.18	34.272	338.77	378.35	-39.58	9.7	-5.9527357
24	11	2005	246.07101	21.53646	24.28	34.272	340.5	378.35	-37.85	10	-6.085656331
8	10	2002	251.90601	17.005	28.63	34.27	377.32999	370.55	6.77999	2.12	0.792606601
8	10	2002	251.834	17.117	28.57	34.27	387.62	370.55	17.07	2.40001	2.004209365
21	10	2002	246.41501	20.45	27.22	34.27	424.79999	370.55	54.24999	0.45	7.024789677
21	10	2002	246.377	20.558	27.35	34.27	429.41	370.55	58.86	1.27	7.549917752
19	10	2000	245.99899	22.107	24.36	34.27	427.28	368.45	58.83	1.44	9.402810681
20	11	2005	257.23758	16.69884	28.89	34.269	365.69	378.35	-12.66	7	-1.452521598
29	11	2014	248.47139	20.36919	26.28	34.268	403.41	397.28	6.13	5.15	0.850231135
24	11	2005	245.87407	21.624	24.22	34.268	340.34	378.35	-38.01	11.5	-6.138868319
31	10	2018	252.0195	20.11476	28.59	34.267	426.70999	406	20.70999	3.6	2.428107946
22	11	2005	250.56516	19.56132	27.26	34.266	339.05	378.35	-39.3	12.7	-5.074207996
24	11	2005	245.4344	21.82116	23.78	34.266	337.27	378.35	-41.08	12.1	-6.856315432
20	11	2005	253.82721	18.19785	28.44	34.265	335.19	378.35	-43.16	10	-5.115385703
31	10	2018	251.92909	20.16288	28.62	34.265	420.29999	406	14.29999	0.15	1.672966061
24	11	2005	245.23752	21.90961	23.67	34.265	336.04	378.35	-42.31	11.5	-7.120010376
22	11	2005	248.48277	20.47723	25.35	34.264	337.69	378.35	-40.66	9	-6.039056103
22	11	2005	250.05273	19.77639	27.42	34.263	343.89	378.35	-34.46	11.5	-4.397825132
24	11	2005	246.2717	21.44867	24.28	34.263	340.35	378.35	-38	9.7	-6.110020685
22	11	2005	250.10397	19.75447	27.44	34.262	342.68	378.35	-35.67	11.3	-4.54564719
22	11	2005	248.98892	20.25536	27.07	34.262	339.31	378.35	-39.04	8.8	-5.111017689
31	10	2018	252.20209	20.01718	28.49	34.261	431.88	406	25.88	5.1	3.05632676
8	10	2002	251.909	17	28.64	34.26	376.87	370.55	6.32	0.48	0.738330746
8	10	2002	251.83	17.123	28.59	34.26	384.69	370.55	14.14	3.55	1.657870399
21	10	2002	246.321	20.773	27.06	34.26	425.13	370.55	54.58	1.87	7.150750994
22	11	2005	249.1956	20.16734	26.91	34.259	338.07	378.35	-40.28	7.8	-5.335355786
31	10	2018	251.79123	20.23111	28.62	34.258	404.73001	406	-1.26999	1.8	-0.148581508
31	10	2018	252.15598	20.04142	28.58	34.256	431.84	406	25.84	2.95	3.031898572
24	11	2005	246.3219	21.42668	24.36	34.256	340.62	378.35	-37.73	9.8	-6.030772138
22	11	2005	249.80289	19.89028	27.32	34.255	340.53	378.35	-37.82	9.6	-4.862060982
22	11	2005	249.75349	19.91211	27.33	34.255	341.37	378.35	-36.98	8.9	-4.750612217
28	11	2014	242.18961	22.42766	24.16	34.254	407.10001	397.28	9.82001	0.9	1.59320557
1	11	2018	252.33844	19.94765	28.44	34.251	423.28	408.02	15.26	4.075	1.808746313
22	11	2005	248.43303	20.50022	25.25	34.251	337.96	378.35	-40.39	9.9	-6.043776062
8	10	2002	251.827	17.128	28.66	34.25	383.35999	370.55	12.80999	0.8	1.494426483
8	10	2002	251.823	17.134	28.68	34.25	382.04999	370.55	11.49999	1.63	1.339666033
8	10	2002	251.819	17.139	28.7	34.25	381.22	370.55	10.67	1.02	1.241186118
8	10	2002	251.793	17.182	28.78	34.25	378.06	370.55	7.51	2.90001	0.868574213
20	11	2005	254.20721	18.01663	28.58	34.25	332.19	378.35	-46.16	9.5	-5.416255719
21	10	2002	246.384	20.546	27.32	34.25	431.89001	370.55	61.34001	0.39999	7.885916589
22	11	2005	247.98473	20.70517	25.27	34.25	339.6	378.35	-38.75	7.5	-5.789837894
19	10	2000	245.946	22.291	24.11	34.25	425.82001	368.45	57.37001	4.00999	9.342687812
1	11	2018	252.51895	19.85006	28.44	34.248	415.29001	408.02	7.27001	0.05	0.861715178
1	11	2018	252.47423	19.87496	28.43	34.248	414.10999	408.02	6.08999	3.65	0.722369107
22	11	2005	248.93698	20.27686	27.12	34.247	339.47	378.35	-38.88	9.8	-5.071878195
22	11	2005	249.24689	20.14484	26.97	34.246	338.3	378.35	-40.05	7.4	-5.282007175
22	11	2005	249.34933	20.09949	27.17	34.245	336.92	378.35	-41.43	7.7	-5.384908737
22	11	2005	249.29816	20.12229	27.08	34.245	337.23	378.35	-41.12	7.2	-5.379800732
22	11	2005	249.65358	19.9567	27.45	34.244	341.71	378.35	-36.64	8.9	-4.666230004
22	11	2005	250.15572	19.73273	27.52	34.243	342.1	378.35	-36.25	11.5	-4.59313819
1	11	2018	252.42952	19.89984	28.41	34.243	414.28	408.02	6.26	4.825	0.743625091
22	11	2005	249.40041	20.07587	27.25	34.242	337.04	378.35	-41.31	8.5	-5.338173656
8	10	2002	251.81601	17.145	28.7	34.24	380.63	370.55	10.08	2.72	1.172604798
8	10	2002	251.814	17.148	28.7	34.24	379.45001	370.55	8.90001	5.12	1.035336749
8	10	2002	251.79599	17.176	28.77	34.24	378.57999	370.55	8.02999	3.95	0.929423693
19	10	2000	245.951	22.274	24.11	34.24	426.23001	368.45	57.78001	0.34	9.409879217
19	10	2000	245.94099	22.306	24.05	34.24	425.85999	368.45	57.40999	-1.7	9.391563839
24	11	2005	245.97176	21.57995	24.19	34.239	340.94	378.35	-37.41	10.9	-6.056276128
20	11	2005	254.15993	18.0386	28.48	34.238	332.32	378.35	-46.03	9.4	-5.440429812
1	11	2018	252.6539	19.77973	28.38	34.237	415.03	408.02	7.01	5.6	0.834546919
22	11	2005	248.88568	20.29906	27.09	34.237	337.83	378.35	-40.52	10.2	-5.297622114
1	11	2018	252.56371	19.82614	28.44	34.236	419.47	408.02	11.45	2.85	1.357240022
22	11	2005	250.5153	19.5823	27.36	34.235	339.2	378.35	-39.15	12	-5.018844989
22	11	2005	249.45114	20.05213	27.31	34.235	337.82	378.35	-40.53	9	-5.21470262
1	11	2018	252.38422	19.92446	28.43	34.234	418.60999	408.02	10.58999	4.7	1.25621598
22	11	2005	249.70378	19.93405	27.39	34.234	341.52	378.35	-36.83	9.3	-4.711154243
29	11	2014	248.5173	20.35293	26.39	34.234	403.57001	397.28	6.29001	2.6	0.865547672
22	11	2005	248.0345	20.6831	25.24	34.234	339.52	378.35	-38.83	7.7	-5.815079406
22	11	2005	251.15526	19.31256	27.41	34.233	341.01	378.35	-37.34	11.7	-4.769465506
22	11	2005	247.93488	20.72715	25.21	34.233	340.05	378.35	-38.3	7.6	-5.748464478
22	11	2005	246.62534	21.29571	24.26	34.231	339.51	378.35	-38.84	10	-6.255292537
8	10	2002	251.80701	17.159	28.74	34.23	379.42999	370.55	8.87999	2.53	1.030076114
8	10	2002	251.804	17.165	28.76	34.23	378.54999	370.55	7.99999	3.98	0.926658995
8	10	2002	251.8	17.17	28.77	34.23	378.16	370.55	7.61	4.97	0.88085013
21	10	2002	246.40601	20.475	27.21	34.23	428	370.55	57.45	1.32001	7.445877591
24	11	2005	245.92282	21.60202	24.14	34.23	340.68	378.35	-37.67	11.2	-6.121388656
22	11	2005	249.60298	19.9802	27.47	34.227	339.89	378.35	-38.46	9.1	-4.891254168
20	11	2005	257.28479	16.67917	28.93	34.226	366.05	378.35	-12.3	7.6	-1.407416864
22	11	2005	250.2079	19.71084	27.59	34.225	341.77	378.35	-36.58	12.2	-4.611785833
22	11	2005	251.05713	19.35474	27.47	34.223	336.91	378.35	-41.44	12.1	-5.270335394
1	11	2018	252.87183	19.66502	28.34	34.222	413.12	408.02	5.1	1.475	0.608957589
29	11	2014	249.94853	19.85752	26.78	34.222	421.37	397.28	24.09	2.05	3.22184825
1	11	2018	252.91451	19.64171	28.33	34.221	415.16	408.02	7.14	2.35	0.85316106
22	11	2005	246.57466	21.31702	24.27	34.221	340.22	378.35	-38.13	10.4	-6.136648118
8	10	2002	251.811	17.154	28.72	34.22	379.70001	370.55	9.15001	3.12	1.06297604
22	11	2005	249.50166	20.02806	27.37	34.22	337.61	378.35	-40.74	9.3	-5.219216144
21	10	2002	246.39099	20.53	27.31	34.22	432.85999	370.55	62.30999	1.43001	8.017500695
30	11	2014	249.99168	19.84052	26.78	34.219	421.29001	397.28	24.01001	4.425	3.211192415
20	11	2005	255.25584	17.53987	28.53	34.217	368.19	378.35	-10.16	6.5	-1.196621119
22	11	2005	251.10605	19.33368	27.47	34.217	338.35	378.35	-40	12.7	-5.087329088
22	11	2005	250.46471	19.60353	27.41	34.213	339.54	378.35	-38.81	12.4	-4.957661199
1	11	2018	252.9566	19.61887	28.34	34.213	414.34	408.02	6.32	2.35	0.754659068
22	11	2005	250.3118	19.66746	27.72	34.213	337.03	378.35	-41.32	12.7	-5.160677342
20	11	2005	257.09433	16.75883	28.82	34.211	364.59	378.35	-13.76	7.6	-1.58710562
22	11	2005	251.20488	19.29131	27.47	34.211	340.39	378.35	-37.96	12.4	-4.8280013
22	11	2005	250.26013	19.68903	27.68	34.211	338.5	378.35	-39.85	12.1	-4.991604452
19	10	2000	245.936	22.323	23.93	34.21	425.92999	368.45	57.47999	4.47	9.488922478
22	11	2005	251.0081	19.37588	27.49	34.209	336.78	378.35	-41.57	11.9	-5.27950505
22	11	2005	250.36295	19.64598	27.71	34.207	338.53	378.35	-39.82	12.6	-4.977076796
29	11	2014	248.56329	20.3374	26.66	34.207	407.85001	397.28	10.57001	5.225	1.426206229
22	11	2005	250.00177	19.79868	27.43	34.206	343.6	378.35	-34.75	10.9	-4.432708976
20	11	2005	254.11279	18.06091	28.46	34.202	332.77	378.35	-45.58	9	-5.395869119
22	11	2005	250.76382	19.48052	27.46	34.201	339.28	378.35	-39.07	12	-4.973010686
20	11	2005	253.87552	18.1763	28.41	34.2	335.68	378.35	-42.67	10.1	-5.069705926
22	11	2005	251.35423	19.22739	28.01	34.2	342.37	378.35	-35.98	11.5	-4.400428147
1	11	2018	252.99918	19.59606	28.35	34.2	411.5	408.02	3.48	1.45	0.415263002
19	10	2000	245.909	22.416	23.99	34.2	424.38	368.45	55.93	2.7	9.192179201
19	10	2000	245.903	22.433	24.02	34.2	424.70001	368.45	56.25001	2.92	9.224091453
19	10	2000	245.886	22.493	24.04	34.2	426.91	368.45	58.46	1.37	9.572194302
22	11	2005	249.55241	20.00397	27.42	34.199	338.67	378.35	-39.68	8.5	-5.065418171
22	11	2005	250.81285	19.45962	27.5	34.197	339.84	378.35	-38.51	11.4	-4.887575873
20	11	2005	254.72925	17.77368	28.66	34.192	368.4	378.35	-9.95	7.2	-1.161066331
20	11	2005	254.35208	17.94979	28.47	34.192	333.79	378.35	-44.56	10.5	-5.271535849
1	11	2018	252.69829	19.75647	28.37	34.191	415.94	408.02	7.92	0.25	0.943752195
19	10	2000	245.918	22.382	23.92	34.19	425.42999	368.45	56.97999	5.12	9.414259223
19	10	2000	245.91299	22.4	23.96	34.19	424.59	368.45	56.14	1.69	9.247802545
22	11	2005	251.40361	19.20602	28.05	34.188	341.88	378.35	-36.47	12.4	-4.447676302
20	11	2005	254.01787	18.10679	28.53	34.186	335.46	378.35	-42.89	10.4	-5.052157795
20	11	2005	254.06543	18.08375	28.46	34.185	333.26	378.35	-45.09	9.9	-5.338252347
22	11	2005	250.9592	19.39694	27.53	34.185	336.97	378.35	-41.38	11.4	-5.240656529
22	11	2005	250.86182	19.43862	27.51	34.185	338.81	378.35	-39.54	12.2	-5.014913929
1	11	2018	252.82921	19.68841	28.35	34.184	417.92999	408.02	9.90999	1.375	1.182625274
22	11	2005	247.68573	20.83929	24.98	34.184	340.95	378.35	-37.4	9.3	-5.710961123
22	11	2005	251.55141	19.1426	28	34.182	342.35	378.35	-36	12.2	-4.406409608
24	11	2005	245.38525	21.84314	23.53	34.181	336.68	378.35	-41.67	11.9	-7.088944552
20	10	2002	247.314	17.296	28.7	34.18	379.64001	370.55	9.09001	0.64999	1.057711837
20	11	2005	255.16176	17.58234	28.61	34.18	368.63	378.35	-9.72	6.7	-1.138386545
24	11	2005	245.3358	21.86529	23.44	34.175	336.75	378.35	-41.6	11.7	-7.125167165
22	11	2005	250.91049	19.41779	27.54	34.172	337.55	378.35	-40.8	11.9	-5.163737306
20	11	2005	253.9705	18.1301	28.55	34.171	336.36	378.35	-41.99	9.8	-4.939323544
22	11	2005	248.08461	20.66117	25.03	34.17	338.89	378.35	-39.46	7.8	-6.003633271
20	11	2005	255.20886	17.56089	28.63	34.169	368.67	378.35	-9.68	6.3	-1.132119951
29	11	2014	249.9048	19.87328	26.82	34.168	415.84	397.28	18.56	2.775	2.475595078
20	11	2005	257.33215	16.65921	28.95	34.167	366.71	378.35	-11.64	7.2	-1.330316042
22	11	2005	247.88513	20.74928	25.02	34.167	339.86	378.35	-38.49	8.6	-5.860467609
22	11	2005	247.73602	20.81665	24.95	34.167	340.51	378.35	-37.84	8.8	-5.791439723
20	11	2005	256.95264	16.81881	28.83	34.166	374.11	378.35	-4.24	8.2	-0.488791931
22	11	2005	247.63495	20.86241	24.84	34.166	341.06	378.35	-37.29	10.2	-5.753997201
20	11	2005	257.04678	16.77887	28.89	34.165	366.7	378.35	-11.65	7.7	-1.337236815
29	11	2014	249.86098	19.88885	26.88	34.164	415.16	397.28	17.88	3.775	2.374506401
22	11	2005	247.78592	20.79412	24.97	34.164	340.71	378.35	-37.64	8.1	-5.752379789
20	11	2005	254.39972	17.92689	28.54	34.163	335.19	378.35	-43.16	10.6	-5.080794228
20	11	2005	254.4928	17.88137	28.59	34.162	338.08	378.35	-40.27	10.9	-4.723519727
20	11	2005	254.30354	17.97218	28.51	34.16	332.74	378.35	-45.61	10.8	-5.380924115
22	11	2005	251.45287	19.18463	28.05	34.159	342.47	378.35	-35.88	12	-4.376271837
22	11	2005	248.38335	20.52362	24.81	34.159	339.34	378.35	-39.01	9.8	-6.032992214
22	11	2005	249.90089	19.84476	27.48	34.158	340.11	378.35	-38.24	10.7	-4.861197537
22	11	2005	249.95097	19.82152	27.5	34.157	340.74	378.35	-37.61	10.8	-4.774180804
29	11	2014	249.81667	19.90425	26.88	34.156	415.23999	397.28	17.95999	8.15	2.385212763
20	11	2005	254.25523	17.99436	28.62	34.155	332.48	378.35	-45.87	10.5	-5.368901135
20	11	2005	254.44653	17.90408	28.55	34.154	335.76	378.35	-42.59	10.9	-5.010268357
22	11	2005	247.83545	20.77172	24.99	34.153	340.31	378.35	-38.04	9.4	-5.805191624
20	11	2005	253.92325	18.15351	28.45	34.152	335.99	378.35	-42.36	9.2	-5.019382933
24	11	2005	246.52405	21.33874	24.1	34.151	340.36	378.35	-37.99	10.5	-6.194032036
24	11	2005	246.42282	21.38272	24.09	34.148	340.23	378.35	-38.12	9.7	-6.219949792
29	11	2014	249.72624	19.93491	26.88	34.147	413.23001	397.28	15.95001	0.825	2.118356735
22	11	2005	246.6763	21.27449	24.02	34.147	339.82	378.35	-38.53	10.2	-6.319803473
20	11	2005	256.99979	16.79893	28.87	34.144	368.78	378.35	-9.57	7.7	-1.100168505
20	10	2002	247.304	17.312	28.65	34.14	380.59	370.55	10.04	3.2	1.172676045
22	11	2005	248.13512	20.63915	24.92	34.14	338.42	378.35	-39.93	8.7	-6.125649733
24	11	2005	246.47333	21.36061	24.08	34.136	340.34	378.35	-38.01	10.2	-6.206965003
1	11	2018	252.74225	19.73362	28.33	34.134	416.45999	408.02	8.43999	1.925	1.008875562
20	11	2005	257.4274	16.61897	28.98	34.133	367.57	378.35	-10.78	6.9	-1.229548587
29	11	2014	249.77115	19.91965	26.87	34.133	412.60999	397.28	15.32999	2.725	2.03762286
20	11	2005	256.90451	16.83756	28.83	34.132	376.01	378.35	-2.34	7.8	-0.269797134
20	11	2005	254.53969	17.85844	28.59	34.131	368.43	378.35	-9.92	10.3	-1.163733787
22	11	2005	251.50212	19.16338	28.04	34.131	344.15	378.35	-34.2	12	-4.174891935
20	11	2005	254.58713	17.83643	28.65	34.125	366.01	378.35	-12.34	10.4	-1.441409841
20	11	2005	254.68221	17.7943	28.67	34.122	368.25	378.35	-10.1	7.8	-1.178073853
22	11	2005	251.25482	19.26996	27.74	34.122	338.85	378.35	-39.5	12.3	-4.928153097
24	11	2005	246.37239	21.40471	24.01	34.122	340.16	378.35	-38.19	9.3	-6.26941882
20	10	2002	247.239	17.503	29.06	34.12	380.26999	370.55	9.71999	0.7	1.102341597
20	11	2005	257.37976	16.63901	28.98	34.119	367.49	378.35	-10.86	6.9	-1.238747477
20	11	2005	254.63474	17.81514	28.65	34.111	367.37	378.35	-10.98	8.8	-1.282628188
20	10	2002	247.28299	17.389	28.82	34.11	380.37	370.55	9.82	4.27	1.13314882
20	10	2002	247.26599	17.42	28.93	34.11	379.79999	370.55	9.24999	0.78	1.058948018
20	10	2002	247.23001	17.518	29.02	34.11	380.28	370.55	9.73	0.78999	1.10670527
20	12	2007	250	16.751	27.098	34.107	371.8755188	386.1	-14.2244812	5.48	-1.859692454
1	11	2018	252.78603	19.71124	28.31	34.106	417.75	408.02	9.73	4.95	1.164901422
20	12	2007	250	16.751	27.126	34.104	384.1320801	386.1	-1.967919922	3.23	-0.256762199
30	11	2014	251.28882	19.31803	27.97	34.102	401.20001	397.28	3.92001	4.225	0.481021331
30	11	2014	251.24382	19.33542	27.98	34.101	401.69	397.28	4.41	3.4	0.540757771
20	10	2002	247.32199	17.266	28.49	34.1	376.07999	370.55	5.52999	0.12	0.653522763
20	10	2002	247.28299	17.372	28.79	34.1	380.5	370.55	9.95	0.97	1.150684826
20	10	2002	247.248	17.487	29.11	34.1	380.5	370.55	9.95	1.49001	1.124471277
22	11	2005	251.30466	19.24866	27.87	34.097	341.32	378.35	-37.03	12.6	-4.577096192
20	10	2002	247.245	17.472	29.1	34.09	380.69	370.55	10.14	0.08	1.146817222
22	11	2005	248.28404	20.57039	24.67	34.09	337.82	378.35	-40.53	10.2	-6.335464195
30	11	2014	251.33376	19.30119	27.94	34.088	400.34	397.28	3.06	4.05	0.376330666
30	11	2014	251.19934	19.35366	27.97	34.084	401.81	397.28	4.53	2.2	0.555916016
30	11	2014	250.97928	19.44358	27.97	34.081	401.70999	397.28	4.42999	7.6	0.543649969
20	10	2002	247.312	17.282	28.64	34.08	377.04001	370.55	6.49001	0.75	0.758778585
20	10	2002	247.27499	17.404	28.91	34.08	380.72	370.55	10.17	1.42	1.166099936
30	11	2014	251.02272	19.42545	27.97	34.078	402.28	397.28	5	2.875	0.613609766
30	11	2014	251.37837	19.28387	27.9	34.064	399.64999	397.28	2.36999	3.3	0.292347742
22	11	2005	248.33369	20.54708	24.47	34.064	338.57	378.35	-39.78	10.1	-6.312055055
27	11	2016	250	18	28.767	34.059	407.7578125	403.53	4.2278125	4.98	0.489830267
2	11	2018	258.94504	16.75817	28.23	34.056	397.39001	408.02	-10.62999	6.35	-1.280314747
30	11	2014	251.06654	19.40767	27.9	34.041	401.39999	397.28	4.11999	0.925	0.508267854
22	11	2005	247.58421	20.88566	24.31	34.036	340.67	378.35	-37.68	10.4	-6.051209388
30	11	2014	251.15509	19.37191	27.91	34.032	399.79999	397.28	2.51999	-0.125	0.310668486
1	11	2018	258.28271	17.03896	28.21	34.03	363.70001	408.02	-44.31999	2.35	-5.346394189
1	11	2018	258.66153	16.87929	28.19	34.028	376.44	408.02	-31.58	1.325	-3.815100575
22	11	2005	246.72745	21.2534	23.69	34.028	340	378.35	-38.35	10.4	-6.450853622
22	11	2005	248.18506	20.61688	24.51	34.025	338.43	378.35	-39.92	9.1	-6.316562573
20	11	2005	256.85599	16.8564	28.84	34.023	379.24	378.35	0.89	7.8	0.102589142
1	11	2018	258.23572	17.05938	28.21	34.023	382.85999	408.02	-25.16001	3.2	-3.035185592
2	11	2018	258.89795	16.77862	28.23	34.022	389.38	408.02	-18.64	3.7	-2.245398937
30	11	2014	251.11073	19.38988	27.87	34.022	398.95001	397.28	1.67001	0.525	0.20648879
1	11	2018	258.18835	17.07968	28.2	34.017	378.84	408.02	-29.18	2.225	-3.522778725
2	11	2018	258.70914	16.85908	28.22	34.016	376.64001	408.02	-31.37999	1.9	-3.782909884
30	11	2014	251.42307	19.26633	27.81	34.015	398.35001	397.28	1.07001	5.55	0.132882988
22	11	2005	247.48309	20.93176	24.3	34.008	340.04	378.35	-38.31	9.1	-6.157741024
1	11	2018	258.56653	16.91793	28.22	34.002	376.48001	408.02	-31.53999	1.575	-3.802427863
1	11	2018	258.1413	17.09968	28.19	34.002	377.07999	408.02	-30.94001	1.625	-3.738204518
22	11	2005	248.23447	20.59379	24.44	34	338.07	378.35	-40.28	9.8	-6.407505871
2	11	2018	258.85098	16.7991	28.19	33.997	388.85001	408.02	-19.16999	2.625	-2.316188325
1	11	2018	258.33047	17.01788	28.21	33.992	362.29999	408.02	-45.72001	0.075	-5.516185507
20	10	2002	247.34201	17.203	28.56	33.99	362.73001	370.55	-7.81999	2.81999	-0.919924472
22	11	2005	247.43279	20.95465	24.31	33.989	340.23	378.35	-38.12	8.8	-6.123162347
1	11	2018	258.04749	17.13895	28.21	33.986	368	408.02	-40.02	3.075	-4.828596068
2	11	2018	258.80399	16.81918	28.19	33.983	388.54001	408.02	-19.47999	2.475	-2.353785903
2	11	2018	258.75674	16.83897	28.19	33.977	384	408.02	-24.02	1.2	-2.902434844
1	11	2018	258.09433	17.11934	28.2	33.977	373.06	408.02	-34.96	1.6	-4.221302567
24	11	2005	245.18805	21.93166	23.02	33.974	337.21	378.35	-41.14	11.4	-7.279100356
1	11	2018	256.89966	17.6172	28.24	33.965	396.19	408.02	-11.83	0.075	-1.424376589
24	11	2005	244.94016	22.04127	22.96	33.957	336.12	378.35	-42.23	11.5	-7.506407899
24	11	2005	244.99008	22.01942	22.97	33.951	335.07	378.35	-43.28	11.7	-7.68745757
1	11	2018	256.94424	17.59803	28.26	33.938	399.45001	408.02	-8.56999	3.55	-1.030486651
1	11	2018	256.85526	17.63678	28.24	33.936	396.32001	408.02	-11.69999	0.2	-1.408899161
1	11	2018	258.37744	16.99756	28.2	33.935	370.88	408.02	-37.14	3.175	-4.48534328
30	11	2014	250.93588	19.46143	27.74	33.928	394.57999	397.28	-2.70001	6.8	-0.33714591
22	11	2005	247.5336	20.90881	23.96	33.928	339.96	378.35	-38.39	9.9	-6.33135281
1	11	2018	258.42459	16.97721	28.2	33.922	367.04999	408.02	-40.97001	3.925	-4.948165603
20	11	2005	256.80798	16.87527	28.93	33.92	377.41	378.35	-0.94	7.9	-0.107699726
24	11	2005	245.13878	21.95349	22.91	33.918	336.52	378.35	-41.83	11.3	-7.464721313
1	11	2018	257.76492	17.25649	28.25	33.915	370.79999	408.02	-37.22001	4.825	-4.47915333
1	11	2018	257.81158	17.23662	28.22	33.912	363.41	408.02	-44.61	1.925	-5.380223609
2	11	2018	258.99243	16.73859	28.17	33.911	398.45001	408.02	-9.56999	2.475	-1.158386847
20	10	2002	247.34	17.187	28.65	33.91	360.19	370.55	-10.36	1.55	-1.211248237
1	11	2018	257.85886	17.21688	28.21	33.903	355.78	408.02	-52.24	2.275	-6.305253158
22	11	2005	247.38281	20.97745	24.06	33.898	340.5	378.35	-37.85	9.5	-6.196697765
1	11	2018	256.98895	17.57883	28.26	33.893	403.91	408.02	-4.11	2.225	-0.494297229
22	11	2005	247.33302	21.00023	23.89	33.886	340.31	378.35	-38.04	10.5	-6.307722731
30	11	2014	255.54095	17.60878	28.79	33.881	391.39001	397.28	-5.88999	2.55	-0.681798098
1	11	2018	257.71869	17.27632	28.22	33.879	367.48999	408.02	-40.53001	2.55	-4.888849401
2	11	2018	259.27472	16.61928	28.15	33.876	391.20001	408.02	-16.81999	1.05	-2.039212673
24	11	2005	244.74031	22.12948	22.89	33.873	337.81	378.35	-40.54	8.6	-7.246922759
1	11	2018	257.90659	17.19721	28.2	33.867	361.22	408.02	-46.8	4.875	-5.653626413
30	11	2014	255.4953	17.62887	28.82	33.864	390.76999	397.28	-6.51001	3.925	-0.751995399
2	11	2018	259.22787	16.63977	28.29	33.861	396.14999	408.02	-11.87001	0.1	-1.424670961
24	11	2005	244.78999	22.10682	22.8	33.861	337.15	378.35	-41.2	9.9	-7.415516465
1	11	2018	257.67236	17.29644	28.21	33.858	354.44	408.02	-53.58	1.425	-6.468244284
24	11	2005	245.08926	21.97536	22.72	33.852	335.14	378.35	-43.21	11	-7.824764168
1	11	2018	258.00073	17.15859	28.21	33.849	373.48001	408.02	-34.53999	5.25	-4.169872543
1	11	2018	258.51892	16.93646	28.2	33.847	388.88	408.02	-19.14	2	-2.312387845
1	11	2018	258.47174	16.95675	28.2	33.84	375.39001	408.02	-32.62999	2.775	-3.942292164
24	11	2005	244.3927	22.28653	22.61	33.84	395.60001	378.35	17.25001	11	3.150017623
24	11	2005	244.88976	22.06291	22.73	33.837	336.45	378.35	-41.9	10.7	-7.582325548
1	11	2018	257.03427	17.56055	28.27	33.836	401.45001	408.02	-6.56999	1.1	-0.789775295
2	11	2018	259.03989	16.71961	28.17	33.835	397.28	408.02	-10.74	2.075	-1.30043582
30	11	2014	255.63048	17.57089	28.88	33.834	390.54999	397.28	-6.73001	1.075	-0.774153228
24	11	2005	245.03958	21.99727	22.72	33.831	335.11	378.35	-43.24	11.2	-7.830945465
30	11	2014	255.99707	17.4193	28.68	33.83	406.41	397.28	9.13	0.05	1.065499158
30	11	2014	255.5856	17.58907	28.76	33.828	389.04999	397.28	-8.23001	2.575	-0.954948382
30	11	2014	255.44901	17.64788	28.79	33.827	388.57999	397.28	-8.70001	1.075	-1.00730633
30	11	2014	256.13449	17.36367	28.78	33.826	403.13	397.28	5.85	3.35	0.677817401
30	11	2014	256.04288	17.40067	28.68	33.824	404.67001	397.28	7.39001	0.1	0.862459179
30	11	2014	255.81398	17.49538	28.71	33.824	398.07999	397.28	0.79999	2.7	0.09316182
20	10	2002	247.347	17.17	28.73	33.82	357.67999	370.55	-12.87001	0.64999	-1.496625406
24	11	2005	244.83974	22.08466	22.69	33.819	336.79	378.35	-41.56	10.4	-7.54419195
30	11	2014	256.08875	17.38213	28.67	33.816	401.53	397.28	4.25	1.175	0.496376016
24	11	2005	244.69046	22.15249	22.66	33.816	338.1	378.35	-40.25	7.6	-7.323088131
30	11	2014	255.95139	17.43802	28.65	33.813	405.13	397.28	7.85	0.95	0.91817193
2	11	2018	259.18149	16.6612	28.23	33.812	397.35999	408.02	-10.66001	0.425	-1.285282927
30	11	2014	255.85988	17.47595	28.56	33.809	404.23999	397.28	6.95999	0.1	0.819393607
24	11	2005	244.44206	22.26474	22.48	33.807	395.35001	378.35	17.00001	11.5	3.135546727
1	11	2018	257.95377	17.17796	28.2	33.804	362.70001	408.02	-45.31999	4.475	-5.476324242
2	11	2018	259.0874	16.70063	28.17	33.8	397.66	408.02	-10.36	0.425	-1.254613703
24	11	2005	244.34309	22.30793	22.45	33.799	396.17999	378.35	17.82999	11.6	3.296237146
2	11	2018	259.13458	16.68164	28.23	33.797	395.19	408.02	-12.83	0.05	-1.54701987
30	11	2014	255.90556	17.45675	28.57	33.793	403.28	397.28	6	0.95	0.705913393
24	11	2005	244.49184	22.2427	22.44	33.792	394.72	378.35	16.37	11	3.028719862
1	11	2018	257.08005	17.54301	28.27	33.789	401.78	408.02	-6.24	1.15	-0.750259428
24	11	2005	244.04518	22.43693	22.08	33.789	393.31	378.35	14.96	13.1	2.844608467
30	11	2014	256.18024	17.34515	28.76	33.788	403.39001	397.28	6.11001	3.1	0.709081225
30	11	2014	256.36243	17.2655	28.83	33.784	403.75	397.28	6.47	0.5	0.7470913
30	11	2014	256.27103	17.30537	28.83	33.784	404.01001	397.28	6.73001	1.525	0.77711467
30	11	2014	256.22546	17.32544	28.81	33.781	404.12	397.28	6.84	0.35	0.790965054
24	11	2005	244.54169	22.22041	22.42	33.781	336.48	378.35	-41.87	10.4	-7.758784743
30	11	2014	256.31671	17.28527	28.82	33.78	402.85999	397.28	5.57999	0.625	0.644797523
24	11	2005	244.59164	22.19807	22.45	33.78	336.48	378.35	-41.87	10	-7.741194316
24	11	2005	244.64096	22.17562	22.44	33.778	336.56	378.35	-41.79	8.5	-7.732332984
30	11	2014	255.40208	17.66568	28.79	33.773	387.23001	397.28	-10.04999	1.925	-1.163879515
24	11	2005	244.09431	22.41526	22.3	33.772	395.42999	378.35	17.07999	11.5	3.194112409
20	10	2002	247.457	16.762	28.92	33.77	354.44	370.55	-16.11	1.19	-1.848307106
20	10	2002	247.44901	16.777	28.91	33.77	354.89999	370.55	-15.65001	1.34	-1.796826355
20	10	2002	247.354	17.154	28.76	33.77	356.89001	370.55	-13.65999	2.64	-1.585396829
24	11	2005	244.29361	22.32932	22.28	33.768	394.73001	378.35	16.38001	11.4	3.067921012
24	11	2005	244.1443	22.39363	22.43	33.763	397.54999	378.35	19.19999	11.2	3.555479299
20	10	2002	247.44101	16.792	28.9	33.76	354.78	370.55	-15.77	1.53	-1.811985451
30	11	2014	250.89253	19.4792	27.39	33.76	386.06	397.28	-11.22	2.775	-1.438184408
24	11	2005	243.99683	22.45831	21.87	33.759	393.67001	378.35	15.32001	13.6	2.960450851
24	11	2005	244.24411	22.35116	22.16	33.758	395.59	378.35	17.24	11.4	3.258719893
1	11	2018	257.26184	17.46938	28.26	33.757	393.73999	408.02	-14.28001	3.95	-1.718421257
1	11	2018	257.62646	17.31655	28.22	33.755	311.23999	408.02	-96.78001	4.85	-11.68013873
24	11	2005	244.19441	22.37256	22.36	33.754	396.89999	378.35	18.54999	11.2	3.453538835
20	10	2002	247.425	16.853	28.86	33.75	355.17999	370.55	-15.37001	3.03	-1.77120032
24	11	2005	243.94888	22.47982	21.86	33.748	393.09	378.35	14.74	13.4	2.850686599
1	11	2018	257.12589	17.52605	28.27	33.741	399.10999	408.02	-8.91001	0.825	-1.071506902
20	10	2002	247.429	16.868	28.84	33.73	355.13	370.55	-15.42	3.28999	-1.779677169
20	10	2002	247.422	16.883	28.8	33.73	355.45001	370.55	-15.09999	2.42	-1.747776831
30	11	2014	255.35513	17.68434	28.88	33.72	386.76001	397.28	-10.51999	0.8	-1.210705965
1	11	2018	257.21753	17.49084	28.27	33.719	400.94	408.02	-7.08	4.85	-0.851512931
1	11	2018	257.172	17.50951	28.27	33.713	397.79999	408.02	-10.22001	4.6	-1.229194333
30	11	2014	255.67581	17.55324	29.09	33.712	388.97	397.28	-8.31	1.15	-0.942044647
30	11	2014	250.84915	19.49527	27.26	33.711	386.26999	397.28	-11.01001	0.65	-1.424997457
20	10	2002	247.416	16.898	28.81	33.71	355.32999	370.55	-15.22001	3.03999	-1.760549954
30	11	2014	255.76791	17.51459	28.89	33.7	387.19	397.28	-10.09	2.4	-1.16048294
30	11	2014	256.40836	17.24622	28.83	33.693	400.82999	397.28	3.54999	2.35	0.410077514
30	11	2014	255.72186	17.53416	29.07	33.679	388.56	397.28	-8.72	4.325	-0.990086873
1	11	2018	257.30624	17.44859	28.25	33.674	380.45999	408.02	-27.56001	3.525	-3.320093632
20	10	2002	247.40201	16.958	28.74	33.67	354.81	370.55	-15.74	1.25	-1.830228116
30	11	2014	250.8063	19.51184	27.47	33.664	389.20001	397.28	-8.07999	0.625	-1.030113937
30	11	2014	250.71947	19.54634	27.52	33.659	387.94	397.28	-9.34	-0.275	-1.186454152
30	11	2014	250.76309	19.52909	27.54	33.658	389.10999	397.28	-8.17001	2.575	-1.036326939
30	11	2014	250.6331	19.58128	27.66	33.654	389.45001	397.28	-7.82999	-5.25	-0.984586964
30	11	2014	250.59032	19.59906	27.72	33.651	389.38	397.28	-7.9	-1.7	-0.989082044
20	10	2002	247.367	17.099	28.64	33.64	353.31	370.55	-17.24	0.59	-2.019425626
30	11	2014	250.54671	19.61576	27.74	33.63	390.07999	397.28	-7.20001	5.725	-0.900216461
30	11	2014	250.67619	19.56368	27.54	33.627	387.37	397.28	-9.91	-1.075	-1.257205781
30	11	2014	250.45906	19.64857	27.5	33.627	384.79999	397.28	-12.48001	5.7	-1.587856688
20	10	2002	247.399	16.99	28.77	33.62	353.81	370.55	-16.74	1.84	-1.94271587
20	10	2002	247.373	17.082	28.7	33.62	352.56	370.55	-17.99	2.02	-2.098351665
30	11	2014	250.50273	19.6322	27.61	33.604	386.17001	397.28	-11.10999	7.325	-1.402423505
20	10	2002	247.397	16.994	28.84	33.6	354.57999	370.55	-15.97001	3.87	-1.844183184
20	10	2002	247.37601	17.051	28.69	33.58	353.32001	370.55	-17.22999	2.95	-2.011500458
27	11	2016	250	17.5	28.99	33.578	390.5126953	403.53	-13.01730469	1.08	-1.487191397
1	11	2018	257.35107	17.42962	28.26	33.57	365.53	408.02	-42.49	5.625	-5.117268039
1	11	2018	257.58087	17.33653	28.22	33.567	275.64001	408.02	-132.37999	2.575	-15.98957851
20	10	2002	247.38	17.067	28.7	33.56	352.92001	370.55	-17.62999	3.42	-2.056889897
27	11	2016	250	17	29.38	33.551	389.8459778	403.53	-13.68402222	2.68001	-1.520298656
27	11	2016	250	17	29.441	33.544	389.5440369	403.53	-13.98596313	5.48	-1.54710022
1	11	2018	257.48871	17.37391	28.23	33.536	305.87	408.02	-102.15	4.95	-12.33095457
1	11	2018	257.44254	17.39256	28.24	33.494	321.85001	408.02	-86.16999	3.2	-10.39629619
1	11	2018	257.39664	17.41093	28.25	33.413	362.51999	408.02	-45.50001	6.7	-5.487460917
1	11	2018	257.53491	17.35529	28.22	33.397	278.14999	408.02	-129.87001	3.025	-15.69792121